step, lat, lon, alt, snr, load, handovers, allocated_bw, allocation_ratio, demand_MB, throughput_req, queing_delay_s, propagation_latency_s, transmission_rate_mbps, latency_req_s, beam_capacity, service_drop_s, dwell_remaining_s, ttt_remaining_s
0,29.956899642944336,-95.33689880371094,327.6600036621094,3.5031321048736572,0.29405003786087036,0.0,0.5625,1.0,0.5625,4.5,0.0,0.008274085819721222,338.8559875488281,0.20000000298023224,42.356998443603516,0.0,14.0,0.0
1,29.954181671142578,-95.33330535888672,365.760009765625,-10.843350410461426,0.2928965985774994,0.0,3.0705339908599854,1.0,3.0705339908599854,4.5,0.0,0.008275732398033142,28.541858673095703,0.20000000298023224,231.59307861328125,0.0,8.54127311706543,0.0
2,29.951461791992188,-95.3297119140625,403.8599853515625,-10.845139503479004,0.2999023199081421,0.0,2.9863333702087402,1.0,2.9863333702087402,4.5,0.0,0.008283044211566448,28.53055763244629,0.20000000298023224,223.0106658935547,0.0,3.2322356700897217,0.0
3,29.94874382019043,-95.32611846923828,441.9599914550781,-10.852869033813477,0.3071633279323578,0.0,2.906629800796509,1.0,2.906629800796509,4.5,0.0,0.008295557461678982,28.481773376464844,0.20000000298023224,214.80743408203125,0.0,0.0,0.0
4,29.945999145507812,-95.32227325439453,472.44000244140625,-10.86605167388916,0.308541476726532,0.0,2.934174060821533,1.0,2.934174060821533,4.5,0.0,0.008313602767884731,28.398767471313477,0.20000000298023224,216.4116973876953,0.0,0.0,4.783690452575684
5,29.94325065612793,-95.31836700439453,501.0150146484375,-10.884987831115723,0.31583279371261597,0.0,2.8654162883758545,1.0,2.8654162883758545,4.5,0.0,0.008336414583027363,28.27992820739746,0.20000000298023224,209.11187744140625,0.0,0.0,0.0
6,29.940500259399414,-95.31446075439453,529.5900268554688,-10.90884780883789,0.30931663513183594,0.0,2.7719006538391113,1.0,2.7719006538391113,4.5,0.0,0.00836331956088543,28.130870819091797,0.20000000298023224,204.21392822265625,0.0,0.0,5.072176933288574
7,29.937694549560547,-95.31027221679688,553.8787231445312,-10.936882019042969,0.31465402245521545,0.0,2.812102794647217,1.0,2.812102794647217,4.5,0.0,0.008395443670451641,27.95670509338379,0.20000000298023224,205.57476806640625,0.0,0.0,0.07288269698619843
8,29.934850692749023,-95.30590057373047,575.3099975585938,-10.970235824584961,0.31676599383354187,0.0,2.7982611656188965,1.0,2.7982611656188965,4.5,0.0,0.008432180620729923,27.750844955444336,0.20000000298023224,203.93251037597656,0.0,0.0,0.0
9,29.9320068359375,-95.30152130126953,596.7412719726562,-11.008220672607422,0.29680490493774414,0.0,2.6986773014068604,1.0,2.6986773014068604,4.5,0.0,0.008472058922052383,27.518171310424805,0.20000000298023224,202.42095947265625,0.0,0.0,5.2023515701293945
10,29.928987503051758,-95.29693603515625,620.0775146484375,-11.049242973327637,0.3111942410469055,0.0,2.741957902908325,1.0,2.741957902908325,4.5,0.0,0.008516992442309856,27.26900291442871,0.20000000298023224,201.4588165283203,0.0,0.0,0.32775983214378357
11,29.92570686340332,-95.29203033447266,646.271240234375,-11.095232009887695,0.30806979537010193,0.0,2.845323324203491,1.0,2.845323324203491,4.5,0.0,0.008568262681365013,26.992244720458984,0.20000000298023224,210.00161743164062,0.0,0.0,0.0
12,29.92242431640625,-95.28712463378906,672.4650268554688,-11.147429466247559,0.29816147685050964,0.0,2.74784779548645,1.0,2.74784779548645,4.5,0.0,0.008622188121080399,26.681411743164062,0.20000000298023224,205.7115020751953,0.0,0.0,5.1149373054504395
13,29.919055938720703,-95.28216552734375,704.8499755859375,-11.201960563659668,0.3047720789909363,0.0,2.7104668617248535,1.0,2.7104668617248535,4.5,0.0,0.008679531514644623,26.36035919189453,0.20000000298023224,201.00184631347656,0.0,0.0,0.2963295578956604
14,29.915340423583984,-95.2770004272461,762.0,-11.259498596191406,0.30014678835868835,0.0,2.8447391986846924,1.0,2.8447391986846924,4.5,0.0,0.008744004182517529,26.025644302368164,0.20000000298023224,212.36264038085938,0.0,0.0,0.0
15,29.911623001098633,-95.27183532714844,819.1500244140625,-11.323851585388184,0.29283374547958374,0.0,2.80237078666687,1.0,2.80237078666687,4.5,0.0,0.008811812847852707,25.656137466430664,0.20000000298023224,211.3858184814453,0.0,0.0,5.018007278442383
16,29.907907485961914,-95.26667022705078,876.2999877929688,-11.391019821166992,0.2905576229095459,0.0,2.7612478733062744,1.0,2.7612478733062744,4.5,0.0,0.008882706053555012,25.275869369506836,0.20000000298023224,208.95425415039062,0.0,0.0,0.1091223731637001
17,29.904190063476562,-95.2614974975586,933.4500122070312,-11.460687637329102,0.2954563498497009,0.0,2.721315860748291,1.0,2.721315860748291,4.5,0.0,0.008956444449722767,24.887203216552734,0.20000000298023224,204.510498046875,0.0,0.0,5.162105083465576
18,29.90047264099121,-95.25633239746094,990.5999755859375,-11.53255844116211,0.29310575127601624,0.0,2.444077491760254,1.0,2.444077491760254,4.099999904632568,0.0,0.009032804518938065,24.492294311523438,0.10000000149011612,202.26783752441406,0.0,0.0,5.231068134307861
19,29.896745681762695,-95.25103759765625,1042.579345703125,-11.606372833251953,0.2984829545021057,0.0,2.4543707370758057,1.0,2.4543707370758057,4.099999904632568,0.0,0.009113077074289322,24.09300994873047,0.10000000149011612,201.57456970214844,0.0,0.0,5.210984230041504
20,29.89297866821289,-95.2452163696289,1073.875732421875,-11.683341979980469,0.3071807622909546,0.0,2.606534004211426,1.0,2.606534004211426,4.099999904632568,0.0,0.009202196262776852,23.683368682861328,0.10000000149011612,211.41738891601562,0.0,0.0,0.12506406009197235
21,29.889211654663086,-95.23939514160156,1105.172119140625,-11.76793098449707,0.29433801770210266,0.0,2.5990641117095947,1.0,2.5990641117095947,4.099999904632568,0.0,0.009294861927628517,23.240947723388672,0.10000000149011612,214.71929931640625,0.0,0.0,4.928655624389648
22,29.88544273376465,-95.23357391357422,1136.4686279296875,-11.855016708374023,0.28624656796455383,0.0,2.591637134552002,1.0,2.591637134552002,4.099999904632568,0.0,0.009390931576490402,22.79383087158203,0.10000000149011612,216.56077575683594,0.0,0.0,4.9431471824646
23,29.881675720214844,-95.22775268554688,1167.7650146484375,-11.94438648223877,0.29088839888572693,0.0,2.5842528343200684,1.0,2.5842528343200684,4.099999904632568,0.0,0.009490265510976315,22.343656539916992,0.10000000149011612,214.5393524169922,0.0,0.0,0.0
24,29.877906799316406,-95.22193145751953,1199.0614013671875,-12.035832405090332,0.2960924804210663,0.0,2.5769107341766357,1.0,2.5769107341766357,4.099999904632568,0.0,0.00959272775799036,21.89194679260254,0.10000000149011612,212.35983276367188,0.0,0.0,4.97188138961792
25,29.874122619628906,-95.21601867675781,1212.9246826171875,-12.129240036010742,0.29061558842658997,0.0,2.6048638820648193,1.0,2.6048638820648193,4.099999904632568,0.0,0.009699736721813679,21.439695358276367,0.10000000149011612,216.33363342285156,0.0,0.0,0.0
26,29.870328903198242,-95.21004486083984,1215.1658935546875,-11.264978408813477,0.2618275284767151,1.0,2.627035140991211,1.0,2.627035140991211,4.099999904632568,0.0,0.008632993325591087,25.993982315063477,0.10000000149011612,227.0288848876953,5.0,9.874077796936035,0.0
27,29.866535186767578,-95.2040786743164,1217.4071044921875,-11.211220741271973,0.2738507390022278,1.0,2.629582166671753,1.0,2.629582166671753,4.099999904632568,0.0,0.008584091439843178,26.306209564208984,0.10000000149011612,223.547607421875,0.0,4.743185997009277,0.0
28,29.862592697143555,-95.1982192993164,1230.7711181640625,-11.161863327026367,0.26296934485435486,1.0,2.634321928024292,1.0,2.634321928024292,4.099999904632568,0.0,0.008539929054677486,26.596065521240234,0.10000000149011612,227.30645751953125,0.0,0.0,0.0
29,29.858055114746094,-95.19283294677734,1288.626708984375,-11.116848945617676,0.2556716501712799,1.0,2.664731025695801,1.0,2.664731025695801,4.099999904632568,0.0,0.008500082418322563,26.86309814453125,0.10000000149011612,232.20701599121094,0.0,0.0,4.800524711608887
30,29.853519439697266,-95.18744659423828,1346.482177734375,-11.076297760009766,0.249940425157547,1.0,2.6616272926330566,1.0,2.6616272926330566,4.099999904632568,0.0,0.008465453051030636,27.10586166381836,0.10000000149011612,233.72242736816406,0.0,0.0,0.0
31,29.848981857299805,-95.18205261230469,1404.3377685546875,-4.859657287597656,0.28738924860954285,2.0,2.6585309505462646,1.0,2.6585309505462646,4.099999904632568,0.0,0.00843608658760786,101.93705749511719,0.10000000149011612,221.79486083984375,2.0,9.812623023986816,0.0
32,29.844444274902344,-95.17666625976562,1462.193359375,-11.010810852050781,0.3047068417072296,2.0,2.6554417610168457,1.0,2.6554417610168457,4.099999904632568,0.0,0.008412022143602371,27.502376556396484,0.10000000149011612,216.15342712402344,0.0,4.631272792816162,0.0
33,29.839906692504883,-95.17127990722656,1520.048828125,-10.986079216003418,0.30180197954177856,2.0,2.652359962463379,1.0,2.652359962463379,4.099999904632568,0.0,0.008393284864723682,27.653564453125,0.10000000149011612,216.80458068847656,0.0,0.0,0.0
34,29.835636138916016,-95.16615295410156,1587.201171875,-10.966798782348633,0.29563432931900024,2.0,2.5061004161834717,1.0,2.5061004161834717,4.099999904632568,0.0,0.008380397222936153,27.771987915039062,0.10000000149011612,206.6588592529297,0.0,0.0,5.110048294067383
35,29.83142852783203,-95.16109466552734,1656.6776123046875,-10.953529357910156,0.30009761452674866,2.0,2.466109275817871,1.0,2.466109275817871,4.099999904632568,0.0,0.008372360840439796,27.853776931762695,0.10000000149011612,202.0724639892578,0.0,0.0,0.29812777042388916
36,29.82722282409668,-95.15603637695312,1726.1541748046875,-10.945273399353027,0.30583369731903076,2.0,2.461552143096924,1.0,2.461552143096924,4.099999904632568,0.0,0.008368970826268196,27.90477752685547,0.10000000149011612,200.0460205078125,0.0,0.0,0.0
37,29.823307037353516,-95.15071105957031,1797.73388671875,-10.941764831542969,0.3061031699180603,2.0,2.447528839111328,1.0,2.447528839111328,4.099999904632568,0.0,0.008370117284357548,27.926477432250977,0.10000000149011612,198.8291778564453,0.0,0.0,5.224333763122559
38,29.819826126098633,-95.14497375488281,1872.468505859375,-10.942917823791504,0.31005921959877014,2.0,2.4443323612213135,1.0,2.4443323612213135,4.099999904632568,0.0,0.008375708945095539,27.919347763061523,0.10000000149011612,197.43740844726562,0.0,0.0,0.45490506291389465
39,29.81634521484375,-95.13924407958984,1947.203125,-10.948787689208984,0.31442704796791077,2.0,2.4355130195617676,1.0,2.4355130195617676,4.099999904632568,0.0,0.008385788649320602,27.883056640625,0.10000000149011612,195.47964477539062,0.0,0.0,0.0
40,29.8128662109375,-95.13351440429688,2021.937744140625,-10.959305763244629,0.30743134021759033,2.0,2.4267578125,1.0,2.4267578125,4.099999904632568,0.0,0.008400293998420238,27.818145751953125,0.10000000149011612,196.7644500732422,0.0,0.0,5.264863014221191
41,29.809385299682617,-95.1277847290039,2096.67236328125,-10.974388122558594,0.30190765857696533,2.0,2.4180655479431152,1.0,2.4180655479431152,4.099999904632568,0.0,0.008419155143201351,27.72531509399414,0.10000000149011612,197.62338256835938,0.0,0.0,0.5466863512992859
42,29.805763244628906,-95.12190246582031,2170.571044921875,-10.993931770324707,0.2990202009677887,2.0,2.4827704429626465,1.0,2.4827704429626465,4.099999904632568,0.0,0.008443097583949566,27.6054744720459,0.10000000149011612,203.7508544921875,0.0,0.0,0.0
43,29.801578521728516,-95.11542510986328,2241.126708984375,-11.018648147583008,0.2917797863483429,2.0,2.7653322219848633,1.0,2.7653322219848633,4.099999904632568,0.0,0.008475254289805889,27.454627990722656,0.10000000149011612,229.2836151123047,0.0,0.0,4.604229927062988
44,29.797391891479492,-95.10894012451172,2311.68212890625,-11.051765441894531,0.29045426845550537,2.0,2.749652147293091,1.0,2.749652147293091,4.099999904632568,0.0,0.008512793108820915,27.25374984741211,0.10000000149011612,228.41021728515625,0.0,0.0,0.0
45,29.7932071685791,-95.10246276855469,2382.23779296875,-11.090250015258789,0.3039740025997162,2.0,2.734149932861328,1.0,2.734149932861328,4.099999904632568,0.0,0.008555550128221512,27.022096633911133,0.10000000149011612,222.79486083984375,0.0,0.0,4.665073394775391
46,29.78902244567871,-95.09597778320312,2452.793212890625,-11.133865356445312,0.30624035000801086,2.0,2.7188222408294678,1.0,2.7188222408294678,4.099999904632568,0.0,0.008603360503911972,26.761852264404297,0.10000000149011612,220.82447814941406,0.0,0.0,0.0
47,29.78483772277832,-95.08949279785156,2523.348876953125,-11.182363510131836,0.3239690661430359,3.0,2.7036662101745605,1.0,2.7036662101745605,4.099999904632568,0.0,0.008656051941215992,26.475303649902344,0.10000000149011612,213.9818878173828,2.0,9.724554061889648,0.0
48,29.781906127929688,-95.08250427246094,2593.041259765625,-11.235153198242188,0.3334270715713501,3.0,2.5198869705200195,1.0,2.5198869705200195,4.0,0.0,0.008710717782378197,26.166765213012695,0.0,201.5626220703125,0.0,4.684779644012451,0.0
49,29.779287338256836,-95.07538604736328,2662.517578125,-11.289817810058594,0.3319458067417145,3.0,5.607053756713867,1.0,5.607053756713867,9.0,0.0,0.008769089356064796,25.850921630859375,0.30000001192092896,199.77684020996094,0.0,0.0,0.0
50,29.776670455932617,-95.06826782226562,2731.994140625,-11.347894668579102,0.3095393478870392,3.0,5.568096160888672,1.0,5.568096160888672,9.0,0.0,0.008831299841403961,25.519390106201172,0.30000001192092896,205.04273986816406,0.0,0.0,5.050580978393555
51,29.775362014770508,-95.06090545654297,2794.0,-11.409043312072754,0.3117358684539795,3.0,5.375088691711426,1.0,5.375088691711426,9.0,0.0,0.008894916623830795,25.174758911132812,0.30000001192092896,197.30563354492188,0.0,0.0,0.27272462844848633
52,29.776016235351562,-95.05316925048828,2844.800048828125,-11.470932006835938,0.31924477219581604,3.0,5.505224227905273,1.0,5.505224227905273,9.0,0.0,0.008963447995483875,24.830537796020508,0.30000001192092896,199.8778839111328,0.0,0.0,0.0
53,29.77667236328125,-95.04542541503906,2895.60009765625,-11.537619590759277,0.32176920771598816,3.0,5.452305316925049,1.0,5.452305316925049,9.0,0.0,0.009035038761794567,24.464710235595703,0.30000001192092896,197.22247314453125,0.0,0.0,5.153506278991699
54,29.777326583862305,-95.03768920898438,2946.39990234375,-11.606741905212402,0.3297196924686432,3.0,5.400393009185791,1.0,5.400393009185791,9.0,0.0,0.00910950917750597,24.091028213500977,0.30000001192092896,193.05477905273438,0.0,0.0,5.199650287628174
55,29.77798080444336,-95.02995300292969,2997.199951171875,-11.67806625366211,0.33220091462135315,3.0,5.349459648132324,1.0,5.349459648132324,9.0,0.0,0.009186686016619205,23.711233139038086,0.30000001192092896,190.52609252929688,0.0,0.0,5.244924545288086
56,29.778635025024414,-95.022216796875,3048.0,-11.75136947631836,0.32681673765182495,3.0,5.2994771003723145,1.0,5.2994771003723145,9.0,0.0,0.009266405366361141,23.326934814453125,0.30000001192092896,190.2677001953125,0.0,0.0,0.5342783331871033
57,29.7792911529541,-95.01447296142578,3098.800048828125,-11.826443672180176,0.3230750560760498,3.0,5.250419616699219,1.0,5.250419616699219,9.0,0.0,0.009348506107926369,22.939607620239258,0.30000001192092896,189.55413818359375,0.0,0.0,5.332960605621338
58,29.779945373535156,-95.0067367553711,3149.60009765625,-11.903088569641113,0.32544565200805664,3.0,5.202260971069336,1.0,5.202260971069336,9.0,0.0,0.009432838298380375,22.55060386657715,0.30000001192092896,187.15774536132812,0.0,0.0,5.375767707824707
59,29.78059959411621,-94.9990005493164,3200.39990234375,-11.981117248535156,0.3283820152282715,3.0,5.154977798461914,1.0,5.154977798461914,9.0,0.0,0.009519255720078945,22.161142349243164,0.30000001192092896,184.6493682861328,0.0,0.0,0.7935654520988464
60,29.7817325592041,-94.98989868164062,3223.260009765625,-12.060155868530273,0.3347761631011963,3.0,4.722542762756348,1.0,4.722542762756348,7.099999904632568,0.0,0.009623131714761257,21.77329444885254,0.0,212.38633728027344,0.0,0.0,4.678825378417969
61,29.782867431640625,-94.98079681396484,3246.1201171875,-12.154454231262207,0.32872191071510315,3.0,7.907115459442139,1.0,7.907115459442139,12.100000381469727,0.0,0.009728671982884407,21.31917953491211,0.10000000149011612,210.56027221679688,0.0,0.0,0.0
62,29.784000396728516,-94.9717025756836,3268.97998046875,-5.08305549621582,0.29320409893989563,4.0,7.770817756652832,1.0,7.770817756652832,12.100000381469727,0.0,0.008742950856685638,97.45712280273438,0.10000000149011612,217.87962341308594,5.0,9.862269401550293,0.0
63,29.785133361816406,-94.96260070800781,3291.840087890625,-11.321067810058594,0.27703219652175903,4.0,7.639135837554932,1.0,7.639135837554932,12.100000381469727,0.0,0.00869345385581255,25.67201805114746,0.10000000149011612,219.08824157714844,0.0,4.811601161956787,0.0
64,29.786266326904297,-94.95349884033203,3314.699951171875,-11.271721839904785,0.28060993552207947,4.0,7.511840343475342,1.0,7.511840343475342,12.100000381469727,0.0,0.008649121038615704,25.955068588256836,0.10000000149011612,214.37130737304688,0.0,0.0,0.0
65,29.787399291992188,-94.94439697265625,3337.56005859375,-11.22728443145752,0.284599244594574,4.0,7.388714790344238,1.0,7.388714790344238,12.100000381469727,0.0,0.008609777316451073,26.212535858154297,0.10000000149011612,209.6882781982422,0.0,0.0,5.114899635314941
66,29.78853416442871,-94.93478393554688,3357.8798828125,-11.1875581741333,0.28465476632118225,4.0,7.686657428741455,1.0,7.686657428741455,12.100000381469727,0.0,0.008573414757847786,26.444787979125977,0.10000000149011612,218.12681579589844,0.0,0.0,4.917912483215332
67,29.7896671295166,-94.92516326904297,3378.199951171875,-11.15077018737793,0.2805788815021515,4.0,7.576501846313477,1.0,7.576501846313477,12.100000381469727,0.0,0.008542177267372608,26.66163444519043,0.10000000149011612,216.22593688964844,0.0,0.0,0.0
68,29.790800094604492,-94.9155502319336,3398.52001953125,-11.119039535522461,0.29118266701698303,4.0,7.469457149505615,1.0,7.469457149505615,12.100000381469727,0.0,0.008515904657542706,26.850040435791016,0.10000000149011612,210.0289764404297,0.0,0.0,5.061515808105469
69,29.791933059692383,-94.90592956542969,3418.840087890625,-11.09226131439209,0.2993953227996826,4.0,7.365392208099365,1.0,7.365392208099365,12.100000381469727,0.0,0.008494434878230095,27.01004409790039,0.10000000149011612,204.70327758789062,0.0,0.0,0.19183513522148132
70,29.793066024780273,-94.89631652832031,3439.159912109375,-11.07031536102295,0.29683437943458557,4.0,7.264185428619385,1.0,7.264185428619385,12.100000381469727,0.0,0.008477608673274517,27.141855239868164,0.10000000149011612,202.62844848632812,0.0,0.0,0.0
71,29.794200897216797,-94.88670349121094,3459.47998046875,-11.053075790405273,0.2960769236087799,4.0,7.165719985961914,1.0,7.165719985961914,12.100000381469727,0.0,0.008465266786515713,27.245834350585938,0.10000000149011612,200.09715270996094,0.0,0.0,5.262333869934082
72,29.79538345336914,-94.87628173828125,3489.9599609375,-11.040166854858398,0.29155856370925903,4.0,7.693134307861328,1.0,7.693134307861328,12.100000381469727,0.0,0.0084567004814744,27.323944091796875,0.10000000149011612,216.20370483398438,0.0,0.0,0.1759641319513321
73,29.796566009521484,-94.8658676147461,3520.43994140625,-11.03135871887207,0.2816299796104431,4.0,7.630407810211182,1.0,7.630407810211182,12.100000381469727,0.0,0.008453069254755974,27.377361297607422,0.10000000149011612,217.44619750976562,0.0,0.0,0.0
74,29.79775047302246,-94.85545349121094,3550.919921875,-11.027616500854492,0.2969812750816345,4.0,7.568694114685059,1.0,7.568694114685059,12.100000381469727,0.0,0.008454257622361183,27.400087356567383,0.10000000149011612,211.078369140625,0.0,0.0,4.995904445648193
75,29.798933029174805,-94.84503173828125,3581.39990234375,-11.028830528259277,0.2924858629703522,4.0,7.507969856262207,1.0,7.507969856262207,12.100000381469727,0.0,0.008460150100290775,27.39271354675293,0.10000000149011612,210.7237548828125,0.0,0.0,0.031957656145095825
76,29.80011749267578,-94.8346176147461,3611.8798828125,-11.03487777709961,0.2910827398300171,4.0,7.4482102394104,1.0,7.4482102394104,12.100000381469727,0.0,0.008470624685287476,27.356008529663086,0.10000000149011612,209.46109008789062,0.0,0.0,0.0
77,29.801300048828125,-94.82420349121094,3642.360107421875,-11.045622825622559,0.28417670726776123,4.0,7.389393329620361,1.0,7.389393329620361,12.100000381469727,0.0,0.008485555648803711,27.290904998779297,0.10000000149011612,209.83140563964844,0.0,0.0,5.114450454711914
78,29.802650451660156,-94.81311798095703,3694.429931640625,-11.060626029968262,0.28298279643058777,4.0,7.852324962615967,1.0,7.852324962615967,12.100000381469727,0.0,0.008506234735250473,27.200246810913086,0.10000000149011612,223.34884643554688,0.0,0.0,0.0
79,29.804000854492188,-94.80203247070312,3746.5,-11.081770896911621,0.28229719400405884,4.0,7.8326191902160645,1.0,7.8326191902160645,12.100000381469727,0.0,0.008531897328794003,27.07297134399414,0.10000000149011612,223.00137329101562,0.0,0.0,4.821408748626709
80,29.805349349975586,-94.79094696044922,3798.570068359375,-11.107942581176758,0.286125123500824,4.0,7.813011169433594,1.0,7.813011169433594,12.100000381469727,0.0,0.008562461473047733,26.916234970092773,0.10000000149011612,221.25669860839844,0.0,0.0,0.0
81,29.806699752807617,-94.77986907958984,3850.639892578125,-4.293930530548096,0.31241410970687866,5.0,7.793500900268555,1.0,7.793500900268555,12.100000381469727,0.0,0.008597836829721928,114.08453369140625,0.10000000149011612,212.57656860351562,2.0,9.847271919250488,0.0
82,29.80805015563965,-94.76878356933594,3902.7099609375,-11.174836158752441,0.3103567361831665,5.0,7.774087429046631,1.0,7.774087429046631,12.100000381469727,0.0,0.008637928403913975,26.51958465576172,0.10000000149011612,212.68153381347656,0.0,4.7073798179626465,0.0
83,29.80940055847168,-94.75769805908203,3954.780029296875,-11.21526050567627,0.3202962279319763,5.0,7.754769325256348,1.0,7.754769325256348,12.100000381469727,0.0,0.008682635612785816,26.282623291015625,0.10000000149011612,209.0953826904297,0.0,0.0,0.0
84,29.810749053955078,-94.74681854248047,3996.68994140625,-11.26021957397461,0.31062793731689453,5.0,7.5879621505737305,1.0,7.5879621505737305,12.100000381469727,0.0,0.008730918169021606,26.02147674560547,0.10000000149011612,207.5079345703125,0.0,0.0,4.983165264129639
85,29.81209945678711,-94.73593139648438,4038.60009765625,-11.308405876159668,0.30726003646850586,5.0,7.558617115020752,1.0,7.558617115020752,12.100000381469727,0.0,0.008783350698649883,25.744361877441406,0.10000000149011612,207.7152862548828,0.0,0.0,5.002567291259766
86,29.81344985961914,-94.72505187988281,4080.510009765625,-11.360433578491211,0.308167964220047,5.0,7.529497146606445,1.0,7.529497146606445,12.100000381469727,0.0,0.008839809335768223,25.44835090637207,0.10000000149011612,206.64385986328125,0.0,0.0,0.024387557059526443
87,29.814800262451172,-94.71416473388672,4122.419921875,-11.41611099243164,0.2992246150970459,5.0,7.5005998611450195,1.0,7.5005998611450195,12.100000381469727,0.0,0.008900165557861328,25.13521957397461,0.10000000149011612,208.51182556152344,0.0,0.0,5.040925979614258
88,29.816150665283203,-94.70328521728516,4164.330078125,-11.475240707397461,0.3060300946235657,5.0,7.471922874450684,1.0,7.471922874450684,12.100000381469727,0.0,0.008964292705059052,24.806743621826172,0.10000000149011612,205.6974334716797,0.0,0.0,0.10081164538860321
89,29.8174991607666,-94.69239807128906,4206.240234375,-11.537627220153809,0.3077707886695862,5.0,7.443463325500488,1.0,7.443463325500488,12.100000381469727,0.0,0.00903206318616867,24.464672088623047,0.10000000149011612,204.3999786376953,0.0,0.0,0.0
90,29.819286346435547,-94.6814193725586,4266.111328125,-11.602838516235352,0.30038759112358093,5.0,10.639248847961426,1.0,10.639248847961426,17.0,0.0,0.009104705415666103,24.111984252929688,0.30000001192092896,210.16519165039062,0.0,0.0,4.993294715881348
91,29.82107162475586,-94.6704330444336,4325.98291015625,-11.672445297241211,0.2973825931549072,5.0,10.65089225769043,1.0,10.65089225769043,17.0,0.0,0.009181268513202667,23.740951538085938,0.30000001192092896,211.29888916015625,0.0,0.0,4.9878153800964355
92,29.822856903076172,-94.65945434570312,4385.8544921875,-11.745211601257324,0.2979241609573364,5.0,10.662562370300293,1.0,10.662562370300293,17.0,0.0,0.00926167145371437,23.358983993530273,0.30000001192092896,211.36737060546875,0.0,0.0,4.98232364654541
93,29.824642181396484,-94.64846801757812,4445.7255859375,-11.820977210998535,0.30058610439300537,5.0,10.6742582321167,1.0,10.6742582321167,17.0,0.0,0.009345830418169498,22.96759796142578,0.30000001192092896,210.7969207763672,0.0,0.0,4.9768195152282715
94,29.82642936706543,-94.63748931884766,4505.59716796875,-11.899580001831055,0.2884368896484375,5.0,10.685979843139648,1.0,10.685979843139648,17.0,0.0,0.009433657862246037,22.568269729614258,0.30000001192092896,214.694091796875,0.0,0.0,0.0
95,29.82863426208496,-94.62677764892578,4552.7685546875,-11.98083209991455,0.29500824213027954,5.0,10.516125679016113,1.0,10.516125679016113,17.0,0.0,0.009523406624794006,22.162551879882812,0.30000001192092896,209.33030700683594,0.0,0.0,5.051235198974609
96,29.831466674804688,-94.61647033691406,4580.89013671875,-12.063056945800781,0.2949533462524414,5.0,10.27843189239502,1.0,10.27843189239502,17.0,0.0,0.009614153765141964,21.759185791015625,0.30000001192092896,204.6147918701172,0.0,0.0,0.21432611346244812
97,29.834299087524414,-94.60615539550781,4609.01123046875,-12.145453453063965,0.28050804138183594,5.0,10.230276107788086,1.0,10.230276107788086,17.0,0.0,0.009707452729344368,21.362125396728516,0.30000001192092896,207.82875061035156,0.0,0.0,5.1857523918151855
98,29.837133407592773,-94.5958480834961,4637.1328125,-12.22935962677002,0.2864419221878052,5.0,10.18256664276123,1.0,10.18256664276123,17.0,0.0,0.00980318058282137,20.965017318725586,0.30000001192092896,205.1534881591797,0.0,0.0,0.3939562737941742
99,29.8399658203125,-94.58554077148438,4665.25439453125,-12.314618110656738,0.30038201808929443,5.0,10.135298728942871,1.0,10.135298728942871,17.0,0.0,0.009901219978928566,20.568859100341797,0.30000001192092896,200.2118682861328,0.0,0.0,0.0
100,29.84280014038086,-94.57522583007812,4693.37548828125,-12.401077270507812,0.309587687253952,5.0,10.088464736938477,1.0,10.088464736938477,17.0,0.0,0.01000145636498928,20.1745548248291,0.30000001192092896,196.6644744873047,0.0,0.0,5.2524871826171875
101,29.845632553100586,-94.5649185180664,4721.4970703125,-12.488593101501465,0.3118645250797272,5.0,10.042058944702148,1.0,10.042058944702148,17.0,0.0,0.01010377798229456,19.782917022705078,0.30000001192092896,195.11427307128906,0.0,0.0,0.5268124341964722
102,29.848466873168945,-94.55461120605469,4749.61865234375,-12.577031135559082,0.31086981296539307,5.0,9.996075630187988,1.0,9.996075630187988,17.0,0.0,0.010208080522716045,19.394670486450195,0.30000001192092896,194.5015869140625,0.0,0.0,0.0
103,29.851299285888672,-94.54429626464844,4777.740234375,-12.66626262664795,0.30849123001098633,5.0,9.950510025024414,1.0,9.950510025024414,17.0,0.0,0.010314258746802807,19.01045799255371,0.30000001192092896,194.28323364257812,0.0,0.0,5.317407131195068
104,29.85449981689453,-94.53268432617188,4800.60009765625,-12.755900382995605,0.3058711588382721,5.0,11.158285140991211,1.0,11.158285140991211,17.0,0.0,0.010436070151627064,18.63196563720703,0.30000001192092896,218.6904754638672,0.0,0.0,0.06644930690526962
105,29.85770034790039,-94.52106475830078,4823.4599609375,-12.85791301727295,0.296673059463501,5.0,11.102615356445312,1.0,11.102615356445312,17.0,0.0,0.010560013353824615,18.21014976501465,0.30000001192092896,220.4828643798828,0.0,0.0,4.775239944458008
106,29.86090087890625,-94.50945281982422,4846.31982421875,-12.96049690246582,0.29680928587913513,5.0,11.047494888305664,1.0,11.047494888305664,17.0,0.0,0.010685959830880165,17.795366287231445,0.30000001192092896,219.34576416015625,0.0,0.0,0.0
107,29.864099502563477,-94.49783325195312,4869.18017578125,-4.923417091369629,0.1780962496995926,6.0,10.992915153503418,1.0,10.992915153503418,17.0,0.0,0.008546966128051281,100.64058685302734,0.30000001192092896,255.10922241210938,5.0,9.826863288879395,0.0
108,29.867300033569336,-94.48621368408203,4892.0400390625,-11.123297691345215,0.16227835416793823,6.0,10.93886947631836,1.0,10.93886947631836,17.0,0.0,0.008533868007361889,26.824684143066406,0.30000001192092896,258.7405700683594,0.0,4.679160118103027,0.0
109,29.870500564575195,-94.47460174560547,4914.89990234375,-11.10992431640625,0.17400597035884857,6.0,10.885350227355957,1.0,10.885350227355957,17.0,0.0,0.008525720797479153,26.904399871826172,0.30000001192092896,253.87013244628906,0.0,0.0,0.0
110,29.873699188232422,-94.46302032470703,4949.18994140625,-11.101515769958496,0.1603914350271225,6.0,10.835559844970703,1.0,10.835559844970703,17.0,0.0,0.008522404357790947,26.954641342163086,0.30000001192092896,256.8742370605469,0.0,0.0,4.900912761688232
111,29.87689971923828,-94.45143127441406,4983.47998046875,-11.098093032836914,0.1587318778038025,6.0,10.814248085021973,1.0,10.814248085021973,17.0,0.0,0.008523939177393913,26.975122451782227,0.30000001192092896,256.875732421875,0.0,0.0,4.910942077636719
112,29.88010025024414,-94.43984985351562,5017.77001953125,-11.099616050720215,0.1734486222267151,6.0,10.793018341064453,1.0,10.793018341064453,17.0,0.0,0.00853029452264309,26.966007232666016,0.30000001192092896,251.8865966796875,0.0,0.0,0.0
113,29.88330078125,-94.42826843261719,5052.06005859375,-11.106051445007324,0.16236169636249542,6.0,10.771869659423828,1.0,10.771869659423828,17.0,0.0,0.008541430346667767,26.92753028869629,0.30000001192092896,254.76510620117188,0.0,0.0,4.930884838104248
114,29.886499404907227,-94.41668701171875,5086.35009765625,-11.117350578308105,0.1805589497089386,6.0,10.750802993774414,1.0,10.750802993774414,17.0,0.0,0.008557301014661789,26.860109329223633,0.30000001192092896,248.7430419921875,0.0,0.0,0.0
115,29.889699935913086,-94.40509796142578,5120.64013671875,-4.329948425292969,0.3843311667442322,7.0,10.729818344116211,1.0,10.729818344116211,17.0,0.0,0.008577853441238403,113.27586364746094,0.30000001192092896,186.52276611328125,2.0,9.950674057006836,0.0
116,29.893842697143555,-94.39424133300781,5154.65771484375,-11.154314994812012,0.3802385926246643,7.0,10.44749641418457,1.0,10.44749641418457,17.0,0.0,0.00860232301056385,26.640663146972656,0.30000001192092896,182.82225036621094,0.0,5.034205436706543,0.0
117,29.897985458374023,-94.38338470458984,5188.67578125,-11.1790189743042,0.37198638916015625,7.0,10.4292573928833,1.0,10.4292573928833,17.0,0.0,0.00863109715282917,26.494972229003906,0.30000001192092896,184.9331512451172,0.0,0.12631919980049133,0.0
118,29.902128219604492,-94.37252807617188,5222.693359375,-11.207988739013672,0.38224589824676514,7.0,10.41108226776123,1.0,10.41108226776123,17.0,0.0,0.008664109744131565,26.325098037719727,0.30000001192092896,181.594970703125,0.0,0.0,0.0
119,29.90627098083496,-94.3616714477539,5256.71142578125,-11.241116523742676,0.3820112347602844,7.0,10.39296817779541,1.0,10.39296817779541,17.0,0.0,0.008701291866600513,26.13212776184082,0.30000001192092896,181.34788513183594,0.0,0.0,5.109191417694092
120,29.91041374206543,-94.35081481933594,5290.7294921875,-11.278285026550293,0.3733503520488739,7.0,10.37491512298584,1.0,10.37491512298584,17.0,0.0,0.008742566220462322,25.91724967956543,0.30000001192092896,183.5699920654297,0.0,0.0,0.2268783450126648
121,29.914899826049805,-94.33988952636719,5325.8720703125,-11.319279670715332,0.36793237924575806,7.0,9.937352180480957,1.0,9.937352180480957,16.0,0.0,0.008788748644292355,25.682220458984375,0.0,188.43234252929688,0.0,0.0,0.0
122,29.91990089416504,-94.32884979248047,5362.7021484375,-11.364882469177246,0.3707064390182495,7.0,10.220816612243652,1.0,10.220816612243652,16.0,0.0,0.008840554393827915,25.42319107055664,0.0,192.95681762695312,0.0,0.0,4.889591693878174
123,29.92490005493164,-94.31781768798828,5399.5322265625,-11.415903091430664,0.37727630138397217,7.0,13.40155029296875,1.0,13.40155029296875,21.0,0.0,0.008896623738110065,25.13637924194336,0.30000001192092896,190.75343322753906,0.0,0.0,0.0
124,29.929899215698242,-94.3067855834961,5436.36181640625,-11.470792770385742,0.39322173595428467,7.0,13.388303756713867,1.0,13.388303756713867,21.0,0.0,0.00895686261355877,24.8313045501709,0.30000001192092896,185.68528747558594,0.0,0.0,4.899693965911865
125,29.934900283813477,-94.2957534790039,5473.19189453125,-11.529387474060059,0.37917837500572205,7.0,13.375082015991211,1.0,13.375082015991211,21.0,0.0,0.009021175093948841,24.50958824157715,0.30000001192092896,189.7952117919922,0.0,0.0,0.0
126,29.939899444580078,-94.28472137451172,5510.02197265625,-11.59151554107666,0.367738276720047,7.0,13.361885070800781,1.0,13.361885070800781,21.0,0.0,0.009089460596442223,24.172870635986328,0.30000001192092896,193.10191345214844,0.0,0.0,4.9097580909729
127,29.94512367248535,-94.27400207519531,5544.22216796875,-11.657017707824707,0.3879696726799011,7.0,13.179778099060059,1.0,13.179778099060059,21.0,0.0,0.009160644374787807,23.822710037231445,0.30000001192092896,184.37539672851562,0.0,0.0,0.0
128,29.950681686401367,-94.26374816894531,5574.47802734375,-11.724777221679688,0.388714075088501,7.0,12.93349838256836,1.0,12.93349838256836,21.0,0.0,0.00923407543450594,23.465646743774414,0.30000001192092896,180.71006774902344,0.0,0.0,5.072953224182129
129,29.956241607666016,-94.25350189208984,5604.73388671875,-11.794111251831055,0.3832430839538574,7.0,12.911457061767578,1.0,12.911457061767578,21.0,0.0,0.009310874156653881,23.105648040771484,0.30000001192092896,182.01669311523438,0.0,0.0,5.081349849700928
130,29.96179962158203,-94.24324798583984,5634.990234375,-11.866043090820312,0.3896220922470093,7.0,12.889488220214844,1.0,12.889488220214844,21.0,0.0,0.009390938095748425,22.73781967163086,0.30000001192092896,179.82763671875,0.0,0.0,5.089718818664551
131,29.96735954284668,-94.23300170898438,5665.24609375,-11.940406799316406,0.3985227644443512,7.0,12.867592811584473,1.0,12.867592811584473,21.0,0.0,0.009474164806306362,22.36351776123047,0.30000001192092896,176.90432739257812,0.0,0.0,0.1877785325050354
132,29.972917556762695,-94.22274780273438,5695.501953125,-12.01704216003418,0.3969957232475281,7.0,12.845769882202148,1.0,12.845769882202148,21.0,0.0,0.009560450911521912,21.984033584594727,0.30000001192092896,177.05267333984375,0.0,0.0,5.106373310089111
133,29.97847557067871,-94.2125015258789,5725.7578125,-12.095791816711426,0.3929928243160248,7.0,12.824018478393555,1.0,12.824018478393555,21.0,0.0,0.009649695828557014,21.6005916595459,0.30000001192092896,177.92620849609375,0.0,0.0,0.22103296220302582
134,29.984420776367188,-94.20246124267578,5756.14794921875,-12.17640495300293,0.3892507255077362,7.0,12.876914024353027,1.0,12.876914024353027,21.0,0.0,0.009742258116602898,21.21479606628418,0.30000001192092896,179.76150512695312,0.0,0.0,5.094509124755859
135,29.990619659423828,-94.19255828857422,5786.6279296875,-12.259261131286621,0.39331549406051636,7.0,12.814202308654785,0.9916781187057495,12.921735763549805,21.0,0.04130886495113373,0.009838049300014973,20.825239181518555,0.30000001192092896,179.18667602539062,0.0,0.0,0.17194293439388275
136,29.9968204498291,-94.18266296386719,5817.10791015625,-12.34425163269043,0.3853128254413605,7.0,12.560518264770508,0.9729940295219421,12.909141540527344,21.0,0.1364951878786087,0.00993662141263485,20.43287467956543,0.30000001192092896,181.37335205078125,0.0,0.0,0.0
137,30.003019332885742,-94.17276000976562,5847.587890625,-12.430852890014648,0.3886096775531769,7.0,12.30730152130127,0.9543079733848572,12.896571159362793,21.0,0.23523207008838654,0.010037882253527641,20.040468215942383,0.30000001192092896,180.22488403320312,0.0,0.0,5.087020397186279
138,30.009220123291016,-94.16285705566406,5878.06787109375,-12.518927574157715,0.3846326768398285,7.0,12.055089950561523,0.9356619119644165,12.884023666381836,21.0,0.3374982476234436,0.010141740553081036,19.64889907836914,0.30000001192092896,181.22073364257812,0.0,0.0,0.17882086336612701
139,30.01542091369629,-94.15296173095703,5908.5478515625,-12.608346939086914,0.39140599966049194,7.0,11.804377555847168,0.9170941710472107,12.871500015258789,21.0,0.44327256083488464,0.01024810690432787,19.25897789001465,0.30000001192092896,179.0518341064453,0.0,0.0,0.0
140,30.02195930480957,-94.14290618896484,5937.50390625,-12.698845863342285,0.3992503881454468,7.0,11.88287353515625,0.8986675143241882,13.222769737243652,21.0,0.5679927468299866,0.01035996712744236,18.87201690673828,0.30000001192092896,181.56741333007812,0.0,0.0,4.962754249572754
141,30.02872657775879,-94.13275909423828,5965.44384765625,-12.793063163757324,0.4012187719345093,7.0,11.831437110900879,0.8798670172691345,13.446846961975098,21.0,0.6994174122810364,0.010476338677108288,18.47720718383789,0.30000001192092896,184.039306640625,0.0,0.0,0.0
142,30.035493850708008,-94.12261199951172,5993.3837890625,-12.89010238647461,0.40319347381591797,7.0,11.554505348205566,0.8609043955802917,13.421358108520508,21.0,0.8260868787765503,0.010595053434371948,18.078990936279297,0.30000001192092896,183.08465576171875,0.0,0.0,4.887101650238037
143,30.042259216308594,-94.11245727539062,6021.32421875,-12.987993240356445,0.40751656889915466,7.0,11.281801223754883,0.8421792387962341,13.395962715148926,21.0,0.9563223719596863,0.010716012679040432,17.68576431274414,0.30000001192092896,181.41453552246094,0.0,0.0,0.0
144,30.049026489257812,-94.10231018066406,6049.26416015625,-4.5151519775390625,0.2892999053001404,8.0,13.370660781860352,1.0,13.370660781860352,21.0,0.0,0.008588562719523907,109.19441223144531,0.30000001192092896,217.20068359375,5.0,9.906414985656738,0.0
145,30.05579376220703,-94.0921630859375,6077.2041015625,-11.17073917388916,0.28728416562080383,8.0,13.345452308654785,1.0,13.345452308654785,21.0,0.0,0.008580818772315979,26.543716430664062,0.30000001192092896,217.40606689453125,0.0,4.822432994842529,0.0
146,30.062480926513672,-94.08195495605469,6104.63623046875,-11.162803649902344,0.27970442175865173,8.0,13.311020851135254,1.0,13.311020851135254,21.0,0.0,0.008577796630561352,26.590513229370117,0.30000001192092896,219.15130615234375,0.0,0.0,0.0
147,30.06911277770996,-94.07170867919922,6131.7294921875,-11.159639358520508,0.27784794569015503,8.0,13.281953811645508,1.0,13.281953811645508,21.0,0.0,0.008579464629292488,26.609195709228516,0.30000001192092896,219.23634338378906,0.0,0.0,4.9402079582214355
148,30.075746536254883,-94.06146240234375,6158.82275390625,-11.161211013793945,0.2616734504699707,8.0,13.25973892211914,1.0,13.25973892211914,21.0,0.0,0.008585781790316105,26.599918365478516,0.30000001192092896,223.77182006835938,0.0,0.0,4.948670864105225
149,30.082380294799805,-94.05122375488281,6185.916015625,-11.167484283447266,0.2525861859321594,8.0,13.23759651184082,1.0,13.23759651184082,21.0,0.0,0.008596714586019516,26.56290054321289,0.30000001192092896,226.14772033691406,0.0,0.0,0.0
150,30.089014053344727,-94.04097747802734,6213.00927734375,-11.178417205810547,0.15597359836101532,9.0,13.215526580810547,1.0,13.215526580810547,21.0,0.0,0.008612223900854588,26.498510360717773,0.30000001192092896,254.95436096191406,2.0,9.965514183044434,0.0
151,30.095645904541016,-94.03073120117188,6240.1025390625,-11.193950653076172,0.1511845737695694,9.0,13.193527221679688,1.0,13.193527221679688,21.0,0.0,0.008632260374724865,26.407283782958984,0.30000001192092896,255.97415161132812,0.0,4.939408302307129,0.0
152,30.102279663085938,-94.0204849243164,6267.19580078125,-11.214012145996094,0.13848091661930084,9.0,13.171599388122559,1.0,13.171599388122559,21.0,0.0,0.00865677185356617,26.28990936279297,0.30000001192092896,259.37335205078125,0.0,0.0,0.0
153,30.10891342163086,-94.01023864746094,6294.28955078125,-11.238516807556152,0.1294141411781311,9.0,13.149742126464844,1.0,13.149742126464844,21.0,0.0,0.008685695938766003,26.1472225189209,0.30000001192092896,261.6681213378906,0.0,0.0,4.990574359893799
154,30.11554718017578,-94.0,6321.3828125,-11.267367362976074,0.13910339772701263,9.0,13.127955436706543,1.0,13.127955436706543,21.0,0.0,0.008718968369066715,25.980188369750977,0.30000001192092896,258.3271484375,0.0,0.0,0.0
155,30.122295379638672,-93.99024200439453,6347.666015625,-4.9860711097717285,0.3891777992248535,10.0,0.0,0.0,12.793682098388672,21.0,1000.0,0.008726752363145351,0.0,0.30000001192092896,0.0,4.873783588409424,10.126215934753418,0.0
156,30.129117965698242,-93.98080444335938,6373.4091796875,-11.303545951843262,0.3840029239654541,10.0,12.573079109191895,1.0,12.573079109191895,21.0,0.0,0.008760935626924038,25.772178649902344,0.30000001192092896,177.02810668945312,0.12621618807315826,5.3364715576171875,0.0
157,30.135942459106445,-93.97137451171875,6399.15234375,-11.337432861328125,0.37456056475639343,10.0,12.554142951965332,1.0,12.554142951965332,21.0,0.0,0.00879895593971014,25.578807830810547,0.30000001192092896,179.47100830078125,0.0,0.5539409518241882,0.0
158,30.14276695251465,-93.96194458007812,6424.8955078125,-11.374979972839355,0.38169580698013306,10.0,12.535263061523438,1.0,12.535263061523438,21.0,0.0,0.008840745314955711,25.36618423461914,0.30000001192092896,177.15670776367188,0.0,0.0,0.0
159,30.14959144592285,-93.95250701904297,6450.63916015625,-11.416072845458984,0.3891238868236542,10.0,12.516437530517578,1.0,12.516437530517578,21.0,0.0,0.00888623297214508,25.13543128967285,0.30000001192092896,174.7655487060547,0.0,0.0,5.231833457946777
160,30.156415939331055,-93.94307708740234,6476.38232421875,-11.460592269897461,0.40051165223121643,10.0,12.49766731262207,1.0,12.49766731262207,21.0,0.0,0.008935345336794853,24.887725830078125,0.30000001192092896,171.2504119873047,0.0,0.0,0.4708173871040344
161,30.163240432739258,-93.93364715576172,6502.12548828125,-11.508413314819336,0.40522488951683044,10.0,12.478951454162598,1.0,12.478951454162598,21.0,0.0,0.008988005109131336,24.624282836914062,0.30000001192092896,169.6495819091797,0.0,0.0,0.0
162,30.170190811157227,-93.92407989501953,6528.30810546875,-11.559345245361328,0.40838301181793213,10.0,12.660511016845703,1.0,12.660511016845703,21.0,0.0,0.009045063517987728,24.346660614013672,0.30000001192092896,171.20396423339844,0.0,0.0,5.176948070526123
163,30.177640914916992,-93.9139633178711,6556.248046875,-11.61402416229248,0.42690378427505493,10.0,13.441554069519043,1.0,13.441554069519043,21.0,0.0,0.009109565056860447,24.051986694335938,0.30000001192092896,176.0755157470703,0.0,0.0,0.05635597184300423
164,30.185089111328125,-93.90384674072266,6584.18798828125,-11.675697326660156,0.4368501305580139,10.0,13.420928955078125,1.0,13.420928955078125,21.0,0.0,0.0091779176145792,23.723752975463867,0.30000001192092896,172.75416564941406,0.0,0.0,4.887265205383301
165,30.19253921508789,-93.89373016357422,6612.1279296875,-11.74058723449707,0.4272346496582031,10.0,13.400364875793457,1.0,13.400364875793457,21.0,0.0,0.009250016883015633,23.38308334350586,0.30000001192092896,175.43463134765625,0.0,0.0,0.0
166,30.199989318847656,-93.88361358642578,6640.06787109375,-11.808518409729004,0.4283531606197357,10.0,13.379861831665039,1.0,13.379861831665039,21.0,0.0,0.009325756691396236,23.031518936157227,0.30000001192092896,174.82412719726562,0.0,0.0,4.902909755706787
167,30.207439422607422,-93.87349700927734,6668.0078125,-11.879318237304688,0.4365519881248474,10.0,13.359419822692871,1.0,13.359419822692871,21.0,0.0,0.009405028074979782,22.67055892944336,0.30000001192092896,172.05345153808594,0.0,0.0,4.910696983337402
168,30.21489715576172,-93.86338806152344,6697.47216796875,-11.952804565429688,0.43300944566726685,10.0,13.339529037475586,1.0,13.339529037475586,21.0,0.0,0.00948772020637989,22.301698684692383,0.30000001192092896,172.87742614746094,0.0,0.0,4.918274402618408
169,30.222379684448242,-93.85331726074219,6733.0322265625,-12.028785705566406,0.43142035603523254,10.0,13.32442569732666,1.0,13.32442569732666,21.0,0.0,0.009573730640113354,21.926435470581055,0.30000001192092896,173.1656494140625,0.0,0.0,4.924028396606445
170,30.2298641204834,-93.84325408935547,6768.591796875,-12.107155799865723,0.4180164337158203,10.0,13.319900512695312,1.0,13.319900512695312,21.0,0.0,0.009663066826760769,21.545795440673828,0.30000001192092896,177.187744140625,0.0,0.0,0.0
171,30.237346649169922,-93.83318328857422,6804.15185546875,-11.481717109680176,0.3391149044036865,11.0,13.31537914276123,1.0,13.31537914276123,21.0,0.0,0.008841883391141891,24.77101707458496,0.30000001192092896,201.14138793945312,5.0,9.927474975585938,0.0
172,30.244829177856445,-93.8231201171875,6839.7119140625,-11.424138069152832,0.3378418982028961,11.0,13.310859680175781,1.0,13.310859680175781,21.0,0.0,0.008787320926785469,25.090383529663086,0.30000001192092896,201.46041870117188,0.0,4.85667085647583,0.0
173,30.2523136138916,-93.81305694580078,6875.27197265625,-11.37028980255127,0.34656912088394165,11.0,13.306343078613281,1.0,13.306343078613281,21.0,0.0,0.008736999705433846,25.39264678955078,0.30000001192092896,198.7377166748047,0.0,0.0,0.0
174,30.259777069091797,-93.80303192138672,6910.578125,-11.320307731628418,0.3440121114253998,11.0,13.257682800292969,1.0,13.257682800292969,21.0,0.0,0.008691132999956608,25.676355361938477,0.30000001192092896,198.7858123779297,0.0,0.0,4.949454307556152
175,30.267160415649414,-93.79318237304688,6944.8681640625,-11.274453163146973,0.34461498260498047,11.0,13.080365180969238,1.0,13.080365180969238,21.0,0.0,0.00865012314170599,25.939319610595703,0.30000001192092896,195.94686889648438,0.0,0.0,0.0
176,30.27454376220703,-93.78333282470703,6979.158203125,-3.7064645290374756,0.2901625335216522,12.0,13.09533977508545,1.0,13.09533977508545,21.0,0.0,0.008613347075879574,127.97958374023438,0.30000001192092896,212.4700164794922,2.0,10.011299133300781,0.0
177,30.28192710876465,-93.77348327636719,7013.4482421875,-11.196167945861816,0.2993432879447937,12.0,13.110349655151367,1.0,13.110349655151367,21.0,0.0,0.008580874651670456,26.394283294677734,0.30000001192092896,209.96238708496094,0.0,5.016880035400391,0.0
178,30.289310455322266,-93.76363372802734,7047.73779296875,-11.16325569152832,0.3112195134162903,12.0,13.125394821166992,1.0,13.125394821166992,21.0,0.0,0.008552772924304008,26.587844848632812,0.30000001192092896,206.64036560058594,0.0,0.016729654744267464,0.0
179,30.296693801879883,-93.75377655029297,7082.02783203125,-11.13465404510498,0.3216405510902405,12.0,13.14047622680664,1.0,13.14047622680664,21.0,0.0,0.008529100567102432,26.757169723510742,0.30000001192092896,203.747802734375,0.0,0.0,0.0
180,30.30401611328125,-93.7440185546875,7125.2080078125,-11.110384941101074,0.3141966462135315,12.0,13.060762405395508,1.0,13.060762405395508,21.0,0.0,0.00850997306406498,26.901653289794922,0.30000001192092896,204.73403930664062,0.0,0.0,5.024471759796143
181,30.311100006103516,-93.7345962524414,7203.9482421875,-11.090447425842285,0.3141345679759979,12.0,12.710466384887695,1.0,12.710466384887695,21.0,0.0,0.008495411835610867,27.020912170410156,0.30000001192092896,199.26101684570312,0.0,0.0,0.18238915503025055
182,30.31818389892578,-93.72518157958984,7282.68798828125,-11.075458526611328,0.31098994612693787,12.0,12.505182266235352,1.0,12.505182266235352,20.5,0.0,0.008485039696097374,27.11090660095215,0.20000000298023224,201.74508666992188,0.0,0.0,0.0
183,30.325265884399414,-93.71576690673828,7361.42822265625,-11.06473159790039,0.32165318727493286,12.0,12.60407543182373,1.0,12.60407543182373,20.5,0.0,0.008478978648781776,27.175493240356445,0.20000000298023224,200.19358825683594,0.0,0.0,5.081336498260498
184,30.33234977722168,-93.70635223388672,7440.16796875,-11.058403968811035,0.3190879225730896,12.0,12.704553604125977,1.0,12.704553604125977,20.5,0.0,0.008477344177663326,27.21365737915039,0.20000000298023224,202.55259704589844,0.0,0.0,0.12346161156892776
185,30.339433670043945,-93.69692993164062,7518.908203125,-11.056605339050293,0.30789926648139954,12.0,12.806654930114746,1.0,12.806654930114746,20.5,0.0,0.008480250835418701,27.224512100219727,0.20000000298023224,207.53550720214844,0.0,0.0,0.0
186,30.34645652770996,-93.68753814697266,7591.2978515625,-11.059493064880371,0.3058195114135742,12.0,12.83000659942627,1.0,12.83000659942627,20.5,0.0,0.008487790822982788,27.207082748413086,0.20000000298023224,208.5386962890625,0.0,0.0,4.993167877197266
187,30.353239059448242,-93.67823791503906,7638.2880859375,-11.067235946655273,0.3002243936061859,12.0,12.597982406616211,1.0,12.597982406616211,20.5,0.0,0.00849983375519514,27.160396575927734,0.20000000298023224,206.41781616210938,0.0,0.0,0.07688221335411072
188,30.360023498535156,-93.66893768310547,7685.27783203125,-11.079429626464844,0.3041107952594757,12.0,12.625186920166016,1.0,12.625186920166016,20.5,0.0,0.008516323752701283,27.087038040161133,0.20000000298023224,205.7146759033203,0.0,0.0,5.0730977058410645
189,30.366806030273438,-93.65963745117188,7732.26806640625,-11.096141815185547,0.29586756229400635,12.0,12.652510643005371,1.0,12.652510643005371,20.5,0.0,0.00853726640343666,26.986801147460938,0.20000000298023224,208.60198974609375,0.0,0.0,0.13553285598754883
190,30.37359046936035,-93.65033721923828,7779.2578125,-11.117350578308105,0.2872268557548523,12.0,12.67995548248291,1.0,12.67995548248291,20.5,0.0,0.008562657982110977,26.860105514526367,0.20000000298023224,211.61985778808594,0.0,0.0,0.0
191,30.380373001098633,-93.64103698730469,7826.248046875,-11.143022537231445,0.2799133062362671,12.0,12.707521438598633,1.0,12.707521438598633,20.5,0.0,0.00859249010682106,26.707517623901367,0.20000000298023224,214.25599670410156,0.0,0.0,5.0409674644470215
192,30.38719940185547,-93.63162231445312,7865.2685546875,-11.173178672790527,0.29333773255348206,12.0,12.840229988098145,1.0,12.840229988098145,20.5,0.0,0.008627110160887241,26.529346466064453,0.20000000298023224,212.45750427246094,0.0,0.0,0.030146095901727676
193,30.39419937133789,-93.62174987792969,7872.41259765625,-11.208252906799316,0.2936525046825409,12.0,13.265111923217773,1.0,13.265111923217773,20.5,0.0,0.008667726069688797,26.32355308532715,0.20000000298023224,219.3899383544922,0.0,0.0,0.0
194,30.401199340820312,-93.61187744140625,7879.55615234375,-11.248915672302246,0.3027294874191284,12.0,13.186762809753418,1.0,13.186762809753418,20.5,0.0,0.008712682873010635,26.086898803710938,0.20000000298023224,215.29148864746094,0.0,0.0,4.853946208953857
195,30.408199310302734,-93.60199737548828,7886.7001953125,-11.293719291687012,0.3102579414844513,12.0,13.109326362609863,1.0,13.109326362609863,20.5,0.0,0.008761832490563393,25.828519821166992,0.20000000298023224,211.71636962890625,0.0,0.0,0.0
196,30.414339065551758,-93.5915298461914,7890.93310546875,-11.342756271362305,0.14538154006004333,13.0,12.920815467834473,1.0,12.920815467834473,20.5,0.0,0.008814875967800617,25.548555374145508,0.20000000298023224,258.5530090332031,2.0,9.957730293273926,0.0
197,30.42047691345215,-93.5810546875,7895.16650390625,-11.39506721496582,0.16091425716876984,13.0,12.850715637207031,1.0,12.850715637207031,20.5,0.0,0.008871788159012794,25.253129959106445,0.20000000298023224,252.47653198242188,0.0,4.942817211151123,0.0
198,30.426616668701172,-93.5705795288086,7899.39990234375,-11.450854301452637,0.1576400101184845,13.0,12.781365394592285,1.0,12.781365394592285,20.5,0.0,0.008932424709200859,24.94170570373535,0.20000000298023224,252.0939178466797,0.0,0.0,0.0
199,30.432756423950195,-93.56011199951172,7903.63330078125,-11.509909629821777,0.16972540318965912,13.0,12.712754249572754,1.0,12.712754249572754,20.5,0.0,0.00899664405733347,24.61608123779297,0.20000000298023224,247.1432647705078,0.0,0.0,5.0389251708984375
200,30.438894271850586,-93.54963684082031,7907.86669921875,-11.572026252746582,0.14356176555156708,13.0,12.64487075805664,1.0,12.64487075805664,20.5,0.0,0.00906430184841156,24.27800941467285,0.20000000298023224,253.56996154785156,0.0,0.0,0.10434149205684662
201,30.44503402709961,-93.53916931152344,7912.10009765625,-11.637001037597656,0.13119171559810638,13.0,13.498021125793457,1.0,13.498021125793457,22.0,0.0,0.009135259315371513,23.92919158935547,0.15000000596046448,255.8660125732422,0.0,0.0,5.091628551483154
202,30.451171875,-93.52869415283203,7916.33349609375,-11.704630851745605,0.15686780214309692,13.0,13.426692962646484,1.0,13.426692962646484,22.0,0.0,0.009209376759827137,23.57126235961914,0.15000000596046448,246.9922332763672,0.0,0.0,0.20919494330883026
203,30.456880569458008,-93.51756286621094,7922.259765625,-11.774957656860352,0.15296678245067596,13.0,13.680648803710938,1.0,13.680648803710938,22.0,0.0,0.009288683533668518,23.204561233520508,0.15000000596046448,252.8282928466797,0.0,0.0,5.025218963623047
204,30.462480545043945,-93.50626373291016,7928.60986328125,-11.84940242767334,0.13907285034656525,13.0,13.712042808532715,1.0,13.712042808532715,22.0,0.0,0.009371740743517876,22.822404861450195,0.15000000596046448,257.5651550292969,0.0,0.0,5.013802528381348
205,30.468080520629883,-93.49495697021484,7934.9599609375,-11.926634788513184,0.13108782470226288,13.0,13.658693313598633,1.0,13.658693313598633,22.0,0.0,0.009457876905798912,22.432384490966797,0.15000000596046448,258.9426574707031,0.0,0.0,0.04700501263141632
206,30.47368049621582,-93.48365783691406,7941.31005859375,-12.00601577758789,0.14110013842582703,13.0,13.605752944946289,1.0,13.605752944946289,22.0,0.0,0.00954696349799633,22.03824806213379,0.15000000596046448,254.96682739257812,0.0,0.0,5.052453517913818
207,30.479280471801758,-93.47235870361328,7947.66015625,-12.087364196777344,0.14747782051563263,13.0,13.332245826721191,0.9836960434913635,13.553216934204102,22.0,0.08168478310108185,0.009638872928917408,21.641313552856445,0.15000000596046448,252.0963897705078,0.0,0.0,5.071557521820068
208,30.484880447387695,-93.4610595703125,7954.009765625,-12.170504570007324,0.1461496204137802,13.0,13.036401748657227,0.9655821323394775,13.501080513000488,22.0,0.17499688267707825,0.009733484126627445,21.242807388305664,0.15000000596046448,251.5178680419922,0.0,0.0,0.16207383573055267
209,30.490211486816406,-93.44940948486328,7958.86572265625,-12.255422592163086,0.1589028239250183,13.0,12.907209396362305,0.9474153518676758,13.623601913452148,22.0,0.27496540546417236,0.009832127019762993,20.843137741088867,0.15000000596046448,250.0095977783203,0.0,0.0,5.045962810516357
210,30.49547576904297,-93.43767547607422,7963.34814453125,-12.34296989440918,0.16775664687156677,13.0,12.66325569152832,0.9290335178375244,13.630569458007812,22.0,0.37861955165863037,0.00993379857391119,20.438737869262695,0.15000000596046448,247.50437927246094,0.0,0.0,0.08939237892627716
211,30.500741958618164,-93.42594146728516,7967.83056640625,-12.432255744934082,0.16644807159900665,13.0,12.380280494689941,0.9106441736221313,13.595080375671387,22.0,0.4850910007953644,0.010038039647042751,20.03417205810547,0.15000000596046448,247.24810791015625,0.0,0.0,0.0
212,30.506032943725586,-93.41398620605469,7981.18798828125,-12.522843360900879,0.16445878148078918,13.0,12.305769920349121,0.8923484086990356,13.790319442749023,22.0,0.6049615144729614,0.01014656387269497,19.631664276123047,0.15000000596046448,251.39739990234375,0.0,0.0,4.98533821105957
213,30.51136589050293,-93.40170288085938,8007.85791015625,-12.616156578063965,0.15580040216445923,13.0,12.336674690246582,0.8738763332366943,14.117185592651367,22.0,0.7409039735794067,0.01026047021150589,19.22528076171875,0.15000000596046448,260.0230407714844,0.0,0.0,0.0
214,30.516700744628906,-93.38941955566406,8034.52783203125,-11.127264022827148,0.32381924986839294,14.0,14.12066650390625,1.0,14.12066650390625,22.0,0.0,0.008509308099746704,26.801082611083984,0.15000000596046448,208.3226776123047,5.0,9.865212440490723,0.0
215,30.52203369140625,-93.37713623046875,8061.1982421875,-11.09072494506836,0.30525457859039307,14.0,14.124150276184082,1.0,14.124150276184082,22.0,0.0,0.008478251285851002,27.019248962402344,0.15000000596046448,214.09503173828125,0.0,4.729157447814941,0.0
216,30.527366638183594,-93.36485290527344,8087.8681640625,-11.058893203735352,0.30506742000579834,14.0,14.12763500213623,1.0,14.12763500213623,22.0,0.0,0.008452000096440315,27.210704803466797,0.15000000596046448,214.20555114746094,0.0,0.0,0.0
217,30.532699584960938,-93.35256958007812,8114.5380859375,-11.031878471374512,0.2943175137042999,14.0,14.131122589111328,1.0,14.131122589111328,22.0,0.0,0.00843060202896595,27.37420654296875,0.15000000596046448,217.57276916503906,0.0,0.0,4.861410140991211
218,30.537939071655273,-93.34058380126953,8139.880859375,-11.009716987609863,0.2966414988040924,14.0,13.806439399719238,1.0,13.806439399719238,22.0,0.0,0.008414429612457752,27.509044647216797,0.15000000596046448,211.87367248535156,0.0,0.0,0.0
219,30.54303550720215,-93.32905578613281,8163.232421875,-3.5250489711761475,0.2586902678012848,15.0,13.316287994384766,1.0,13.316287994384766,22.0,0.0,0.008403290063142776,132.54632568359375,0.15000000596046448,215.3780517578125,2.0,10.157712936401367,0.0
220,30.548131942749023,-93.31752014160156,8186.583984375,-10.981278419494629,0.2584379315376282,15.0,13.315738677978516,1.0,13.315738677978516,22.0,0.0,0.008396542631089687,27.68301010131836,0.15000000596046448,215.44247436523438,0.0,5.315626621246338,0.0
221,30.5532283782959,-93.30599212646484,8209.935546875,-10.974217414855957,0.2633267641067505,15.0,13.315189361572266,1.0,13.315189361572266,22.0,0.0,0.00839419849216938,27.72636604309082,0.15000000596046448,214.0133056640625,0.0,0.4737395942211151,0.0
222,30.558326721191406,-93.2944564819336,8233.287109375,-10.971705436706543,0.265290230512619,15.0,13.3146390914917,1.0,13.3146390914917,22.0,0.0,0.008396261371672153,27.741806030273438,0.15000000596046448,213.43408203125,0.0,0.0,0.0
223,30.56342315673828,-93.28292846679688,8256.638671875,-10.973750114440918,0.25294479727745056,15.0,13.31408977508545,1.0,13.31408977508545,22.0,0.0,0.008402726612985134,27.729238510131836,0.15000000596046448,217.01148986816406,0.0,0.0,5.158512592315674
224,30.568500518798828,-93.2712173461914,8279.271484375,-10.980388641357422,0.25968068838119507,15.0,13.46713638305664,1.0,13.46713638305664,22.0,0.0,0.008413756266236305,27.6884708404541,0.15000000596046448,217.52687072753906,0.0,0.0,0.2613722085952759
225,30.57349967956543,-93.2587890625,8299.0263671875,-10.991862297058105,0.23715423047542572,15.0,14.088522911071777,1.0,14.088522911071777,22.0,0.0,0.008430171757936478,27.618141174316406,0.15000000596046448,234.48806762695312,0.0,0.0,0.0
226,30.578500747680664,-93.2463607788086,8318.7822265625,-11.008692741394043,0.24458619952201843,15.0,14.087930679321289,1.0,14.087930679321289,22.0,0.0,0.008451472967863083,27.515291213989258,0.15000000596046448,232.19381713867188,0.0,0.0,4.8771162033081055
227,30.583499908447266,-93.23394012451172,8338.5380859375,-11.030511856079102,0.2494480013847351,15.0,14.087337493896484,1.0,14.087337493896484,22.0,0.0,0.008477623574435711,27.38250732421875,0.15000000596046448,230.6897430419922,0.0,0.0,0.0
228,30.588499069213867,-93.22151184082031,8358.29296875,-11.057243347167969,0.24471032619476318,15.0,14.086745262145996,1.0,14.086745262145996,22.0,0.0,0.00850857887417078,27.220659255981445,0.15000000596046448,232.1361541748047,0.0,0.0,4.877547264099121
229,30.5935001373291,-93.2090835571289,8378.048828125,-11.088798522949219,0.2500673532485962,15.0,14.086153030395508,1.0,14.086153030395508,22.0,0.0,0.008544286713004112,27.030799865722656,0.15000000596046448,230.47998046875,0.0,0.0,0.0
230,30.597566604614258,-93.19658660888672,8398.93359375,-3.5814225673675537,0.26035308837890625,16.0,13.715616226196289,1.0,13.715616226196289,22.0,0.0,0.00858376082032919,131.1129913330078,0.15000000596046448,221.33920288085938,2.0,10.012502670288086,0.0
231,30.60140037536621,-93.18406677246094,8420.099609375,-11.165196418762207,0.2637012004852295,16.0,13.624835014343262,1.0,13.624835014343262,22.0,0.0,0.008627399802207947,26.576396942138672,0.15000000596046448,218.87889099121094,0.0,5.058017730712891,0.0
232,30.605234146118164,-93.17154693603516,8441.2666015625,-11.209159851074219,0.25197964906692505,16.0,13.611207962036133,1.0,13.611207962036133,22.0,0.0,0.008675290271639824,26.318254470825195,0.15000000596046448,222.14096069335938,0.0,0.10848743468523026,0.0
233,30.609066009521484,-93.15902709960938,8462.43359375,-11.257158279418945,0.2363441437482834,16.0,13.597607612609863,1.0,13.597607612609863,22.0,0.0,0.008727348409593105,26.039175033569336,0.15000000596046448,226.5576629638672,0.0,0.0,0.0
234,30.612899780273438,-93.14651489257812,8483.599609375,-11.309042930603027,0.2336694747209549,16.0,13.584033012390137,1.0,13.584033012390137,22.0,0.0,0.008783488534390926,25.7407169342041,0.15000000596046448,227.12420654296875,0.0,0.0,5.060351371765137
235,30.616233825683594,-93.13383483886719,8504.7666015625,-11.36479377746582,0.24663887917995453,16.0,13.543180465698242,1.0,13.543180465698242,22.0,0.0,0.00884364452213049,25.423694610595703,0.15000000596046448,222.60885620117188,0.0,0.0,0.13555870950222015
236,30.618816375732422,-93.12091827392578,8525.93359375,-11.42422103881836,0.24105298519134521,16.0,13.543298721313477,1.0,13.543298721313477,22.0,0.0,0.008907993324100971,25.089920043945312,0.15000000596046448,224.26136779785156,0.0,0.0,0.0
237,30.621400833129883,-93.10800170898438,8547.099609375,-11.487127304077148,0.24942216277122498,16.0,13.536445617675781,1.0,13.536445617675781,22.0,0.0,0.008976204320788383,24.741212844848633,0.15000000596046448,221.67613220214844,0.0,0.0,5.077656269073486
238,30.62398338317871,-93.09508514404297,8568.2666015625,-11.553319931030273,0.24631120264530182,16.0,13.529598236083984,1.0,13.529598236083984,22.0,0.0,0.00904818531125784,24.379348754882812,0.15000000596046448,222.48233032226562,0.0,0.0,0.1578022688627243
239,30.626367568969727,-93.08177947998047,8590.7880859375,-11.622746467590332,0.2507454752922058,16.0,13.862873077392578,1.0,13.862873077392578,22.0,0.0,0.009125873446464539,24.005298614501953,0.15000000596046448,226.6215362548828,0.0,0.0,4.95895528793335
240,30.628700256347656,-93.0683822631836,8613.6484375,-11.69697093963623,0.24731749296188354,16.0,13.947385787963867,1.0,13.947385787963867,22.0,0.0,0.009207897819578648,23.611541748046875,0.15000000596046448,229.04624938964844,0.0,0.0,4.928223133087158
241,30.631032943725586,-93.05497741699219,8636.5078125,-11.774628639221191,0.25771188735961914,16.0,13.947064399719238,1.0,13.947064399719238,22.0,0.0,0.009293674491345882,23.20626449584961,0.15000000596046448,225.87796020507812,0.0,0.0,4.928340435028076
242,30.63336753845215,-93.04158020019531,8659.3681640625,-11.85510540008545,0.26954156160354614,16.0,13.94674301147461,1.0,13.94674301147461,22.0,0.0,0.009383101016283035,22.79338264465332,0.15000000596046448,222.2730712890625,0.0,0.0,0.0
243,30.635700225830078,-93.02818298339844,8682.2275390625,-11.938220977783203,0.28852158784866333,16.0,13.94642162322998,1.0,13.94642162322998,22.0,0.0,0.009476074017584324,22.374433517456055,0.15000000596046448,216.4925994873047,0.0,0.0,4.928574085235596
244,30.638032913208008,-93.01477813720703,8705.087890625,-12.02380084991455,0.29037177562713623,16.0,13.91495418548584,0.9977667331695557,13.946100234985352,22.0,0.011351082473993301,0.009572490118443966,21.95086669921875,0.15000000596046448,215.92465209960938,0.0,0.0,4.9286909103393555
245,30.640525817871094,-93.00173950195312,8726.931640625,-12.111564636230469,0.2756064236164093,16.0,13.334037780761719,0.9783896803855896,13.628554344177246,22.0,0.10946264863014221,0.00966985709965229,21.524574279785156,0.15000000596046448,215.3986358642578,0.0,0.0,0.0
246,30.6430606842041,-92.9887924194336,8748.5224609375,-12.199382781982422,0.27146264910697937,16.0,13.002107620239258,0.9593664407730103,13.552806854248047,22.0,0.20873567461967468,0.009769727475941181,21.106061935424805,0.15000000596046448,215.42674255371094,0.0,0.0,5.071706771850586
247,30.645593643188477,-92.97583770751953,8770.1123046875,-12.28857421875,0.27758240699768066,16.0,12.748603820800781,0.9404134750366211,13.556382179260254,22.0,0.31234923005104065,0.009872590191662312,20.689096450805664,0.15000000596046448,213.6735076904297,0.0,0.0,0.14211337268352509
248,30.64812660217285,-92.962890625,8791.7021484375,-12.37949275970459,0.2914280295372009,16.0,12.49506950378418,0.9214680790901184,13.559959411621094,22.0,0.42023441195487976,0.009978356771171093,20.272296905517578,0.15000000596046448,209.63360595703125,0.0,0.0,0.0
249,30.650659561157227,-92.94994354248047,8813.2919921875,-12.471997261047363,0.2932441234588623,16.0,12.242084503173828,0.9025731086730957,13.563538551330566,22.0,0.5323984622955322,0.010086938738822937,19.85660743713379,0.15000000596046448,209.15150451660156,0.0,0.0,5.067804336547852
250,30.6531925201416,-92.9369888305664,8834.8818359375,-12.565953254699707,0.2912325859069824,16.0,11.990182876586914,0.8837677240371704,13.567119598388672,22.0,0.648848831653595,0.010198251344263554,19.442890167236328,0.15000000596046448,209.80215454101562,0.0,0.0,0.1343061476945877
251,30.65571403503418,-92.92415618896484,8854.4404296875,-12.661225318908691,0.28985756635665894,16.0,11.625306129455566,0.8650884628295898,13.438284873962402,22.0,0.7620784044265747,0.010311090387403965,19.031946182250977,0.15000000596046448,208.21302795410156,0.0,0.0,0.0
252,30.65822982788086,-92.91136169433594,8873.490234375,-12.756753921508789,0.29262834787368774,16.0,11.34593391418457,0.8467452526092529,13.399465560913086,22.0,0.8818932175636292,0.01042607706040144,18.628395080566406,0.15000000596046448,206.80149841308594,0.0,0.0,5.127467155456543
253,30.660747528076172,-92.8985595703125,8892.5400390625,-12.853034019470215,0.3034093379974365,16.0,11.096673965454102,0.8286413550376892,13.39140796661377,22.0,1.0070081949234009,0.010543380863964558,18.23011016845703,0.15000000596046448,203.52719116210938,0.0,0.0,0.2578642666339874
254,30.66326332092285,-92.88575744628906,8911.58984375,-12.95016860961914,0.30159443616867065,16.0,10.850685119628906,0.8107594847679138,13.3833589553833,22.0,1.1359379291534424,0.010662918910384178,17.836708068847656,0.15000000596046448,203.934814453125,0.0,0.0,5.133324146270752
255,30.66577911376953,-92.87296295166016,8930.6396484375,-13.048048973083496,0.2990276515483856,16.0,10.608247756958008,0.7931210994720459,13.375319480895996,22.0,1.2686686515808105,0.010784611105918884,17.44866371154785,0.15000000596046448,204.5613555908203,0.0,0.0,0.26957154273986816
256,30.668296813964844,-92.86016082763672,8949.6904296875,-13.146574974060059,0.27567580342292786,16.0,10.369606018066406,0.7757448554039001,13.367289543151855,22.0,1.4051871299743652,0.010908380150794983,17.066387176513672,0.15000000596046448,211.24911499023438,0.0,0.0,0.0
257,30.67086410522461,-92.84695434570312,8972.181640625,-13.2456693649292,0.2849593162536621,16.0,10.454922676086426,0.7586434483528137,13.781075477600098,22.0,1.5943063497543335,0.011038154363632202,16.690156936645508,0.15000000596046448,214.99700927734375,0.0,0.0,4.988699913024902
258,30.673444747924805,-92.83364868164062,8995.533203125,-13.348356246948242,0.30434972047805786,16.0,10.292841911315918,0.7413107752799988,13.884651184082031,22.0,1.761896014213562,0.011171058751642704,16.308837890625,0.15000000596046448,210.73880004882812,0.0,0.0,0.0
259,30.676025390625,-92.82034301757812,9018.884765625,-3.164039134979248,0.3856141269207001,17.0,13.884300231933594,1.0,13.884300231933594,22.0,0.0,0.008333112113177776,142.03472900390625,0.15000000596046448,186.11602783203125,5.0,9.951163291931152,0.0
260,30.678606033325195,-92.80703735351562,9042.236328125,-10.90843677520752,0.37027111649513245,17.0,13.883949279785156,1.0,13.883949279785156,22.0,0.0,0.0083399573341012,28.13343620300293,0.15000000596046448,190.75906372070312,0.0,4.902454853057861,0.0
261,30.68118667602539,-92.79373168945312,9065.587890625,-10.915518760681152,0.3866073787212372,17.0,13.883597373962402,1.0,13.883597373962402,22.0,0.0,0.008351713418960571,28.089332580566406,0.15000000596046448,185.8057403564453,0.0,0.0,0.0
262,30.683767318725586,-92.78042602539062,9088.939453125,-10.927702903747559,0.38496124744415283,17.0,13.883246421813965,1.0,13.883246421813965,22.0,0.0,0.008368361741304398,28.013622283935547,0.15000000596046448,186.29966735839844,0.0,0.0,4.951546669006348
263,30.686309814453125,-92.76719665527344,9114.2822265625,-10.944917678833008,0.3839299976825714,17.0,13.792094230651855,1.0,13.792094230651855,22.0,0.0,0.008389703929424286,27.906978607177734,0.15000000596046448,185.38681030273438,0.0,0.0,4.9846930503845215
264,30.688827514648438,-92.75403594970703,9140.9521484375,-10.966968536376953,0.4007686972618103,17.0,13.733598709106445,1.0,13.733598709106445,22.0,0.0,0.00841568224132061,27.770946502685547,0.15000000596046448,179.55496215820312,0.0,0.0,0.0
265,30.691343307495117,-92.7408676147461,9167.6220703125,-10.993765830993652,0.3892715573310852,17.0,13.737215042114258,1.0,13.737215042114258,22.0,0.0,0.008446349762380123,27.606491088867188,0.15000000596046448,183.0481719970703,0.0,0.0,5.004648685455322
266,30.693859100341797,-92.72769927978516,9194.2919921875,-11.02530288696289,0.3765246868133545,17.0,13.74083423614502,1.0,13.74083423614502,22.0,0.0,0.008481661789119244,27.41415023803711,0.15000000596046448,186.91790771484375,0.0,0.0,0.007981890812516212
267,30.69637680053711,-92.71453094482422,9220.9619140625,-11.061479568481445,0.374832421541214,17.0,13.744455337524414,1.0,13.744455337524414,22.0,0.0,0.00852156337350607,27.195096969604492,0.15000000596046448,187.47463989257812,0.0,0.0,0.0
268,30.69889259338379,-92.70137023925781,9247.6318359375,-11.102185249328613,0.368108868598938,17.0,13.748078346252441,1.0,13.748078346252441,22.0,0.0,0.008565994910895824,26.950641632080078,0.15000000596046448,189.5408477783203,0.0,0.0,5.000699043273926
269,30.70142936706543,-92.68804931640625,9273.5400390625,-11.147323608398438,0.36711934208869934,17.0,13.906160354614258,1.0,13.906160354614258,22.0,0.0,0.008615473285317421,26.68203353881836,0.15000000596046448,192.0205078125,0.0,0.0,0.0
270,30.7039794921875,-92.67463684082031,9298.9404296875,-11.197306632995605,0.40823808312416077,18.0,14.01282787322998,1.0,14.01282787322998,22.0,0.0,0.008669866248965263,26.38761329650879,0.15000000596046448,180.9219970703125,2.0,9.904426574707031,0.0
271,30.70652961730957,-92.66121673583984,9324.33984375,-11.25190544128418,0.39309099316596985,18.0,14.016519546508789,1.0,14.016519546508789,22.0,0.0,0.008728737011551857,26.069580078125,0.15000000596046448,185.60186767578125,0.0,4.807509899139404,0.0
272,30.70907974243164,-92.64779663085938,9349.740234375,-11.310619354248047,0.390318363904953,18.0,14.020214080810547,1.0,14.020214080810547,22.0,0.0,0.008791999891400337,25.731700897216797,0.15000000596046448,186.49891662597656,0.0,0.0,0.0
273,30.71162986755371,-92.63438415527344,9375.1396484375,-11.373278617858887,0.3871322274208069,18.0,14.023910522460938,1.0,14.023910522460938,22.0,0.0,0.008859565481543541,25.37578010559082,0.15000000596046448,187.52297973632812,0.0,0.0,4.90039587020874
274,30.71417999267578,-92.62096405029297,9400.5400390625,-11.439706802368164,0.38516199588775635,18.0,14.027609825134277,1.0,14.027609825134277,22.0,0.0,0.008931340649724007,25.00363540649414,0.15000000596046448,188.17543029785156,0.0,0.0,4.899051189422607
275,30.71666145324707,-92.60782623291016,9421.76171875,-11.50971794128418,0.3961256146430969,18.0,13.730846405029297,1.0,13.730846405029297,22.0,0.0,0.009005589410662651,24.617130279541016,0.15000000596046448,180.9099578857422,0.0,0.0,5.006964683532715
276,30.719097137451172,-92.59487915039062,9440.1962890625,-11.581560134887695,0.3987364172935486,18.0,13.52962875366211,1.0,13.52962875366211,22.0,0.0,0.009082511998713017,24.226520538330078,0.15000000596046448,177.48814392089844,0.0,0.0,0.08709988743066788
277,30.721532821655273,-92.58192443847656,9458.6318359375,-11.655376434326172,0.39978885650634766,18.0,13.525525093078613,1.0,13.525525093078613,22.0,0.0,0.009163031354546547,23.831422805786133,0.15000000596046448,177.1237335205078,0.0,0.0,5.081627368927002
278,30.723968505859375,-92.56897735595703,9477.0673828125,-11.731980323791504,0.39954519271850586,18.0,13.521424293518066,1.0,13.521424293518066,22.0,0.0,0.009247051551938057,23.42799186706543,0.15000000596046448,177.14190673828125,0.0,0.0,5.083118438720703
279,30.726402282714844,-92.55602264404297,9495.5029296875,-11.811203956604004,0.40598249435424805,18.0,13.517324447631836,1.0,13.517324447631836,22.0,0.0,0.009334474802017212,23.017724990844727,0.15000000596046448,175.189697265625,0.0,0.0,0.1677277386188507
280,30.728837966918945,-92.5430679321289,9513.9384765625,-11.892877578735352,0.4073065221309662,18.0,13.513228416442871,1.0,13.513228416442871,22.0,0.0,0.009425203315913677,22.602054595947266,0.15000000596046448,174.74623107910156,0.0,0.0,5.086098670959473
281,30.731273651123047,-92.53011322021484,9537.7001953125,-11.976810455322266,0.40453603863716125,18.0,13.527344703674316,1.0,13.527344703674316,22.0,0.0,0.009519237093627453,22.182466506958008,0.15000000596046448,175.74647521972656,0.0,0.0,5.080965518951416
282,30.733707427978516,-92.51714324951172,9569.4501953125,-12.062945365905762,0.40299364924430847,18.0,13.414971351623535,0.9890785813331604,13.563098907470703,22.0,0.05445949733257294,0.009616635739803314,21.759729385375977,0.15000000596046448,176.6674041748047,0.0,0.0,0.14892955124378204
283,30.73613929748535,-92.50418090820312,9601.2001953125,-12.151311874389648,0.4099929630756378,18.0,13.178967475891113,0.9697346091270447,13.590282440185547,22.0,0.15423734486103058,0.009717307984828949,21.33416175842285,0.15000000596046448,174.9460906982422,0.0,0.0,5.058078765869141
284,30.73857307434082,-92.4912109375,9632.9501953125,-12.241716384887695,0.39748477935791016,18.0,12.941121101379395,0.9503248333930969,13.61757755279541,22.0,0.2588419020175934,0.009821180254220963,20.907146453857422,0.15000000596046448,179.01376342773438,0.0,0.0,0.10623271763324738
285,30.74100685119629,-92.4782485961914,9664.7001953125,-12.334019660949707,0.40174514055252075,18.0,12.702072143554688,0.9308968782424927,13.64498233795166,22.0,0.3683294355869293,0.009928177110850811,20.4797306060791,0.15000000596046448,178.10568237304688,0.0,0.0,0.0
286,30.743440628051758,-92.46527862548828,9696.4501953125,-12.428085327148438,0.40867477655410767,18.0,12.46241569519043,0.9114950299263,13.672499656677246,22.0,0.48275691270828247,0.01003822311758995,20.05289077758789,0.15000000596046448,176.39768981933594,0.0,0.0,5.028181552886963
287,30.745893478393555,-92.45219421386719,9718.5478515625,-12.52383804321289,0.4159349501132965,18.0,12.33078384399414,0.8921495079994202,13.821432113647461,22.0,0.6075820326805115,0.01015231292694807,19.627288818359375,0.15000000596046448,176.12979125976562,0.0,0.0,0.0022063851356506348
288,30.748376846313477,-92.43892669677734,9726.16796875,-12.622031211853027,0.43858009576797485,18.0,12.241409301757812,0.8727260828018188,14.026633262634277,22.0,0.7438445091247559,0.01027094665914774,19.199974060058594,0.15000000596046448,171.8144989013672,0.0,0.0,0.0
289,30.7508602142334,-92.4256591796875,9733.7880859375,-12.722890853881836,0.44233617186546326,18.0,11.981297492980957,0.8532039523124695,14.042712211608887,22.0,0.8785769939422607,0.010392419062554836,18.77048683166504,0.15000000596046448,170.8606414794922,0.0,0.0,4.893558979034424
290,30.75334358215332,-92.41239166259766,9741.408203125,-12.82496452331543,0.4238024652004242,18.0,11.723376274108887,0.8338800072669983,14.058829307556152,22.0,1.0184385776519775,0.010516645386815071,18.345359802246094,0.15000000596046448,176.74172973632812,0.0,0.0,0.0
291,30.755826950073242,-92.39912414550781,9749.0283203125,-12.928129196166992,0.422145813703537,18.0,11.468062400817871,0.8147833943367004,14.074983596801758,22.0,1.1634641885757446,0.010643544606864452,17.925233840942383,0.15000000596046448,177.45355224609375,0.0,0.0,4.881824493408203
292,30.758310317993164,-92.38585662841797,9756.6484375,-13.032264709472656,0.41440141201019287,18.0,11.215727806091309,0.7959398031234741,14.091175079345703,22.0,1.3136889934539795,0.010773037560284138,17.51067543029785,0.15000000596046448,180.03866577148438,0.0,0.0,0.0
293,30.760732650756836,-92.37286376953125,9760.7119140625,-2.678079128265381,0.32326555252075195,19.0,13.813154220581055,1.0,13.813154220581055,22.0,0.0,0.008281639777123928,155.67385864257812,0.15000000596046448,203.9528045654297,5.0,9.977034568786621,0.0
294,30.7630672454834,-92.36026000976562,9759.4423828125,-10.854599952697754,0.31035715341567993,19.0,13.379981994628906,1.0,13.379981994628906,22.0,0.0,0.00827548187226057,28.47086524963379,0.15000000596046448,201.32528686523438,0.0,5.111586570739746,0.0
295,30.765399932861328,-92.34765625,9758.171875,-10.848102569580078,0.3197990357875824,19.0,13.375743865966797,1.0,13.375743865966797,22.0,0.0,0.00827393401414156,28.5118465423584,0.15000000596046448,198.50604248046875,0.0,0.24767982959747314,0.0
296,30.767732620239258,-92.3350601196289,9756.90234375,-10.84643840789795,0.31036242842674255,19.0,13.37150764465332,1.0,13.37150764465332,22.0,0.0,0.008276993408799171,28.52235221862793,0.15000000596046448,201.1962432861328,0.0,0.0,0.0
297,30.77006721496582,-92.32245635986328,9755.6318359375,-10.849609375,0.30299437046051025,19.0,13.367274284362793,1.0,13.367274284362793,22.0,0.0,0.00828465260565281,28.50234031677246,0.15000000596046448,203.28143310546875,0.0,0.0,5.1391730308532715
298,30.77239990234375,-92.30986022949219,9754.3623046875,-10.857599258422852,0.3020833134651184,19.0,13.363043785095215,1.0,13.363043785095215,22.0,0.0,0.00829689484089613,28.451963424682617,0.15000000596046448,203.4827117919922,0.0,0.0,0.279884397983551
299,30.774799346923828,-92.2968978881836,9753.599609375,-10.870439529418945,0.3046673834323883,19.0,13.739079475402832,1.0,13.739079475402832,22.0,0.0,0.008314237929880619,28.371183395385742,0.15000000596046448,208.43411254882812,0.0,0.0,0.0
300,30.777299880981445,-92.28340148925781,9753.599609375,-10.888614654541016,0.31330081820487976,19.0,14.303327560424805,1.0,14.303327560424805,22.0,0.0,0.008337383158504963,28.25722312927246,0.15000000596046448,214.3000030517578,0.0,0.0,4.798789978027344
301,30.779800415039062,-92.2698974609375,9753.599609375,-10.912703514099121,0.3146461844444275,19.0,14.29511547088623,1.0,14.29511547088623,22.0,0.0,0.00836566649377346,28.10685920715332,0.15000000596046448,213.75735473632812,0.0,0.0,0.0
302,30.78230094909668,-92.25640106201172,9753.599609375,-10.942059516906738,0.3121521472930908,19.0,14.286911964416504,1.0,14.286911964416504,22.0,0.0,0.008399028331041336,27.92465591430664,0.15000000596046448,214.412109375,0.0,0.0,4.8047590255737305
303,30.784799575805664,-92.2428970336914,9753.599609375,-10.976567268371582,0.32421645522117615,19.0,14.278717994689941,1.0,14.278717994689941,22.0,0.0,0.008437399752438068,27.71192741394043,0.15000000596046448,210.5306854248047,0.0,0.0,0.0
304,30.78730010986328,-92.22940063476562,9753.599609375,-4.921205520629883,0.03890182077884674,20.0,14.270532608032227,1.0,14.270532608032227,22.0,0.0,0.008480704389512539,100.68531799316406,0.15000000596046448,299.2447204589844,2.0,9.810715675354004,0.0
305,30.7898006439209,-92.21589660644531,9753.599609375,-11.060497283935547,0.03616226091980934,20.0,14.262356758117676,1.0,14.262356758117676,22.0,0.0,0.008528859354555607,27.201025009155273,0.15000000596046448,299.9257507324219,0.0,4.624403953552246,0.0
306,30.79218292236328,-92.2030029296875,9753.599609375,-11.109524726867676,0.034773338586091995,20.0,13.634726524353027,1.0,13.634726524353027,22.0,0.0,0.008579377084970474,26.906787872314453,0.15000000596046448,287.140380859375,0.0,0.0,0.0
307,30.794567108154297,-92.19010162353516,9753.599609375,-11.160759925842285,0.019211871549487114,20.0,13.642387390136719,1.0,13.642387390136719,22.0,0.0,0.008634228259325027,26.602581024169922,0.15000000596046448,291.9336242675781,0.0,0.0,5.0391316413879395
308,30.79694938659668,-92.17720031738281,9753.599609375,-11.21605396270752,0.02661716565489769,20.0,13.650057792663574,1.0,13.650057792663574,22.0,0.0,0.008693339303135872,26.277990341186523,0.15000000596046448,289.892333984375,0.0,0.0,0.07547452300786972
309,30.799333572387695,-92.16429901123047,9753.599609375,-11.27525520324707,0.03879856318235397,20.0,13.657736778259277,1.0,13.657736778259277,22.0,0.0,0.008756633847951889,25.93470001220703,0.15000000596046448,286.4255065917969,0.0,0.0,0.0
310,30.801715850830078,-92.15139770507812,9753.599609375,-11.338204383850098,0.06893190741539001,20.0,13.665425300598145,1.0,13.665425300598145,22.0,0.0,0.008824028074741364,25.574420928955078,0.15000000596046448,277.60235595703125,0.0,0.0,5.030754566192627
311,30.804100036621094,-92.13849639892578,9753.599609375,-11.40473747253418,0.07315395027399063,20.0,13.67312240600586,1.0,13.67312240600586,22.0,0.0,0.008895439095795155,25.198881149291992,0.15000000596046448,276.4991760253906,0.0,0.0,0.05871003121137619
312,30.80638313293457,-92.12613677978516,9779.0,-11.474474906921387,0.06987962126731873,20.0,13.11870288848877,1.0,13.11870288848877,22.0,0.0,0.008967457339167595,24.81096649169922,0.15000000596046448,266.224853515625,0.0,0.0,5.229562759399414
313,30.808666229248047,-92.11376953125,9804.400390625,-11.54446029663086,0.06403643637895584,20.0,13.129974365234375,1.0,13.129974365234375,22.0,0.0,0.00904303602874279,24.42748260498047,0.15000000596046448,268.1275329589844,0.0,0.0,0.4550262689590454
314,30.810949325561523,-92.10140228271484,9829.7998046875,-11.617305755615234,0.06981393694877625,20.0,13.141266822814941,1.0,13.141266822814941,22.0,0.0,0.009122096002101898,24.03441047668457,0.15000000596046448,266.70159912109375,0.0,0.0,5.221357822418213
315,30.813232421875,-92.08903503417969,9855.2001953125,-11.692861557006836,0.06332787126302719,20.0,13.152578353881836,1.0,13.152578353881836,22.0,0.0,0.0092045608907938,23.633176803588867,0.15000000596046448,268.7924499511719,0.0,0.0,5.2172441482543945
316,30.81551742553711,-92.07666778564453,9880.599609375,-11.770977973937988,0.0635300800204277,20.0,13.163909912109375,1.0,13.163909912109375,22.0,0.0,0.009290349669754505,23.225162506103516,0.15000000596046448,268.9659423828125,0.0,0.0,0.43036800622940063
317,30.817800521850586,-92.06430053710938,9906.0,-11.851507186889648,0.06848790496587753,20.0,13.175261497497559,1.0,13.175261497497559,22.0,0.0,0.009379382245242596,22.811689376831055,0.15000000596046448,267.772705078125,0.0,0.0,5.208995819091797
318,30.82015037536621,-92.0514144897461,9930.1298828125,-11.934364318847656,0.07625541090965271,20.0,13.73033332824707,1.0,13.73033332824707,22.0,0.0,0.009475468657910824,22.393705368041992,0.15000000596046448,276.7270202636719,0.0,0.0,5.0071516036987305
319,30.822500228881836,-92.03853607177734,9954.259765625,-12.022841453552246,0.06767205148935318,20.0,13.714435577392578,0.9979806542396545,13.742185592651367,22.0,0.010111385956406593,0.00957489013671875,21.95557403564453,0.15000000596046448,279.5394287109375,0.0,0.0,0.009992877952754498
320,30.82485008239746,-92.02565002441406,9978.3896484375,-12.113451957702637,0.08650949597358704,20.0,13.451154708862305,0.9779770970344543,13.754058837890625,22.0,0.1126275286078453,0.009677556343376637,21.51549530029297,0.15000000596046448,274.1280517578125,0.0,0.0,4.998524188995361
321,30.827199935913086,-92.01276397705078,10002.51953125,-12.206039428710938,0.07119790464639664,20.0,13.186945915222168,0.9579391479492188,13.765953063964844,22.0,0.21979282796382904,0.009783376939594746,21.074661254882812,0.15000000596046448,278.96392822265625,0.0,0.0,0.0
322,30.82954978942871,-91.99988555908203,10026.650390625,-4.0835089683532715,0.3446060121059418,21.0,13.77786922454834,1.0,13.77786922454834,22.0,0.0,0.008454830385744572,118.90747833251953,0.15000000596046448,197.01670837402344,5.0,9.989866256713867,0.0
323,30.831899642944336,-91.98699951171875,10050.7802734375,-11.034282684326172,0.3624626696109772,21.0,13.78980541229248,1.0,13.78980541229248,22.0,0.0,0.00841006450355053,27.359615325927734,0.15000000596046448,191.81488037109375,0.0,4.975391387939453,0.0
324,30.8342342376709,-91.97423553466797,10072.3701171875,-10.988152503967285,0.36621809005737305,21.0,13.673882484436035,1.0,13.673882484436035,22.0,0.0,0.0083702327683568,27.64086151123047,0.15000000596046448,189.08201599121094,0.0,0.0030704776290804148,0.0
325,30.836566925048828,-91.96146392822266,10093.9599609375,-10.946900367736816,0.3803778886795044,21.0,13.681685447692871,1.0,13.681685447692871,22.0,0.0,0.008334971964359283,27.89472007751465,0.15000000596046448,184.9630889892578,0.0,0.0,0.0
326,30.838899612426758,-91.94869995117188,10115.5498046875,-10.910212516784668,0.38038569688796997,21.0,13.689497947692871,1.0,13.689497947692871,22.0,0.0,0.008304348215460777,28.122371673583984,0.15000000596046448,185.06637573242188,0.0,0.0,5.022000789642334
327,30.84123420715332,-91.9359359741211,10137.1396484375,-10.878218650817871,0.3838080167770386,21.0,13.697319984436035,1.0,13.697319984436035,22.0,0.0,0.008278422988951206,28.322355270385742,0.15000000596046448,184.14935302734375,0.0,0.0,0.041157133877277374
328,30.84356689453125,-91.92316436767578,10158.73046875,-10.851034164428711,0.37095141410827637,21.0,13.705150604248047,1.0,13.705150604248047,22.0,0.0,0.008257248438894749,28.493350982666016,0.15000000596046448,188.09902954101562,0.0,0.0,5.016308784484863
329,30.84589958190918,-91.910400390625,10180.3203125,-10.828760147094727,0.3745787739753723,21.0,13.712991714477539,1.0,13.712991714477539,22.0,0.0,0.008240871131420135,28.63419532775879,0.15000000596046448,187.12136840820312,0.0,0.0,0.02976635843515396
330,30.848234176635742,-91.8975830078125,10198.099609375,-10.811518669128418,0.3610749840736389,21.0,13.764077186584473,1.0,13.764077186584473,22.0,0.0,0.008229325525462627,28.743680953979492,0.15000000596046448,191.87374877929688,0.0,0.0,0.0
331,30.850566864013672,-91.884765625,10215.8798828125,-10.799306869506836,0.364955872297287,21.0,13.763758659362793,1.0,13.763758659362793,22.0,0.0,0.008222678676247597,28.821468353271484,0.15000000596046448,190.703857421875,0.0,0.0,4.994997024536133
332,30.8528995513916,-91.8719482421875,10233.66015625,-10.792250633239746,0.35140615701675415,21.0,13.763439178466797,1.0,13.763439178466797,22.0,0.0,0.008220942690968513,28.86650276184082,0.15000000596046448,194.76834106445312,0.0,0.0,0.0
333,30.855234146118164,-91.859130859375,10251.4404296875,-10.790377616882324,0.3228650689125061,22.0,13.763120651245117,1.0,13.763120651245117,22.0,0.0,0.00822412222623825,28.87847328186035,0.15000000596046448,203.33432006835938,2.0,9.99522876739502,0.0
334,30.857566833496094,-91.8463134765625,10269.2197265625,-10.793692588806152,0.32791563868522644,22.0,13.762802124023438,1.0,13.762802124023438,22.0,0.0,0.008232209831476212,28.8572940826416,0.15000000596046448,201.8130340576172,0.0,4.990573406219482,0.0
335,30.859899520874023,-91.83350372314453,10287.0,-10.802186012268066,0.3270016312599182,22.0,13.762483596801758,1.0,13.762483596801758,22.0,0.0,0.008245192468166351,28.803110122680664,0.15000000596046448,202.0828094482422,0.0,0.0,0.0
336,30.86221694946289,-91.82063293457031,10309.8603515625,-10.815801620483398,0.3160382807254791,22.0,13.817632675170898,1.0,13.817632675170898,22.0,0.0,0.008263098075985909,28.716445922851562,0.15000000596046448,206.19778442382812,0.0,0.0,4.975406169891357
337,30.864532470703125,-91.80776977539062,10332.7197265625,-10.834595680236816,0.3276590406894684,22.0,13.825549125671387,1.0,13.825549125671387,22.0,0.0,0.00828589964658022,28.597232818603516,0.15000000596046448,202.81053161621094,0.0,0.0,0.0
338,30.866849899291992,-91.7948989868164,10355.580078125,-0.46035099029541016,0.2008519470691681,23.0,13.833474159240723,1.0,13.833474159240723,22.0,0.0,0.008313564583659172,231.3906707763672,0.15000000596046448,241.1998748779297,2.0,9.969645500183105,0.0
339,30.86916732788086,-91.78203582763672,10378.4404296875,-10.88737964630127,0.19100511074066162,23.0,13.841409683227539,1.0,13.841409683227539,22.0,0.0,0.008346053771674633,28.26495361328125,0.15000000596046448,244.31192016601562,0.0,4.936405658721924,0.0
340,30.871482849121094,-91.7691650390625,10401.2998046875,-10.921204566955566,0.1926925778388977,23.0,13.84935474395752,1.0,13.84935474395752,22.0,0.0,0.008383321575820446,28.053977966308594,0.15000000596046448,243.9422607421875,0.0,0.0,0.0
341,30.87380027770996,-91.75630187988281,10424.16015625,-10.959848403930664,0.2021356076002121,23.0,13.857308387756348,1.0,13.857308387756348,22.0,0.0,0.008425313048064709,27.814800262451172,0.15000000596046448,241.2273406982422,0.0,0.0,4.960978984832764
342,30.87605094909668,-91.74382019042969,10448.2900390625,-11.003128051757812,0.20784302055835724,23.0,13.452779769897461,1.0,13.452779769897461,22.0,0.0,0.008470499888062477,27.549257278442383,0.15000000596046448,232.51011657714844,0.0,0.0,5.10807991027832
343,30.878299713134766,-91.73133087158203,10472.419921875,-11.049534797668457,0.2140079289674759,23.0,13.460524559020996,1.0,13.460524559020996,22.0,0.0,0.008520014584064484,27.26723861694336,0.15000000596046448,230.83343505859375,0.0,0.0,0.21334362030029297
344,30.880550384521484,-91.7188491821289,10496.5498046875,-11.100107192993164,0.20722152292728424,23.0,13.468278884887695,1.0,13.468278884887695,22.0,0.0,0.00857379287481308,26.96306800842285,0.15000000596046448,232.9606170654297,0.0,0.0,0.0
345,30.88279914855957,-91.70636749267578,10520.6796875,-11.154706001281738,0.20301352441310883,23.0,13.476041793823242,1.0,13.476041793823242,22.0,0.0,0.008631761185824871,26.63835334777832,0.15000000596046448,234.3321533203125,0.0,0.0,5.099620819091797
346,30.88504981994629,-91.69388580322266,10544.8095703125,-11.213180541992188,0.2011427879333496,23.0,13.48381519317627,1.0,13.48381519317627,22.0,0.0,0.008693845942616463,26.29476547241211,0.15000000596046448,235.0176544189453,0.0,0.0,0.19641563296318054
347,30.887300491333008,-91.681396484375,10568.9404296875,-11.275376319885254,0.1934109926223755,23.0,13.491596221923828,1.0,13.491596221923828,22.0,0.0,0.008759967051446438,25.93400001525879,0.15000000596046448,237.4292449951172,0.0,0.0,5.09396505355835
348,30.889686584472656,-91.6681900024414,10583.6884765625,-11.341270446777344,0.1806546151638031,23.0,14.277830123901367,1.0,14.277830123901367,22.0,0.0,0.008834264241158962,25.556997299194336,0.15000000596046448,255.23944091796875,0.0,0.0,0.0
349,30.892074584960938,-91.65498352050781,10598.4365234375,-11.414566993713379,0.1868734061717987,23.0,14.277491569519043,1.0,14.277491569519043,22.0,0.0,0.008912831544876099,25.143848419189453,0.15000000596046448,253.29617309570312,0.0,0.0,4.80818510055542
350,30.894460678100586,-91.64176940917969,10613.185546875,-11.491414070129395,0.19473887979984283,23.0,14.277152061462402,1.0,14.277152061462402,22.0,0.0,0.008995559066534042,24.717622756958008,0.15000000596046448,250.84005737304688,0.0,0.0,0.0
351,30.896848678588867,-91.6285629272461,10627.93359375,-11.571602821350098,0.18928119540214539,23.0,14.276813507080078,1.0,14.276813507080078,22.0,0.0,0.009082332253456116,24.28030014038086,0.15000000596046448,252.5341339111328,0.0,0.0,4.808431625366211
352,30.899234771728516,-91.61534881591797,10642.681640625,-11.654928207397461,0.2004207968711853,23.0,14.276473999023438,1.0,14.276473999023438,22.0,0.0,0.009173037484288216,23.83380126953125,0.15000000596046448,249.05828857421875,0.0,0.0,4.808554649353027
353,30.901622772216797,-91.60214233398438,10657.4306640625,-11.741186141967773,0.1977299302816391,23.0,14.276135444641113,1.0,14.276135444641113,22.0,0.0,0.009267558343708515,23.379961013793945,0.15000000596046448,249.89053344726562,0.0,0.0,4.808678150177002
354,30.903913497924805,-91.58941650390625,10661.396484375,-11.830190658569336,0.1921437531709671,23.0,13.749932289123535,1.0,13.749932289123535,22.0,0.0,0.009362159296870232,22.92043685913086,0.15000000596046448,242.35568237304688,0.0,0.0,0.0
355,30.906179428100586,-91.57682037353516,10662.666015625,-11.918356895446777,0.19893313944339752,23.0,13.62138557434082,1.0,13.62138557434082,22.0,0.0,0.009459177032113075,22.473875045776367,0.15000000596046448,238.07215881347656,0.0,0.0,5.046769142150879
356,30.908447265625,-91.56421661376953,10663.935546875,-12.007853507995605,0.21467752754688263,23.0,13.625164985656738,1.0,13.625164985656738,22.0,0.0,0.009559393860399723,22.029205322265625,0.15000000596046448,233.45777893066406,0.0,0.0,0.09216364473104477
357,30.91071319580078,-91.55162048339844,10665.2060546875,-12.099344253540039,0.2143246978521347,23.0,13.370893478393555,0.9810658097267151,13.628946304321289,22.0,0.09564836323261261,0.00966271385550499,21.58344841003418,0.15000000596046448,233.6274871826172,0.0,0.0,5.04401969909668
358,30.912979125976562,-91.53901672363281,10666.4755859375,-12.192671775817871,0.205813467502594,23.0,13.098428726196289,0.9608075022697449,13.632729530334473,22.0,0.20221659541130066,0.009769043885171413,21.13776397705078,0.15000000596046448,236.2239227294922,0.0,0.0,0.08666352927684784
359,30.915246963500977,-91.52642059326172,10667.74609375,-12.28768253326416,0.19812709093093872,23.0,12.826519966125488,0.9406010508537292,13.636515617370605,22.0,0.3131439983844757,0.009878288954496384,20.693222045898438,0.15000000596046448,238.576416015625,0.0,0.0,5.041267395019531
360,30.91749382019043,-91.51388549804688,10668.0,-12.384234428405762,0.2073899507522583,23.0,12.48122501373291,0.9204902648925781,13.55932331085205,22.0,0.42589882016181946,0.009989694692194462,20.25078582763672,0.15000000596046448,234.48558044433594,0.0,0.0,0.11060424149036407
361,30.919734954833984,-91.50137329101562,10668.0,-12.481600761413574,0.21846824884414673,23.0,12.191381454467773,0.9006332755088806,13.536454200744629,22.0,0.5430818796157837,0.010103578679263592,19.813932418823242,0.15000000596046448,230.8182373046875,0.0,0.0,0.0
362,30.921977996826172,-91.48885345458984,10668.0,-12.580018997192383,0.22259803116321564,23.0,11.92169189453125,0.8809855580329895,13.532221794128418,22.0,0.6647638082504272,0.010219999589025974,19.381681442260742,0.15000000596046448,229.5267333984375,0.0,0.0,5.079192161560059
363,30.924219131469727,-91.4763412475586,10668.0,-12.67949104309082,0.20317219197750092,23.0,11.655061721801758,0.8615515828132629,13.52799129486084,22.0,0.7905099987983704,0.010338868014514446,18.954133987426758,0.15000000596046448,235.1886444091797,0.0,0.0,0.15992271900177002
364,30.926462173461914,-91.46382141113281,10668.0,-12.77989387512207,0.20487748086452484,23.0,11.391867637634277,0.686366856098175,16.59734535217285,27.0,2.2471418380737305,0.010460098274052143,18.531906127929688,0.15000000596046448,234.61196899414062,0.0,0.0,0.0
365,30.92870330810547,-91.45130920410156,10668.0,-12.881111145019531,0.2065664529800415,23.0,11.132437705993652,0.6709457039833069,16.592159271240234,27.0,2.411067008972168,0.01058360654860735,18.11553382873535,0.15000000596046448,234.0404510498047,0.0,0.0,5.083804607391357
366,30.93096923828125,-91.43856048583984,10668.0,-12.983048439025879,0.20614701509475708,23.0,11.075817108154297,0.6557564735412598,16.890138626098633,27.0,2.627136468887329,0.01071163546293974,17.705425262451172,0.15000000596046448,238.36953735351562,0.0,0.0,0.07931937277317047
367,30.93325424194336,-91.4256591796875,10668.0,-13.087464332580566,0.2096971869468689,23.0,10.9468994140625,0.6405459046363831,17.08995246887207,27.0,2.8415825366973877,0.010843458585441113,17.29473876953125,0.15000000596046448,240.11090087890625,0.0,0.0,0.0
368,30.935537338256836,-91.41275787353516,10668.0,-13.193669319152832,0.20632240176200867,23.0,10.688294410705566,0.6254281997680664,17.089563369750977,27.0,3.0325980186462402,0.0109774861484766,16.886560440063477,0.15000000596046448,241.1307373046875,0.0,0.0,4.936425685882568
369,30.937820434570312,-91.39985656738281,10668.0,-13.300335884094238,0.21786309778690338,23.0,10.434577941894531,0.6105957627296448,17.089174270629883,27.0,3.229193925857544,0.011113637126982212,16.486085891723633,0.15000000596046448,237.6190948486328,0.0,0.0,0.0
370,30.94010353088379,-91.386962890625,10668.0,-13.407368659973145,0.21654047071933746,23.0,10.185909271240234,0.5960581302642822,17.08878517150879,27.0,3.431370735168457,0.011251835152506828,16.093570709228516,0.15000000596046448,238.01548767089844,0.0,0.0,4.936656475067139
371,30.942386627197266,-91.37406158447266,10668.0,-13.514678955078125,0.2190280705690384,23.0,9.942415237426758,0.5818226933479309,17.088396072387695,27.0,3.6391282081604004,0.01139200571924448,15.709212303161621,0.15000000596046448,237.2543487548828,0.0,0.0,0.0
372,30.944610595703125,-91.36152648925781,10668.0,0.3660810887813568,0.18737328052520752,24.0,0.0,0.0,16.596569061279297,27.0,1000.0,0.008200008422136307,0.0,0.15000000596046448,0.0,4.917501926422119,10.082497596740723,0.0
373,30.946792602539062,-91.3492431640625,10668.0,-10.767952919006348,0.18421219289302826,24.0,16.26576042175293,1.0,16.26576042175293,27.0,0.0,0.008218537084758282,29.022109985351562,0.15000000596046448,235.9005889892578,0.0824979767203331,5.26301383972168,0.0
374,30.948976516723633,-91.33695983886719,10668.0,-10.787513732910156,0.1794796735048294,24.0,16.260534286499023,1.0,16.260534286499023,27.0,0.0,0.008241569623351097,28.896780014038086,0.15000000596046448,237.19285583496094,0.0,0.4450778067111969,0.0
375,30.951160430908203,-91.32467651367188,10668.0,-10.811775207519531,0.1813395768404007,24.0,16.25531005859375,1.0,16.25531005859375,27.0,0.0,0.008269064128398895,28.742042541503906,0.15000000596046448,236.5791778564453,0.0,0.0,0.0
376,30.95334243774414,-91.31239318847656,10668.0,-10.840656280517578,0.18625016510486603,24.0,16.250089645385742,1.0,16.250089645385742,27.0,0.0,0.008300972171127796,28.55888557434082,0.15000000596046448,235.08457946777344,0.0,0.0,5.185158729553223
377,30.95552635192871,-91.30010986328125,10668.0,-10.87406063079834,0.18317121267318726,24.0,16.244873046875,1.0,16.244873046875,27.0,0.0,0.008337239734828472,28.348447799682617,0.15000000596046448,235.89830017089844,0.0,0.0,0.3718629479408264
378,30.957763671875,-91.2874984741211,10668.0,-10.911922454833984,0.1791839599609375,24.0,16.678874969482422,1.0,16.678874969482422,27.0,0.0,0.00837896391749382,28.111722946166992,0.15000000596046448,243.38290405273438,0.0,0.0,0.0
379,30.960039138793945,-91.274658203125,10668.0,-10.9552583694458,0.17573410272598267,24.0,16.966333389282227,1.0,16.966333389282227,27.0,0.0,0.008426003158092499,27.84310531616211,0.15000000596046448,248.61814880371094,0.0,0.0,4.972938060760498
380,30.962312698364258,-91.2618179321289,10668.0,-11.003829002380371,0.15879307687282562,24.0,16.961040496826172,1.0,16.961040496826172,27.0,0.0,0.008477584458887577,27.54497718811035,0.15000000596046448,253.64877319335938,0.0,0.0,0.0
381,30.96458625793457,-91.24897766113281,10668.0,-11.056782722473145,0.1668727695941925,24.0,16.955747604370117,1.0,16.955747604370117,27.0,0.0,0.00853362213820219,27.22344207763672,0.15000000596046448,251.13414001464844,0.0,0.0,4.976074695587158
382,30.966861724853516,-91.23614501953125,10668.0,-11.113951683044434,0.1800203174352646,24.0,16.87535858154297,0.9955694079399109,16.95046043395996,27.0,0.022350963205099106,0.008594023995101452,26.880374908447266,0.15000000596046448,247.09390258789062,0.0,0.0,0.0
383,30.969135284423828,-91.22330474853516,10668.0,0.27888479828834534,0.3507051169872284,25.0,16.945173263549805,1.0,16.945173263549805,27.0,0.0,0.00865869503468275,261.7663269042969,0.15000000596046448,195.59848022460938,2.0,9.979207992553711,0.0
384,30.971433639526367,-91.2103271484375,10668.0,-11.240234375,0.34425926208496094,25.0,16.572402954101562,0.968046247959137,17.11943244934082,27.0,0.167432963848114,0.008728289976716042,26.137248992919922,0.15000000596046448,199.57171630859375,0.0,4.906783103942871,0.0
385,30.973766326904297,-91.1971435546875,10668.0,-11.309732437133789,0.35283350944519043,25.0,16.567899703979492,0.9532137513160706,17.38109588623047,27.0,0.2527735233306885,0.008803224191069603,25.736770629882812,0.15000000596046448,199.97268676757812,0.0,0.0,0.0
386,30.97610092163086,-91.1839599609375,10668.0,-11.383925437927246,0.3574810028076172,25.0,16.28678321838379,0.9376212358474731,17.370323181152344,27.0,0.3424076735973358,0.008882307447493076,25.315773010253906,0.15000000596046448,198.41355895996094,0.0,0.0,4.853237628936768
387,30.97843360900879,-91.1707763671875,10668.0,-11.461548805236816,0.35308128595352173,25.0,15.998078346252441,0.9215715527534485,17.359561920166016,27.0,0.43773341178894043,0.00896542239934206,24.882431030273438,0.15000000596046448,199.64846801757812,0.0,0.0,0.0
388,30.98076629638672,-91.1575927734375,10668.0,-11.542390823364258,0.3519693911075592,25.0,15.703080177307129,0.9051384925842285,17.34881591796875,27.0,0.5387299060821533,0.009052449837327003,24.438739776611328,0.15000000596046448,199.86778259277344,0.0,0.0,4.859610557556152
389,30.98310089111328,-91.1444091796875,10668.0,-11.626241683959961,0.36002984642982483,25.0,15.403030395507812,0.8883931040763855,17.33807945251465,27.0,0.6453765034675598,0.009143270552158356,23.986614227294922,0.15000000596046448,197.25962829589844,0.0,0.0,4.862791061401367
390,30.985366821289062,-91.13152313232422,10668.0,-11.712875366210938,0.3679022490978241,25.0,14.752041816711426,0.8714069128036499,16.928993225097656,27.0,0.7402082681655884,0.009235554374754429,23.527986526489258,0.15000000596046448,190.23606872558594,0.0,0.0,4.984002113342285
391,30.987533569335938,-91.11909484863281,10668.0,-11.800024032592773,0.36127835512161255,25.0,13.948878288269043,0.8546368479728699,16.321409225463867,27.0,0.8225390315055847,0.00932780560106039,23.0751953125,0.15000000596046448,185.3304443359375,0.0,0.0,5.164026737213135
392,30.989700317382812,-91.10665893554688,10668.0,-11.886307716369629,0.3614442050457001,25.0,13.674484252929688,0.838341474533081,16.31135368347168,27.0,0.931952714920044,0.009423114359378815,22.63521957397461,0.15000000596046448,185.1681671142578,0.0,0.0,0.3310331106185913
393,30.991867065429688,-91.09422302246094,10668.0,-11.97456169128418,0.36751535534858704,25.0,13.399442672729492,0.8219856023788452,16.301311492919922,27.0,1.046019196510315,0.009521380998194218,22.19361114501953,0.15000000596046448,183.29473876953125,0.0,0.0,0.0
394,30.994033813476562,-91.08179473876953,10668.0,-12.064627647399902,0.35867181420326233,25.0,13.124466896057129,0.8056130409240723,16.291278839111328,27.0,1.1647214889526367,0.009622509591281414,21.75155258178711,0.15000000596046448,185.74322509765625,0.0,0.0,5.172954082489014
395,30.996200561523438,-91.0693588256836,10668.0,-12.156352043151855,0.34112757444381714,25.0,12.850214958190918,0.7892641425132751,16.281259536743164,27.0,1.288042664527893,0.009726404212415218,21.31013298034668,0.15000000596046448,190.7070770263672,0.0,0.0,0.3488772213459015
396,30.9984130859375,-91.05665588378906,10668.5078125,-12.249603271484375,0.3340495824813843,25.0,12.855047225952148,0.7729736566543579,16.63064193725586,27.0,1.447260856628418,0.009835351258516312,20.870288848876953,0.15000000596046448,196.8921356201172,0.0,0.0,5.072402477264404
397,31.000696182250977,-91.04353332519531,10669.7783203125,-12.346332550048828,0.33123040199279785,25.0,12.981210708618164,0.7564207911491394,17.161361694335938,27.0,1.637399673461914,0.0099506676197052,20.42336082458496,0.15000000596046448,204.03550720214844,0.0,0.0,0.0
398,31.002979278564453,-91.0304183959961,10671.0478515625,1.912328839302063,0.3649143874645233,26.0,17.1558837890625,1.0,17.1558837890625,27.0,0.0,0.008267901837825775,304.8410949707031,0.15000000596046448,193.6969757080078,5.0,9.916775703430176,0.0
399,31.005264282226562,-91.01730346679688,10672.318359375,-10.839882850646973,0.3665509819984436,26.0,17.150407791137695,1.0,17.150407791137695,27.0,0.0,0.008233027532696724,28.56378173828125,0.15000000596046448,193.13616943359375,0.0,4.8351731300354,0.0
400,31.00754737854004,-91.00418853759766,10673.587890625,-10.803147315979004,0.3607460856437683,26.0,17.144935607910156,1.0,17.144935607910156,27.0,0.0,0.008203093893826008,28.796981811523438,0.15000000596046448,194.8438720703125,0.0,0.0,0.0
401,31.009830474853516,-90.99107360839844,10674.8583984375,-10.771485328674316,0.36650970578193665,26.0,17.139467239379883,1.0,17.139467239379883,27.0,0.0,0.008178149349987507,28.99944496154785,0.15000000596046448,193.02552795410156,0.0,0.0,4.921639442443848
402,31.0120792388916,-90.9781723022461,10675.1123046875,-10.744977951049805,0.3555210828781128,26.0,16.860065460205078,1.0,16.860065460205078,27.0,0.0,0.008158519864082336,29.169994354248047,0.15000000596046448,193.1725616455078,0.0,0.0,5.004425048828125
403,31.014280319213867,-90.96560668945312,10673.841796875,-10.724035263061523,0.34674587845802307,26.0,16.454893112182617,1.0,16.454893112182617,27.0,0.0,0.008144092746078968,29.305421829223633,0.15000000596046448,191.0973663330078,0.0,0.0,0.12890127301216125
404,31.0164794921875,-90.95304107666016,10672.572265625,-10.70863151550293,0.3514026701450348,26.0,16.478973388671875,1.0,16.478973388671875,27.0,0.0,0.008134343661367893,29.405410766601562,0.15000000596046448,190.01275634765625,0.0,0.0,0.0
405,31.018680572509766,-90.94047546386719,10671.3017578125,-10.698195457458496,0.35496774315834045,26.0,16.503124237060547,1.0,16.503124237060547,27.0,0.0,0.008129309862852097,29.473346710205078,0.15000000596046448,189.2452850341797,0.0,0.0,5.110185623168945
406,31.0208797454834,-90.92790985107422,10670.0322265625,-10.692784309387207,0.36700889468193054,26.0,16.527347564697266,1.0,16.527347564697266,27.0,0.0,0.008129023015499115,29.50862693786621,0.15000000596046448,185.98513793945312,0.0,0.0,0.21319365501403809
407,31.023080825805664,-90.91533660888672,10668.76171875,-10.6924409866333,0.3624565601348877,26.0,16.55164337158203,1.0,16.55164337158203,27.0,0.0,0.00813350547105074,29.510868072509766,0.15000000596046448,187.5980682373047,0.0,0.0,5.095809459686279
408,31.025299072265625,-90.90263366699219,10666.984375,-10.697213172912598,0.35417771339416504,26.0,16.755321502685547,1.0,16.755321502685547,27.0,0.0,0.008142899721860886,29.479747772216797,0.15000000596046448,192.3726348876953,0.0,0.0,0.13126970827579498
409,31.027549743652344,-90.88971710205078,10664.4443359375,-10.707233428955078,0.3474265933036804,26.0,17.045137405395508,1.0,17.045137405395508,27.0,0.0,0.008157458156347275,29.414508819580078,0.15000000596046448,197.74583435058594,0.0,0.0,0.0
410,31.029800415039062,-90.87680053710938,10661.904296875,-10.722702026367188,0.3648563623428345,26.0,17.06005859375,1.0,17.06005859375,27.0,0.0,0.008177047595381737,29.314058303833008,0.15000000596046448,192.63267517089844,0.0,0.0,4.945167541503906
411,31.03204917907715,-90.86388397216797,10659.3642578125,-10.743488311767578,0.37107935547828674,26.0,17.07500648498535,1.0,17.07500648498535,27.0,0.0,0.00820164754986763,29.179601669311523,0.15000000596046448,190.9124298095703,0.0,0.0,0.0
412,31.034299850463867,-90.85096740722656,10656.82421875,-2.4458158016204834,0.3618946075439453,27.0,17.089981079101562,1.0,17.089981079101562,27.0,0.0,0.008231225423514843,162.55357360839844,0.15000000596046448,193.87039184570312,2.0,9.936301231384277,0.0
413,31.036550521850586,-90.83805084228516,10654.2841796875,-10.800748825073242,0.3612537086009979,27.0,17.104984283447266,1.0,17.104984283447266,27.0,0.0,0.008265743963420391,28.812271118164062,0.15000000596046448,194.2354736328125,0.0,4.868158340454102,0.0
414,31.03878402709961,-90.82516479492188,10652.759765625,-10.8370361328125,0.3728325664997101,27.0,17.069337844848633,1.0,17.069337844848633,27.0,0.0,0.008305026218295097,28.581785202026367,0.15000000596046448,190.31703186035156,0.0,0.0,0.0
415,31.040992736816406,-90.81232452392578,10652.759765625,-10.878151893615723,0.37626156210899353,27.0,17.002225875854492,1.0,17.002225875854492,27.0,0.0,0.008348887786269188,28.32277488708496,0.15000000596046448,188.53228759765625,0.0,0.0,4.962303638458252
416,31.043203353881836,-90.79948425292969,10652.759765625,-10.92385196685791,0.3778003454208374,27.0,17.001848220825195,1.0,17.001848220825195,27.0,0.0,0.008397407829761505,28.037527084350586,0.15000000596046448,188.06300354003906,0.0,0.0,4.9624152183532715
417,31.045412063598633,-90.78665161132812,10652.759765625,-10.97413158416748,0.3882431983947754,27.0,17.0014705657959,1.0,17.0014705657959,27.0,0.0,0.008450506255030632,27.726890563964844,0.15000000596046448,184.90249633789062,0.0,0.0,0.0
418,31.047622680664062,-90.77381134033203,10652.759765625,-11.028827667236328,0.3825453519821167,27.0,17.0010929107666,1.0,17.0010929107666,27.0,0.0,0.00850809644907713,27.392730712890625,0.15000000596046448,186.62051391601562,0.0,0.0,4.962638854980469
419,31.04983139038086,-90.76097106933594,10652.759765625,-11.0877685546875,0.37798359990119934,27.0,17.000715255737305,1.0,17.000715255737305,27.0,0.0,0.008570089936256409,27.036977767944336,0.15000000596046448,187.99510192871094,0.0,0.0,0.0
420,31.05202293395996,-90.74824523925781,10653.005859375,-1.9688191413879395,0.28191205859184265,28.0,16.85184097290039,1.0,16.85184097290039,27.0,0.0,0.008635791949927807,177.4337615966797,0.15000000596046448,215.13075256347656,2.0,10.006861686706543,0.0
421,31.054136276245117,-90.73596954345703,10654.234375,-11.216996192932129,0.2843797504901886,28.0,15.820197105407715,0.973055362701416,16.258270263671875,27.0,0.13339374959468842,0.008703096769750118,26.27249526977539,0.15000000596046448,206.83995056152344,0.0,5.189596652984619,0.0
422,31.05624771118164,-90.72369384765625,10655.4638671875,-11.284380912780762,0.2809675633907318,28.0,15.589359283447266,0.958598792552948,16.262653350830078,27.0,0.20811036229133606,0.008774186484515667,25.88216781616211,0.15000000596046448,207.88221740722656,0.0,0.3710327446460724,0.0
423,31.058361053466797,-90.71142578125,10656.693359375,-11.35499382019043,0.28818556666374207,28.0,15.350749969482422,0.9436721205711365,16.267038345336914,27.0,0.28769806027412415,0.008848972618579865,25.47914695739746,0.15000000596046448,205.85089111328125,0.0,0.0,0.0
424,31.060474395751953,-90.69915008544922,10657.921875,-11.428666114807129,0.29899945855140686,28.0,10.24497127532959,1.0,10.24497127532959,17.0,0.0,0.008927366696298122,25.065120697021484,0.0,202.7782745361328,0.0,0.0,5.178836822509766
425,31.06258773803711,-90.68687438964844,10659.1513671875,-11.505230903625488,0.2997678220272064,28.0,11.453351974487305,1.0,11.453351974487305,19.0,0.0,0.009009278379380703,24.641733169555664,0.15000000596046448,202.61065673828125,0.0,0.0,5.1775360107421875
426,31.064699172973633,-90.67459869384766,10660.3798828125,-11.584517478942871,0.296317458152771,28.0,11.456442832946777,1.0,11.456442832946777,19.0,0.0,0.009094617329537868,24.2105712890625,0.15000000596046448,203.66397094726562,0.0,0.0,5.176234722137451
427,31.06698989868164,-90.6612319946289,10661.609375,-11.66644287109375,0.3094562590122223,28.0,12.473871231079102,1.0,12.473871231079102,19.0,0.0,0.009191302582621574,23.77273178100586,0.15000000596046448,217.61061096191406,0.0,0.0,4.7478437423706055
428,31.06928062438965,-90.64785766601562,10662.837890625,-11.7582426071167,0.3045201003551483,28.0,12.469953536987305,1.0,12.469953536987305,19.0,0.0,0.009291758760809898,23.291213989257812,0.15000000596046448,219.09732055664062,0.0,0.0,4.74949312210083
429,31.071571350097656,-90.63448333740234,10664.0673828125,-11.852608680725098,0.29739561676979065,28.0,12.466039657592773,1.0,12.466039657592773,19.0,0.0,0.009395861998200417,22.806081771850586,0.15000000596046448,221.2722625732422,0.0,0.0,0.0
430,31.073862075805664,-90.6211166381836,10665.2958984375,-11.103487014770508,0.22538863122463226,29.0,12.462127685546875,1.0,12.462127685546875,19.0,0.0,0.008458796888589859,26.942853927612305,0.15000000596046448,243.8729705810547,5.0,9.752788543701172,0.0
431,31.07615089416504,-90.60774230957031,10666.525390625,-11.03805923461914,0.22413545846939087,29.0,12.45821762084961,1.0,12.45821762084961,19.0,0.0,0.008399663493037224,27.336713790893555,0.15000000596046448,244.1908721923828,0.0,4.507223606109619,0.0
432,31.078441619873047,-90.59437561035156,10667.75390625,-10.977116584777832,0.224744513630867,29.0,12.454309463500977,1.0,12.454309463500977,19.0,0.0,0.008345446549355984,27.708555221557617,0.15000000596046448,243.9226531982422,0.0,0.0,0.0
433,31.080659866333008,-90.58136749267578,10668.0,-10.920806884765625,0.22330734133720398,29.0,12.112737655639648,1.0,12.112737655639648,19.0,0.0,0.00829751044511795,28.056447982788086,0.15000000596046448,237.67262268066406,0.0,0.0,4.899899959564209
434,31.082860946655273,-90.56845092773438,10668.0,-10.870745658874512,0.21905073523521423,29.0,12.02733039855957,1.0,12.02733039855957,19.0,0.0,0.008254669606685638,28.369264602661133,0.15000000596046448,237.29014587402344,0.0,0.0,0.0
435,31.085060119628906,-90.55553436279297,10668.0,-1.9473379850387573,0.2896006405353546,30.0,12.027063369750977,1.0,12.027063369750977,19.0,0.0,0.008216643705964088,178.12799072265625,0.15000000596046448,215.848876953125,2.0,9.935973167419434,0.0
436,31.08725929260254,-90.54261779785156,10668.0,-10.785642623901367,0.2845601737499237,30.0,12.0267972946167,1.0,12.0267972946167,19.0,0.0,0.008183498866856098,28.90874481201172,0.15000000596046448,217.37557983398438,0.0,4.872058391571045,0.0
437,31.089460372924805,-90.52970123291016,10668.0,-10.750513076782227,0.2892921268939972,30.0,12.026531219482422,1.0,12.026531219482422,19.0,0.0,0.008155296556651592,29.13429832458496,0.15000000596046448,215.9330596923828,0.0,0.0,0.0
438,31.091659545898438,-90.51678466796875,10668.0,-10.720503807067871,0.286854088306427,30.0,12.026264190673828,1.0,12.026264190673828,19.0,0.0,0.008132087998092175,29.328317642211914,0.15000000596046448,216.66900634765625,0.0,0.0,4.936309814453125
439,31.093793869018555,-90.50428009033203,10668.0,-10.695662498474121,0.2875160276889801,30.0,11.639143943786621,1.0,11.639143943786621,19.0,0.0,0.008114422671496868,29.48985481262207,0.15000000596046448,209.4998779296875,0.0,0.0,0.0356176532804966
440,31.095909118652344,-90.49188232421875,10668.0,-10.67673110961914,0.2745005488395691,30.0,11.539440155029297,1.0,11.539440155029297,19.0,0.0,0.008101597428321838,29.613536834716797,0.15000000596046448,211.49954223632812,0.0,0.0,0.0
441,31.098026275634766,-90.47947692871094,10668.0,-10.662961959838867,0.26664385199546814,30.0,11.535731315612793,1.0,11.535731315612793,19.0,0.0,0.008093464188277721,29.703807830810547,0.15000000596046448,213.72125244140625,0.0,0.0,5.142849922180176
442,31.100143432617188,-90.46707916259766,10668.0,-10.654206275939941,0.26475992798805237,30.0,11.532025337219238,1.0,11.532025337219238,19.0,0.0,0.008090034127235413,29.7613468170166,0.15000000596046448,214.20144653320312,0.0,0.0,0.2872602343559265
443,31.10226058959961,-90.45468139648438,10668.0,-10.650490760803223,0.2660644054412842,30.0,11.528321266174316,1.0,11.528321266174316,19.0,0.0,0.008091310039162636,29.78579330444336,0.15000000596046448,213.7527313232422,0.0,0.0,0.0
444,31.1043758392334,-90.4422836303711,10668.0,-10.651824951171875,0.26404905319213867,30.0,11.524620056152344,1.0,11.524620056152344,19.0,0.0,0.008097284473478794,29.77701759338379,0.15000000596046448,214.27085876464844,0.0,0.0,5.147528648376465
445,31.10650634765625,-90.42971801757812,10668.0,-10.658219337463379,0.2369852066040039,30.0,11.666704177856445,1.0,11.666704177856445,19.0,0.0,0.008108108304440975,29.73496437072754,0.15000000596046448,224.88929748535156,0.0,0.0,0.23523184657096863
446,31.108640670776367,-90.41712188720703,10668.0,-10.669788360595703,0.23424628376960754,30.0,11.699396133422852,1.0,11.699396133422852,19.0,0.0,0.008123771287500858,29.65902328491211,0.15000000596046448,226.32899475097656,0.0,0.0,0.0
447,31.11077308654785,-90.4045181274414,10668.0,-10.686509132385254,0.23370598256587982,30.0,11.695640563964844,1.0,11.695640563964844,19.0,0.0,0.008144212886691093,29.549598693847656,0.15000000596046448,226.4159698486328,0.0,0.0,5.075520038604736
448,31.11290740966797,-90.39192199707031,10668.0,-10.708293914794922,0.24169354140758514,30.0,11.691886901855469,1.0,11.691886901855469,19.0,0.0,0.008169393986463547,29.40760612487793,0.15000000596046448,223.98399353027344,0.0,0.0,0.15262019634246826
449,31.115039825439453,-90.37931823730469,10668.0,-10.735064506530762,0.2506963014602661,30.0,11.688135147094727,1.0,11.688135147094727,19.0,0.0,0.008199267089366913,29.23402214050293,0.15000000596046448,221.25379943847656,0.0,0.0,0.0
450,31.11717414855957,-90.3667221069336,10668.0,-10.766722679138184,0.2668902575969696,30.0,11.684386253356934,1.0,11.684386253356934,19.0,0.0,0.00823377724736929,29.030012130737305,0.15000000596046448,216.4026336669922,0.0,0.0,5.080258369445801
451,31.119413375854492,-90.3534927368164,10668.0,-10.803226470947266,0.24938739836215973,30.0,12.264625549316406,1.0,12.264625549316406,19.0,0.0,0.008274935185909271,28.796478271484375,0.15000000596046448,232.5721893310547,0.0,0.0,0.0
452,31.121679306030273,-90.3401107788086,10668.0,-10.846500396728516,0.24541980028152466,30.0,12.409642219543457,1.0,12.409642219543457,19.0,0.0,0.008321648463606834,28.52196502685547,0.15000000596046448,236.5659942626953,0.0,0.0,4.774887561798096
453,31.123947143554688,-90.32672882080078,10668.0,-10.895341873168945,0.2479810267686844,30.0,12.409358978271484,1.0,12.409358978271484,19.0,0.0,0.008373375050723553,28.21515464782715,0.15000000596046448,235.75762939453125,0.0,0.0,0.0
454,31.12621307373047,-90.31334686279297,10668.0,-0.9110393524169922,0.21828575432300568,31.0,12.409074783325195,1.0,12.409074783325195,19.0,0.0,0.008430021815001965,214.1502227783203,0.15000000596046448,245.06149291992188,2.0,9.775126457214355,0.0
455,31.128480911254883,-90.29995727539062,10668.0,-11.007619857788086,0.21577180922031403,31.0,12.408790588378906,1.0,12.408790588378906,19.0,0.0,0.008491492830216885,27.52183723449707,0.15000000596046448,245.84396362304688,0.0,4.550372123718262,0.0
456,31.130746841430664,-90.28657531738281,10668.0,-11.070671081542969,0.21203464269638062,31.0,12.408507347106934,1.0,12.408507347106934,19.0,0.0,0.008557682856917381,27.139711380004883,0.15000000596046448,247.00987243652344,0.0,0.0,0.0
457,31.1328125,-90.27433776855469,10668.0,-11.137964248657227,0.208500474691391,31.0,11.341217041015625,1.0,11.341217041015625,19.0,0.0,0.008622218854725361,26.737516403198242,0.15000000596046448,226.77645874023438,0.0,0.0,5.224750518798828
458,31.134830474853516,-90.26239013671875,10668.0,-11.203153610229492,0.21273405849933624,31.0,11.071664810180664,1.0,11.071664810180664,19.0,0.0,0.008688857778906822,26.353374481201172,0.15000000596046448,220.202392578125,0.0,0.0,5.3382463455200195
459,31.1368465423584,-90.25044250488281,10668.0,-11.269984245300293,0.21316120028495789,31.0,11.068129539489746,1.0,11.068129539489746,19.0,0.0,0.008758983574807644,25.965087890625,0.15000000596046448,220.0126495361328,0.0,0.0,0.6779811382293701
460,31.13886260986328,-90.23848724365234,10668.0,-11.339763641357422,0.22001373767852783,31.0,11.064596176147461,1.0,11.064596176147461,19.0,0.0,0.008832511492073536,25.56555938720703,0.15000000596046448,218.02694702148438,0.0,0.0,5.341222763061523
461,31.140880584716797,-90.2265396118164,10668.0,-11.412331581115723,0.21811769902706146,31.0,11.061064720153809,1.0,11.061064720153809,19.0,0.0,0.008909352123737335,25.15635871887207,0.15000000596046448,218.4871826171875,0.0,0.0,5.342709541320801
462,31.14289665222168,-90.21459197998047,10668.0,-11.487528800964355,0.22352026402950287,31.0,11.057536125183105,1.0,11.057536125183105,19.0,0.0,0.008989417925477028,24.739002227783203,0.15000000596046448,216.9082794189453,0.0,0.0,0.6869049072265625
463,31.14504623413086,-90.20173645019531,10668.0,-11.565261840820312,0.21833011507987976,31.0,11.88586711883545,1.0,11.88586711883545,19.0,0.0,0.009079014882445335,24.314607620239258,0.15000000596046448,234.71556091308594,0.0,0.0,4.995424270629883
464,31.14723014831543,-90.18865203857422,10668.0,-11.651374816894531,0.21893088519573212,31.0,12.087017059326172,1.0,12.087017059326172,19.0,0.0,0.009173769503831863,23.852680206298828,0.15000000596046448,238.50430297851562,0.0,0.0,4.910729885101318
465,31.1494140625,-90.17556762695312,10668.0,-11.741510391235352,0.217779278755188,31.0,12.07954216003418,1.0,12.07954216003418,19.0,0.0,0.009272021241486073,23.378267288208008,0.15000000596046448,238.70823669433594,0.0,0.0,4.913877010345459
466,31.151596069335938,-90.16248321533203,10668.0,-11.83399772644043,0.21294908225536346,31.0,12.072075843811035,1.0,12.072075843811035,19.0,0.0,0.009373651817440987,22.900978088378906,0.15000000596046448,240.0338134765625,0.0,0.0,0.0
467,31.153779983520508,-90.14939880371094,10668.0,-11.928643226623535,0.20915983617305756,31.0,12.064618110656738,1.0,12.064618110656738,19.0,0.0,0.009478546679019928,22.422327041625977,0.15000000596046448,241.0404510498047,0.0,0.0,4.92016077041626
468,31.155963897705078,-90.13631439208984,10668.0,-12.025259971618652,0.2034521847963333,31.0,12.057169914245605,1.0,12.057169914245605,19.0,0.0,0.00958658941090107,21.943714141845703,0.15000000596046448,242.6302032470703,0.0,0.0,0.0
469,31.158172607421875,-90.12313842773438,10669.015625,1.923830509185791,0.24579697847366333,32.0,12.143695831298828,1.0,12.143695831298828,19.0,0.0,0.008311588317155838,338.6607971191406,0.15000000596046448,231.38050842285156,5.0,9.88686466217041,0.0
470,31.160390853881836,-90.10993957519531,10670.2861328125,-10.885324478149414,0.23784783482551575,32.0,12.165481567382812,1.0,12.165481567382812,19.0,0.0,0.008263330906629562,28.277820587158203,0.15000000596046448,234.2386932373047,0.0,4.764556884765625,0.0
471,31.162607192993164,-90.09674072265625,10671.5556640625,-10.834732055664062,0.23520207405090332,32.0,12.165209770202637,1.0,12.165209770202637,19.0,0.0,0.008219942450523376,28.59636878967285,0.15000000596046448,235.04656982421875,0.0,0.0,0.0
472,31.164823532104492,-90.08354187011719,10672.826171875,-10.788987159729004,0.25548988580703735,32.0,10.884417533874512,1.0,10.884417533874512,17.0,0.0,0.008181501179933548,28.887359619140625,0.0,228.80636596679688,0.0,0.0,4.8779215812683105
473,31.16703987121582,-90.07034301757812,10674.095703125,-10.748250961303711,0.2541238069534302,32.0,14.085400581359863,1.0,14.085400581359863,22.0,0.0,0.008148076944053173,29.148881912231445,0.15000000596046448,229.22105407714844,0.0,0.0,4.878036022186279
474,31.16925621032715,-90.05713653564453,10675.3662109375,-10.71267032623291,0.257131963968277,32.0,14.085084915161133,1.0,14.085084915161133,22.0,0.0,0.008119732141494751,29.379165649414062,0.15000000596046448,228.29147338867188,0.0,0.0,0.0
475,31.171459197998047,-90.04398345947266,10675.6201171875,-10.682376861572266,0.2605472505092621,32.0,14.040546417236328,1.0,14.040546417236328,22.0,0.0,0.00809659156948328,29.576601028442383,0.15000000596046448,226.5233612060547,0.0,0.0,4.894346714019775
476,31.173660278320312,-90.03083038330078,10675.6201171875,-10.657560348510742,0.25527793169021606,32.0,14.029178619384766,1.0,14.029178619384766,22.0,0.0,0.008078609593212605,29.739295959472656,0.15000000596046448,227.95285034179688,0.0,0.0,0.0
477,31.175859451293945,-90.0176773071289,10675.6201171875,1.8015555143356323,0.3449310064315796,33.0,14.0288667678833,1.0,14.0288667678833,22.0,0.0,0.008065799251198769,314.43310546875,0.15000000596046448,200.50637817382812,2.0,9.89859390258789,0.0
478,31.17806053161621,-90.00453186035156,10675.6201171875,-10.624402046203613,0.3321240544319153,33.0,14.02855396270752,1.0,14.02855396270752,22.0,0.0,0.008058186620473862,29.9580135345459,0.15000000596046448,204.4218292236328,0.0,4.797301769256592,0.0
479,31.180259704589844,-89.99137878417969,10675.6201171875,-10.616165161132812,0.33026278018951416,33.0,14.028242111206055,1.0,14.028242111206055,22.0,0.0,0.008055786602199078,30.012582778930664,0.15000000596046448,204.98696899414062,0.0,0.0,0.0
480,31.18246078491211,-89.97823333740234,10675.6201171875,-10.613539695739746,0.3332425355911255,33.0,14.027929306030273,1.0,14.027929306030273,22.0,0.0,0.008058602921664715,30.02999496459961,0.15000000596046448,204.07040405273438,0.0,0.0,4.898934841156006
481,31.184539794921875,-89.96574401855469,10674.603515625,-10.616466522216797,0.3552858829498291,33.0,13.324017524719238,1.0,13.324017524719238,22.0,0.0,0.00806611031293869,30.010583877563477,0.15000000596046448,187.42214965820312,0.0,0.0,5.154902935028076
482,31.18659019470215,-89.95343017578125,10673.333984375,-10.62450122833252,0.35999664664268494,33.0,13.15709114074707,1.0,13.15709114074707,22.0,0.0,0.008078128099441528,29.957353591918945,0.15000000596046448,183.72178649902344,0.0,0.0,0.3705061674118042
483,31.188640594482422,-89.94111633300781,10672.064453125,-10.637394905090332,0.3553450405597687,33.0,13.168594360351562,1.0,13.168594360351562,22.0,0.0,0.008094714023172855,29.87212562561035,0.15000000596046448,185.21890258789062,0.0,0.0,0.0
484,31.190689086914062,-89.92879486083984,10670.7939453125,-10.655172348022461,0.3502335846424103,33.0,13.180118560791016,1.0,13.180118560791016,22.0,0.0,0.008115853182971478,29.754995346069336,0.15000000596046448,186.8508758544922,0.0,0.0,5.2072296142578125
485,31.192739486694336,-89.9164810180664,10669.5244140625,-10.677786827087402,0.34833163022994995,33.0,13.191662788391113,1.0,13.191662788391113,22.0,0.0,0.008141524158418179,29.606630325317383,0.15000000596046448,187.56195068359375,0.0,0.0,0.4102614223957062
486,31.19478988647461,-89.90415954589844,10668.25390625,-10.70517635345459,0.3308098018169403,33.0,13.203227996826172,1.0,13.203227996826172,22.0,0.0,0.008171696215867996,29.427886962890625,0.15000000596046448,192.77391052246094,0.0,0.0,5.198825836181641
487,31.196853637695312,-89.8915786743164,10668.0,-10.737287521362305,0.31804323196411133,33.0,13.509925842285156,1.0,13.509925842285156,22.0,0.0,0.008207151666283607,29.21965217590332,0.15000000596046448,201.0149688720703,0.0,0.0,0.2861256003379822
488,31.19891929626465,-89.8789291381836,10668.0,-10.774855613708496,0.3275095820426941,33.0,13.612120628356934,1.0,13.612120628356934,22.0,0.0,0.00824750866740942,28.977828979492188,0.15000000596046448,199.72409057617188,0.0,0.0,0.0
489,31.200986862182617,-89.86627960205078,10668.0,-10.817416191101074,0.32207921147346497,33.0,13.644639015197754,1.0,13.644639015197754,22.0,0.0,0.00829256046563387,28.70618438720703,0.15000000596046448,201.81784057617188,0.0,0.0,5.038312911987305
490,31.203052520751953,-89.85363006591797,10668.0,-10.864688873291016,0.3116753399372101,33.0,13.677314758300781,1.0,13.677314758300781,22.0,0.0,0.008342267945408821,28.40733528137207,0.15000000596046448,205.4058074951172,0.0,0.0,0.0647442415356636
491,31.205120086669922,-89.84098052978516,10668.0,-10.916553497314453,0.3121977746486664,33.0,13.710147857666016,1.0,13.710147857666016,22.0,0.0,0.00839658360928297,28.08289909362793,0.15000000596046448,205.74261474609375,0.0,0.0,0.0
492,31.207185745239258,-89.82833099365234,10668.0,-10.972877502441406,0.29856300354003906,33.0,13.74314022064209,1.0,13.74314022064209,22.0,0.0,0.008455455303192139,27.734600067138672,0.15000000596046448,210.3261260986328,0.0,0.0,5.0024943351745605
493,31.209306716918945,-89.81536102294922,10665.9677734375,-11.033556938171387,0.29818248748779297,33.0,14.11129093170166,1.0,14.11129093170166,22.0,0.0,0.008520430885255337,27.364023208618164,0.15000000596046448,216.07748413085938,0.0,0.0,0.0
494,31.21143913269043,-89.80230712890625,10663.427734375,-11.100008964538574,0.26427802443504333,34.0,14.215362548828125,1.0,14.215362548828125,22.0,0.0,0.008590411394834518,26.96365737915039,0.15000000596046448,228.18666076660156,2.0,9.830777168273926,0.0
495,31.213573455810547,-89.78926086425781,10660.8876953125,-11.171008110046387,0.26946118474006653,34.0,14.232376098632812,1.0,14.232376098632812,22.0,0.0,0.008664912544190884,26.542131423950195,0.15000000596046448,226.85025024414062,0.0,4.655367851257324,0.0
496,31.21570587158203,-89.77620697021484,10658.34765625,-11.245965003967285,0.27442342042922974,34.0,14.249429702758789,1.0,14.249429702758789,22.0,0.0,0.008743838407099247,26.10400390625,0.15000000596046448,225.57933044433594,0.0,0.0,0.0
497,31.21784019470215,-89.7631607055664,10655.8076171875,-11.324676513671875,0.27305102348327637,34.0,14.266526222229004,1.0,14.266526222229004,22.0,0.0,0.008827089332044125,25.65143585205078,0.15000000596046448,226.27716064453125,0.0,0.0,4.8121724128723145
498,31.219972610473633,-89.75010681152344,10653.267578125,-11.406937599182129,0.2971433401107788,34.0,14.283663749694824,1.0,14.283663749694824,22.0,0.0,0.008914561942219734,25.186553955078125,0.15000000596046448,219.04075622558594,0.0,0.0,4.805940628051758
499,31.222000122070312,-89.73788452148438,10638.5361328125,-11.492557525634766,0.29527994990348816,34.0,13.391819953918457,1.0,13.391819953918457,22.0,0.0,0.009000277146697044,24.71133041381836,0.15000000596046448,205.90875244140625,0.0,0.0,5.130247116088867
500,31.224000930786133,-89.72586822509766,10620.755859375,-11.575638771057129,0.28994688391685486,34.0,13.1709623336792,1.0,13.1709623336792,22.0,0.0,0.009087932296097279,24.25848960876465,0.15000000596046448,204.0454559326172,0.0,0.0,0.34080615639686584
501,31.22599983215332,-89.71385192871094,10602.9755859375,-11.659783363342285,0.2903643548488617,34.0,13.174726486206055,1.0,13.174726486206055,22.0,0.0,0.009178826585412025,23.808032989501953,0.15000000596046448,203.9837646484375,0.0,0.0,5.209190368652344
502,31.22800064086914,-89.70183563232422,10585.1962890625,-11.746187210083008,0.28645315766334534,34.0,13.17849349975586,1.0,13.17849349975586,22.0,0.0,0.009272870607674122,23.353904724121094,0.15000000596046448,205.16665649414062,0.0,0.0,5.207820892333984
503,31.229999542236328,-89.6898193359375,10567.416015625,-11.83469009399414,0.28644445538520813,34.0,13.18226146697998,1.0,13.18226146697998,22.0,0.0,0.009369972161948681,22.897441864013672,0.15000000596046448,205.2278289794922,0.0,0.0,0.4142709970474243
504,31.23200035095215,-89.67780303955078,10549.6357421875,-11.92513656616211,0.28572285175323486,34.0,13.18603229522705,1.0,13.18603229522705,22.0,0.0,0.00947004184126854,22.439889907836914,0.15000000596046448,205.49415588378906,0.0,0.0,5.205079078674316
505,31.234039306640625,-89.66532135009766,10528.8076171875,-12.01741886138916,0.2921636700630188,34.0,13.68874740600586,0.9991902112960815,13.699841499328613,22.0,0.004037315491586924,0.009577055461704731,21.98218536376953,0.15000000596046448,211.57626342773438,0.0,0.0,0.2233186513185501
506,31.2360897064209,-89.65271759033203,10507.2177734375,-12.114995002746582,0.28744423389434814,34.0,13.528772354125977,0.9776397943496704,13.838197708129883,22.0,0.11509149521589279,0.009688175283372402,21.508075714111328,0.15000000596046448,215.13790893554688,0.0,0.0,0.0
507,31.238140106201172,-89.64012145996094,10485.6279296875,-12.215158462524414,0.301949143409729,34.0,13.241056442260742,0.9559873342514038,13.85066032409668,22.0,0.23187991976737976,0.00980233121663332,21.031721115112305,0.15000000596046448,210.94833374023438,0.0,0.0,4.963396072387695
508,31.240190505981445,-89.62751770019531,10464.0380859375,-12.31687068939209,0.29642510414123535,34.0,12.954789161682129,0.9344767928123474,13.863146781921387,22.0,0.3534725308418274,0.009919431060552597,20.558488845825195,0.15000000596046448,212.80935668945312,0.0,0.0,0.0
509,31.24224090576172,-89.61492156982422,10442.4482421875,-4.121988296508789,0.348556786775589,35.0,13.875656127929688,1.0,13.875656127929688,22.0,0.0,0.008149318397045135,118.01284790039062,0.15000000596046448,197.2189483642578,5.0,9.954306602478027,0.0
510,31.24428939819336,-89.6023178100586,10420.8583984375,-10.713891983032227,0.33805787563323975,35.0,13.888188362121582,1.0,13.888188362121582,22.0,0.0,0.008116832002997398,29.37122917175293,0.15000000596046448,200.57839965820312,0.0,4.904056549072266,0.0
511,31.246313095092773,-89.5898666381836,10397.236328125,-10.679171562194824,0.3249821662902832,35.0,13.72812271118164,1.0,13.72812271118164,22.0,0.0,0.008089612238109112,29.597564697265625,0.15000000596046448,202.18313598632812,0.0,0.0,0.0
512,31.248329162597656,-89.57745361328125,10373.1064453125,-10.649971961975098,0.32665473222732544,35.0,13.687254905700684,1.0,13.687254905700684,22.0,0.0,0.008067356422543526,29.78921127319336,0.15000000596046448,201.081787109375,0.0,0.0,5.022816181182861
513,31.250347137451172,-89.56503295898438,10348.9755859375,-10.626018524169922,0.31783562898635864,35.0,13.68697452545166,1.0,13.68697452545166,22.0,0.0,0.008050013333559036,29.947315216064453,0.15000000596046448,203.7112579345703,0.0,0.0,0.04573478177189827
514,31.252363204956055,-89.55261993408203,10324.845703125,-10.607298851013184,0.31455451250076294,35.0,13.68669319152832,1.0,13.68669319152832,22.0,0.0,0.008037615567445755,30.071430206298828,0.15000000596046448,204.6868896484375,0.0,0.0,0.0
515,31.254379272460938,-89.54019927978516,10300.7158203125,-10.59388256072998,0.310361385345459,35.0,13.686412811279297,1.0,13.686412811279297,22.0,0.0,0.008030186407268047,30.16068458557129,0.15000000596046448,205.934814453125,0.0,0.0,5.023122787475586
516,31.256397247314453,-89.52778625488281,10276.5859375,-10.585819244384766,0.3119659125804901,35.0,13.686132431030273,1.0,13.686132431030273,22.0,0.0,0.008027739822864532,30.21445083618164,0.15000000596046448,205.4514617919922,0.0,0.0,0.04634726420044899
517,31.258426666259766,-89.51527404785156,10251.4404296875,-10.58315658569336,0.3098755180835724,35.0,13.774717330932617,1.0,13.774717330932617,22.0,0.0,0.008030319586396217,30.232227325439453,0.15000000596046448,207.40951538085938,0.0,0.0,0.0
518,31.260459899902344,-89.50273895263672,10226.0400390625,-10.585916519165039,0.31172698736190796,35.0,13.783050537109375,1.0,13.783050537109375,22.0,0.0,0.008037957362830639,30.21380043029785,0.15000000596046448,206.97821044921875,0.0,0.0,4.987981796264648
519,31.262493133544922,-89.49020385742188,10200.6396484375,-10.594137191772461,0.32388755679130554,35.0,13.765839576721191,1.0,13.765839576721191,22.0,0.0,0.008050617761909962,30.15899085998535,0.15000000596046448,203.0673828125,0.0,0.0,0.0
520,31.2645263671875,-89.47767639160156,10175.240234375,-10.607769012451172,0.3360871970653534,35.0,13.74867057800293,1.0,13.74867057800293,22.0,0.0,0.008068258874118328,30.068307876586914,0.15000000596046448,199.1545867919922,0.0,0.0,5.000483512878418
521,31.266559600830078,-89.46514129638672,10149.83984375,-10.626741409301758,0.330172061920166,35.0,13.73154354095459,1.0,13.73154354095459,22.0,0.0,0.008090830408036709,29.942529678344727,0.15000000596046448,200.67864990234375,0.0,0.0,0.007194948382675648
522,31.268592834472656,-89.45260620117188,10124.4404296875,-10.65096664428711,0.3217281401157379,35.0,13.714458465576172,1.0,13.714458465576172,22.0,0.0,0.008118273690342903,29.78266716003418,0.15000000596046448,202.95559692382812,0.0,0.0,0.0
523,31.270612716674805,-89.44007110595703,10110.2158203125,-10.680259704589844,0.30999621748924255,35.0,13.684298515319824,1.0,13.684298515319824,22.0,0.0,0.008150417357683182,29.590450286865234,0.15000000596046448,206.01202392578125,0.0,0.0,5.023891448974609
524,31.27263069152832,-89.42754364013672,10098.7861328125,-10.714522361755371,0.3174291253089905,35.0,13.654070854187012,1.0,13.654070854187012,22.0,0.0,0.008187228813767433,29.36713409423828,0.15000000596046448,203.3426513671875,0.0,0.0,0.0587746798992157
525,31.274646759033203,-89.41500854492188,10087.3564453125,-10.753622055053711,0.3154830038547516,35.0,13.624736785888672,1.0,13.624736785888672,22.0,0.0,0.008228634484112263,29.114269256591797,0.15000000596046448,203.4842987060547,0.0,0.0,0.0
526,31.276662826538086,-89.40247344970703,10075.92578125,-10.797395706176758,0.31408458948135376,35.0,13.595526695251465,1.0,13.595526695251465,22.0,0.0,0.008274532854557037,28.83365821838379,0.15000000596046448,203.46286010742188,0.0,0.0,5.0561723709106445
527,31.2786808013916,-89.38993835449219,10064.49609375,-10.845667839050293,0.31325456500053406,35.0,13.566439628601074,1.0,13.566439628601074,22.0,0.0,0.008324822410941124,28.527219772338867,0.15000000596046448,203.27325439453125,0.0,0.0,0.12292129546403885
528,31.280696868896484,-89.37740325927734,10053.06640625,-10.898255348205566,0.31448161602020264,35.0,13.537476539611816,1.0,13.537476539611816,22.0,0.0,0.008379394188523293,28.19695281982422,0.15000000596046448,202.4768524169922,0.0,0.0,0.0
529,31.282779693603516,-89.36444854736328,10051.7958984375,-10.954927444458008,0.3108871877193451,35.0,14.001811981201172,1.0,14.001811981201172,22.0,0.0,0.00844029150903225,27.84514808654785,0.15000000596046448,210.51988220214844,0.0,0.0,4.9084320068359375
530,31.284879684448242,-89.35137939453125,10053.06640625,-11.017769813537598,0.3208495080471039,35.0,10.982437133789062,1.0,10.982437133789062,17.100000381469727,0.0,0.00850629061460495,27.459972381591797,0.10000000149011612,209.3677978515625,0.0,0.0,0.0
531,31.28697967529297,-89.33831024169922,10054.3359375,-11.085380554199219,0.31636399030685425,35.0,10.992175102233887,1.0,10.992175102233887,17.100000381469727,0.0,0.00857683178037405,27.051301956176758,0.10000000149011612,210.9374542236328,0.0,0.0,4.857461929321289
532,31.289079666137695,-89.32524871826172,10055.6064453125,-11.15707015991211,0.3249051570892334,35.0,11.001930236816406,1.0,11.001930236816406,17.100000381469727,0.0,0.00865181814879179,26.624374389648438,0.10000000149011612,208.48692321777344,0.0,0.0,0.0
533,31.291179656982422,-89.31217956542969,10056.8759765625,-11.232637405395508,0.3145204782485962,35.0,11.011703491210938,1.0,11.011703491210938,17.100000381469727,0.0,0.008731150068342686,26.1813907623291,0.10000000149011612,211.8820343017578,0.0,0.0,4.848325729370117
534,31.29327964782715,-89.29911041259766,10058.146484375,-11.311875343322754,0.3297809362411499,35.0,11.02149486541748,1.0,11.02149486541748,17.100000381469727,0.0,0.008814722299575806,25.724517822265625,0.10000000149011612,207.34921264648438,0.0,0.0,0.0
535,31.295272827148438,-89.28665924072266,10058.400390625,-11.39455795288086,0.3336489200592041,35.0,10.50441837310791,1.0,10.50441837310791,17.100000381469727,0.0,0.008898160420358181,25.255990982055664,0.10000000149011612,196.48085021972656,0.0,0.0,5.0856523513793945
536,31.297239303588867,-89.27436065673828,10058.400390625,-11.476347923278809,0.3309302031993866,35.0,10.374496459960938,1.0,10.374496459960938,17.100000381469727,0.0,0.00898408517241478,24.800634384155273,0.10000000149011612,194.84243774414062,0.0,0.0,5.146434307098389
537,31.299205780029297,-89.2620620727539,10058.400390625,-11.559784889221191,0.3426462709903717,35.0,10.374288558959961,1.0,10.374288558959961,17.100000381469727,0.0,0.009073403663933277,24.34427833557129,0.10000000149011612,191.42672729492188,0.0,0.0,0.29296642541885376
538,31.30117416381836,-89.24976348876953,10058.400390625,-11.645678520202637,0.3326353430747986,35.0,10.374079704284668,1.0,10.374079704284668,17.100000381469727,0.0,0.009166019037365913,23.882972717285156,0.10000000149011612,194.3380889892578,0.0,0.0,5.146629333496094
539,31.30314064025879,-89.23745727539062,10058.400390625,-11.733854293823242,0.3324773609638214,35.0,10.373871803283691,1.0,10.373871803283691,17.100000381469727,0.0,0.009261829778552055,23.4182071685791,0.10000000149011612,194.38018798828125,0.0,0.0,5.146726608276367
540,31.30510711669922,-89.22515869140625,10058.400390625,-11.824143409729004,0.31996816396713257,35.0,10.373663902282715,1.0,10.373663902282715,17.100000381469727,0.0,0.009360740892589092,22.95138168334961,0.10000000149011612,198.0188446044922,0.0,0.0,0.29355061054229736
541,31.307140350341797,-89.21259307861328,10058.400390625,-11.91637897491455,0.3304094970226288,35.0,10.602622985839844,1.0,10.602622985839844,17.100000381469727,0.0,0.009464927949011326,22.48379898071289,0.10000000149011612,199.28184509277344,0.0,0.0,5.039708614349365
542,31.30919075012207,-89.19995880126953,10058.400390625,-12.012489318847656,0.33384180068969727,35.0,10.659701347351074,1.0,10.659701347351074,17.100000381469727,0.0,0.00957273505628109,22.00640296936035,0.10000000149011612,199.32765197753906,0.0,0.0,0.05271347984671593
543,31.31123924255371,-89.18732452392578,10058.400390625,-12.110832214355469,0.32129931449890137,35.0,10.659479141235352,1.0,10.659479141235352,17.100000381469727,0.0,0.00968350563198328,21.52809715270996,0.10000000149011612,203.0763702392578,0.0,0.0,0.0
544,31.313289642333984,-89.17469024658203,10058.400390625,-12.210733413696289,0.31566548347473145,35.0,10.659255981445312,1.0,10.659255981445312,17.100000381469727,0.0,0.009797140955924988,21.05254554748535,0.10000000149011612,204.7578125,0.0,0.0,5.013213634490967
545,31.315340042114258,-89.16206359863281,10058.400390625,-12.312039375305176,0.3070654571056366,35.0,10.65903377532959,1.0,10.65903377532959,17.100000381469727,0.0,0.009913542307913303,20.580732345581055,0.10000000149011612,207.32666015625,0.0,0.0,0.026531221345067024
546,31.31739044189453,-89.14942932128906,10058.400390625,-12.41460132598877,0.30570486187934875,35.0,10.65881061553955,1.0,10.65881061553955,17.100000381469727,0.0,0.010032612830400467,20.113540649414062,0.10000000149011612,207.7294158935547,0.0,0.0,5.013422012329102
547,31.319427490234375,-89.1365966796875,10058.400390625,-12.51830005645752,0.3001287281513214,35.0,10.816574096679688,1.0,10.816574096679688,17.100000381469727,0.0,0.010156103409826756,19.65166664123535,0.10000000149011612,212.4971160888672,0.0,0.0,0.0
548,31.321460723876953,-89.12371063232422,10058.400390625,3.193103790283203,0.23936499655246735,36.0,10.853224754333496,1.0,10.853224754333496,17.100000381469727,0.0,0.008062124252319336,365.10479736328125,0.10000000149011612,231.72891235351562,5.0,9.922468185424805,0.0
549,31.32349395751953,-89.11082458496094,10058.400390625,-10.620079040527344,0.23496462404727936,36.0,10.84970760345459,1.0,10.84970760345459,17.100000381469727,0.0,0.00804001372307539,29.98663902282715,0.10000000149011612,232.9939727783203,0.0,4.84658145904541,0.0
550,31.32552719116211,-89.09794616699219,10058.400390625,-10.596199035644531,0.20806553959846497,36.0,10.846192359924316,1.0,10.846192359924316,17.100000381469727,0.0,0.008023038506507874,30.1452579498291,0.10000000149011612,241.10801696777344,0.0,0.0,0.0
551,31.327560424804688,-89.0850601196289,10058.400390625,-10.577813148498535,0.2157769501209259,36.0,10.842679023742676,1.0,10.842679023742676,17.100000381469727,0.0,0.008011228404939175,30.267929077148438,0.10000000149011612,238.6829071044922,0.0,0.0,4.927401542663574
552,31.329593658447266,-89.07217407226562,10058.400390625,-10.564987182617188,0.22280490398406982,36.0,10.839167594909668,1.0,10.839167594909668,17.100000381469727,0.0,0.008004601113498211,30.353784561157227,0.10000000149011612,236.46731567382812,0.0,0.0,4.929044246673584
553,31.331586837768555,-89.05961608886719,10045.1923828125,-10.557832717895508,0.23477259278297424,36.0,10.57604694366455,1.0,10.57604694366455,17.100000381469727,0.0,0.008003225550055504,30.401779174804688,0.10000000149011612,227.1741943359375,0.0,0.0,0.0
554,31.33357048034668,-89.04712677001953,10028.681640625,-10.556324005126953,0.2732045352458954,37.0,10.515336036682129,1.0,10.515336036682129,17.100000381469727,0.0,0.008006781339645386,30.411909103393555,0.10000000149011612,214.52627563476562,2.0,10.080544471740723,0.0
555,31.335554122924805,-89.0346450805664,10012.171875,-10.560150146484375,0.26903772354125977,37.0,10.521506309509277,1.0,10.521506309509277,17.100000381469727,0.0,0.008015226572751999,30.386228561401367,0.10000000149011612,215.88279724121094,0.0,5.158202171325684,0.0
556,31.337535858154297,-89.02216339111328,9995.662109375,-10.569271087646484,0.26175832748413086,37.0,10.527684211730957,1.0,10.527684211730957,17.100000381469727,0.0,0.008028552867472172,30.32508087158203,0.10000000149011612,218.1607208251953,0.0,0.2329697459936142,0.0
557,31.339519500732422,-89.00968170166016,9979.15234375,-10.58366584777832,0.2588353455066681,37.0,10.533869743347168,1.0,10.533869743347168,17.100000381469727,0.0,0.00804674718528986,30.22882652282715,0.10000000149011612,219.15318298339844,0.0,0.0,0.0
558,31.341503143310547,-88.99720001220703,9962.6416015625,-10.603290557861328,0.2605491876602173,37.0,10.54006290435791,1.0,10.54006290435791,17.100000381469727,0.0,0.008069785311818123,30.098068237304688,0.10000000149011612,218.7749786376953,0.0,0.0,5.068976402282715
559,31.34351348876953,-88.98440551757812,9942.068359375,-10.628138542175293,0.2571888864040375,37.0,10.788346290588379,1.0,10.788346290588379,17.100000381469727,0.0,0.008098358288407326,29.933286666870117,0.10000000149011612,224.94606018066406,0.0,0.0,0.02179674617946148
560,31.345529556274414,-88.97154235839844,9920.4775390625,-10.658811569213867,0.2584556043148041,37.0,10.841970443725586,1.0,10.841970443725586,17.100000381469727,0.0,0.00813208892941475,29.731069564819336,0.10000000149011612,225.67864990234375,0.0,0.0,4.927733421325684
561,31.34754753112793,-88.95867156982422,9898.8876953125,-10.694872856140137,0.2508726418018341,37.0,11.401978492736816,1.0,11.401978492736816,18.0,0.0,0.00817074067890644,29.495006561279297,0.15000000596046448,227.7742462158203,0.0,0.0,0.0
562,31.349563598632812,-88.94580841064453,9877.2978515625,-2.3719136714935303,0.4484512507915497,38.0,11.391375541687012,1.0,11.391375541687012,18.0,0.0,0.008214231580495834,164.7924041748047,0.15000000596046448,167.54397583007812,2.0,9.937166213989258,0.0
563,31.351579666137695,-88.93293762207031,9855.7080078125,-10.782086372375488,0.43884333968162537,38.0,11.380792617797852,1.0,11.380792617797852,18.0,0.0,0.008262472227215767,28.931503295898438,0.15000000596046448,170.30421447753906,0.0,4.879035949707031,0.0
564,31.353595733642578,-88.92007446289062,9834.1181640625,-10.832904815673828,0.4391458332538605,38.0,11.37022876739502,1.0,11.37022876739502,18.0,0.0,0.008315365761518478,28.607934951782227,0.15000000596046448,170.0543975830078,0.0,0.0,0.0
565,31.355587005615234,-88.90741729736328,9809.48046875,-10.888297080993652,0.43962016701698303,38.0,11.177977561950684,1.0,11.177977561950684,18.0,0.0,0.008371876552700996,28.25921058654785,0.15000000596046448,167.03768920898438,0.0,0.0,5.032010078430176
566,31.35757064819336,-88.89482116699219,9784.080078125,-10.947087287902832,0.4493100345134735,38.0,11.127585411071777,1.0,11.127585411071777,18.0,0.0,0.008432471193373203,27.893564224243164,0.15000000596046448,163.40933227539062,0.0,0.0,0.08641640841960907
567,31.35955238342285,-88.88221740722656,9758.6796875,-11.009687423706055,0.4480976462364197,38.0,11.12399673461914,1.0,11.12399673461914,18.0,0.0,0.008497276343405247,27.50922203063965,0.15000000596046448,163.7162628173828,0.0,0.0,0.0
568,31.361536026000977,-88.86962127685547,9733.2802734375,-11.07614517211914,0.43662315607070923,38.0,11.120409965515137,1.0,11.120409965515137,18.0,0.0,0.008566192351281643,27.106779098510742,0.15000000596046448,167.06617736816406,0.0,0.0,5.057595729827881
569,31.3635196685791,-88.85701751708984,9707.8798828125,-11.14626693725586,0.4470960795879364,38.0,11.116826057434082,1.0,11.116826057434082,18.0,0.0,0.008639117702841759,26.68829345703125,0.15000000596046448,163.9076385498047,0.0,0.0,0.11678411066532135
570,31.365503311157227,-88.84442138671875,9682.48046875,-11.21985912322998,0.4454939663410187,38.0,11.113243103027344,1.0,11.113243103027344,18.0,0.0,0.008715947158634663,26.25579833984375,0.15000000596046448,164.32960510253906,0.0,0.0,5.060781002044678
571,31.367446899414062,-88.83197021484375,9657.080078125,-11.296723365783691,0.448355495929718,38.0,10.966681480407715,1.0,10.966681480407715,18.0,0.0,0.008795520290732384,25.811283111572266,0.15000000596046448,161.32559204101562,0.0,0.0,0.18670009076595306
572,31.369380950927734,-88.81954956054688,9631.6796875,-11.375625610351562,0.4439893364906311,38.0,8.490954399108887,1.0,8.490954399108887,14.0,0.0,0.008878336288034916,25.362537384033203,0.15000000596046448,161.86495971679688,0.0,0.0,5.148025989532471
573,31.371313095092773,-88.80713653564453,9606.2802734375,-11.456992149353027,0.4416179955005646,38.0,8.478022575378418,1.0,8.478022575378418,14.0,0.0,0.00896451249718666,24.907672882080078,0.15000000596046448,162.30770874023438,0.0,0.0,5.155416011810303
574,31.373247146606445,-88.79471588134766,9580.8798828125,-11.54085922241211,0.4519723951816559,38.0,8.465128898620605,1.0,8.465128898620605,14.0,0.0,0.009053935296833515,24.44707489013672,0.15000000596046448,159.05567932128906,0.0,0.0,5.162783622741699
575,31.375179290771484,-88.78230285644531,9555.48046875,-11.627038955688477,0.4538692831993103,38.0,8.45227336883545,1.0,8.45227336883545,14.0,0.0,0.009146490134298801,23.98235511779785,0.15000000596046448,158.26443481445312,0.0,0.0,0.33291301131248474
576,31.377113342285156,-88.76988220214844,9530.080078125,-11.715348243713379,0.46597033739089966,38.0,8.439456939697266,1.0,8.439456939697266,14.0,0.0,0.00924206618219614,23.51502227783203,0.15000000596046448,154.52297973632812,0.0,0.0,5.17745304107666
577,31.379140853881836,-88.75688171386719,9514.83984375,-11.80556583404541,0.46437156200408936,38.0,8.82509708404541,1.0,8.82509708404541,14.0,0.0,0.009345217607915401,23.04669189453125,0.15000000596046448,162.06764221191406,0.0,0.0,0.1345403641462326
578,31.381189346313477,-88.74372863769531,9502.1396484375,-11.90192985534668,0.47839298844337463,38.0,8.911200523376465,1.0,8.911200523376465,14.0,0.0,0.009452647529542446,22.556434631347656,0.15000000596046448,159.36495971679688,0.0,0.0,4.907885551452637
579,31.38323974609375,-88.73058319091797,9489.4404296875,-12.001179695129395,0.4695987403392792,38.0,8.897736549377441,1.0,8.897736549377441,14.0,0.0,0.009563101455569267,22.06206703186035,0.15000000596046448,161.80699157714844,0.0,0.0,0.0
580,31.385290145874023,-88.7174301147461,9476.740234375,-3.741962432861328,0.2743147313594818,39.0,8.884313583374023,1.0,8.884313583374023,14.0,0.0,0.008223261684179306,127.10150146484375,0.15000000596046448,221.04737854003906,5.0,9.923249244689941,0.0
581,31.387340545654297,-88.70427703857422,9464.0400390625,-10.791982650756836,0.26720237731933594,39.0,8.870929718017578,1.0,8.870929718017578,14.0,0.0,0.008177105337381363,28.86821746826172,0.15000000596046448,222.87757873535156,0.0,4.854146957397461,0.0
582,31.38939094543457,-88.69113159179688,9451.33984375,-10.743074417114258,0.26643282175064087,39.0,8.857585906982422,1.0,8.857585906982422,14.0,0.0,0.008135848678648472,29.18227767944336,0.15000000596046448,222.77603149414062,0.0,0.0,0.0
583,31.39146614074707,-88.67774200439453,9448.7998046875,-10.69906997680664,0.2751108705997467,39.0,9.021320343017578,1.0,9.021320343017578,14.0,0.0,0.008098797872662544,29.467649459838867,0.15000000596046448,224.2099609375,0.0,0.0,4.844959735870361
584,31.393550872802734,-88.66429138183594,9448.7998046875,-10.659388542175293,0.28210532665252686,39.0,9.069262504577637,1.0,9.069262504577637,14.0,0.0,0.008066726848483086,29.72728157043457,0.15000000596046448,223.22659301757812,0.0,0.0,0.0
585,31.395633697509766,-88.65084075927734,9448.7998046875,1.1284793615341187,0.29201915860176086,40.0,9.077157974243164,1.0,9.077157974243164,14.0,0.0,0.008039905689656734,299.8945617675781,0.15000000596046448,220.33555603027344,2.0,9.813053131103516,0.0
586,31.397716522216797,-88.63739013671875,9448.7998046875,-10.59594440460205,0.2972864806652069,40.0,9.085066795349121,1.0,9.085066795349121,14.0,0.0,0.008018401451408863,30.14695167541504,0.15000000596046448,218.88682556152344,0.0,4.621585845947266,0.0
587,31.399799346923828,-88.62393951416016,9448.7998046875,-10.572652816772461,0.2842884361743927,40.0,9.092989921569824,1.0,9.092989921569824,14.0,0.0,0.008002272807061672,30.30244255065918,0.15000000596046448,223.12998962402344,0.0,0.0,0.0
588,31.401884078979492,-88.61048889160156,9448.7998046875,-10.555133819580078,0.2824062407016754,40.0,9.100927352905273,1.0,9.100927352905273,14.0,0.0,0.007991566322743893,30.419906616210938,0.15000000596046448,223.9120635986328,0.0,0.0,4.7994704246521
589,31.40382194519043,-88.59791564941406,9448.7998046875,-10.543405532836914,0.29035747051239014,40.0,8.51221752166748,1.0,8.51221752166748,14.0,0.0,0.007986495271325111,30.498783111572266,0.15000000596046448,207.1073760986328,0.0,0.0,5.135875701904297
590,31.405725479125977,-88.58556365966797,9448.7998046875,-10.537847518920898,0.28502926230430603,40.0,8.36829662322998,1.0,8.36829662322998,14.0,0.0,0.007986178621649742,30.53623390197754,0.15000000596046448,205.13441467285156,0.0,0.0,0.35399192571640015
591,31.407629013061523,-88.57320404052734,9448.7998046875,-10.53747272491455,0.2831735908985138,40.0,8.372969627380371,1.0,8.372969627380371,14.0,0.0,0.007990493439137936,30.538755416870117,0.15000000596046448,205.78167724609375,0.0,0.0,5.2154459953308105
592,31.40953254699707,-88.56085205078125,9448.7998046875,-10.542135238647461,0.2845909297466278,40.0,8.37764835357666,1.0,8.37764835357666,14.0,0.0,0.00799944344907999,30.50733757019043,0.15000000596046448,205.48956298828125,0.0,0.0,0.4282182455062866
593,31.411436080932617,-88.54850006103516,9448.7998046875,-10.551827430725098,0.2859921455383301,40.0,8.382332801818848,1.0,8.382332801818848,14.0,0.0,0.00801301933825016,30.442123413085938,0.15000000596046448,205.20175170898438,0.0,0.0,0.0
594,31.413339614868164,-88.53614044189453,9448.7998046875,-10.566523551940918,0.2812546491622925,40.0,8.387022018432617,1.0,8.387022018432617,14.0,0.0,0.008031206205487251,30.343488693237305,0.15000000596046448,206.67884826660156,0.0,0.0,5.20741605758667
595,31.41533088684082,-88.52317810058594,9448.7998046875,-10.586220741271973,0.2905508577823639,40.0,8.798678398132324,1.0,8.798678398132324,14.0,0.0,0.008055203594267368,30.21177101135254,0.15000000596046448,214.018798828125,0.0,0.0,0.17959976196289062
596,31.41737937927246,-88.50981140136719,9448.7998046875,-10.612123489379883,0.2913377583026886,40.0,9.070035934448242,1.0,9.070035934448242,14.0,0.0,0.008085165172815323,30.039392471313477,0.15000000596046448,220.37457275390625,0.0,0.0,0.0
597,31.419429779052734,-88.49644470214844,9448.7998046875,-10.644331932067871,0.29583150148391724,40.0,9.067132949829102,1.0,9.067132949829102,14.0,0.0,0.008120359852910042,29.826364517211914,0.15000000596046448,218.90707397460938,0.0,0.0,4.818780899047852
598,31.421480178833008,-88.48307800292969,9448.7998046875,-10.682021141052246,0.30107995867729187,40.0,9.064231872558594,1.0,9.064231872558594,14.0,0.0,0.008160717785358429,29.57892608642578,0.15000000596046448,217.2059326171875,0.0,0.0,0.0
599,31.42353057861328,-88.46971130371094,9448.7998046875,-10.725043296813965,0.3038827180862427,40.0,9.061332702636719,1.0,9.061332702636719,14.0,0.0,0.008206156082451344,29.29888916015625,0.15000000596046448,216.26571655273438,0.0,0.0,4.82209587097168
600,31.425579071044922,-88.45634460449219,9448.7998046875,-10.773231506347656,0.3053264915943146,40.0,9.05843448638916,1.0,9.05843448638916,14.0,0.0,0.008256587199866772,28.988237380981445,0.15000000596046448,215.74815368652344,0.0,0.0,0.0
601,31.427534103393555,-88.44365692138672,9448.7998046875,2.991882562637329,0.35420194268226624,41.0,8.590785026550293,1.0,8.590785026550293,14.0,0.0,0.00830895733088255,309.9830627441406,0.15000000596046448,190.21414184570312,2.0,10.09097957611084,0.0
602,31.429424285888672,-88.43142700195312,9448.7998046875,-10.881240844726562,0.34904807806015015,41.0,8.273199081420898,1.0,8.273199081420898,14.0,0.0,0.008363492786884308,28.30340576171875,0.15000000596046448,184.6441650390625,0.0,5.363437652587891,0.0
603,31.431316375732422,-88.419189453125,9448.7998046875,-10.938031196594238,0.3395046591758728,41.0,8.261497497558594,1.0,8.261497497558594,14.0,0.0,0.008421889506280422,27.949588775634766,0.15000000596046448,187.086181640625,0.0,0.6425821781158447,0.0
604,31.43320655822754,-88.4069595336914,9448.7998046875,-10.99843692779541,0.3324407637119293,41.0,8.249828338623047,1.0,8.249828338623047,14.0,0.0,0.008484049700200558,27.577922821044922,0.15000000596046448,188.81996154785156,0.0,0.0,0.0
605,31.435096740722656,-88.39472198486328,9448.7998046875,-11.062278747558594,0.3277135491371155,41.0,8.238191604614258,1.0,8.238191604614258,14.0,0.0,0.00854987557977438,27.190275192260742,0.15000000596046448,189.8888397216797,0.0,0.0,5.29246187210083
606,31.436986923217773,-88.38248443603516,9448.7998046875,-11.129380226135254,0.3195129334926605,41.0,8.226587295532227,1.0,8.226587295532227,14.0,0.0,0.008619265630841255,26.788501739501953,0.15000000596046448,191.93438720703125,0.0,0.0,0.5915552377700806
607,31.438899993896484,-88.37007141113281,9448.7998046875,-11.199565887451172,0.3184643089771271,41.0,8.336257934570312,1.0,8.336257934570312,14.0,0.0,0.008693221025168896,26.374378204345703,0.15000000596046448,194.79281616210938,0.0,0.0,5.236423969268799
608,31.440900802612305,-88.35694122314453,9448.7998046875,-11.27376937866211,0.3157050311565399,41.0,8.810635566711426,1.0,8.810635566711426,14.0,0.0,0.00877527054399252,25.943260192871094,0.15000000596046448,206.7111053466797,0.0,0.0,0.20177488029003143
609,31.442899703979492,-88.34380340576172,9448.7998046875,-11.35533332824707,0.29904431104660034,41.0,8.805245399475098,1.0,8.805245399475098,14.0,0.0,0.008861145935952663,25.477224349975586,0.15000000596046448,211.61439514160156,0.0,0.0,4.96843147277832
610,31.444900512695312,-88.33067321777344,9448.7998046875,-11.439888000488281,0.2947860062122345,41.0,8.799860000610352,1.0,8.799860000610352,14.0,0.0,0.008950727991759777,25.002628326416016,0.15000000596046448,212.76976013183594,0.0,0.0,4.971508502960205
611,31.4468994140625,-88.31754302978516,9448.7998046875,-11.527227401733398,0.2961123287677765,41.0,8.794482231140137,1.0,8.794482231140137,14.0,0.0,0.009043899364769459,24.521377563476562,0.15000000596046448,212.23980712890625,0.0,0.0,4.974581718444824
612,31.44890022277832,-88.30440521240234,9448.7998046875,-11.617144584655762,0.2815625071525574,41.0,8.78911018371582,1.0,8.78911018371582,14.0,0.0,0.009140542708337307,24.0352725982666,0.15000000596046448,216.49462890625,0.0,0.0,0.0
613,31.450912475585938,-88.29116821289062,9449.0537109375,-11.709443092346191,0.2902525067329407,41.0,8.855738639831543,1.0,8.855738639831543,14.0,0.0,0.00924137607216835,23.545995712280273,0.15000000596046448,215.497314453125,0.0,0.0,4.939578056335449
614,31.452980041503906,-88.27749633789062,9450.32421875,-11.80471134185791,0.29483264684677124,41.0,9.139382362365723,1.0,9.139382362365723,14.0,0.0,0.009348956868052483,23.051084518432617,0.15000000596046448,220.96437072753906,0.0,0.0,0.0
615,31.455047607421875,-88.26383209228516,9451.59375,-11.905213356018066,0.3077145516872406,41.0,9.139187812805176,1.0,9.139187812805176,14.0,0.0,0.00945999100804329,22.5399112701416,0.15000000596046448,216.92320251464844,0.0,0.0,4.777606964111328
616,31.45711326599121,-88.25016784667969,9452.8642578125,-12.007737159729004,0.30733975768089294,41.0,9.138993263244629,1.0,9.138993263244629,14.0,0.0,0.009574358351528645,22.029775619506836,0.15000000596046448,217.03602600097656,0.0,0.0,0.0
617,31.45918083190918,-88.23650360107422,9454.1337890625,-12.112090110778809,0.2979001998901367,41.0,9.138798713684082,1.0,9.138798713684082,14.0,0.0,0.009691942483186722,21.522043228149414,0.15000000596046448,219.98910522460938,0.0,0.0,4.777829170227051
618,31.461246490478516,-88.22283172607422,9455.404296875,-12.218088150024414,0.3101082444190979,41.0,9.138604164123535,1.0,9.138604164123535,14.0,0.0,0.009812626987695694,21.0179443359375,0.15000000596046448,216.1593475341797,0.0,0.0,0.0
619,31.46328353881836,-88.20936584472656,9456.419921875,1.4041683673858643,0.3442385494709015,42.0,9.006872177124023,1.0,9.006872177124023,14.0,0.0,0.00810680165886879,312.9994201660156,0.15000000596046448,202.50376892089844,5.0,9.853215217590332,0.0
620,31.465200424194336,-88.1966781616211,9456.419921875,-10.667716026306152,0.3515903949737549,42.0,8.480545043945312,1.0,8.480545043945312,14.0,0.0,0.008073302917182446,29.6726131439209,0.15000000596046448,188.5325927734375,0.0,5.007189750671387,0.0
621,31.467117309570312,-88.18399810791016,9456.419921875,-10.631729125976562,0.35620787739753723,42.0,8.480378150939941,1.0,8.480378150939941,14.0,0.0,0.00804438441991806,29.909549713134766,0.15000000596046448,187.18629455566406,0.0,0.1612596958875656,0.0
622,31.46903419494629,-88.17131042480469,9456.419921875,-10.600537300109863,0.35560375452041626,42.0,7.874480724334717,1.0,7.874480724334717,13.0,0.0,0.008020095527172089,30.116378784179688,0.0,187.35824584960938,0.0,0.0,0.0
623,31.470949172973633,-88.15863037109375,9456.419921875,-10.574248313903809,0.3561926484107971,42.0,8.480042457580566,1.0,8.480042457580566,14.0,0.0,0.008000478148460388,30.291767120361328,0.15000000596046448,187.18333435058594,0.0,0.0,5.154261112213135
624,31.47286605834961,-88.14595031738281,9456.419921875,-10.552952766418457,0.35511311888694763,42.0,8.479875564575195,1.0,8.479875564575195,14.0,0.0,0.007985568605363369,30.434558868408203,0.15000000596046448,187.49349975585938,0.0,0.0,0.30861830711364746
625,31.474790573120117,-88.13320922851562,9456.419921875,-10.536727905273438,0.3510683476924896,42.0,8.517693519592285,1.0,8.517693519592285,14.0,0.0,0.007975357584655285,30.543779373168945,0.15000000596046448,189.51089477539062,0.0,0.0,5.132746696472168
626,31.476743698120117,-88.1202392578125,9456.419921875,-10.525601387023926,0.3568885922431946,42.0,8.669466972351074,1.0,8.669466972351074,14.0,0.0,0.007969888858497143,30.6189022064209,0.15000000596046448,191.15769958496094,0.0,0.0,0.17876547574996948
627,31.478696823120117,-88.10726928710938,9456.419921875,-10.519614219665527,0.3597784638404846,42.0,8.669292449951172,1.0,8.669292449951172,14.0,0.0,0.00796939805150032,30.65939712524414,0.15000000596046448,190.2948760986328,0.0,0.0,0.0
628,31.480649948120117,-88.09429931640625,9456.419921875,-10.519048690795898,0.36935707926750183,42.0,8.66911792755127,1.0,8.66911792755127,14.0,0.0,0.007973887026309967,30.66322135925293,0.15000000596046448,187.44403076171875,0.0,0.0,5.046218395233154
629,31.482603073120117,-88.08132934570312,9456.419921875,-10.523908615112305,0.37605977058410645,42.0,8.668943405151367,1.0,8.668943405151367,14.0,0.0,0.007983347401022911,30.630342483520508,0.15000000596046448,185.4480743408203,0.0,0.0,0.09253683686256409
630,31.484556198120117,-88.068359375,9456.419921875,-10.534175872802734,0.3723579943180084,42.0,8.668767929077148,1.0,8.668767929077148,14.0,0.0,0.007997761480510235,30.560993194580078,0.15000000596046448,186.5445556640625,0.0,0.0,0.0
631,31.486509323120117,-88.0553970336914,9456.419921875,-10.549812316894531,0.38409289717674255,42.0,8.668593406677246,1.0,8.668593406677246,14.0,0.0,0.008017104119062424,30.455669403076172,0.15000000596046448,183.0531005859375,0.0,0.0,5.046517848968506
632,31.488513946533203,-88.04203796386719,9456.419921875,-10.570778846740723,0.3802125155925751,42.0,8.9290189743042,1.0,8.9290189743042,14.0,0.0,0.00804214272648096,30.314985275268555,0.15000000596046448,189.74037170410156,0.0,0.0,0.0
633,31.490530014038086,-88.0285873413086,9456.419921875,-1.6052316427230835,0.3176073729991913,43.0,8.998271942138672,1.0,8.998271942138672,14.0,0.0,0.008072580210864544,189.46875,0.15000000596046448,210.52642822265625,2.0,9.85813045501709,0.0
634,31.49254608154297,-88.01513671875,9456.419921875,-10.630609512329102,0.32759565114974976,43.0,9.003401756286621,1.0,9.003401756286621,14.0,0.0,0.008108205161988735,29.916948318481445,0.15000000596046448,207.56320190429688,0.0,4.713329315185547,0.0
635,31.494564056396484,-88.00169372558594,9456.419921875,-10.66882038116455,0.3388676941394806,43.0,9.008538246154785,1.0,9.008538246154785,14.0,0.0,0.008148958906531334,29.665369033813477,0.15000000596046448,204.2000732421875,0.0,0.0,0.0
636,31.496580123901367,-87.98824310302734,9456.419921875,-10.712332725524902,0.34195828437805176,43.0,9.013680458068848,1.0,9.013680458068848,14.0,0.0,0.008194776251912117,29.38135528564453,0.15000000596046448,203.3615264892578,0.0,0.0,4.849325656890869
637,31.49859619140625,-87.97479248046875,9456.419921875,-10.760995864868164,0.3546510338783264,43.0,9.018828392028809,1.0,9.018828392028809,14.0,0.0,0.008245580829679966,29.066816329956055,0.15000000596046448,199.5528564453125,0.0,0.0,0.0
638,31.50077247619629,-87.96150970458984,9455.404296875,1.8973519802093506,0.356594979763031,44.0,8.929296493530273,1.0,8.929296493530273,14.0,0.0,0.00830064993351698,308.83441162109375,0.15000000596046448,196.97669982910156,2.0,9.897544860839844,0.0
639,31.50299072265625,-87.94828033447266,9454.1337890625,-10.8723783493042,0.34675607085227966,44.0,8.906847953796387,1.0,8.906847953796387,14.0,0.0,0.00836023036390543,28.3590087890625,0.15000000596046448,199.48609924316406,0.0,4.807917594909668,0.0
640,31.505207061767578,-87.93504333496094,9452.8642578125,-10.934464454650879,0.3436446785926819,44.0,8.906645774841309,1.0,8.906645774841309,14.0,0.0,0.008424364030361176,27.97168731689453,0.15000000596046448,200.4316864013672,0.0,0.0,0.0
641,31.507423400878906,-87.92181396484375,9451.59375,-11.000804901123047,0.3464597761631012,44.0,8.90644359588623,1.0,8.90644359588623,14.0,0.0,0.00849294662475586,27.56344985961914,0.15000000596046448,199.5675048828125,0.0,0.0,4.9106035232543945
642,31.509639739990234,-87.90857696533203,9450.32421875,-11.071194648742676,0.35435256361961365,44.0,8.906241416931152,1.0,8.906241416931152,14.0,0.0,0.00856587290763855,27.13656234741211,0.15000000596046448,197.15286254882812,0.0,0.0,4.910719394683838
643,31.511856079101562,-87.89534759521484,9449.0537109375,-11.145423889160156,0.3529592454433441,44.0,8.906038284301758,1.0,8.906038284301758,14.0,0.0,0.008643032051622868,26.693288803100586,0.15000000596046448,197.57382202148438,0.0,0.0,0.0
644,31.514873504638672,-87.88292694091797,9448.7998046875,-11.222997665405273,0.3592436909675598,44.0,8.532488822937012,1.0,8.532488822937012,14.0,0.0,0.008720536716282368,26.237499237060547,0.15000000596046448,187.4484405517578,0.0,0.0,5.124291896820068
645,31.518089294433594,-87.87071228027344,9448.7998046875,-11.300427436828613,0.37194421887397766,44.0,8.454567909240723,1.0,8.454567909240723,14.0,0.0,0.008800867944955826,25.7900447845459,0.15000000596046448,182.0550994873047,0.0,0.0,5.168818473815918
646,31.52130699157715,-87.85848999023438,9448.7998046875,-11.380033493041992,0.38812342286109924,44.0,8.461830139160156,1.0,8.461830139160156,14.0,0.0,0.008884764276444912,25.337696075439453,0.15000000596046448,177.517578125,0.0,0.0,5.164668083190918
647,31.52452278137207,-87.84627532958984,9448.7998046875,-11.46240234375,0.3784586787223816,44.0,8.46910572052002,1.0,8.46910572052002,14.0,0.0,0.008972136303782463,24.877708435058594,0.15000000596046448,180.47654724121094,0.0,0.0,0.32517901062965393
648,31.527740478515625,-87.83406066894531,9448.7998046875,-11.547365188598633,0.3740476965904236,44.0,8.476394653320312,1.0,8.476394653320312,14.0,0.0,0.00906289555132389,24.411691665649414,0.15000000596046448,181.91378784179688,0.0,0.0,5.156345844268799
649,31.530956268310547,-87.82184600830078,9448.7998046875,-11.63475227355957,0.35966479778289795,44.0,8.483695983886719,1.0,8.483695983886719,14.0,0.0,0.009156953543424606,23.941179275512695,0.15000000596046448,186.25404357910156,0.0,0.0,5.1521735191345215
650,31.535200119018555,-87.80988311767578,9447.7841796875,-11.724039077758789,0.35969406366348267,44.0,8.598272323608398,1.0,8.598272323608398,14.0,0.0,0.009255082346498966,23.469507217407227,0.15000000596046448,188.76084899902344,0.0,0.0,0.2388751059770584
651,31.53969955444336,-87.79798126220703,9446.513671875,-11.816493034362793,0.3480214476585388,44.0,8.640101432800293,1.0,8.640101432800293,14.0,0.0,0.009356698952615261,22.990583419799805,0.15000000596046448,193.13693237304688,0.0,0.0,5.062799453735352
652,31.544200897216797,-87.78607940673828,9445.244140625,-11.911301612854004,0.3522077798843384,44.0,8.642329216003418,1.0,8.642329216003418,14.0,0.0,0.009461353532969952,22.50929832458496,0.15000000596046448,191.9462890625,0.0,0.0,0.12432578951120377
653,31.5487003326416,-87.77417755126953,9443.9736328125,-12.007877349853516,0.3554207682609558,44.0,8.64455795288086,1.0,8.64455795288086,14.0,0.0,0.009568950161337852,22.029085159301758,0.15000000596046448,191.04351806640625,0.0,0.0,0.0
654,31.553199768066406,-87.76228332519531,9442.7041015625,-12.106062889099121,0.3517661392688751,44.0,8.646787643432617,1.0,8.646787643432617,14.0,0.0,0.009679393842816353,21.551057815551758,0.15000000596046448,192.17625427246094,0.0,0.0,5.05897855758667
655,31.55769920349121,-87.75038146972656,9441.43359375,-12.205708503723145,0.3588804602622986,44.0,8.649019241333008,1.0,8.649019241333008,14.0,0.0,0.009792591445147991,21.07621955871582,0.15000000596046448,190.11618041992188,0.0,0.0,0.11668149381875992
656,31.56307029724121,-87.73888397216797,9441.1796875,-12.306314468383789,0.3683599829673767,44.0,8.712959289550781,1.0,8.712959289550781,14.0,0.0,0.009908889420330524,20.60712242126465,0.15000000596046448,188.68983459472656,0.0,0.0,0.0
657,31.56865692138672,-87.72749328613281,9441.1796875,-12.408740997314453,0.37239858508110046,44.0,8.746150970458984,1.0,8.746150970458984,14.0,0.0,0.01002811174839735,20.13995933532715,0.15000000596046448,188.19760131835938,0.0,0.0,5.002199172973633
658,31.574243545532227,-87.71610260009766,9441.1796875,-12.512595176696777,0.37247246503829956,44.0,8.755997657775879,1.0,8.755997657775879,14.0,0.0,0.01014996413141489,19.676803588867188,0.15000000596046448,188.38729858398438,0.0,0.0,0.0
659,31.579830169677734,-87.7047119140625,9441.1796875,-1.1211563348770142,0.22076170146465302,45.0,8.765867233276367,1.0,8.765867233276367,14.0,0.0,0.008008316159248352,206.44129943847656,0.15000000596046448,234.19540405273438,5.0,9.990933418273926,0.0
660,31.585594177246094,-87.69340515136719,9441.1796875,-10.561588287353516,0.23198743164539337,45.0,8.795461654663086,1.0,8.795461654663086,14.0,0.0,0.007987980730831623,30.376577377319336,0.15000000596046448,231.60086059570312,0.0,4.9649553298950195,0.0
661,31.592069625854492,-87.68243408203125,9441.1796875,-10.539441108703613,0.22906777262687683,45.0,8.906682014465332,1.0,8.906682014465332,14.0,0.0,0.00797242484986782,30.525493621826172,0.15000000596046448,235.4210662841797,0.0,0.0,0.0
662,31.598543167114258,-87.67145538330078,9441.1796875,-10.522388458251953,0.21850177645683289,45.0,8.906267166137695,1.0,8.906267166137695,14.0,0.0,0.007961929775774479,30.640626907348633,0.15000000596046448,238.6365203857422,0.0,0.0,4.910704612731934
663,31.605018615722656,-87.66048431396484,9441.1796875,-10.510823249816895,0.21158523857593536,45.0,8.905852317810059,1.0,8.905852317810059,14.0,0.0,0.007956515066325665,30.71894645690918,0.15000000596046448,240.73731994628906,0.0,0.0,0.0
664,31.611492156982422,-87.64950561523438,9441.1796875,4.314460277557373,0.18758220970630646,46.0,8.905437469482422,1.0,8.905437469482422,14.0,0.0,0.007956190966069698,389.9605407714844,0.15000000596046448,248.054931640625,2.0,9.911178588867188,0.0
665,31.61796760559082,-87.63853454589844,9441.1796875,-10.504310607910156,0.19818323850631714,46.0,8.905022621154785,1.0,8.905022621154785,14.0,0.0,0.00796095747500658,30.763134002685547,0.15000000596046448,244.80673217773438,0.0,4.822594165802002,0.0
666,31.624441146850586,-87.62755584716797,9441.1796875,-10.509387969970703,0.18100450932979584,46.0,8.904607772827148,1.0,8.904607772827148,14.0,0.0,0.007970806211233139,30.728681564331055,0.15000000596046448,250.04000854492188,0.0,0.0,0.0
667,31.63091468811035,-87.61658477783203,9441.1796875,-10.520001411437988,0.16489484906196594,46.0,8.904192924499512,1.0,8.904192924499512,14.0,0.0,0.007985718548297882,30.65677261352539,0.15000000596046448,254.9464111328125,0.0,0.0,4.911890029907227
668,31.637327194213867,-87.60576629638672,9441.1796875,-10.53610897064209,0.1722048968076706,46.0,8.789839744567871,1.0,8.789839744567871,14.0,0.0,0.008005375973880291,30.547954559326172,0.15000000596046448,249.46923828125,0.0,0.0,4.977234840393066
669,31.64364242553711,-87.59518432617188,9441.1796875,-10.557341575622559,0.1817350685596466,46.0,8.61861515045166,1.0,8.61861515045166,14.0,0.0,0.008029376156628132,30.405078887939453,0.15000000596046448,241.7935028076172,0.0,0.0,0.05231185629963875
670,31.649959564208984,-87.58460235595703,9441.1796875,-10.58322811126709,0.17104622721672058,46.0,8.618226051330566,1.0,8.618226051330566,14.0,0.0,0.008058017119765282,30.23175048828125,0.15000000596046448,244.94093322753906,0.0,0.0,0.0
671,31.65627670288086,-87.57402038574219,9441.1796875,-10.614041328430176,0.17727547883987427,46.0,8.617836952209473,1.0,8.617836952209473,14.0,0.0,0.008091247640550137,30.026668548583984,0.15000000596046448,243.08932495117188,0.0,0.0,5.075521945953369
672,31.662593841552734,-87.56343078613281,9441.1796875,-10.649676322937012,0.1711263656616211,46.0,8.617446899414062,1.0,8.617446899414062,14.0,0.0,0.00812901183962822,29.791160583496094,0.15000000596046448,244.8951416015625,0.0,0.0,0.15126636624336243
673,31.668909072875977,-87.55284881591797,9441.1796875,-10.690011978149414,0.17337903380393982,46.0,8.617057800292969,1.0,8.617057800292969,14.0,0.0,0.008171247318387032,29.526718139648438,0.15000000596046448,244.21853637695312,0.0,0.0,5.075966835021973
674,31.6752872467041,-87.54217529296875,9441.1796875,-10.734911918640137,0.17079591751098633,46.0,8.694575309753418,1.0,8.694575309753418,14.0,0.0,0.00821832474321127,29.23501205444336,0.15000000596046448,247.1855010986328,0.0,0.0,0.10763818025588989
675,31.681753158569336,-87.53135681152344,9441.1796875,-10.78469467163086,0.15953566133975983,46.0,8.81103515625,1.0,8.81103515625,14.0,0.0,0.008270529098808765,28.91480827331543,0.15000000596046448,253.89808654785156,0.0,0.0,0.0
676,31.68821907043457,-87.52053833007812,9441.1796875,-10.839590072631836,0.156340554356575,46.0,8.810627937316895,1.0,8.810627937316895,14.0,0.0,0.008327172137796879,28.565631866455078,0.15000000596046448,254.8515167236328,0.0,0.0,4.965355396270752
677,31.694686889648438,-87.50971984863281,9441.1796875,-10.898774147033691,0.166853666305542,46.0,8.810220718383789,1.0,8.810220718383789,14.0,0.0,0.008388164453208447,28.193710327148438,0.15000000596046448,251.66409301757812,0.0,0.0,0.0
678,31.701152801513672,-87.49890899658203,9441.1796875,1.824420690536499,0.20789209008216858,47.0,8.809812545776367,1.0,8.809812545776367,14.0,0.0,0.008453411981463432,333.65582275390625,0.15000000596046448,239.25677490234375,2.0,9.965821266174316,0.0
679,31.70762062072754,-87.48809051513672,9441.1796875,-11.029274940490723,0.2192818522453308,47.0,8.809405326843262,1.0,8.809405326843262,14.0,0.0,0.008522816933691502,27.3900146484375,0.15000000596046448,235.80557250976562,0.0,4.931875228881836,0.0
680,31.713993072509766,-87.4774169921875,9442.1962890625,-11.100221633911133,0.22470532357692719,47.0,8.691719055175781,1.0,8.691719055175781,14.0,0.0,0.008595270104706287,26.962385177612305,0.15000000596046448,231.03921508789062,0.0,0.0,0.0
681,31.720226287841797,-87.46694946289062,9444.736328125,-11.173687934875488,0.2276301383972168,47.0,8.516388893127441,1.0,8.516388893127441,14.0,0.0,0.008669995702803135,26.52634620666504,0.15000000596046448,225.524658203125,0.0,0.0,5.1334919929504395
682,31.726459503173828,-87.45648193359375,9447.2763671875,-11.248800277709961,0.23012658953666687,47.0,8.518563270568848,1.0,8.518563270568848,14.0,0.0,0.008748347871005535,26.087568283081055,0.15000000596046448,224.85308837890625,0.0,0.0,5.13224983215332
683,31.73269271850586,-87.44601440429688,9449.81640625,-11.326872825622559,0.22423957288265228,47.0,8.520737648010254,1.0,8.520737648010254,14.0,0.0,0.008830234408378601,25.638916015625,0.15000000596046448,226.6303253173828,0.0,0.0,0.26325666904449463
684,31.73892593383789,-87.435546875,9452.3564453125,-11.407730102539062,0.21134053170681,47.0,9.131693840026855,1.0,9.131693840026855,15.0,0.0,0.008915562182664871,25.182111740112305,0.15000000596046448,230.45748901367188,0.0,0.0,5.129763603210449
685,31.745159149169922,-87.42507934570312,9454.896484375,-11.491198539733887,0.20518679916858673,47.0,9.134026527404785,1.0,9.134026527404785,15.0,0.0,0.00900423713028431,24.718809127807617,0.15000000596046448,232.31503295898438,0.0,0.0,5.128519058227539
686,31.75153923034668,-87.41436004638672,9455.912109375,-11.57707405090332,0.2047065943479538,47.0,9.355476379394531,1.0,9.355476379394531,15.0,0.0,0.009098418988287449,24.250736236572266,0.15000000596046448,238.09117126464844,0.0,0.0,0.13893157243728638
687,31.758140563964844,-87.40325927734375,9454.6416015625,-11.667349815368652,0.2097512036561966,47.0,9.686616897583008,1.0,9.686616897583008,15.0,0.0,0.009199408814311028,23.76792335510254,0.15000000596046448,244.9547882080078,0.0,0.0,4.833804130554199
688,31.764739990234375,-87.39215850830078,9453.3720703125,-11.763172149658203,0.21952825784683228,47.0,9.689067840576172,1.0,9.689067840576172,15.0,0.0,0.009303831495344639,23.265625,0.15000000596046448,241.9853973388672,0.0,0.0,0.0
689,31.771339416503906,-87.38105773925781,9452.1015625,-11.861157417297363,0.22476330399513245,47.0,9.691520690917969,1.0,9.691520690917969,15.0,0.0,0.009411577135324478,22.76262092590332,0.15000000596046448,240.42311096191406,0.0,0.0,4.831189155578613
690,31.77794075012207,-87.36995697021484,9450.83203125,-11.961119651794434,0.22136449813842773,47.0,9.693974494934082,1.0,9.693974494934082,15.0,0.0,0.00952253770083189,22.26032829284668,0.15000000596046448,241.53831481933594,0.0,0.0,0.0
691,31.7845401763916,-87.35885620117188,9449.5615234375,-12.062880516052246,0.22175174951553345,47.0,9.696429252624512,1.0,9.696429252624512,15.0,0.0,0.009636606089770794,21.76004409790039,0.15000000596046448,241.47933959960938,0.0,0.0,4.82857084274292
692,31.791046142578125,-87.34793853759766,9448.2919921875,-12.166295051574707,0.21574635803699493,47.0,13.53149127960205,0.88595050573349,15.273416519165039,24.0,0.6553886532783508,0.009751802310347557,21.2628116607666,0.15000000596046448,239.5646514892578,0.0,0.0,0.0
693,31.797412872314453,-87.33728790283203,9447.0224609375,4.105099678039551,0.29119637608528137,48.0,0.0,0.0,14.906665802001953,24.0,1000.0,0.008097747340798378,0.0,0.15000000596046448,0.0,4.968888759613037,10.031111717224121,0.0
694,31.80377960205078,-87.3266372680664,9445.751953125,-10.658236503601074,0.30428895354270935,48.0,14.901503562927246,1.0,14.901503562927246,24.0,0.0,0.008062201552093029,29.734848022460938,0.15000000596046448,207.3428192138672,0.031111370772123337,5.063943386077881,0.0
695,31.81014633178711,-87.31598663330078,9444.482421875,-10.619918823242188,0.30393725633621216,48.0,13.654982566833496,1.0,13.654982566833496,22.0,0.0,0.008031310513615608,29.987701416015625,0.0,207.3758087158203,0.0,0.09849519282579422,0.0
696,31.816513061523438,-87.30534362792969,9443.2119140625,-10.586464881896973,0.30776315927505493,48.0,13.650256156921387,1.0,13.650256156921387,22.0,0.0,0.00800512358546257,30.210145950317383,0.0,206.16458129882812,0.0,0.0,0.0
697,31.822879791259766,-87.29469299316406,9441.9423828125,-10.557984352111816,0.3077293038368225,48.0,14.886035919189453,1.0,14.886035919189453,24.0,0.0,0.007983681745827198,30.400760650634766,0.15000000596046448,206.10333251953125,0.0,0.0,5.037988185882568
698,31.829267501831055,-87.28399658203125,9441.1796875,-10.53457260131836,0.3115095794200897,48.0,14.933767318725586,1.0,14.933767318725586,24.0,0.0,0.00796696450561285,30.558320999145508,0.15000000596046448,205.63511657714844,0.0,0.0,0.060065723955631256
699,31.835683822631836,-87.27324676513672,9441.1796875,-10.516246795654297,0.3161830008029938,48.0,15.007896423339844,1.0,15.007896423339844,24.0,0.0,0.007955032400786877,30.682193756103516,0.15000000596046448,205.2530975341797,0.0,0.0,0.0
700,31.842100143432617,-87.26249694824219,9441.1796875,-10.503108024597168,0.32498735189437866,48.0,15.002700805664062,1.0,15.002700805664062,24.0,0.0,0.007948007434606552,30.77130126953125,0.15000000596046448,202.54025268554688,0.0,0.0,4.9990997314453125
701,31.8485164642334,-87.25174713134766,9441.1796875,-10.49531364440918,0.3186962604522705,48.0,14.99750804901123,1.0,14.99750804901123,24.0,0.0,0.007945899851620197,30.824277877807617,0.15000000596046448,204.35716247558594,0.0,0.0,0.0
702,31.85493278503418,-87.24099731445312,9441.1796875,-10.492889404296875,0.1407724916934967,49.0,14.992318153381348,1.0,14.992318153381348,24.0,0.0,0.007948708720505238,30.840778350830078,0.15000000596046448,257.63623046875,2.0,10.00256061553955,0.0
703,31.86134910583496,-87.2302474975586,9441.1796875,-10.495837211608887,0.14668585360050201,49.0,14.987131118774414,1.0,14.987131118774414,24.0,0.0,0.007956422865390778,30.820722579956055,0.15000000596046448,255.7746124267578,0.0,5.006850242614746,0.0
704,31.867727279663086,-87.21954345703125,9441.1796875,-10.504141807556152,0.1428316980600357,49.0,14.91205883026123,1.0,14.91205883026123,24.0,0.0,0.007968955673277378,30.764278411865234,0.15000000596046448,255.6428680419922,0.0,0.036164261400699615,0.0
705,31.874042510986328,-87.20889282226562,9441.1796875,-10.517696380615234,0.1445392370223999,49.0,14.800405502319336,1.0,14.800405502319336,24.0,0.0,0.007986163720488548,30.672380447387695,0.15000000596046448,253.22332763671875,0.0,0.0,0.0
706,31.880359649658203,-87.1982421875,9441.1796875,-10.53631591796875,0.1433514803647995,49.0,14.79086971282959,1.0,14.79086971282959,24.0,0.0,0.008008075878024101,30.54656219482422,0.15000000596046448,253.41152954101562,0.0,0.0,5.0697102546691895
707,31.886676788330078,-87.18759155273438,9441.1796875,-10.5600004196167,0.1287192851305008,49.0,14.781344413757324,1.0,14.781344413757324,24.0,0.0,0.008034645579755306,30.387229919433594,0.15000000596046448,257.5740051269531,0.0,0.0,0.1425953507423401
708,31.892993927001953,-87.17694091796875,9441.1796875,-10.588659286499023,0.11645446717739105,49.0,14.771831512451172,1.0,14.771831512451172,24.0,0.0,0.008065817877650261,30.195507049560547,0.15000000596046448,261.0317077636719,0.0,0.0,5.076056480407715
709,31.899309158325195,-87.16629028320312,9441.1796875,-10.62218189239502,0.11633270978927612,49.0,14.7623291015625,1.0,14.7623291015625,24.0,0.0,0.008101530373096466,29.97270965576172,0.15000000596046448,260.8997497558594,0.0,0.0,0.15527988970279694
710,31.90559959411621,-87.15567016601562,9441.6884765625,-10.66044807434082,0.11783865839242935,49.0,14.710203170776367,1.0,14.710203170776367,24.0,0.0,0.008141592144966125,29.720319747924805,0.15000000596046448,259.53546142578125,0.0,0.0,0.0
711,31.911849975585938,-87.14510345458984,9442.9580078125,-10.7031888961792,0.12816202640533447,49.0,14.645495414733887,1.0,14.645495414733887,24.0,0.0,0.008185848593711853,29.440824508666992,0.15000000596046448,255.36997985839844,0.0,0.0,5.118168354034424
712,31.918100357055664,-87.13453674316406,9444.2275390625,-10.750176429748535,0.10927672684192657,49.0,14.657981872558594,1.0,14.657981872558594,24.0,0.0,0.008234445005655289,29.1364688873291,0.15000000596046448,261.1241149902344,0.0,0.0,0.23217417299747467
713,31.92435073852539,-87.12397003173828,9445.498046875,-10.801491737365723,0.11003361642360687,49.0,11.614139556884766,1.0,11.614139556884766,19.0,0.0,0.008287317119538784,28.807531356811523,0.0,261.1248779296875,0.0,0.0,0.0
714,31.930599212646484,-87.1134033203125,9446.767578125,-10.8569917678833,0.11072837561368942,49.0,14.683023452758789,1.0,14.683023452758789,24.0,0.0,0.008344396948814392,28.455791473388672,0.15000000596046448,261.1439208984375,0.0,0.0,5.105659008026123
715,31.93684959411621,-87.10283660888672,9448.0380859375,-10.916521072387695,0.11106808483600616,49.0,14.695577621459961,1.0,14.695577621459961,24.0,0.0,0.008405609987676144,28.083097457885742,0.15000000596046448,261.2673645019531,0.0,0.0,0.20713301002979279
716,31.943220138549805,-87.09207153320312,9447.7841796875,-10.97990608215332,0.10349702835083008,49.0,14.982437133789062,1.0,14.982437133789062,24.0,0.0,0.008472142741084099,27.691429138183594,0.15000000596046448,268.635986328125,0.0,0.0,0.0
717,31.949769973754883,-87.08100891113281,9445.244140625,-11.048276901245117,0.10626843571662903,49.0,15.40109920501709,1.0,15.40109920501709,24.0,0.0,0.008544777520000935,27.274843215942383,0.15000000596046448,275.2889709472656,0.0,0.0,4.866300106048584
718,31.95631980895996,-87.06993865966797,9442.7041015625,-11.12234115600586,0.09781821072101593,49.0,15.40036678314209,1.0,15.40036678314209,24.0,0.0,0.00862158928066492,26.83037757873535,0.15000000596046448,277.87860107421875,0.0,0.0,0.0
719,31.96286964416504,-87.05887603759766,9440.1640625,-11.199991226196289,0.10405819118022919,49.0,15.39963436126709,1.0,15.39963436126709,24.0,0.0,0.008702468127012253,26.37188720703125,0.15000000596046448,275.94354248046875,0.0,0.0,4.866788387298584
720,31.969419479370117,-87.04780578613281,9437.6240234375,-11.28101634979248,0.09359721839427948,49.0,15.39890193939209,1.0,15.39890193939209,24.0,0.0,0.008787299506366253,25.90152359008789,0.15000000596046448,279.15216064453125,0.0,0.0,4.867032527923584
721,31.975969314575195,-87.0367431640625,9435.083984375,-11.365204811096191,0.10315420478582382,49.0,15.39816951751709,1.0,15.39816951751709,24.0,0.0,0.008875972591340542,25.421371459960938,0.15000000596046448,276.1956787109375,0.0,0.0,4.867276668548584
722,31.98241424560547,-87.02584075927734,9433.5595703125,-11.452370643615723,0.09617666155099869,49.0,15.15942096710205,1.0,15.15942096710205,24.0,0.0,0.008966912515461445,24.933292388916016,0.15000000596046448,274.0287780761719,0.0,0.0,0.0
723,31.988697052001953,-87.01519012451172,9433.5595703125,-11.540886878967285,0.10020425915718079,49.0,14.801712989807129,1.0,14.801712989807129,24.0,0.0,0.009059085510671139,24.44692611694336,0.15000000596046448,266.370361328125,0.0,0.0,5.066095352172852
724,31.994979858398438,-87.0045394897461,9433.5595703125,-11.62966251373291,0.106671042740345,49.0,14.781514167785645,0.9986810684204102,14.80103588104248,24.0,0.006515870336443186,0.009154499508440495,23.968345642089844,0.15000000596046448,264.4438781738281,0.0,0.0,5.06632137298584
725,32.00126266479492,-86.99388885498047,9433.5595703125,-11.720617294311523,0.10172300040721893,49.0,14.484258651733398,0.9786424040794373,14.800358772277832,24.0,0.10766616463661194,0.009253053925931454,23.487417221069336,0.15000000596046448,265.89642333984375,0.0,0.0,0.13286839425563812
726,32.007545471191406,-86.98323822021484,9433.5595703125,-11.813580513000488,0.10408741980791092,49.0,14.186436653137207,0.9585636854171753,14.799680709838867,24.0,0.21325112879276276,0.009354648180305958,23.00552749633789,0.15000000596046448,265.1844177246094,0.0,0.0,5.066772937774658
727,32.01382827758789,-86.97258758544922,9433.5595703125,-11.908385276794434,0.12184509634971619,49.0,13.888838768005371,0.9384981989860535,14.799003601074219,24.0,0.3232700526714325,0.009459185414016247,22.523956298828125,0.15000000596046448,259.9163513183594,0.0,0.0,0.13377177715301514
728,32.02010726928711,-86.96195220947266,9433.5595703125,-12.004873275756836,0.13514697551727295,49.0,13.576006889343262,0.9184946417808533,14.780714988708496,24.0,0.4372037649154663,0.009566438384354115,22.04387092590332,0.15000000596046448,255.6629180908203,0.0,0.0,0.0
729,32.02637481689453,-86.95133972167969,9433.5595703125,-12.10277271270752,0.1529931277036667,49.0,13.257923126220703,0.8986214399337769,14.75362491607666,24.0,0.5548132658004761,0.009676237590610981,21.566913604736328,0.15000000596046448,249.9284210205078,0.0,0.0,5.082125186920166
730,32.03263854980469,-86.94071960449219,9433.5595703125,-12.201865196228027,0.15119029581546783,49.0,12.966827392578125,0.8789311647415161,14.752950668334961,24.0,0.6773844957351685,0.009788678959012032,21.09434700012207,0.15000000596046448,250.44895935058594,0.0,0.0,0.16447493433952332
731,32.03890609741211,-86.93010711669922,9433.5595703125,-12.3021879196167,0.15222442150115967,49.0,12.678451538085938,0.8594233989715576,14.752276420593262,24.0,0.8043472766876221,0.009903674013912678,20.626161575317383,0.15000000596046448,250.1324005126953,0.0,0.0,0.0
732,32.04517364501953,-86.91948699951172,9433.5595703125,-12.403606414794922,0.15185557305812836,49.0,12.393269538879395,0.8401303887367249,14.751602172851562,24.0,0.9357010126113892,0.010021133348345757,20.163129806518555,0.15000000596046448,250.2297821044922,0.0,0.0,5.082798957824707
733,32.05144119262695,-86.90886688232422,9433.5595703125,-12.505993843078613,0.1464097648859024,49.0,12.111700057983398,0.8210805654525757,14.750927925109863,24.0,1.0714449882507324,0.010140973143279552,19.7059326171875,0.15000000596046448,251.82496643066406,0.0,0.0,0.1658231019973755
734,32.05772018432617,-86.8982162475586,9434.576171875,-12.609219551086426,0.13881592452526093,49.0,11.878132820129395,0.8023002743721008,14.805095672607422,24.0,1.2160712480545044,0.010263565927743912,19.255207061767578,0.15000000596046448,254.9982452392578,0.0,0.0,0.0
735,32.06401824951172,-86.88749694824219,9437.1162109375,-12.71356201171875,0.15087901055812836,49.0,11.673020362854004,0.7837422490119934,14.893953323364258,24.0,1.3698947429656982,0.01038915291428566,18.809814453125,0.15000000596046448,252.93536376953125,0.0,0.0,5.035348892211914
736,32.07032012939453,-86.87677764892578,9439.65625,-12.819183349609375,0.16477641463279724,49.0,11.412781715393066,0.765382707118988,14.911208152770996,24.0,1.523606777191162,0.010517075657844543,18.369184494018555,0.15000000596046448,249.0838623046875,0.0,0.0,0.06494606286287308
737,32.07661819458008,-86.8660659790039,9442.1962890625,-12.925468444824219,0.17200954258441925,49.0,11.156539916992188,0.7473313808441162,14.928504943847656,24.0,1.6824150085449219,0.010647266171872616,17.93595314025879,0.15000000596046448,247.21319580078125,0.0,0.0,5.023831844329834
738,32.08292007446289,-86.8553466796875,9444.736328125,-13.032319068908691,0.18034310638904572,49.0,10.90452766418457,0.7296026945114136,14.945842742919922,24.0,1.8463544845581055,0.010779653675854206,17.510465621948242,0.15000000596046448,245.00926208496094,0.0,0.0,0.041884105652570724
739,32.08921813964844,-86.8446273803711,9447.2763671875,-13.139643669128418,0.18265098333358765,49.0,10.656937599182129,0.7122086882591248,14.96322250366211,24.0,2.015460252761841,0.010914172045886517,17.093008041381836,0.15000000596046448,244.60350036621094,0.0,0.0,0.0
740,32.09549331665039,-86.83396911621094,9448.7998046875,-13.247369766235352,0.189370796084404,49.0,10.362069129943848,0.6951570510864258,14.906083106994629,24.0,2.1788907051086426,0.011050076223909855,16.68376922607422,0.15000000596046448,241.66612243652344,0.0,0.0,5.03130578994751
741,32.10172653198242,-86.8233871459961,9448.7998046875,-13.354874610900879,0.19293808937072754,49.0,10.047773361206055,0.6785385012626648,14.807963371276855,24.0,2.3384523391723633,0.011186894960701466,16.284923553466797,0.15000000596046448,239.01885986328125,0.0,0.0,0.09531796723604202
742,32.10795974731445,-86.81279754638672,9448.7998046875,-13.461755752563477,0.1850660890340805,49.0,9.814310073852539,0.6624013781547546,14.816258430480957,24.0,2.5170786380767822,0.011325525119900703,15.897632598876953,0.15000000596046448,241.4854278564453,0.0,0.0,0.0
743,32.114192962646484,-86.80221557617188,9448.7998046875,-13.568730354309082,0.17954857647418976,49.0,9.585954666137695,0.646626353263855,14.824563980102539,24.0,2.7004826068878174,0.011465908959507942,15.519033432006836,0.15000000596046448,243.25669860839844,0.0,0.0,5.058478832244873
744,32.120426177978516,-86.79163360595703,9448.7998046875,-13.675731658935547,0.18967120349407196,49.0,9.362740516662598,0.6312153339385986,14.832880020141602,24.0,2.8886806964874268,0.011607986874878407,15.149168014526367,0.15000000596046448,240.39019775390625,0.0,0.0,0.1141854003071785
745,32.12665939331055,-86.78105163574219,9448.7998046875,-13.782700538635254,0.19900938868522644,49.0,9.144683837890625,0.6161685585975647,14.841204643249512,24.0,3.0816895961761475,0.011751703917980194,14.788045883178711,0.15000000596046448,237.75331115722656,0.0,0.0,0.0
746,32.1329460144043,-86.77035522460938,9448.2919921875,-13.889564514160156,0.20581112802028656,49.0,9.020142555236816,0.6014876365661621,14.996389389038086,24.0,3.3119254112243652,0.011898459866642952,14.43570327758789,0.15000000596046448,238.19931030273438,0.0,0.0,5.001203536987305
747,32.139312744140625,-86.75948333740234,9447.0224609375,-13.997340202331543,0.20308014750480652,49.0,8.936524391174316,0.5870288610458374,15.223313331604004,24.0,3.5698351860046387,0.012048960663378239,14.088692665100098,0.15000000596046448,242.6352081298828,0.0,0.0,0.0
748,32.14567947387695,-86.74861907958984,9445.751953125,-14.106520652770996,0.1967868059873581,49.0,8.721076965332031,0.572729229927063,15.227225303649902,24.0,3.7866344451904297,0.012200969271361828,13.745501518249512,0.15000000596046448,244.61416625976562,0.0,0.0,4.924258232116699
749,32.15204620361328,-86.73775482177734,9444.482421875,-14.215420722961426,0.19756940007209778,49.0,8.511265754699707,0.5588068962097168,15.23114013671875,24.0,4.00846529006958,0.012354433536529541,13.411365509033203,0.15000000596046448,244.43865966796875,0.0,0.0,0.0
750,32.15841293334961,-86.72688293457031,9443.2119140625,4.170814037322998,0.2560344934463501,50.0,15.23505687713623,1.0,15.23505687713623,24.0,0.0,0.008257019333541393,357.10345458984375,0.15000000596046448,226.6871337890625,5.0,9.921648025512695,0.0
751,32.16477966308594,-86.71601867675781,9441.9423828125,-10.825029373168945,0.25481653213500977,50.0,15.238975524902344,1.0,15.238975524902344,24.0,0.0,0.008314241655170918,28.657854080200195,0.15000000596046448,227.1166534423828,0.0,4.841989517211914,0.0
752,32.17105484008789,-86.70530700683594,9433.5595703125,-10.884989738464355,0.25814348459243774,50.0,15.021469116210938,1.0,15.021469116210938,24.0,0.0,0.00837503932416439,28.279916763305664,0.15000000596046448,222.87550354003906,0.0,0.0,0.0
753,32.17718505859375,-86.69482421875,9414.509765625,-10.948287963867188,0.26790550351142883,50.0,14.689745903015137,1.0,14.689745903015137,24.0,0.0,0.008438645862042904,27.886144638061523,0.15000000596046448,215.0856475830078,0.0,0.0,5.103417873382568
754,32.183319091796875,-86.68434143066406,9395.4599609375,-11.013924598693848,0.27437809109687805,50.0,14.68461799621582,1.0,14.68461799621582,24.0,0.0,0.008506174199283123,27.4833927154541,0.15000000596046448,213.109619140625,0.0,0.0,5.105127334594727
755,32.189453125,-86.67385864257812,9376.41015625,-11.083077430725098,0.27019256353378296,50.0,14.679492950439453,1.0,14.679492950439453,24.0,0.0,0.008577526547014713,27.065126419067383,0.15000000596046448,214.26406860351562,0.0,0.0,0.21196307241916656
756,32.195587158203125,-86.66337585449219,9357.3603515625,-11.155560493469238,0.2674063444137573,50.0,14.674370765686035,1.0,14.674370765686035,24.0,0.0,0.008652604185044765,26.63330078125,0.15000000596046448,215.00701904296875,0.0,0.0,5.1085429191589355
757,32.20172119140625,-86.65289306640625,9338.3095703125,-11.231186866760254,0.25204285979270935,50.0,14.669252395629883,1.0,14.669252395629883,24.0,0.0,0.008731307461857796,26.1898250579834,0.15000000596046448,219.43943786621094,0.0,0.0,5.1102495193481445
758,32.20787811279297,-86.6423568725586,9318.244140625,-11.309769630432129,0.2567558288574219,50.0,14.728099822998047,1.0,14.728099822998047,24.0,0.0,0.008813908323645592,25.73655891418457,0.15000000596046448,218.93148803710938,0.0,0.0,0.20088259875774384
759,32.214080810546875,-86.6317367553711,9296.654296875,-11.39148998260498,0.24858760833740234,50.0,14.811583518981934,1.0,14.811583518981934,24.0,0.0,0.008900496177375317,25.273229598999023,0.15000000596046448,222.59214782714844,0.0,0.0,5.062805652618408
760,32.220279693603516,-86.6211166381836,9275.064453125,-11.47634506225586,0.24930153787136078,50.0,14.788505554199219,1.0,14.788505554199219,24.0,0.0,0.008990360423922539,24.800643920898438,0.15000000596046448,222.03416442871094,0.0,0.0,5.070497989654541
761,32.226478576660156,-86.61050415039062,9253.4736328125,-11.563549041748047,0.23830899596214294,50.0,14.765497207641602,1.0,14.765497207641602,24.0,0.0,0.009083384647965431,24.323884963989258,0.15000000596046448,224.93492126464844,0.0,0.0,0.14866594970226288
762,32.23268127441406,-86.59988403320312,9231.8837890625,-11.652910232543945,0.2480630725622177,50.0,14.647051811218262,0.9935217499732971,14.742557525634766,24.0,0.03204295411705971,0.009179454296827316,23.84452247619629,0.15000000596046448,221.70947265625,0.0,0.0,5.085813999176025
763,32.2388801574707,-86.58927154541016,9210.2939453125,-11.744245529174805,0.23299401998519897,50.0,14.329625129699707,0.973500669002533,14.719687461853027,24.0,0.1335599720478058,0.009278454817831516,23.364015579223633,0.15000000596046448,225.8017578125,0.0,0.0,0.1792517751455307
764,32.24522018432617,-86.57843017578125,9186.671875,-11.837343215942383,0.23380006849765778,50.0,14.319042205810547,0.9534955620765686,15.01741886138916,24.0,0.24414609372615814,0.009382536634802818,22.883893966674805,0.15000000596046448,230.1269073486328,0.0,0.0,4.9941935539245605
765,32.25177001953125,-86.56726837158203,9160.001953125,-11.934138298034668,0.22394008934497833,50.0,14.44676685333252,0.9331182241439819,15.482246398925781,24.0,0.3698994219303131,0.00949299056082964,22.394838333129883,0.15000000596046448,240.30300903320312,0.0,0.0,0.0
766,32.25831985473633,-86.55609893798828,9133.33203125,-4.0125532150268555,0.44223231077194214,51.0,15.476844787597656,1.0,15.476844787597656,24.0,0.0,0.008194631896913052,120.57218170166016,0.15000000596046448,172.64967346191406,5.0,9.841052055358887,0.0
767,32.264869689941406,-86.54493713378906,9106.662109375,-10.761547088623047,0.4417327344417572,51.0,15.47144603729248,1.0,15.47144603729248,24.0,0.0,0.008147523738443851,29.06327247619629,0.15000000596046448,172.74403381347656,0.0,4.683903217315674,0.0
768,32.271419525146484,-86.53376770019531,9079.9921875,-10.711363792419434,0.4584711790084839,51.0,15.466050148010254,1.0,15.466050148010254,24.0,0.0,0.008105285465717316,29.387653350830078,0.15000000596046448,167.50624084472656,0.0,0.0,0.0
769,32.27796936035156,-86.52259826660156,9053.322265625,-10.666105270385742,0.4608645439147949,51.0,15.460658073425293,1.0,15.460658073425293,24.0,0.0,0.008067985996603966,29.683176040649414,0.15000000596046448,166.70777893066406,0.0,0.0,4.846447467803955
770,32.28440856933594,-86.5115966796875,9027.66796875,-10.625909805297852,0.48600298166275024,51.0,15.210920333862305,1.0,15.210920333862305,24.0,0.0,0.008036158047616482,29.948030471801758,0.15000000596046448,156.3673553466797,0.0,0.0,0.0
771,32.290672302246094,-86.50084686279297,9003.5380859375,1.75009024143219,0.11637073010206223,52.0,14.837600708007812,1.0,14.837600708007812,24.0,0.0,0.008009817451238632,329.9430236816406,0.15000000596046448,262.21875,2.0,10.054133415222168,0.0
772,32.296939849853516,-86.49009704589844,8979.408203125,-10.562810897827148,0.1267811357975006,52.0,14.82801342010498,1.0,14.82801342010498,24.0,0.0,0.007988191209733486,30.368375778198242,0.15000000596046448,258.9620056152344,0.0,5.111462116241455,0.0
773,32.30320739746094,-86.4793472290039,8955.2783203125,-10.539216041564941,0.12772567570209503,52.0,14.818437576293945,1.0,14.818437576293945,24.0,0.0,0.007971309125423431,30.527006149291992,0.15000000596046448,258.5148620605469,0.0,0.17198285460472107,0.0
774,32.30947494506836,-86.46859741210938,8931.1484375,-10.520727157592773,0.12423951178789139,52.0,14.808873176574707,1.0,14.808873176574707,24.0,0.0,0.007959192618727684,30.651865005493164,0.15000000596046448,259.3805236816406,0.0,0.0,0.0
775,32.315738677978516,-86.45784759521484,8907.017578125,-10.507400512695312,0.13690438866615295,52.0,14.79931926727295,1.0,14.79931926727295,24.0,0.0,0.007951854728162289,30.742164611816406,0.15000000596046448,255.4645538330078,0.0,0.0,5.066893577575684
776,32.32210159301758,-86.4469223022461,8881.8720703125,-10.499279022216797,0.13227662444114685,52.0,15.019667625427246,1.0,15.019667625427246,24.0,0.0,0.007949301972985268,30.797313690185547,0.15000000596046448,260.6583251953125,0.0,0.0,0.06033769249916077
777,32.3286018371582,-86.43572235107422,8855.2021484375,-10.496377944946289,0.13110250234603882,52.0,15.344944953918457,1.0,15.344944953918457,24.0,0.0,0.00795179232954979,30.817045211791992,0.15000000596046448,266.6636657714844,0.0,0.0,0.0
778,32.33509826660156,-86.42452239990234,8828.5322265625,-10.498973846435547,0.1247856467962265,52.0,15.312223434448242,1.0,15.312223434448242,24.0,0.0,0.007959403097629547,30.799388885498047,0.15000000596046448,268.0295715332031,0.0,0.0,4.895925521850586
779,32.34159851074219,-86.41332244873047,8801.8623046875,-10.507161140441895,0.11533895134925842,52.0,15.27963924407959,1.0,15.27963924407959,24.0,0.0,0.007972088642418385,30.74378776550293,0.15000000596046448,270.3460388183594,0.0,0.0,0.0
780,32.34809875488281,-86.4021224975586,8775.1923828125,-10.520870208740234,0.11814243346452713,52.0,15.24718952178955,1.0,15.24718952178955,24.0,0.0,0.007989790290594101,30.650894165039062,0.15000000596046448,268.9169921875,0.0,0.0,4.917603492736816
781,32.35459899902344,-86.39092254638672,8748.5224609375,-10.54001522064209,0.1282200813293457,52.0,15.214874267578125,1.0,15.214874267578125,24.0,0.0,0.008012443780899048,30.521617889404297,0.15000000596046448,265.2804260253906,0.0,0.0,0.0
782,32.361053466796875,-86.37982940673828,8722.3603515625,2.057955026626587,0.2847292125225067,53.0,11.915552139282227,1.0,11.915552139282227,19.0,0.0,0.008039712905883789,343.3299865722656,0.0,215.3140106201172,2.0,9.982925415039062,0.0
783,32.367435455322266,-86.368896484375,8696.9599609375,-10.593894958496094,0.2688857913017273,53.0,11.735974311828613,1.0,11.735974311828613,19.0,0.0,0.008071246556937695,30.16060447692871,0.0,216.7664337158203,0.0,5.041462421417236,0.0
784,32.37382125854492,-86.35796356201172,8671.5595703125,-10.627787590026855,0.2680576741695404,53.0,12.022980690002441,1.0,12.022980690002441,19.5,0.0,0.008107298985123634,29.935609817504883,0.15000000596046448,216.61854553222656,0.0,0.10895752161741257,0.0
785,32.38020324707031,-86.3470230102539,8646.16015625,-10.666394233703613,0.27580904960632324,53.0,12.001222610473633,1.0,12.001222610473633,19.5,0.0,0.008147785440087318,29.681285858154297,0.15000000596046448,213.93666076660156,0.0,0.0,0.0
786,32.3865852355957,-86.33609008789062,8620.759765625,-10.70956039428711,0.2699190080165863,53.0,11.979540824890137,1.0,11.979540824890137,19.5,0.0,0.008192615583539009,29.399377822875977,0.15000000596046448,215.28701782226562,0.0,0.0,5.0853166580200195
787,32.39297103881836,-86.32515716552734,8595.3603515625,-10.757121086120605,0.253273606300354,53.0,11.957935333251953,1.0,11.957935333251953,19.5,0.0,0.008241693489253521,29.09174156188965,0.15000000596046448,219.7982940673828,0.0,0.0,0.17949721217155457
788,32.39934539794922,-86.314208984375,8569.9599609375,-10.808905601501465,0.24665454030036926,53.0,11.95421314239502,1.0,11.95421314239502,19.5,0.0,0.00829500611871481,28.760303497314453,0.15000000596046448,221.67759704589844,0.0,0.0,0.0
789,32.40571212768555,-86.30322265625,8544.5595703125,-10.864822387695312,0.24380268156528473,53.0,11.966428756713867,1.0,11.966428756713867,19.5,0.0,0.00835255067795515,28.406497955322266,0.15000000596046448,222.74415588378906,0.0,0.0,5.090695858001709
790,32.412078857421875,-86.292236328125,8519.16015625,-10.924782752990723,0.2573152780532837,53.0,11.962363243103027,1.0,11.962363243103027,19.5,0.0,0.008414164185523987,28.031747817993164,0.15000000596046448,218.68959045410156,0.0,0.0,0.18305954337120056
791,32.4184455871582,-86.28125762939453,8493.759765625,-10.988536834716797,0.26514187455177307,53.0,11.958300590515137,1.0,11.958300590515137,19.5,0.0,0.008479754440486431,27.638505935668945,0.15000000596046448,216.31149291992188,0.0,0.0,5.094030380249023
792,32.42481231689453,-86.27027130126953,8468.3603515625,-11.055903434753418,0.2687281370162964,53.0,11.954239845275879,1.0,11.954239845275879,19.5,0.0,0.008549224585294724,27.228750228881836,0.15000000596046448,215.18275451660156,0.0,0.0,0.18972674012184143
793,32.43117904663086,-86.25929260253906,8442.9599609375,-11.12669849395752,0.2618445158004761,53.0,11.95018196105957,1.0,11.95018196105957,19.5,0.0,0.008622478693723679,26.804447174072266,0.15000000596046448,217.13458251953125,0.0,0.0,0.0
794,32.437713623046875,-86.24799346923828,8417.5595703125,-11.200687408447266,0.26536306738853455,53.0,12.277985572814941,1.0,12.277985572814941,19.5,0.0,0.008701604790985584,26.367815017700195,0.15000000596046448,222.02735900878906,0.0,0.0,4.9628777503967285
795,32.444496154785156,-86.2362289428711,8392.16015625,-11.279885292053223,0.24211637675762177,53.0,12.771445274353027,1.0,12.771445274353027,19.5,0.0,0.008787952363491058,25.908035278320312,0.15000000596046448,238.25892639160156,0.0,0.0,4.760432720184326
796,32.45127868652344,-86.22445678710938,8366.759765625,-11.365581512451172,0.24951721727848053,53.0,12.767070770263672,1.0,12.767070770263672,19.5,0.0,0.008878272958099842,25.41924285888672,0.15000000596046448,235.8514862060547,0.0,0.0,4.762227535247803
797,32.458065032958984,-86.21269226074219,8341.3603515625,-11.45433235168457,0.26171454787254333,53.0,12.76269817352295,1.0,12.76269817352295,19.5,0.0,0.008972443640232086,24.922412872314453,0.15000000596046448,231.93881225585938,0.0,0.0,0.0
798,32.464847564697266,-86.200927734375,8315.9599609375,-11.545916557312012,0.25556546449661255,53.0,12.758328437805176,1.0,12.758328437805176,19.5,0.0,0.009070338681340218,24.4195613861084,0.15000000596046448,233.79052734375,0.0,0.0,4.765814304351807
799,32.47163009643555,-86.18916320800781,8290.5595703125,-11.640116691589355,0.25788870453834534,53.0,12.753960609436035,1.0,12.753960609436035,19.5,0.0,0.009171836078166962,23.91258430480957,0.15000000596046448,232.9811248779297,0.0,0.0,4.767605781555176
800,32.47830581665039,-86.1775894165039,8265.16015625,-11.7367582321167,0.2599515914916992,53.0,12.544425010681152,1.0,12.544425010681152,19.5,0.0,0.009275097399950027,23.403053283691406,0.15000000596046448,228.5164794921875,0.0,0.0,0.0
801,32.484825134277344,-86.16630554199219,8239.759765625,-11.834012985229492,0.2496037483215332,53.0,12.233830451965332,1.0,12.233830451965332,19.5,0.0,0.009378972463309765,22.900901794433594,0.15000000596046448,225.97467041015625,0.0,0.0,4.980992317199707
802,32.49134063720703,-86.15502166748047,8214.3603515625,-11.930709838867188,0.23765787482261658,53.0,14.060052871704102,0.9338327050209045,15.056286811828613,24.0,0.35560736060142517,0.00948586966842413,22.411985397338867,0.15000000596046448,229.5608367919922,0.0,0.0,0.0
803,32.49785614013672,-86.14373779296875,8188.9599609375,-2.835031270980835,0.2270030677318573,54.0,15.055550575256348,1.0,15.055550575256348,24.0,0.0,0.008217417635023594,151.15809631347656,0.15000000596046448,232.7578887939453,5.0,9.981483459472656,0.0
804,32.504371643066406,-86.13245391845703,8163.56005859375,-10.78545093536377,0.22858792543411255,54.0,15.054814338684082,1.0,15.054814338684082,24.0,0.0,0.008170848712325096,28.909969329833984,0.15000000596046448,232.26930236816406,0.0,4.963212013244629,0.0
805,32.51089096069336,-86.12117004394531,8138.16015625,-10.735982894897461,0.22436882555484772,54.0,15.0540771484375,1.0,15.0540771484375,24.0,0.0,0.008128850720822811,29.228086471557617,0.15000000596046448,233.52822875976562,0.0,0.0,0.0
806,32.51735305786133,-86.10995483398438,8113.77587890625,-10.691102027893066,0.22878451645374298,54.0,14.955286979675293,1.0,14.955286979675293,24.0,0.0,0.008091717027127743,29.519603729248047,0.15000000596046448,230.6749725341797,0.0,0.0,5.014904499053955
807,32.52373504638672,-86.09883880615234,8090.916015625,-10.651206016540527,0.2265470027923584,54.0,14.809199333190918,1.0,14.809199333190918,24.0,0.0,0.008059510961174965,29.781085968017578,0.15000000596046448,229.0843963623047,0.0,0.0,0.07850464433431625
808,32.530120849609375,-86.08772277832031,8068.05615234375,-10.61645793914795,0.2325529307126999,54.0,14.812804222106934,1.0,14.812804222106934,24.0,0.0,0.008031909354031086,30.01064109802246,0.15000000596046448,227.36087036132812,0.0,0.0,0.0
809,32.536502838134766,-86.07660675048828,8045.19580078125,-10.586548805236816,0.22919070720672607,54.0,14.816411972045898,1.0,14.816411972045898,24.0,0.0,0.00800896342843771,30.209583282470703,0.15000000596046448,228.4125518798828,0.0,0.0,5.0611958503723145
810,32.542884826660156,-86.06548309326172,8022.3359375,-10.561585426330566,0.23293723165988922,54.0,14.82002067565918,1.0,14.82002067565918,24.0,0.0,0.007990716956555843,30.37659454345703,0.15000000596046448,227.35772705078125,0.0,0.0,0.12118908017873764
811,32.54927062988281,-86.05436706542969,7999.47607421875,-10.54166030883789,0.23828409612178802,54.0,14.82363224029541,1.0,14.82363224029541,24.0,0.0,0.007977207191288471,30.51053810119629,0.15000000596046448,225.8279266357422,0.0,0.0,0.0
812,32.55571365356445,-86.04317474365234,7975.091796875,-10.526857376098633,0.23723627626895905,54.0,14.95122241973877,1.0,14.95122241973877,24.0,0.0,0.00796841736882925,30.61041259765625,0.15000000596046448,228.0850067138672,0.0,0.0,5.01625919342041
813,32.56224822998047,-86.0318603515625,7948.421875,-10.51717758178711,0.23844440281391144,54.0,8.836456298828125,1.0,8.836456298828125,14.0,0.0,0.007964488118886948,30.675888061523438,0.0,230.72410583496094,0.0,0.0,0.0
814,32.56877899169922,-86.02053833007812,7921.751953125,-0.8598289489746094,0.32191747426986694,55.0,9.164997100830078,1.0,9.164997100830078,14.5,0.0,0.007965565659105778,216.0606689453125,0.15000000596046448,205.7255096435547,2.0,9.943449974060059,0.0
815,32.575313568115234,-86.00922393798828,7895.08203125,-10.513824462890625,0.3206186890602112,55.0,9.17798900604248,1.0,9.17798900604248,14.5,0.0,0.007971670478582382,30.69860076904297,0.15000000596046448,206.41171264648438,0.0,4.87973165512085,0.0
816,32.58184814453125,-85.99790954589844,7868.412109375,-10.520358085632324,0.3198671340942383,55.0,9.191018104553223,1.0,9.191018104553223,14.5,0.0,0.007982813753187656,30.65436363220215,0.15000000596046448,206.93341064453125,0.0,0.0,0.0
817,32.58837890625,-85.98658752441406,7841.7421875,-10.532370567321777,0.3340110778808594,55.0,9.204085350036621,1.0,9.204085350036621,14.5,0.0,0.007998996414244175,30.573179244995117,0.15000000596046448,202.91815185546875,0.0,0.0,4.921884059906006
818,32.59479904174805,-85.97544860839844,7816.087890625,-10.549848556518555,0.3357448875904083,55.0,9.069013595581055,1.0,9.069013595581055,14.5,0.0,0.0080198273062706,30.45542335510254,0.15000000596046448,199.41976928710938,0.0,0.0,0.0
819,32.601051330566406,-85.96456146240234,7791.9580078125,4.495637893676758,0.37366747856140137,56.0,8.858402252197266,1.0,8.858402252197266,14.5,0.0,0.00804482027888298,300.6396179199219,0.15000000596046448,183.6680450439453,2.0,10.112605094909668,0.0
820,32.6072998046875,-85.95368194580078,7767.828125,-10.599260330200195,0.37025243043899536,56.0,8.868447303771973,1.0,8.868447303771973,14.5,0.0,0.008074402809143066,30.124876022338867,0.15000000596046448,184.87889099121094,0.0,5.219669342041016,0.0
821,32.613548278808594,-85.94279479980469,7743.6982421875,-10.631038665771484,0.37079551815986633,56.0,8.878515243530273,1.0,8.878515243530273,14.5,0.0,0.008108542300760746,29.91411018371582,0.15000000596046448,184.92916870117188,0.0,0.3211778700351715,0.0
822,32.61980056762695,-85.93191528320312,7719.56787109375,-10.667585372924805,0.38533109426498413,56.0,8.8886079788208,1.0,8.8886079788208,14.5,0.0,0.008147197775542736,29.6734676361084,0.15000000596046448,180.86236572265625,0.0,0.0,0.0
823,32.62604904174805,-85.92102813720703,7695.43798828125,-10.708796501159668,0.3832586705684662,56.0,8.898723602294922,1.0,8.898723602294922,14.5,0.0,0.008190321736037731,29.404338836669922,0.15000000596046448,181.67869567871094,0.0,0.0,5.090359687805176
824,32.632293701171875,-85.91014862060547,7671.30810546875,-10.754557609558105,0.382794052362442,56.0,8.903755187988281,1.0,8.903755187988281,14.5,0.0,0.008237832225859165,29.108243942260742,0.15000000596046448,181.91836547851562,0.0,0.0,0.17794305086135864
825,32.638526916503906,-85.89926147460938,7647.17822265625,-10.804708480834961,0.3723468780517578,56.0,8.904129028320312,1.0,8.904129028320312,14.5,0.0,0.008289636112749577,28.787029266357422,0.15000000596046448,185.00537109375,0.0,0.0,0.0
826,32.64476013183594,-85.88838195800781,7623.0478515625,-10.859071731567383,0.3747972548007965,56.0,8.90899658203125,1.0,8.90899658203125,14.5,0.0,0.008345681242644787,28.44268798828125,0.15000000596046448,184.38385009765625,0.0,0.0,5.084691524505615
827,32.65099334716797,-85.87749481201172,7598.91796875,-10.917515754699707,0.3769727349281311,56.0,8.913869857788086,1.0,8.913869857788086,14.5,0.0,0.008405892178416252,28.076913833618164,0.15000000596046448,183.8427734375,0.0,0.0,0.16669443249702454
828,32.6572265625,-85.86661529541016,7574.7880859375,-10.979876518249512,0.36762386560440063,56.0,8.91874885559082,1.0,8.91874885559082,14.5,0.0,0.008470186963677406,27.691612243652344,0.15000000596046448,186.70358276367188,0.0,0.0,0.0
829,32.66345977783203,-85.85572814941406,7550.658203125,-11.045985221862793,0.3773772716522217,56.0,8.92363452911377,1.0,8.92363452911377,14.5,0.0,0.008538482710719109,27.288711547851562,0.15000000596046448,183.92466735839844,0.0,0.0,5.076615333557129
830,32.66973876953125,-85.84475708007812,7526.52783203125,-11.115653038024902,0.3855631649494171,56.0,8.998286247253418,1.0,8.998286247253418,14.5,0.0,0.008611270226538181,26.87022590637207,0.15000000596046448,183.0249481201172,0.0,0.0,0.11204399168491364
831,32.676090240478516,-85.83365631103516,7502.39794921875,-11.189292907714844,0.39085009694099426,56.0,9.107916831970215,1.0,9.107916831970215,14.5,0.0,0.008688853122293949,26.434606552124023,0.15000000596046448,183.66079711914062,0.0,0.0,4.974942684173584
832,32.68244171142578,-85.82256317138672,7478.26806640625,-11.267131805419922,0.38967058062553406,56.0,8.798667907714844,1.0,8.798667907714844,14.0,0.0,0.008770311251282692,25.98154640197754,0.0,184.1172332763672,0.0,0.0,4.972189426422119
833,32.68878936767578,-85.81146240234375,7454.13818359375,-11.348122596740723,0.4016590118408203,56.0,8.866374015808105,1.0,8.866374015808105,14.100000381469727,0.0,0.008855546824634075,25.518096923828125,0.10000000149011612,180.5996551513672,0.0,0.0,0.0
834,32.69514083862305,-85.80036163330078,7430.0078125,-11.432073593139648,0.4059816300868988,56.0,8.871236801147461,1.0,8.871236801147461,14.100000381469727,0.0,0.00894445925951004,25.046133041381836,0.10000000149011612,179.39328002929688,0.0,0.0,4.966673851013184
835,32.70148849487305,-85.78926086425781,7405.8779296875,-11.518795013427734,0.4077558219432831,56.0,8.876106262207031,1.0,8.876106262207031,14.100000381469727,0.0,0.009036947973072529,24.567445755004883,0.10000000149011612,178.95565795898438,0.0,0.0,4.963911056518555
836,32.707847595214844,-85.77813720703125,7381.240234375,-11.608100891113281,0.408462256193161,56.0,8.89276123046875,1.0,8.89276123046875,14.100000381469727,0.0,0.009133046492934227,24.083738327026367,0.10000000149011612,179.07757568359375,0.0,0.0,4.954462051391602
837,32.71421432495117,-85.7669906616211,7355.83984375,-11.699934005737305,0.39543023705482483,56.0,8.91318416595459,1.0,8.91318416595459,14.100000381469727,0.0,0.009232709184288979,23.595951080322266,0.10000000149011612,183.443115234375,0.0,0.0,0.0
838,32.7205810546875,-85.7558364868164,7330.43994140625,-11.794163703918457,0.39126458764076233,56.0,8.912752151489258,1.0,8.912752151489258,14.100000381469727,0.0,0.009335603564977646,23.105379104614258,0.10000000149011612,184.69813537597656,0.0,0.0,4.943119525909424
839,32.72694778442383,-85.74468994140625,7305.0400390625,-11.89039134979248,0.3827223777770996,56.0,8.912320137023926,1.0,8.912320137023926,14.100000381469727,0.0,0.009441622532904148,22.61460304260254,0.10000000149011612,187.2808837890625,0.0,0.0,0.0
840,32.733314514160156,-85.7335433959961,7279.64013671875,2.8585472106933594,0.4092414379119873,57.0,8.911888122558594,1.0,8.911888122558594,14.100000381469727,0.0,0.008263335563242435,283.5641174316406,0.10000000149011612,179.2263641357422,5.0,9.943609237670898,0.0
841,32.739681243896484,-85.7223892211914,7254.240234375,-10.833673477172852,0.4198856055736542,57.0,8.911456108093262,1.0,8.911456108093262,14.100000381469727,0.0,0.008214160799980164,28.603071212768555,0.10000000149011612,175.98855590820312,0.0,4.88746452331543,0.0
842,32.74603271484375,-85.71125030517578,7229.34814453125,-10.781722068786621,0.41750699281692505,57.0,8.899986267089844,1.0,8.899986267089844,14.100000381469727,0.0,0.008169632405042648,28.9338321685791,0.10000000149011612,176.4827117919922,0.0,0.0,0.0
843,32.75236511230469,-85.70013427734375,7205.2177734375,-10.734395980834961,0.41985413432121277,57.0,8.885117530822754,1.0,8.885117530822754,14.100000381469727,0.0,0.008129819296300411,29.23834800720215,0.10000000149011612,175.47792053222656,0.0,0.0,4.958798885345459
844,32.75870132446289,-85.68901824951172,7181.087890625,-10.691856384277344,0.42414602637290955,57.0,8.890003204345703,1.0,8.890003204345703,14.100000381469727,0.0,0.008094701915979385,29.514684677124023,0.10000000149011612,174.2755126953125,0.0,0.0,4.956026554107666
845,32.76503372192383,-85.67790222167969,7156.9580078125,-10.654145240783691,0.42273539304733276,57.0,8.89489459991455,1.0,8.89489459991455,14.100000381469727,0.0,0.008064349181950092,29.761751174926758,0.10000000149011612,174.79855346679688,0.0,0.0,0.0
846,32.771366119384766,-85.66678619384766,7132.828125,-3.8027777671813965,0.3360627293586731,58.0,8.899791717529297,1.0,8.899791717529297,14.100000381469727,0.0,0.008038824424147606,125.60883331298828,0.10000000149011612,201.15414428710938,2.0,9.950472831726074,0.0
847,32.7776985168457,-85.65567016601562,7108.6982421875,-10.59375286102295,0.32723167538642883,58.0,8.904694557189941,1.0,8.904694557189941,14.100000381469727,0.0,0.008018183521926403,30.161550521850586,0.10000000149011612,203.94200134277344,0.0,4.89816427230835,0.0
848,32.78392028808594,-85.64476013183594,7084.56787109375,-10.571310043334961,0.3289436995983124,58.0,8.752208709716797,1.0,8.752208709716797,14.100000381469727,0.0,0.008002709597349167,30.311433792114258,0.10000000149011612,199.93955993652344,0.0,0.0,0.0
849,32.78997039794922,-85.63416290283203,7060.43798828125,-10.554428100585938,0.3074760437011719,58.0,8.526556968688965,1.0,8.526556968688965,14.100000381469727,0.0,0.007992254570126534,30.424646377563477,0.10000000149011612,201.0159912109375,0.0,0.0,5.162237167358398
850,32.7960205078125,-85.6235580444336,7036.30810546875,-10.542964935302734,0.30627942085266113,58.0,8.546728134155273,1.0,8.546728134155273,14.100000381469727,0.0,0.00798636395484209,30.50174903869629,0.10000000149011612,201.83969116210938,0.0,0.0,0.31302985548973083
851,32.80207061767578,-85.61296081542969,7012.17822265625,-10.536453247070312,0.3070307970046997,58.0,8.566996574401855,1.0,8.566996574401855,14.100000381469727,0.0,0.007985081523656845,30.545631408691406,0.10000000149011612,202.09922790527344,0.0,0.0,0.0
852,32.80812072753906,-85.60236358642578,6988.0478515625,-10.534951210021973,0.3103124797344208,58.0,8.587363243103027,1.0,8.587363243103027,14.100000381469727,0.0,0.007988445460796356,30.555761337280273,0.10000000149011612,201.62033081054688,0.0,0.0,5.127737045288086
853,32.814170837402344,-85.59175872802734,6963.91796875,-10.538501739501953,0.32070353627204895,58.0,8.607829093933105,1.0,8.607829093933105,14.100000381469727,0.0,0.007996481843292713,30.53182029724121,0.10000000149011612,199.05592346191406,0.0,0.0,0.2438625544309616
854,32.82033157348633,-85.58096313476562,6939.7880859375,-10.547114372253418,0.325802743434906,58.0,8.784960746765137,1.0,8.784960746765137,14.100000381469727,0.0,0.008009484969079494,30.47381591796875,0.10000000149011612,201.62710571289062,0.0,0.0,0.0
855,32.82666778564453,-85.56988525390625,6915.658203125,-10.561091423034668,0.316550076007843,58.0,9.039043426513672,1.0,9.039043426513672,14.100000381469727,0.0,0.008027899079024792,30.379911422729492,0.10000000149011612,210.3058319091797,0.0,0.0,4.871464252471924
856,32.83300018310547,-85.55879974365234,6891.52783203125,-10.580924034118652,0.3016580045223236,58.0,9.05517292022705,1.0,9.05517292022705,14.100000381469727,0.0,0.008051439188420773,30.247135162353516,0.10000000149011612,215.27174377441406,0.0,0.0,0.0
857,32.839332580566406,-85.54771423339844,6867.39794921875,-1.7274056673049927,0.20633691549301147,59.0,9.071361541748047,1.0,9.071361541748047,14.100000381469727,0.0,0.00808008760213852,185.3570556640625,0.10000000149011612,245.09292602539062,2.0,9.853128433227539,0.0
858,32.845664978027344,-85.53663635253906,6843.26806640625,-10.636987686157227,0.20185424387454987,59.0,9.08760929107666,1.0,9.08760929107666,14.100000381469727,0.0,0.008113820105791092,29.87481689453125,0.10000000149011612,246.918701171875,0.0,4.697037696838379,0.0
859,32.85200119018555,-85.52555084228516,6819.13818359375,-10.673067092895508,0.19592325389385223,59.0,9.103917121887207,1.0,9.103917121887207,14.100000381469727,0.0,0.00815260224044323,29.63753318786621,0.10000000149011612,249.19993591308594,0.0,0.0,0.0
860,32.85814666748047,-85.51477813720703,6795.0078125,-10.71442699432373,0.19872547686100006,59.0,8.85464859008789,1.0,8.85464859008789,14.100000381469727,0.0,0.008195051923394203,29.367755889892578,0.10000000149011612,241.5320587158203,0.0,0.0,4.976086139678955
861,32.864013671875,-85.50447845458984,6770.8779296875,-10.759511947631836,0.21550095081329346,59.0,8.467741012573242,1.0,8.467741012573242,14.100000381469727,0.0,0.008239944465458393,29.076358795166016,0.10000000149011612,226.1424560546875,0.0,0.0,0.17169402539730072
862,32.86988067626953,-85.49417877197266,6746.748046875,-10.80688190460205,0.21838130056858063,59.0,8.472576141357422,1.0,8.472576141357422,14.100000381469727,0.0,0.008288993500173092,28.773189544677734,0.10000000149011612,225.44081115722656,0.0,0.0,0.0
863,32.87574768066406,-85.48387908935547,6722.6181640625,-10.858353614807129,0.22509047389030457,59.0,8.417292594909668,1.0,8.417292594909668,14.0,0.0,0.008342131972312927,28.447214126586914,0.0,223.6333770751953,0.0,0.0,5.190118312835693
864,32.881614685058594,-85.47357940673828,6698.48779296875,-10.91378402709961,0.21782079339027405,59.0,11.429999351501465,1.0,11.429999351501465,19.0,0.0,0.008399292826652527,28.100133895874023,0.15000000596046448,225.86041259765625,0.0,0.0,0.37748706340789795
865,32.887481689453125,-85.4632797241211,6674.35791015625,-10.973024368286133,0.2248745709657669,59.0,11.436537742614746,1.0,11.436537742614746,19.0,0.0,0.008460399694740772,27.73369598388672,0.15000000596046448,223.9516143798828,0.0,0.0,0.0
866,32.89340591430664,-85.4528579711914,6650.22802734375,-11.035901069641113,0.23045042157173157,59.0,11.572732925415039,1.0,11.572732925415039,19.0,0.0,0.008526136167347431,27.349802017211914,0.15000000596046448,224.98841857910156,0.0,0.0,5.127270698547363
867,32.89942169189453,-85.4422607421875,6626.09814453125,-11.103032112121582,0.23096805810928345,59.0,11.77546501159668,1.0,11.77546501159668,19.0,0.0,0.00859695952385664,26.94557762145996,0.15000000596046448,228.77578735351562,0.0,0.0,0.16918011009693146
868,32.90544128417969,-85.4316635131836,6601.9677734375,-11.174820899963379,0.23432841897010803,59.0,11.785846710205078,1.0,11.785846710205078,19.0,0.0,0.00867172610014677,26.519672393798828,0.15000000596046448,227.97695922851562,0.0,0.0,5.037538051605225
869,32.91145706176758,-85.42105865478516,6577.837890625,-11.249975204467773,0.23029527068138123,59.0,11.796248435974121,1.0,11.796248435974121,19.0,0.0,0.008750347420573235,26.080760955810547,0.15000000596046448,229.38009643554688,0.0,0.0,0.07069645822048187
870,32.91747283935547,-85.41046142578125,6553.7080078125,-11.328312873840332,0.23111054301261902,59.0,11.806670188903809,1.0,11.806670188903809,19.0,0.0,0.008832731284201145,25.630708694458008,0.15000000596046448,229.3395538330078,0.0,0.0,5.028770446777344
871,32.92348861694336,-85.39985656738281,6529.578125,-11.409656524658203,0.22627422213554382,59.0,11.817110061645508,1.0,11.817110061645508,19.0,0.0,0.008918787352740765,25.171327590942383,0.15000000596046448,230.98617553710938,0.0,0.0,5.024374961853027
872,32.92953872680664,-85.3891830444336,6504.43212890625,-11.493818283081055,0.2077411264181137,59.0,11.90943717956543,1.0,11.90943717956543,19.0,0.0,0.009009063243865967,24.70440101623535,0.15000000596046448,238.36692810058594,0.0,0.0,4.985499858856201
873,32.935638427734375,-85.37837982177734,6477.76220703125,-11.581238746643066,0.21273505687713623,59.0,12.042913436889648,1.0,12.042913436889648,19.0,0.0,0.009103869087994099,24.22825813293457,0.15000000596046448,239.51907348632812,0.0,0.0,0.0
874,32.94173812866211,-85.3675765991211,6451.091796875,-11.672123908996582,0.22142858803272247,59.0,12.053584098815918,1.0,12.053584098815918,19.0,0.0,0.009202180430293083,23.742652893066406,0.15000000596046448,237.08401489257812,0.0,0.0,4.924806594848633
875,32.94784164428711,-85.35678100585938,6424.421875,-11.765381813049316,0.22873981297016144,59.0,12.064274787902832,1.0,12.064274787902832,19.0,0.0,0.00930390041321516,23.254167556762695,0.15000000596046448,235.0659637451172,0.0,0.0,0.0
876,32.953941345214844,-85.34597778320312,6397.751953125,-11.860833168029785,0.22508083283901215,59.0,12.074984550476074,1.0,12.074984550476074,19.0,0.0,0.009408930316567421,22.764266967773438,0.15000000596046448,236.39083862304688,0.0,0.0,4.915795803070068
877,32.96004104614258,-85.3351821899414,6371.08203125,-11.958307266235352,0.21889878809452057,59.0,12.085715293884277,1.0,12.085715293884277,19.0,0.0,0.009517173282802105,22.274314880371094,0.15000000596046448,238.48843383789062,0.0,0.0,0.0
878,32.9660530090332,-85.32453155517578,6345.42822265625,-10.886350631713867,0.2719336152076721,60.0,11.924692153930664,1.0,11.924692153930664,19.0,0.0,0.008262982591986656,28.271392822265625,0.15000000596046448,219.3339080810547,5.0,9.979077339172363,0.0
879,32.9719352722168,-85.31411743164062,6321.2978515625,-10.83299446105957,0.28530704975128174,60.0,11.677427291870117,1.0,11.677427291870117,19.0,0.0,0.008217573165893555,28.607370376586914,0.15000000596046448,210.8406219482422,0.0,5.062265872955322,0.0
880,32.977821350097656,-85.30370330810547,6297.16796875,-10.7850341796875,0.26790302991867065,60.0,11.687853813171387,1.0,11.687853813171387,19.0,0.0,0.008176508359611034,28.912633895874023,0.15000000596046448,216.16781616210938,0.0,0.14106403291225433,0.0
881,32.98370361328125,-85.29328155517578,6273.0380859375,-10.741422653198242,0.27166494727134705,60.0,11.6983003616333,1.0,11.6983003616333,19.0,0.0,0.008139865472912788,29.19293785095215,0.15000000596046448,215.24923706054688,0.0,0.0,0.0
882,32.989585876464844,-85.28286743164062,6248.908203125,-10.702310562133789,0.2781178951263428,60.0,11.70876693725586,1.0,11.70876693725586,19.0,0.0,0.008107719011604786,29.44654083251953,0.15000000596046448,213.5330352783203,0.0,0.0,5.069993019104004
883,32.99546813964844,-85.27245330810547,6224.77783203125,-10.667838096618652,0.27699095010757446,60.0,11.719252586364746,1.0,11.719252586364746,19.0,0.0,0.008080135099589825,29.671812057495117,0.15000000596046448,214.05792236328125,0.0,0.0,0.13557054102420807
884,33.00143814086914,-85.26200103759766,6200.77490234375,-10.638138771057129,0.2828502953052521,60.0,11.814502716064453,1.0,11.814502716064453,19.0,0.0,0.008057028986513615,29.867216110229492,0.15000000596046448,214.04885864257812,0.0,0.0,5.025472640991211
885,33.007530212402344,-85.25150299072266,6176.96240234375,-10.613163948059082,0.30181095004081726,60.0,11.95987606048584,1.0,11.95987606048584,19.0,0.0,0.008038490079343319,30.03249168395996,0.15000000596046448,210.9538116455078,0.0,0.0,0.0
886,33.01362609863281,-85.24099731445312,6153.14990234375,0.004972268361598253,0.29851898550987244,61.0,11.987634658813477,1.0,11.987634658813477,19.0,0.0,0.008024834096431732,250.20652770996094,0.15000000596046448,212.4403839111328,2.0,9.952574729919434,0.0
887,33.0198860168457,-85.230712890625,6129.28759765625,-10.578185081481934,0.2892398536205292,61.0,11.958284378051758,1.0,11.958284378051758,19.0,0.0,0.008016165345907211,30.265439987182617,0.15000000596046448,214.7235107421875,0.0,4.917507648468018,0.0
888,33.02682113647461,-85.22127532958984,6105.22412109375,-10.568760871887207,0.2895740568637848,61.0,11.817204475402832,1.0,11.817204475402832,19.0,0.0,0.008012508042156696,30.32849884033203,0.15000000596046448,212.09048461914062,0.0,0.0,0.0
889,33.033756256103516,-85.21184539794922,6081.1611328125,-10.564668655395508,0.29343181848526,61.0,11.837416648864746,1.0,11.837416648864746,19.0,0.0,0.008013661950826645,30.355918884277344,0.15000000596046448,211.29959106445312,0.0,0.0,5.015824317932129
890,33.04069137573242,-85.20240783691406,6057.09765625,-10.565792083740234,0.30156779289245605,61.0,11.85770034790039,1.0,11.85770034790039,19.0,0.0,0.008019651286303997,30.348388671875,0.15000000596046448,209.2244110107422,0.0,0.0,5.007284164428711
891,33.04762268066406,-85.19297790527344,6033.03466796875,-10.572154998779297,0.2848786413669586,61.0,11.87805461883545,1.0,11.87805461883545,19.0,0.0,0.008030491881072521,30.30577278137207,0.15000000596046448,214.5915985107422,0.0,0.0,0.005997874774038792
892,33.05455780029297,-85.18354034423828,6008.9716796875,-10.583763122558594,0.2786949574947357,61.0,11.898481369018555,1.0,11.898481369018555,19.0,0.0,0.00804619025439024,30.22817611694336,0.15000000596046448,216.81939697265625,0.0,0.0,4.990113258361816
893,33.061492919921875,-85.17411041259766,5984.908203125,-10.600602149963379,0.27491870522499084,61.0,11.91897964477539,1.0,11.91897964477539,19.0,0.0,0.008066743612289429,30.115949630737305,0.15000000596046448,218.3300018310547,0.0,0.0,0.0
894,33.06842803955078,-85.1646728515625,5960.84521484375,3.3346331119537354,0.4062945544719696,62.0,11.939550399780273,1.0,11.939550399780273,19.0,0.0,0.008092141710221767,284.9786071777344,0.15000000596046448,179.07981872558594,2.0,9.972820281982422,0.0
895,33.07548904418945,-85.15534210205078,5932.93212890625,-10.6498441696167,0.40450990200042725,62.0,11.97988224029541,1.0,11.97988224029541,19.0,0.0,0.008122436702251434,29.79005241394043,0.15000000596046448,180.22486877441406,0.0,4.928659915924072,0.0
896,33.0826416015625,-85.14607238769531,5902.4521484375,-10.6821928024292,0.4124159812927246,62.0,12.009316444396973,1.0,12.009316444396973,19.0,0.0,0.008157577365636826,29.577804565429688,0.15000000596046448,178.26902770996094,0.0,0.0,0.0
897,33.08979034423828,-85.13681030273438,5871.97216796875,-10.719573020935059,0.426374614238739,62.0,12.020370483398438,1.0,12.020370483398438,19.0,0.0,0.008197461254894733,29.3343505859375,0.15000000596046448,174.19427490234375,0.0,0.0,4.938791275024414
898,33.09693908691406,-85.1275405883789,5841.4921875,-10.761822700500488,0.4222487509250641,62.0,12.03144645690918,1.0,12.03144645690918,19.0,0.0,0.008242032490670681,29.061500549316406,0.15000000596046448,175.6088409423828,0.0,0.0,4.9341278076171875
899,33.10409164428711,-85.11827087402344,5811.01220703125,-10.808812141418457,0.4133153557777405,62.0,12.042542457580566,1.0,12.042542457580566,19.0,0.0,0.008291231468319893,28.760900497436523,0.15000000596046448,178.48863220214844,0.0,0.0,0.0
900,33.11124038696289,-85.1090087890625,5780.5322265625,-3.377594232559204,0.3312000036239624,63.0,12.05366039276123,1.0,12.05366039276123,19.0,0.0,0.008344988338649273,136.3568115234375,0.15000000596046448,203.6586456298828,2.0,9.924774169921875,0.0
901,33.118228912353516,-85.09993743896484,5729.47802734375,-10.916617393493652,0.3312073051929474,63.0,11.818333625793457,1.0,11.818333625793457,19.0,0.0,0.008402136154472828,28.08249855041504,0.15000000596046448,199.68038940429688,0.0,4.948633670806885,0.0
902,33.12511444091797,-85.09100341796875,5664.7080078125,-10.97592544555664,0.33909353613853455,63.0,11.682571411132812,1.0,11.682571411132812,19.0,0.0,0.008462824858725071,27.71587371826172,0.15000000596046448,195.0590362548828,0.0,0.029656298458576202,0.0
903,33.131996154785156,-85.08207702636719,5599.93798828125,-11.038349151611328,0.32627010345458984,63.0,11.723893165588379,1.0,11.723893165588379,19.0,0.0,0.008527742698788643,27.334959030151367,0.15000000596046448,199.5470428466797,0.0,0.0,0.0
904,33.13888168334961,-85.0731430053711,5535.16796875,-11.104640007019043,0.33488601446151733,63.0,11.765511512756348,1.0,11.765511512756348,19.0,0.0,0.008596845902502537,26.935964584350586,0.15000000596046448,197.69447326660156,0.0,0.0,5.046100616455078
905,33.1457633972168,-85.064208984375,5470.39794921875,-11.174661636352539,0.3388961851596832,63.0,11.807429313659668,1.0,11.807429313659668,19.0,0.0,0.008670084178447723,26.520614624023438,0.15000000596046448,197.20260620117188,0.0,0.0,0.07455125451087952
906,33.152645111083984,-85.0552749633789,5405.6279296875,-11.248269081115723,0.351432204246521,63.0,11.849651336669922,1.0,11.849651336669922,19.0,0.0,0.008747403509914875,26.09064483642578,0.15000000596046448,194.15499877929688,0.0,0.0,5.010673522949219
907,33.15943145751953,-85.04644775390625,5337.0478515625,-11.325373649597168,0.3420007824897766,63.0,11.729094505310059,1.0,11.729094505310059,19.0,0.0,0.008827637881040573,25.6474609375,0.15000000596046448,194.974365234375,0.0,0.0,5.061433792114258
908,33.16614532470703,-85.0376968383789,5265.92822265625,-11.404654502868652,0.3215240240097046,63.0,11.6576566696167,1.0,11.6576566696167,19.0,0.0,0.008910926058888435,25.1993465423584,0.15000000596046448,199.81744384765625,0.0,0.0,5.091512680053711
909,33.1728630065918,-85.0289535522461,5194.80810546875,-11.486160278320312,0.32914236187934875,63.0,11.69200325012207,1.0,11.69200325012207,19.0,0.0,0.008997888304293156,24.746538162231445,0.15000000596046448,198.15586853027344,0.0,0.0,0.1685643196105957
910,33.17958068847656,-85.02020263671875,5123.68798828125,-11.570459365844727,0.325240820646286,63.0,11.726554870605469,1.0,11.726554870605469,19.0,0.0,0.009088460355997086,24.286483764648438,0.15000000596046448,199.89727783203125,0.0,0.0,5.062503337860107
911,33.18629837036133,-85.0114517211914,5052.56787109375,-11.657401084899902,0.32066312432289124,63.0,11.761314392089844,1.0,11.761314392089844,19.0,0.0,0.009182573296129704,23.820674896240234,0.15000000596046448,201.84996032714844,0.0,0.0,5.047867774963379
912,33.19301223754883,-85.00270080566406,4981.4482421875,-11.746834754943848,0.31769275665283203,63.0,11.796282768249512,1.0,11.796282768249512,19.0,0.0,0.009280160069465637,23.350534439086914,0.15000000596046448,203.33531188964844,0.0,0.0,0.08101172745227814
913,33.199710845947266,-84.99397277832031,4908.80419921875,-11.838627815246582,0.32133451104164124,63.0,11.798321723937988,1.0,11.798321723937988,19.0,0.0,0.009380875155329704,22.877336502075195,0.15000000596046448,202.28497314453125,0.0,0.0,5.032285690307617
914,33.20639419555664,-84.9852523803711,4835.14404296875,-11.932355880737305,0.32701945304870605,63.0,11.809064865112305,1.0,11.809064865112305,19.0,0.0,0.009484696201980114,22.403751373291016,0.15000000596046448,200.77316284179688,0.0,0.0,0.060047782957553864
915,33.213077545166016,-84.9765396118164,4761.48388671875,-12.02791976928711,0.316716730594635,63.0,11.840483665466309,1.0,11.840483665466309,19.0,0.0,0.009591717272996902,21.93067741394043,0.15000000596046448,204.38916015625,0.0,0.0,0.0
916,33.21976089477539,-84.96781921386719,4687.82421875,-12.125345230102539,0.3116864860057831,63.0,11.872071266174316,1.0,11.872071266174316,19.0,0.0,0.009701866656541824,21.458370208740234,0.15000000596046448,206.44313049316406,0.0,0.0,5.001233100891113
917,33.226444244384766,-84.9591064453125,4614.1640625,-12.224493980407715,0.3166045546531677,63.0,11.903831481933594,1.0,11.903831481933594,19.0,0.0,0.009815073572099209,20.98784828186035,0.15000000596046448,205.5164031982422,0.0,0.0,0.0
918,33.23312759399414,-84.95038604736328,4540.50390625,-1.8339812755584717,0.29355746507644653,64.0,11.93576431274414,1.0,11.93576431274414,19.0,0.0,0.008201430551707745,181.8263397216797,0.15000000596046448,213.0172119140625,5.0,9.974414825439453,0.0
919,33.239810943603516,-84.94168090820312,4466.84423828125,-10.768205642700195,0.301259845495224,64.0,11.960380554199219,1.0,11.960380554199219,19.0,0.0,0.008166865445673466,29.020490646362305,0.15000000596046448,211.12921142578125,0.0,4.938465595245361,0.0
920,33.24649429321289,-84.9329833984375,4393.18408203125,-10.731407165527344,0.2952072322368622,64.0,11.987638473510742,1.0,11.987638473510742,19.0,0.0,0.008136945776641369,29.257678985595703,0.15000000596046448,213.44338989257812,0.0,0.0,0.0
921,33.253177642822266,-84.92427825927734,4319.52392578125,-10.699409484863281,0.3056786060333252,64.0,12.020065307617188,1.0,12.020065307617188,19.0,0.0,0.008111746050417423,29.46543312072754,0.15000000596046448,210.84097290039062,0.0,0.0,4.938919544219971
922,33.25986099243164,-84.91558074951172,4245.86376953125,-10.672348022460938,0.3129388391971588,64.0,12.052671432495117,1.0,12.052671432495117,19.0,0.0,0.008091351948678493,29.642244338989258,0.15000000596046448,209.20223999023438,0.0,0.0,4.9251909255981445
923,33.266544342041016,-84.9068832397461,4172.2041015625,-10.650362014770508,0.32270142436027527,64.0,12.085456848144531,1.0,12.085456848144531,19.0,0.0,0.008075841702520847,29.78664779663086,0.15000000596046448,206.79063415527344,0.0,0.0,0.0
924,33.27322769165039,-84.89817810058594,4098.5439453125,-10.63357162475586,0.3279978632926941,64.0,12.118424415588379,1.0,12.118424415588379,19.0,0.0,0.008065285161137581,29.897371292114258,0.15000000596046448,205.7332305908203,0.0,0.0,4.897505760192871
925,33.27973937988281,-84.88967895507812,4031.741943359375,-10.622051239013672,0.33744892477989197,64.0,11.853757858276367,1.0,11.853757858276367,19.0,0.0,0.008059785701334476,29.973575592041016,0.15000000596046448,198.40977478027344,0.0,0.0,0.0
926,33.28614044189453,-84.88131713867188,3969.511962890625,1.1489777565002441,0.23329955339431763,65.0,11.68244743347168,1.0,11.68244743347168,19.0,0.0,0.008059056475758553,300.856689453125,0.15000000596046448,226.28053283691406,2.0,10.081074714660645,0.0
927,33.29254150390625,-84.8729476928711,3907.281982421875,-10.61508560180664,0.23198221623897552,65.0,11.706405639648438,1.0,11.706405639648438,19.0,0.0,0.00806302297860384,30.019744873046875,0.15000000596046448,227.13417053222656,0.0,5.152061939239502,0.0
928,33.2989387512207,-84.86457824707031,3845.052001953125,-10.619244575500488,0.2366229146718979,65.0,11.730463981628418,1.0,11.730463981628418,19.0,0.0,0.008071709424257278,29.992170333862305,0.15000000596046448,226.2257080078125,0.0,0.21291901171207428,0.0
929,33.30533981323242,-84.85621643066406,3782.822021484375,-10.6284818649292,0.24392202496528625,65.0,11.754623413085938,1.0,11.754623413085938,19.0,0.0,0.008085128851234913,29.931018829345703,0.15000000596046448,224.5240936279297,0.0,0.0,0.0
930,33.31174087524414,-84.84784698486328,3720.592041015625,-10.642797470092773,0.2392997443675995,65.0,11.778884887695312,1.0,11.778884887695312,19.0,0.0,0.008103289641439915,29.83648109436035,0.15000000596046448,226.3629608154297,0.0,0.0,5.040469646453857
931,33.318519592285156,-84.83953094482422,3685.031982421875,-10.661957740783691,0.25408369302749634,65.0,12.098864555358887,1.0,12.098864555358887,19.0,0.0,0.0081266388297081,29.71040153503418,0.15000000596046448,227.99343872070312,0.0,0.0,0.0
932,33.32555389404297,-84.83124542236328,3667.251953125,-10.68668270111084,0.3198331296443939,66.0,12.338744163513184,1.0,12.338744163513184,19.0,0.0,0.00815537292510271,29.548463821411133,0.15000000596046448,212.01864624023438,2.0,9.804738998413086,0.0
933,33.33258819580078,-84.82295989990234,3649.471923828125,-10.717218399047852,0.32486245036125183,66.0,12.381951332092285,1.0,12.381951332092285,19.0,0.0,0.008189273066818714,29.349634170532227,0.15000000596046448,211.18789672851562,0.0,4.5912861824035645,0.0
934,33.33961868286133,-84.81468200683594,3631.69189453125,-10.753129959106445,0.3355714976787567,66.0,12.425466537475586,1.0,12.425466537475586,19.0,0.0,0.008228332735598087,29.1174373626709,0.15000000596046448,208.5684356689453,0.0,0.0,0.0
935,33.34665298461914,-84.806396484375,3613.912109375,-10.794344902038574,0.32544246315956116,66.0,12.469291687011719,1.0,12.469291687011719,19.0,0.0,0.008272536098957062,28.85312843322754,0.15000000596046448,212.49485778808594,0.0,0.0,4.749772071838379
936,33.35368728637695,-84.79811096191406,3596.132080078125,-10.840770721435547,0.3219132125377655,66.0,12.51343059539795,1.0,12.51343059539795,19.0,0.0,0.008321858942508698,28.558164596557617,0.15000000596046448,214.36273193359375,0.0,0.0,0.0
937,33.360321044921875,-84.79035949707031,3590.5439453125,-0.4390464425086975,0.28741568326950073,67.0,11.902266502380371,1.0,11.902266502380371,19.0,0.0,0.00837324932217598,232.22955322265625,0.15000000596046448,214.26614379882812,2.0,9.988519668579102,0.0
938,33.3666877746582,-84.782958984375,3593.083984375,-10.94575023651123,0.28635409474372864,67.0,11.602261543273926,1.0,11.602261543273926,19.0,0.0,0.00842750258743763,27.90182876586914,0.15000000596046448,209.1765899658203,0.0,5.103356838226318,0.0
939,33.37305450439453,-84.77555847167969,3595.6240234375,-11.0017671585083,0.2878314256668091,67.0,11.81993579864502,1.0,11.81993579864502,19.0,0.0,0.008486970327794552,27.557567596435547,0.15000000596046448,212.6598663330078,0.0,0.12654167413711548,0.0
940,33.37942123413086,-84.76815795898438,3598.1640625,-11.062766075134277,0.29489773511886597,67.0,12.045949935913086,1.0,12.045949935913086,19.0,0.0,0.00855184905230999,27.187339782714844,0.15000000596046448,214.57583618164062,0.0,0.0,0.0
941,33.38578796386719,-84.76075744628906,3600.7041015625,-11.128838539123535,0.30528703331947327,67.0,12.280792236328125,1.0,12.280792236328125,19.0,0.0,0.008622338995337486,26.791719436645508,0.15000000596046448,215.5358123779297,0.0,0.0,4.829139709472656
942,33.392154693603516,-84.75335693359375,3603.243896484375,-11.200069427490234,0.3055417537689209,67.0,12.524991989135742,1.0,12.524991989135742,19.0,0.0,0.008698646910488605,26.371429443359375,0.15000000596046448,219.74107360839844,0.0,0.0,0.0
943,33.3980712890625,-84.7464828491211,3604.260009765625,-11.276705741882324,0.30403077602386475,67.0,11.855319023132324,1.0,11.855319023132324,19.0,0.0,0.008774890564382076,25.926342010498047,0.15000000596046448,208.44473266601562,0.0,0.0,5.008286476135254
944,33.4036865234375,-84.73994445800781,3604.260009765625,-11.352567672729492,0.29363295435905457,67.0,11.450798034667969,1.0,11.450798034667969,19.0,0.0,0.00885214563459158,25.492895126342773,0.15000000596046448,204.3402099609375,0.0,0.0,5.1786112785339355
945,33.4093017578125,-84.73341369628906,3604.260009765625,-11.428657531738281,0.2887508273124695,67.0,11.652442932128906,1.0,11.652442932128906,19.0,0.0,0.008934308774769306,25.06517219543457,0.15000000596046448,209.37576293945312,0.0,0.0,0.27231931686401367
946,33.414920806884766,-84.72688293457031,3604.260009765625,-11.508861541748047,0.2826954126358032,67.0,11.861330032348633,1.0,11.861330032348633,19.0,0.0,0.009021524339914322,24.621828079223633,0.15000000596046448,214.94366455078125,0.0,0.0,5.00575590133667
947,33.420536041259766,-84.72034454345703,3604.260009765625,-11.593198776245117,0.27188989520072937,67.0,12.07785701751709,1.0,12.07785701751709,19.0,0.0,0.00911394041031599,24.163806915283203,0.15000000596046448,222.16444396972656,0.0,0.0,4.914586544036865
948,33.42615509033203,-84.71381378173828,3604.260009765625,-11.681686401367188,0.27305981516838074,67.0,12.302449226379395,1.0,12.302449226379395,19.0,0.0,0.009211709722876549,23.69211196899414,0.15000000596046448,225.9320831298828,0.0,0.0,4.820021152496338
949,33.43138885498047,-84.70771026611328,3604.260009765625,-11.774486541748047,0.279145210981369,67.0,11.686049461364746,1.0,11.686049461364746,19.0,0.0,0.009307879023253918,23.20699691772461,0.15000000596046448,212.8154296875,0.0,0.0,0.0
950,33.43637466430664,-84.70189666748047,3604.260009765625,-11.864771842956543,0.25957733392715454,67.0,11.322672843933105,1.0,11.322672843933105,19.0,0.0,0.009404031559824944,22.7442684173584,0.15000000596046448,211.7952880859375,0.0,0.0,5.232558727264404
951,33.44135665893555,-84.69607543945312,3604.260009765625,-11.95401668548584,0.25193890929222107,67.0,11.523487091064453,1.0,11.523487091064453,19.0,0.0,0.009504805319011211,22.295665740966797,0.15000000596046448,217.77529907226562,0.0,0.0,0.3805641531944275
952,33.44633865356445,-84.69026184082031,3604.260009765625,-12.046579360961914,0.249667227268219,67.0,11.731565475463867,1.0,11.731565475463867,19.0,0.0,0.009610329754650593,21.839447021484375,0.15000000596046448,222.38092041015625,0.0,0.0,0.0
953,33.451324462890625,-84.68444061279297,3604.260009765625,-12.142461776733398,0.2472221553325653,67.0,11.947307586669922,1.0,11.947307586669922,19.0,0.0,0.009720737114548683,21.376419067382812,0.15000000596046448,227.20846557617188,0.0,0.0,4.969554424285889
954,33.45630645751953,-84.67862701416016,3604.260009765625,-12.241663932800293,0.2476368248462677,67.0,11.210267066955566,1.0,11.210267066955566,17.5,0.0,0.009836168959736824,20.907390594482422,0.15000000596046448,231.33782958984375,0.0,0.0,0.0
955,33.46112060546875,-84.67302703857422,3603.498046875,-2.1730964183807373,0.2850044071674347,68.0,14.071503639221191,1.0,14.071503639221191,22.5,0.0,0.008258012123405933,170.93621826171875,0.15000000596046448,214.63601684570312,5.0,9.996798515319824,0.0
956,33.4658203125,-84.6675796508789,3602.22802734375,-10.82733154296875,0.2960226535797119,68.0,13.839242935180664,1.0,13.839242935180664,22.5,0.0,0.008223513141274452,28.64324951171875,0.15000000596046448,207.84030151367188,0.0,5.076179027557373,0.0
957,33.47052001953125,-84.6621322631836,3600.9580078125,-10.790885925292969,0.30914825201034546,68.0,13.958562850952148,1.0,13.958562850952148,22.5,0.0,0.008193290792405605,28.875225067138672,0.15000000596046448,205.7236785888672,0.0,0.11313433945178986,0.0
958,33.4752197265625,-84.65667724609375,3599.68798828125,-10.758820533752441,0.30331486463546753,68.0,14.079963684082031,1.0,14.079963684082031,22.5,0.0,0.008167514577507973,29.080806732177734,0.15000000596046448,209.26510620117188,0.0,0.0,0.0
959,33.47991943359375,-84.65122985839844,3598.41796875,-10.731365203857422,0.3039270341396332,68.0,14.20350170135498,1.0,14.20350170135498,22.5,0.0,0.00814635120332241,29.257953643798828,0.15000000596046448,210.91571044921875,0.0,0.0,4.949865818023682
960,33.484619140625,-84.64578247070312,3597.14794921875,-10.708741188049316,0.29689401388168335,68.0,14.329233169555664,1.0,14.329233169555664,22.5,0.0,0.008129967376589775,29.404699325561523,0.15000000596046448,214.9326934814453,0.0,0.0,0.0
961,33.48918914794922,-84.64047241210938,3597.402099609375,-10.69116497039795,0.30084899067878723,68.0,14.009183883666992,1.0,14.009183883666992,22.5,0.0,0.008118790574371815,29.519193649291992,0.15000000596046448,208.9500732421875,0.0,0.0,5.018957138061523
962,33.493675231933594,-84.63525390625,3598.672119140625,-10.679132461547852,0.3107496500015259,68.0,13.77430534362793,1.0,13.77430534362793,22.5,0.0,0.008112491108477116,29.597820281982422,0.15000000596046448,202.53749084472656,0.0,0.0,0.12142609804868698
963,33.4981575012207,-84.63003540039062,3599.94189453125,-10.672308921813965,0.3037232756614685,68.0,13.795710563659668,1.0,13.795710563659668,22.5,0.0,0.008110861293971539,29.64250373840332,0.15000000596046448,204.920166015625,0.0,0.0,0.0
964,33.50263977050781,-84.62481689453125,3601.2119140625,-10.670482635498047,0.29951661825180054,68.0,13.817183494567871,1.0,13.817183494567871,22.5,0.0,0.008113927207887173,29.65447235107422,0.15000000596046448,206.47909545898438,0.0,0.0,5.087223529815674
965,33.50712203979492,-84.6196060180664,3602.48193359375,-10.673684120178223,0.29168203473091125,68.0,13.838725090026855,1.0,13.838725090026855,22.5,0.0,0.008121706545352936,29.63348960876465,0.15000000596046448,209.1139678955078,0.0,0.0,0.1667880266904831
966,33.5116081237793,-84.61438751220703,3603.751953125,-10.681927680969238,0.307041198015213,68.0,13.860334396362305,1.0,13.860334396362305,22.5,0.0,0.008134206756949425,29.579538345336914,0.15000000596046448,204.8990020751953,0.0,0.0,0.0
967,33.51595687866211,-84.60909271240234,3600.650634765625,-10.695239067077637,0.3041984438896179,68.0,15.602569580078125,1.0,15.602569580078125,25.5,0.0,0.00815129280090332,29.492616653442383,0.20000000298023224,204.35372924804688,0.0,0.0,5.105076313018799
968,33.52022171020508,-84.60375213623047,3594.634765625,-10.71341323852539,0.3039782643318176,68.0,15.537263870239258,1.0,15.537263870239258,25.5,0.0,0.008172900415956974,29.374338150024414,0.20000000298023224,203.5627899169922,0.0,0.0,0.23064056038856506
969,33.52448272705078,-84.5984115600586,3588.618896484375,-10.736336708068848,0.2957707345485687,68.0,15.549878120422363,1.0,15.549878120422363,25.5,0.0,0.008199063129723072,29.22579574584961,0.20000000298023224,206.13043212890625,0.0,0.0,0.0
970,33.52874755859375,-84.59307098388672,3582.603271484375,-10.764029502868652,0.2917681038379669,68.0,15.562512397766113,1.0,15.562512397766113,25.5,0.0,0.008229751139879227,29.047313690185547,0.20000000298023224,207.47044372558594,0.0,0.0,5.117643356323242
971,33.5315055847168,-84.58604431152344,3549.126953125,-10.796627044677734,0.30123966932296753,68.0,16.37129783630371,1.0,16.37129783630371,25.5,0.0,0.008267130702733994,28.838560104370117,0.20000000298023224,215.3339080810547,0.0,0.0,0.0
972,33.53388977050781,-84.57860565185547,3508.785888671875,-10.83601188659668,0.3028721511363983,68.0,16.831674575805664,1.0,16.831674575805664,25.5,0.0,0.008310789242386818,28.58826446533203,0.20000000298023224,220.87208557128906,0.0,0.0,4.719474792480469
973,33.53627014160156,-84.5711669921875,3468.44482421875,-10.881731033325195,0.2942826747894287,68.0,16.51674461364746,1.0,16.51674461364746,25.0,0.0,0.0083596371114254,28.30033302307129,0.0,223.7981414794922,0.0,0.0,0.0
974,33.537662506103516,-84.5637435913086,3426.51904296875,0.7254799604415894,0.4515964388847351,69.0,15.79127025604248,1.0,15.79127025604248,25.0,0.0,0.008411247283220291,263.23370361328125,0.0,166.27178955078125,2.0,9.946793556213379,0.0
975,33.53757095336914,-84.55636596679688,3382.216796875,-10.986589431762695,0.4517066478729248,69.0,17.022274017333984,0.790012538433075,21.54684066772461,35.0,1.3090760707855225,0.008466273546218872,27.650440216064453,0.30000001192092896,162.0204315185547,0.0,5.021801471710205,0.0
976,33.5374755859375,-84.54898071289062,3337.914306640625,-11.043241500854492,0.4557598829269409,69.0,16.866487503051758,0.7801520228385925,21.619487762451172,35.0,1.3925495147705078,0.008525815792381763,27.305320739746094,0.30000001192092896,161.36492919921875,0.0,0.08020410686731339,0.0
977,33.537384033203125,-84.54159545898438,3293.612060546875,-11.10412883758545,0.46054238080978394,69.0,16.69651985168457,0.7696864008903503,21.692626953125,35.0,1.4836788177490234,0.008589829318225384,26.939023971557617,0.30000001192092896,160.488037109375,0.0,0.0,0.0
978,33.53729248046875,-84.53421020507812,3249.309814453125,-11.169114112854004,0.4568518102169037,69.0,16.5133113861084,0.7586654424667358,21.76626205444336,35.0,1.5826138257980347,0.008658263832330704,26.55329132080078,0.30000001192092896,162.13449096679688,0.0,0.0,5.0248541831970215
979,33.53719711303711,-84.52682495117188,3205.00732421875,-11.238054275512695,0.4619326591491699,69.0,16.317842483520508,0.7471402883529663,21.84039878845215,35.0,1.6895071268081665,0.008731064386665821,26.14990997314453,0.30000001192092896,161.1648712158203,0.0,0.0,0.03276313841342926
980,33.537105560302734,-84.51944732666016,3160.705078125,-11.310796737670898,0.45734143257141113,69.0,16.11111831665039,0.7351625561714172,21.915042877197266,35.0,1.8045142889022827,0.008808172307908535,25.730688095092773,0.30000001192092896,163.09556579589844,0.0,0.0,4.990847587585449
981,33.537010192871094,-84.5120620727539,3116.40283203125,-11.38718318939209,0.45707589387893677,69.0,15.8941650390625,0.7227841019630432,21.990198135375977,35.0,1.927794098854065,0.008889526128768921,25.297443389892578,0.30000001192092896,163.73497009277344,0.0,0.0,4.973669052124023
982,33.53691864013672,-84.50467681884766,3072.1005859375,-11.467053413391113,0.45956313610076904,69.0,15.668013572692871,0.710056483745575,22.06587028503418,35.0,2.0595083236694336,0.008975058794021606,24.85197639465332,0.30000001192092896,163.5457305908203,0.0,0.0,0.0
983,33.536861419677734,-84.49755859375,3028.696044921875,-11.550247192382812,0.4501098692417145,69.0,14.879379272460938,0.6970294713973999,21.346843719482422,35.0,2.1208255290985107,0.009061411954462528,24.39603042602539,0.30000001192092896,160.98403930664062,0.0,0.0,5.120721340179443
984,33.53681182861328,-84.49050903320312,2985.51611328125,-11.633432388305664,0.4491475522518158,69.0,14.525012969970703,0.6842348575592041,21.228111267089844,35.0,2.239197015762329,0.009150706231594086,23.948219299316406,0.30000001192092896,160.3687744140625,0.0,0.0,5.147860527038574
985,33.53675842285156,-84.48345947265625,2942.3359375,-11.718620300292969,0.45955580472946167,69.0,14.307168960571289,0.671367883682251,21.310476303100586,35.0,2.384320020675659,0.009243682026863098,23.497875213623047,0.30000001192092896,157.94911193847656,0.0,0.0,5.129034042358398
986,33.53670883178711,-84.47640991210938,2899.156005859375,-11.806439399719238,0.4507152736186981,69.0,14.084369659423828,0.6583486199378967,21.393482208251953,35.0,2.5376439094543457,0.009340278804302216,23.04220199584961,0.30000001192092896,161.1581268310547,0.0,0.0,0.23909533023834229
987,33.536659240722656,-84.4693603515625,2855.97607421875,-11.896748542785645,0.4506562352180481,69.0,13.857378005981445,0.6452152729034424,21.477136611938477,35.0,2.6993460655212402,0.009440438821911812,22.582534790039062,0.30000001192092896,161.80569458007812,0.0,0.0,5.090939998626709
988,33.5366096496582,-84.46231079101562,2812.7958984375,-11.989407539367676,0.44523483514785767,69.0,13.62692928314209,0.6320043206214905,21.56144905090332,35.0,2.869608163833618,0.009544102475047112,22.12015151977539,0.30000001192092896,164.0439910888672,0.0,0.0,0.16260871291160583
989,33.53661346435547,-84.45523071289062,2767.583984375,-12.08426570892334,0.43833956122398376,69.0,13.437885284423828,0.6187515258789062,21.717741012573242,35.0,3.058640241622925,0.009651552885770798,21.65630340576172,0.30000001192092896,167.28680419921875,0.0,0.0,0.0
990,33.53662872314453,-84.44815063476562,2721.864013671875,-12.181516647338867,0.43194276094436646,69.0,13.20590877532959,0.605444610118866,21.811920166015625,35.0,3.248997449874878,0.009762443602085114,21.190561294555664,0.30000001192092896,169.9257354736328,0.0,0.0,5.014418601989746
991,33.53664779663086,-84.4410629272461,2676.14404296875,-12.280753135681152,0.4233384132385254,69.0,12.959880828857422,0.5921524167060852,21.88605499267578,35.0,3.445512056350708,0.009876607917249203,20.7253360748291,0.30000001192092896,173.08590698242188,0.0,0.0,0.01189163513481617
992,33.53666305541992,-84.4339828491211,2630.424072265625,-12.381749153137207,0.41141247749328613,69.0,12.713396072387695,0.5789158940315247,21.960695266723633,35.0,3.651080369949341,0.009993978776037693,20.262056350708008,0.30000001192092896,177.26800537109375,0.0,0.0,0.0
993,33.536678314208984,-84.4269027709961,2584.7041015625,-12.48437213897705,0.4073178470134735,69.0,12.467022895812988,0.5657609701156616,22.03584861755371,35.0,3.865872859954834,0.010114490054547787,19.801633834838867,0.30000001192092896,179.112060546875,0.0,0.0,4.963234901428223
994,33.53669738769531,-84.41981506347656,2538.98388671875,-12.588493347167969,0.40693363547325134,69.0,12.221284866333008,0.5527113080024719,22.11151695251465,35.0,4.090063571929932,0.010238075628876686,19.344894409179688,0.30000001192092896,179.84361267089844,0.0,0.0,0.0
995,33.536712646484375,-84.41255950927734,2493.263916015625,-12.69398021697998,0.4107093811035156,69.0,12.286698341369629,0.5397893786430359,22.762022018432617,35.0,4.435729503631592,0.010367974638938904,18.892629623413086,0.30000001192092896,183.95584106445312,0.0,0.0,4.797252178192139
996,33.5367317199707,-84.40525817871094,2447.5439453125,-12.803500175476074,0.3975365161895752,69.0,12.122747421264648,0.5266849398612976,23.01707649230957,35.0,4.727935791015625,0.01050199568271637,18.433971405029297,0.30000001192092896,190.17529296875,0.0,0.0,0.0
997,33.536746978759766,-84.39795684814453,2401.823974609375,-0.09902210533618927,0.2680281698703766,70.0,23.137454986572266,1.0,23.137454986572266,35.0,0.0,0.008197194896638393,245.91163635253906,0.30000001192092896,232.26466369628906,5.0,9.71143913269043,0.0
998,33.53676223754883,-84.39066314697266,2356.10400390625,-10.762388229370117,0.2736385762691498,70.0,19.310277938842773,0.8302246928215027,23.259098052978516,35.0,1.0871608257293701,0.008186674676835537,29.057863235473633,0.30000001192092896,231.6961669921875,0.0,4.395073413848877,0.0
999,33.536781311035156,-84.38336181640625,2310.384033203125,-10.751238822937012,0.2702450454235077,70.0,19.460275650024414,0.8322749733924866,23.382028579711914,35.0,1.0770483016967773,0.008181777782738209,29.129623413085938,0.30000001192092896,234.00892639160156,0.0,0.0,0.0
1000,33.53679656982422,-84.37606048583984,2264.6640625,-10.746047973632812,0.27113330364227295,70.0,19.586149215698242,0.8332310914993286,23.506263732910156,35.0,1.0753633975982666,0.008182605728507042,29.163087844848633,0.30000001192092896,234.96592712402344,0.0,0.0,4.627139568328857
1001,33.53681182861328,-84.36947631835938,2221.991943359375,-10.747014999389648,0.28609949350357056,70.0,17.71125030517578,0.833052933216095,21.26065444946289,35.0,0.9738782644271851,0.008188328705728054,29.15685272216797,0.30000001192092896,208.1553192138672,0.0,0.0,5.1404218673706055
1002,33.53683090209961,-84.36308288574219,2180.08203125,-10.753113746643066,0.29590874910354614,70.0,17.2546329498291,0.8319297432899475,20.74049186706543,35.0,0.9577345252037048,0.008198448456823826,29.117542266845703,0.30000001192092896,200.27244567871094,0.0,0.0,0.3997381925582886
1003,33.53684616088867,-84.35668182373047,2138.172119140625,-10.763849258422852,0.3067622184753418,70.0,17.264991760253906,0.8299564123153687,20.802288055419922,35.0,0.9741775393486023,0.00821308046579361,29.048473358154297,0.30000001192092896,197.7727813720703,0.0,0.0,5.2451910972595215
1004,33.536865234375,-84.35028076171875,2096.261962890625,-10.779345512390137,0.3117760717868805,70.0,17.257322311401367,0.8271158933639526,20.864456176757812,35.0,0.9968224167823792,0.008232241496443748,28.949054718017578,0.30000001192092896,196.9291534423828,0.0,0.0,0.47617268562316895
1005,33.53688049316406,-84.34387969970703,2054.35205078125,-10.799593925476074,0.2932276427745819,70.0,17.23166847229004,0.8234182000160217,20.92699432373047,35.0,1.0257800817489624,0.008255939930677414,28.819637298583984,0.30000001192092896,202.84280395507812,0.0,0.0,0.0
1006,33.536895751953125,-84.33747863769531,2012.4420166015625,-10.82457160949707,0.29693758487701416,70.0,17.188190460205078,0.8188787698745728,20.989910125732422,35.0,1.0611635446548462,0.008284179493784904,28.660755157470703,0.30000001192092896,202.3846893310547,0.0,0.0,5.202306270599365
1007,33.53689956665039,-84.33084106445312,1967.4840087890625,-10.854231834411621,0.29080256819725037,70.0,17.75225257873535,0.8135195970535278,21.821542739868164,35.0,1.1433324813842773,0.008318246342241764,28.473186492919922,0.30000001192092896,212.23928833007812,0.0,0.0,0.21452516317367554
1008,33.53689956665039,-84.32414245605469,1921.7640380859375,-10.889885902404785,0.30298304557800293,70.0,17.803977966308594,0.807121992111206,22.058595657348633,35.0,1.204878568649292,0.008357493206858635,28.249269485473633,0.30000001192092896,210.86009216308594,0.0,0.0,0.0
1009,33.53689956665039,-84.31743621826172,1876.0439453125,-10.93078327178955,0.2958492338657379,70.0,17.675424575805664,0.7998431921005249,22.098613739013672,35.0,1.264016032218933,0.008401591330766678,27.994510650634766,0.30000001192092896,213.40464782714844,0.0,0.0,4.948888301849365
1010,33.53689956665039,-84.31073760986328,1830.323974609375,-10.976505279541016,0.2837294340133667,70.0,17.5290470123291,0.7917802333831787,22.138778686523438,35.0,1.33073890209198,0.008450491353869438,27.712308883666992,0.30000001192092896,217.47230529785156,0.0,0.0,0.0
1011,33.53689956665039,-84.30403900146484,1784.60400390625,-11.02692699432373,0.2723618149757385,70.0,17.36577033996582,0.7829793691635132,22.17909049987793,35.0,1.4051294326782227,0.008504139259457588,27.404277801513672,0.30000001192092896,221.3259735107422,0.0,0.0,4.9304938316345215
1012,33.53689956665039,-84.2973403930664,1738.884033203125,-11.081908226013184,0.26908397674560547,70.0,17.18659782409668,0.7734899520874023,22.219547271728516,35.0,1.4872703552246094,0.008562473580241203,27.0721492767334,0.30000001192092896,222.72854614257812,0.0,0.0,0.0
1013,33.53689956665039,-84.290771484375,1699.260009765625,1.2413887977600098,0.23182272911071777,71.0,21.77471923828125,1.0,21.77471923828125,35.0,0.0,0.008623972535133362,305.21868896484375,0.30000001192092896,229.396728515625,2.0,10.022921562194824,0.0
1014,33.53689956665039,-84.28424072265625,1661.1600341796875,-11.203446388244629,0.22628481686115265,71.0,16.301158905029297,0.7529047131538391,21.651025772094727,35.0,1.6241450309753418,0.008689306676387787,26.351665496826172,0.30000001192092896,229.7379608154297,0.0,5.074115753173828,0.0
1015,33.53689956665039,-84.2777099609375,1623.06005859375,-11.269015312194824,0.22318966686725616,71.0,16.055723190307617,0.7420192956924438,21.63787841796875,35.0,1.7195253372192383,0.008758686482906342,25.97067642211914,0.30000001192092896,230.51693725585938,0.0,0.12831497192382812,0.0
1016,33.53689956665039,-84.27117156982422,1584.9599609375,-11.338106155395508,0.2171916365623474,71.0,15.446247100830078,1.0,15.446247100830078,25.0,0.0,0.008832008577883244,25.574975967407227,0.0,232.15586853027344,0.0,0.0,0.0
1017,33.53689956665039,-84.26464080810547,1546.8599853515625,-11.410530090332031,0.2124374657869339,71.0,15.539649963378906,0.838881254196167,18.524255752563477,30.0,0.9487572908401489,0.008909166790544987,25.16643714904785,0.30000001192092896,233.4241485595703,0.0,0.0,5.060198783874512
1018,33.53689956665039,-84.25811004638672,1508.760009765625,-11.486096382141113,0.22832529246807098,71.0,15.271327018737793,0.8248962759971619,18.51302719116211,30.0,1.0479539632797241,0.00899005588144064,24.746889114379883,0.30000001192092896,228.57655334472656,0.0,0.0,0.12339159101247787
1019,33.537899017333984,-84.25140380859375,1464.9449462890625,-11.56432819366455,0.23910975456237793,71.0,15.731968879699707,0.8106554746627808,19.406478881835938,30.0,1.2087373733520508,0.009078501723706722,24.319664001464844,0.30000001192092896,236.25921630859375,0.0,0.0,4.824938774108887
1020,33.53915023803711,-84.2446517944336,1419.7012939453125,-11.649293899536133,0.24662786722183228,71.0,15.77369213104248,0.7954580783843994,19.829696655273438,30.0,1.359721064567566,0.00917283445596695,23.86374282836914,0.30000001192092896,239.02626037597656,0.0,0.0,4.712080955505371
1021,33.540401458740234,-84.23789978027344,1374.45751953125,-11.739083290100098,0.2465033233165741,71.0,15.56842041015625,0.7796974778175354,19.967256546020508,30.0,1.504459261894226,0.009271803312003613,23.39092445373535,0.30000001192092896,240.72418212890625,0.0,0.0,0.0
1022,33.542869567871094,-84.232666015625,1330.6424560546875,-11.832025527954102,0.2529612183570862,71.0,13.310004234313965,0.763701856136322,17.428272247314453,30.0,1.4380019903182983,0.009360934607684612,22.911056518554688,0.30000001192092896,208.3135223388672,0.0,0.0,5.352460861206055
1023,33.54615020751953,-84.22844696044922,1287.780029296875,-11.914925575256348,0.2608996331691742,71.0,12.572220802307129,0.7497032880783081,16.769596099853516,30.0,1.4929907321929932,0.009449106641113758,22.491098403930664,0.30000001192092896,198.31063842773438,0.0,0.0,0.8805686235427856
1024,33.54943084716797,-84.22422790527344,1244.91748046875,-11.99634075164795,0.2640206813812256,71.0,12.388904571533203,0.7361974120140076,16.828237533569336,30.0,1.6080224514007568,0.009540130384266376,22.085922241210938,0.30000001192092896,198.1637420654297,0.0,0.0,5.512470245361328
1025,33.553504943847656,-84.22109985351562,1201.5537109375,-12.079413414001465,0.26208361983299255,71.0,12.270271301269531,0.7226601243019104,16.979312896728516,30.0,1.7376692295074463,0.009634274989366531,21.6798038482666,0.30000001192092896,200.46900939941406,0.0,0.0,0.9846534132957458
1026,33.55876922607422,-84.21959686279297,1157.4378662109375,-12.164400100708008,0.2638431787490845,71.0,13.513401985168457,0.7090607285499573,19.05817222595215,30.0,2.085301399230957,0.009742703288793564,21.271821975708008,0.30000001192092896,224.4768524169922,0.0,0.0,0.0
1027,33.564029693603516,-84.21810150146484,1113.3221435546875,-12.261577606201172,0.26595863699913025,71.0,13.289007186889648,0.6938150525093079,19.15353012084961,30.0,2.2540197372436523,0.009854638017714024,20.814451217651367,0.30000001192092896,224.9517364501953,0.0,0.0,4.892392158508301
1028,33.56929397583008,-84.21659851074219,1069.206298828125,-12.360774040222168,0.26780831813812256,71.0,13.062586784362793,0.6785812973976135,19.249847412109375,30.0,2.4314496517181396,0.00997003074735403,20.357439041137695,0.30000001192092896,225.5132598876953,0.0,0.0,0.0
1029,33.57436752319336,-84.21614837646484,1038.8599853515625,-12.461950302124023,0.2595311999320984,71.0,12.143489837646484,0.6633784174919128,18.305522918701172,30.0,2.4770312309265137,0.010082346387207508,19.90135383605957,0.30000001192092896,216.8747100830078,0.0,0.0,5.118526935577393
1030,33.57931137084961,-84.21640014648438,1017.693359375,-12.559288024902344,0.2751416265964508,71.0,11.750777244567871,0.649065375328064,18.104150772094727,30.0,2.6102652549743652,0.010195869952440262,19.471961975097656,0.30000001192092896,209.9671173095703,0.0,0.0,0.2907535135746002
1031,33.58425521850586,-84.2166519165039,996.5266723632812,-12.656521797180176,0.2859225869178772,71.0,11.688868522644043,0.6350679397583008,18.405698776245117,30.0,2.820413827896118,0.010313684120774269,19.052038192749023,0.30000001192092896,210.28948974609375,0.0,0.0,0.0
1032,33.58919906616211,-84.21690368652344,975.3599853515625,-12.756294250488281,0.27108222246170044,71.0,11.623741149902344,0.6210106015205383,18.71746063232422,30.0,3.0460970401763916,0.010435895062983036,18.63031768798828,0.30000001192092896,218.29583740234375,0.0,0.0,5.008677005767822
1033,33.59388732910156,-84.21893310546875,958.6912231445312,-12.858795166015625,0.26611897349357605,71.0,11.743465423583984,0.606884777545929,19.35040283203125,30.0,3.3425068855285645,0.010564973577857018,18.206544876098633,0.30000001192092896,227.2143096923828,0.0,0.0,0.0
1034,33.598575592041016,-84.22096252441406,942.0225219726562,-2.683258056640625,0.28645190596580505,72.0,19.868236541748047,1.0,19.868236541748047,30.0,0.0,0.008291388861835003,155.52316284179688,0.30000001192092896,226.83106994628906,5.0,9.701803207397461,0.0
1035,33.60326385498047,-84.22299194335938,925.353759765625,-10.862977027893066,0.2906809151172638,72.0,13.609702110290527,1.0,13.609702110290527,20.0,0.0,0.00828216690570116,28.418102264404297,0.0,231.68692016601562,0.0,4.257923126220703,0.0
1036,33.605899810791016,-84.22675323486328,910.5900268554688,-10.853460311889648,0.2945805788040161,72.0,11.444293975830078,1.0,11.444293975830078,20.100000381469727,0.0,0.00827911589294672,28.478046417236328,0.10000000149011612,192.7886962890625,0.0,0.0,0.0
1037,33.60802459716797,-84.2309341430664,896.302490234375,-10.850284576416016,0.2950979769229889,72.0,11.591815948486328,1.0,11.591815948486328,20.100000381469727,0.0,0.008280160836875439,28.498079299926758,0.10000000149011612,195.130615234375,0.0,0.0,5.3863420486450195
1038,33.61014938354492,-84.23512268066406,882.0150146484375,-10.851341247558594,0.3059634566307068,72.0,11.758346557617188,1.0,11.758346557617188,20.100000381469727,0.0,0.008285410702228546,28.491409301757812,0.10000000149011612,194.88291931152344,0.0,0.0,5.320061206817627
1039,33.61176681518555,-84.23993682861328,873.760009765625,-10.856887817382812,0.3062101900577545,72.0,12.474808692932129,1.0,12.474808692932129,20.100000381469727,0.0,0.008295643143355846,28.45644760131836,0.10000000149011612,206.68406677246094,0.0,0.0,0.3549630343914032
1040,33.61304473876953,-84.24515533447266,869.5266723632812,-10.867633819580078,0.30759912729263306,72.0,13.031067848205566,1.0,13.031067848205566,20.100000381469727,0.0,0.008311444893479347,28.388816833496094,0.10000000149011612,215.46800231933594,0.0,0.0,4.813505172729492
1041,33.614322662353516,-84.25038146972656,865.2933349609375,-10.884132385253906,0.2999459207057953,72.0,12.964744567871094,1.0,12.964744567871094,20.100000381469727,0.0,0.008332308381795883,28.285287857055664,0.10000000149011612,216.74082946777344,0.0,0.0,0.0
1042,33.6156005859375,-84.25559997558594,861.0599975585938,-0.7188979983329773,0.3497939109802246,73.0,12.899090766906738,1.0,12.899090766906738,20.100000381469727,0.0,0.008358116261661053,221.38235473632812,0.10000000149011612,200.28817749023438,2.0,9.866033554077148,0.0
1043,33.616878509521484,-84.26081848144531,856.82666015625,-10.932705879211426,0.34828898310661316,73.0,9.641535758972168,1.0,9.641535758972168,15.100000381469727,0.0,0.00838874839246273,27.98258399963379,0.0,199.740234375,0.0,4.757935523986816,0.0
1044,33.61800003051758,-84.2660140991211,853.4400024414062,-10.964459419250488,0.358428418636322,73.0,12.609991073608398,1.0,12.609991073608398,20.100000381469727,0.0,0.00842362642288208,27.786392211914062,0.10000000149011612,193.1990966796875,0.0,0.0,0.0
1045,33.618499755859375,-84.27110290527344,853.4400024414062,-11.000520706176758,0.3546769917011261,73.0,12.06070327758789,1.0,12.06070327758789,20.100000381469727,0.0,0.00846143439412117,27.565185546875,0.10000000149011612,185.86387634277344,0.0,0.0,5.1997199058532715
1046,33.61899948120117,-84.27618408203125,853.4400024414062,-11.039401054382324,0.36171478033065796,73.0,12.090983390808105,1.0,12.090983390808105,20.100000381469727,0.0,0.00850357860326767,27.328580856323242,0.10000000149011612,184.2984161376953,0.0,0.0,5.187668323516846
1047,33.61949920654297,-84.28126525878906,853.4400024414062,-11.082537651062012,0.37115490436553955,73.0,12.121416091918945,1.0,12.121416091918945,20.100000381469727,0.0,0.008550026454031467,27.068370819091797,0.10000000149011612,182.02969360351562,0.0,0.0,0.3632238209247589
1048,33.61975860595703,-84.2863998413086,844.7314453125,-11.12994384765625,0.3930484354496002,73.0,12.190934181213379,1.0,12.190934181213379,20.100000381469727,0.0,0.008601022884249687,26.785154342651367,0.10000000149011612,176.69985961914062,0.0,0.0,0.0
1049,33.61985397338867,-84.29156494140625,830.2171630859375,-11.18165397644043,0.38286712765693665,73.0,12.251108169555664,1.0,12.251108169555664,20.100000381469727,0.0,0.00865649152547121,26.479473114013672,0.10000000149011612,180.5507354736328,0.0,0.0,5.123937129974365
1050,33.61994934082031,-84.2967300415039,815.702880859375,-11.237476348876953,0.3799578845500946,73.0,12.251094818115234,1.0,12.251094818115234,20.100000381469727,0.0,0.008716045878827572,26.153268814086914,0.10000000149011612,181.40167236328125,0.0,0.0,0.2478792369365692
1051,33.62004470825195,-84.3019027709961,801.1885986328125,-11.297011375427246,0.3746563494205475,73.0,12.251081466674805,1.0,12.251081466674805,20.100000381469727,0.0,0.008779600262641907,25.809629440307617,0.10000000149011612,182.95249938964844,0.0,0.0,5.123947620391846
1052,33.62010955810547,-84.30706024169922,783.1015625,-11.360129356384277,0.35989847779273987,73.0,12.367044448852539,1.0,12.367044448852539,20.100000381469727,0.0,0.008847749792039394,25.4500732421875,0.10000000149011612,189.04270935058594,0.0,0.0,0.2017410844564438
1053,33.6201286315918,-84.31221771240234,759.6553955078125,-11.427316665649414,0.34476059675216675,73.0,12.683472633361816,1.0,12.683472633361816,20.100000381469727,0.0,0.008921714499592781,25.072649002075195,0.10000000149011612,198.46475219726562,0.0,0.0,0.0
1054,33.620147705078125,-84.31736755371094,736.209228515625,-11.499608993530273,0.33715274930000305,73.0,13.03841781616211,1.0,13.03841781616211,20.100000381469727,0.0,0.009001895785331726,24.672578811645508,0.10000000149011612,206.3875732421875,0.0,0.0,4.810579776763916
1055,33.62016677856445,-84.32252502441406,712.7630615234375,-11.57730484008789,0.3433833122253418,73.0,13.413801193237305,1.0,13.413801193237305,20.100000381469727,0.0,0.009088658727705479,24.249488830566406,0.10000000149011612,210.33375549316406,0.0,0.0,4.6611738204956055
1056,33.62018585205078,-84.32767486572266,689.31689453125,-11.660601615905762,0.35629984736442566,73.0,13.811440467834473,1.0,13.811440467834473,20.100000381469727,0.0,0.009182393550872803,23.80368995666504,0.10000000149011612,212.30868530273438,0.0,0.0,4.502909183502197
1057,33.620208740234375,-84.33263397216797,666.75,-11.749672889709473,0.35850396752357483,73.0,13.693961143493652,1.0,13.693961143493652,20.100000381469727,0.0,0.009279605001211166,23.33576011657715,0.10000000149011612,209.78201293945312,0.0,0.0,4.5496673583984375
1058,33.620243072509766,-84.3368148803711,647.7000122070312,-11.841007232666016,0.34898999333381653,73.0,11.899827003479004,1.0,11.899827003479004,20.100000381469727,0.0,0.00936742965131998,22.865192413330078,0.10000000149011612,185.00074768066406,0.0,0.0,0.0
1059,33.620277404785156,-84.34099578857422,628.6500244140625,-11.922811508178711,0.33760982751846313,73.0,12.283068656921387,1.0,12.283068656921387,20.100000381469727,0.0,0.009461255744099617,22.451536178588867,0.10000000149011612,194.29693603515625,0.0,0.0,5.1112165451049805
1060,33.62030029296875,-84.34429931640625,609.5999755859375,-12.009265899658203,0.3360869586467743,73.0,10.086712837219238,1.0,10.086712837219238,20.100000381469727,0.0,0.009540671482682228,22.022253036499023,0.10000000149011612,159.92120361328125,0.0,0.0,1.0966042280197144
1061,33.62030029296875,-84.3486099243164,588.1687622070312,-12.081995010375977,0.3339262902736664,73.0,13.273923873901367,1.0,13.273923873901367,20.100000381469727,0.0,0.009648315608501434,21.66729736328125,0.10000000149011612,211.13818359375,0.0,0.0,4.716845989227295
1062,33.62030029296875,-84.3529281616211,566.7374877929688,-12.17943000793457,0.34036940336227417,73.0,13.39747142791748,1.0,13.39747142791748,20.100000381469727,0.0,0.009760476648807526,21.200448989868164,0.10000000149011612,211.04196166992188,0.0,0.0,0.0
1063,33.62030029296875,-84.35723876953125,545.3062744140625,-12.279804229736328,0.34516170620918274,73.0,13.523340225219727,1.0,13.523340225219727,20.100000381469727,0.0,0.009877149015665054,20.729738235473633,0.10000000149011612,211.47703552246094,0.0,0.0,4.6175761222839355
1064,33.62030029296875,-84.36112213134766,529.5900268554688,-12.382927894592285,0.34103164076805115,73.0,12.213554382324219,1.0,12.213554382324219,20.100000381469727,0.0,0.009985391050577164,20.256711959838867,0.10000000149011612,192.1992950439453,0.0,0.0,0.0
1065,33.62030029296875,-84.36490631103516,515.302490234375,-3.8265540599823,0.22293506562709808,74.0,0.0,0.0,11.879743576049805,20.100000381469727,1000.0,0.008600491099059582,0.0,0.10000000149011612,0.0,4.7282562255859375,10.271743774414062,0.0
1066,33.62030029296875,-84.36869049072266,501.0150146484375,-11.181126594543457,0.2265976518392563,74.0,12.116155624389648,1.0,12.116155624389648,20.5,0.0,0.008566898293793201,26.482576370239258,0.20000000298023224,219.41065979003906,0.2717439830303192,5.543488025665283,0.0
1067,33.62030029296875,-84.37256622314453,483.8699951171875,-11.147175788879395,0.24091967940330505,74.0,12.458773612976074,1.0,12.458773612976074,20.5,0.0,0.008536665700376034,26.682912826538086,0.20000000298023224,221.43711853027344,0.0,0.6815274953842163,0.0
1068,33.62030029296875,-84.37650299072266,464.82000732421875,-11.116497993469238,0.24022530019283295,74.0,12.731870651245117,1.0,12.731870651245117,20.5,0.0,0.008510326035320759,26.865188598632812,0.20000000298023224,226.49803161621094,0.0,0.0,0.0
1069,33.62030029296875,-84.38043975830078,445.7699890136719,-11.089659690856934,0.23388715088367462,74.0,12.80484676361084,1.0,12.80484676361084,20.5,0.0,0.008488512597978115,27.025634765625,0.20000000298023224,229.69656372070312,0.0,0.0,5.002986907958984
1070,33.62030029296875,-84.38436126708984,426.7200012207031,-11.067367553710938,0.22566916048526764,74.0,12.808244705200195,1.0,12.808244705200195,20.5,0.0,0.00847142469137907,27.15960693359375,0.20000000298023224,232.2220916748047,0.0,0.0,0.00464737368747592
1071,33.62030029296875,-84.38826751708984,407.6700134277344,-11.049861907958984,0.21289809048175812,74.0,12.747058868408203,1.0,12.747058868408203,20.5,0.0,0.008459147065877914,27.265260696411133,0.20000000298023224,234.9245147705078,0.0,0.0,0.0
1072,33.62030029296875,-84.39217376708984,388.6199951171875,-11.037264823913574,0.2268655002117157,74.0,12.747058868408203,1.0,12.747058868408203,20.5,0.0,0.008451608940958977,27.341529846191406,0.20000000298023224,230.7556915283203,0.0,0.0,5.025537967681885
1073,33.62030029296875,-84.39612579345703,369.57000732421875,-11.029529571533203,0.2259591519832611,74.0,12.889825820922852,1.0,12.889825820922852,20.5,0.0,0.008448815904557705,27.388469696044922,0.20000000298023224,233.6136932373047,0.0,0.0,0.0
1074,33.62030029296875,-84.40025329589844,350.5199890136719,-11.026692390441895,0.23025208711624146,74.0,13.460893630981445,1.0,13.460893630981445,20.5,0.0,0.008451086468994617,27.405702590942383,0.20000000298023224,242.61061096191406,0.0,0.0,4.7469682693481445
1075,33.62030029296875,-84.40437316894531,331.4700012207031,-11.029022216796875,0.22257950901985168,74.0,13.460893630981445,1.0,13.460893630981445,20.5,0.0,0.008458655327558517,27.391550064086914,0.20000000298023224,245.02886962890625,0.0,0.0,0.0
1076,33.62030029296875,-84.40850067138672,312.4200134277344,-11.03679370880127,0.31317320466041565,75.0,13.460893630981445,1.0,13.460893630981445,20.5,0.0,0.008471510373055935,27.344385147094727,0.20000000298023224,216.47537231445312,2.0,9.746968269348145,0.0
1077,33.62030029296875,-84.41265869140625,293.3699951171875,-11.0499849319458,0.3030279874801636,75.0,13.562870025634766,1.0,13.562870025634766,20.5,0.0,0.008489783853292465,27.264514923095703,0.20000000298023224,221.337158203125,0.0,4.454140663146973,0.0
1078,33.62030029296875,-84.41680908203125,274.32000732421875,-11.068694114685059,0.31007570028305054,75.0,13.562870025634766,1.0,13.562870025634766,20.5,0.0,0.008513364940881729,27.15161895751953,0.20000000298023224,219.09901428222656,0.0,0.0,0.0
1079,33.62030029296875,-84.42096710205078,255.27000427246094,-11.092778205871582,0.3153160810470581,75.0,13.562870025634766,1.0,13.562870025634766,20.5,0.0,0.008542210794985294,27.006948471069336,0.20000000298023224,217.43482971191406,0.0,0.0,4.707172393798828
1080,33.62030029296875,-84.42440032958984,247.64999389648438,-11.121933937072754,0.32177725434303284,75.0,11.98760986328125,1.0,11.98760986328125,20.5,0.0,0.008571942336857319,26.832801818847656,0.20000000298023224,190.36729431152344,0.0,0.0,0.029080739244818687
1081,33.62030029296875,-84.42765045166016,242.8874969482422,-11.152052879333496,0.3223460912704468,75.0,12.453526496887207,1.0,12.453526496887207,20.5,0.0,0.008607016876339912,26.654043197631836,0.20000000298023224,197.60032653808594,0.0,0.0,0.0
