step, lat, lon, alt, snr, load, handovers, allocated_bw, allocation_ratio, demand_MB, throughput_req, queing_delay_s, propagation_latency_s, transmission_rate_mbps, latency_req_s, beam_capacity, service_drop_s, dwell_remaining_s, ttt_remaining_s
0,29.956899642944336,-95.33689880371094,327.6600036621094,18.503131866455078,0.6591103076934814,0.0,0.0,0.0,0.5625,4.5,1000.0,0.05270849168300629,0.0,0.20000000298023224,60.0,1.0,5.0,0.0
1,29.954181671142578,-95.33330535888672,365.760009765625,8.830511093139648,0.6583361029624939,0.0,3.0705339908599854,1.0,3.0705339908599854,4.5,0.0,0.053988978266716,4.5,0.20000000298023224,327.52362060546875,0.0,4.0,0.0
2,29.951461791992188,-95.3297119140625,403.8599853515625,8.818869590759277,0.6674675345420837,0.0,2.9863333702087402,1.0,2.9863333702087402,4.5,0.0,0.05319640412926674,4.5,0.20000000298023224,318.542236328125,0.0,0.0,5.0
3,29.94874382019043,-95.32611846923828,441.9599914550781,17.458019256591797,0.6788358688354492,1.0,2.906629800796509,1.0,2.906629800796509,4.5,0.0,0.0529150515794754,4.5,0.20000000298023224,310.04052734375,0.0,5.0,0.0
4,29.945999145507812,-95.32227325439453,472.44000244140625,9.066678047180176,0.6640035510063171,1.0,2.934174060821533,1.0,2.934174060821533,4.5,0.0,0.05250038579106331,4.5,0.20000000298023224,312.97857666015625,0.0,0.0,5.0
5,29.94325065612793,-95.31836700439453,501.0150146484375,22.478824615478516,0.6710619330406189,2.0,2.8654162883758545,1.0,2.8654162883758545,4.5,0.0,0.055982138961553574,4.5,0.20000000298023224,305.6444091796875,0.0,5.0,0.0
6,29.940500259399414,-95.31446075439453,529.5900268554688,8.920010566711426,0.6616528630256653,2.0,2.7719006538391113,1.0,2.7719006538391113,4.5,0.0,0.05254323408007622,4.5,0.20000000298023224,295.6694030761719,0.0,0.0,5.0
7,29.937694549560547,-95.31027221679688,553.8787231445312,8.769492149353027,0.6510470509529114,2.0,2.812102794647217,1.0,2.812102794647217,4.5,0.0,0.053229521960020065,4.5,0.20000000298023224,299.9576416015625,0.0,0.0,0.07217676192522049
8,29.934850692749023,-95.30590057373047,575.3099975585938,20.502906799316406,0.7045316696166992,3.0,2.7982611656188965,1.0,2.7982611656188965,4.5,0.0,0.053769178688526154,4.5,0.20000000298023224,298.481201171875,0.0,5.0,0.0
9,29.9320068359375,-95.30152130126953,596.7412719726562,9.286669731140137,0.7069530487060547,3.0,2.6986773014068604,1.0,2.6986773014068604,4.5,0.0,0.05370279774069786,4.5,0.20000000298023224,287.85888671875,0.0,0.025313377380371094,0.0
10,29.928987503051758,-95.29693603515625,620.0775146484375,9.28138542175293,0.7122839093208313,3.0,2.741957902908325,1.0,2.741957902908325,4.5,0.0,0.05515911430120468,4.5,0.20000000298023224,292.4754943847656,0.0,0.0,5.0
11,29.92570686340332,-95.29203033447266,646.271240234375,9.315126419067383,0.6965864300727844,3.0,2.845323324203491,1.0,2.845323324203491,4.5,0.0,0.051285091787576675,4.5,0.20000000298023224,303.50115966796875,0.0,0.0,0.12540817260742188
12,29.92242431640625,-95.28712463378906,672.4650268554688,9.032220840454102,0.6914221048355103,3.0,2.74784779548645,1.0,2.74784779548645,4.5,0.0,0.05153505504131317,4.5,0.20000000298023224,293.103759765625,0.0,0.0,5.0
13,29.919055938720703,-95.28216552734375,704.8499755859375,8.904391288757324,0.6886470913887024,3.0,2.7104668617248535,1.0,2.7104668617248535,4.5,0.0,0.05319570004940033,4.5,0.20000000298023224,289.116455078125,0.0,0.0,0.11493728309869766
14,29.915340423583984,-95.2770004272461,762.0,8.87909984588623,0.7017262578010559,4.0,2.8447391986846924,1.0,2.8447391986846924,4.5,0.0,0.052043285220861435,4.5,0.20000000298023224,303.4388427734375,0.0,5.0,0.0
15,29.911623001098633,-95.27183532714844,819.1500244140625,8.929997444152832,0.6933205127716064,4.0,2.80237078666687,1.0,2.80237078666687,4.5,0.0,0.052756380289793015,4.5,0.20000000298023224,298.9195556640625,0.0,0.0,5.0
16,29.907907485961914,-95.26667022705078,876.2999877929688,8.742133140563965,0.6890239715576172,4.0,2.7612478733062744,1.0,2.7612478733062744,4.5,0.0,0.05229392647743225,4.5,0.20000000298023224,294.5331115722656,0.0,0.0,0.018007362261414528
17,29.904190063476562,-95.2614974975586,933.4500122070312,8.612043380737305,0.6919154524803162,4.0,2.721315860748291,1.0,2.721315860748291,4.5,0.0,0.0533844530582428,4.5,0.20000000298023224,290.2737121582031,0.0,0.0,5.0
18,29.90047264099121,-95.25633239746094,990.5999755859375,8.580742835998535,0.6849989295005798,4.0,2.6825242042541504,1.0,2.6825242042541504,4.5,0.0,0.05621502548456192,4.5,0.20000000298023224,286.13592529296875,0.0,0.0,5.0
19,29.896745681762695,-95.25103759765625,1042.579345703125,8.410507202148438,0.6830612421035767,4.0,2.693821430206299,1.0,2.693821430206299,4.5,0.0,0.053062766790390015,4.5,0.20000000298023224,287.3409423828125,0.0,0.0,5.0
20,29.89297866821289,-95.2452163696289,1073.875732421875,8.306903839111328,0.6698500514030457,4.0,2.860830068588257,1.0,2.860830068588257,4.5,0.0,0.052495457231998444,4.5,0.20000000298023224,305.15521240234375,0.0,0.0,0.21098415553569794
21,29.889211654663086,-95.23939514160156,1105.172119140625,8.04495620727539,0.6810591816902161,4.0,2.8526313304901123,1.0,2.8526313304901123,4.5,0.0,0.0568312369287014,4.5,0.20000000298023224,304.2806701660156,0.0,0.0,5.0
22,29.88544273376465,-95.23357391357422,1136.4686279296875,8.107881546020508,0.6851856708526611,4.0,2.84447979927063,1.0,2.84447979927063,4.5,0.0,0.0582173727452755,4.5,0.20000000298023224,303.4111633300781,0.0,0.0,5.0
23,29.881675720214844,-95.22775268554688,1167.7650146484375,17.072532653808594,0.6872009038925171,5.0,2.8363749980926514,1.0,2.8363749980926514,4.5,0.0,0.0649644210934639,4.5,0.20000000298023224,302.5466613769531,0.0,5.0,0.0
24,29.877906799316406,-95.22193145751953,1199.0614013671875,8.663671493530273,0.6891144514083862,5.0,2.8283166885375977,1.0,2.8283166885375977,4.5,0.0,0.05532284080982208,4.5,0.20000000298023224,301.6871337890625,0.0,0.0,5.0
25,29.874122619628906,-95.21601867675781,1212.9246826171875,21.173179626464844,0.6904386281967163,6.0,2.858996868133545,1.0,2.858996868133545,4.5,0.0,0.05718068778514862,4.5,0.20000000298023224,304.95965576171875,0.0,5.0,0.0
26,29.870328903198242,-95.21004486083984,1215.1658935546875,8.827553749084473,0.6794474124908447,6.0,2.883331298828125,1.0,2.883331298828125,4.5,0.0,0.05522159859538078,4.5,0.20000000298023224,307.5553283691406,0.0,0.0,0.0
27,29.866535186767578,-95.2040786743164,1217.4071044921875,8.729785919189453,0.6932561993598938,6.0,2.886126756668091,1.0,2.886126756668091,4.5,0.0,0.057774946093559265,4.5,0.20000000298023224,307.853515625,0.0,0.0,5.0
28,29.862592697143555,-95.1982192993164,1230.7711181640625,21.557540893554688,0.7824051380157471,7.0,2.891329050064087,1.0,2.891329050064087,4.5,0.0,0.060395605862140656,4.5,0.20000000298023224,308.4084167480469,0.0,5.0,0.0
29,29.858055114746094,-95.19283294677734,1288.626708984375,10.506665229797363,0.7946860194206238,7.0,2.9247047901153564,1.0,2.9247047901153564,4.5,0.0,0.05791766941547394,4.5,0.20000000298023224,311.968505859375,0.0,0.0,5.0
30,29.853519439697266,-95.18744659423828,1346.482177734375,21.9471435546875,0.7073087096214294,8.0,2.9212982654571533,1.0,2.9212982654571533,4.5,0.0,0.060252703726291656,4.5,0.20000000298023224,311.6051330566406,0.0,5.0,0.0
31,29.848981857299805,-95.18205261230469,1404.3377685546875,15.476244926452637,0.7142660021781921,8.0,2.9178998470306396,1.0,2.9178998470306396,4.5,0.0,0.054440878331661224,4.5,0.20000000298023224,311.2426452636719,0.0,0.0,0.0
32,29.844444274902344,-95.17666625976562,1462.193359375,9.429570198059082,0.7333395481109619,8.0,2.9145092964172363,1.0,2.9145092964172363,4.5,0.0,0.0590541772544384,4.5,0.20000000298023224,310.8809814453125,0.0,0.0,5.0
33,29.839906692504883,-95.17127990722656,1520.048828125,21.93450164794922,0.7529305219650269,9.0,2.9111268520355225,1.0,2.9111268520355225,4.5,0.0,0.06127849593758583,4.5,0.20000000298023224,310.52020263671875,0.0,5.0,0.0
34,29.835636138916016,-95.16615295410156,1587.201171875,10.105010032653809,0.766572892665863,9.0,2.7505979537963867,1.0,2.7505979537963867,4.5,0.0,0.05370964854955673,4.5,0.20000000298023224,293.3971252441406,0.0,0.0,5.0
35,29.83142852783203,-95.16109466552734,1656.6776123046875,10.364957809448242,0.7650911211967468,9.0,2.706705093383789,1.0,2.706705093383789,4.5,0.0,0.054053522646427155,4.5,0.20000000298023224,288.7152099609375,0.0,0.0,0.11004813760519028
36,29.82722282409668,-95.15603637695312,1726.1541748046875,17.30501365661621,0.6056352257728577,10.0,2.461552143096924,1.0,2.461552143096924,4.099999904632568,0.0,0.05655059590935707,4.099999904632568,0.10000000149011612,288.18170166015625,0.0,5.0,0.0
37,29.823307037353516,-95.15071105957031,1797.73388671875,8.09925365447998,0.6073625683784485,10.0,2.447528839111328,1.0,2.447528839111328,4.099999904632568,0.0,0.052544839680194855,4.099999904632568,0.10000000149011612,286.53997802734375,0.0,0.19697165489196777,0.0
38,29.819826126098633,-95.14497375488281,1872.468505859375,8.117165565490723,0.5914530754089355,10.0,2.4443323612213135,1.0,2.4443323612213135,4.099999904632568,0.0,0.057670485228300095,4.099999904632568,0.10000000149011612,286.1657409667969,0.0,0.0,5.0
39,29.81634521484375,-95.13924407958984,1947.203125,7.938793182373047,0.5931072235107422,10.0,2.4355130195617676,1.0,2.4355130195617676,4.099999904632568,0.0,0.05446254834532738,4.099999904632568,0.10000000149011612,285.13323974609375,0.0,0.0,0.23057113587856293
40,29.8128662109375,-95.13351440429688,2021.937744140625,7.945894718170166,0.5877133011817932,10.0,2.4267578125,1.0,2.4267578125,4.099999904632568,0.0,0.05807746574282646,4.099999904632568,0.10000000149011612,284.10821533203125,0.0,0.0,5.0
41,29.809385299682617,-95.1277847290039,2096.67236328125,7.8736186027526855,0.5945619344711304,10.0,2.4180655479431152,1.0,2.4180655479431152,4.099999904632568,0.0,0.05670875310897827,4.099999904632568,0.10000000149011612,283.0906066894531,0.0,0.0,0.26486292481422424
42,29.805763244628906,-95.12190246582031,2170.571044921875,9.68784236907959,0.7341823577880859,11.0,2.4827704429626465,1.0,2.4827704429626465,4.099999904632568,0.0,0.06047958508133888,4.099999904632568,0.10000000149011612,290.6658020019531,0.0,5.0,0.0
43,29.801578521728516,-95.11542510986328,2241.126708984375,9.735513687133789,0.7275712490081787,11.0,2.7653322219848633,1.0,2.7653322219848633,4.099999904632568,8.665155520740965e-16,0.05871214345097542,4.099999904632568,0.10000000149011612,323.7462158203125,0.0,0.15557008981704712,0.0
44,29.797391891479492,-95.10894012451172,2311.68212890625,9.595705032348633,0.7278093099594116,11.0,2.749652147293091,1.0,2.749652147293091,4.099999904632568,0.0,0.05188768357038498,4.099999904632568,0.10000000149011612,321.9104919433594,0.0,0.0,5.0
45,29.7932071685791,-95.10246276855469,2382.23779296875,9.561017036437988,0.7236666679382324,11.0,2.734149932861328,1.0,2.734149932861328,4.099999904632568,0.0,0.05207772180438042,4.099999904632568,0.10000000149011612,320.0956115722656,0.0,0.0,5.0
46,29.78902244567871,-95.09597778320312,2452.793212890625,23.376821517944336,0.7829688191413879,12.0,2.7188222408294678,1.0,2.7188222408294678,4.099999904632568,0.0,0.05203155428171158,4.099999904632568,0.10000000149011612,318.3011169433594,0.0,5.0,0.0
47,29.78483772277832,-95.08949279785156,2523.348876953125,10.452415466308594,0.7842823266983032,12.0,2.7036662101745605,1.0,2.7036662101745605,4.099999904632568,8.665155520740965e-16,0.05116938427090645,4.099999904632568,0.10000000149011612,316.5267639160156,0.0,0.0,0.0
48,29.781906127929688,-95.08250427246094,2593.041259765625,10.425989151000977,0.7953117489814758,12.0,2.5828843116760254,1.0,2.5828843116760254,4.099999904632568,0.0,0.05421459674835205,4.099999904632568,0.10000000149011612,302.3864440917969,0.0,0.0,5.0
49,29.779287338256836,-95.07538604736328,2662.517578125,25.27798843383789,0.8901180028915405,13.0,2.5543246269226074,1.0,2.5543246269226074,4.099999904632568,0.0,0.05574939772486687,4.099999904632568,0.10000000149011612,299.0428771972656,0.0,5.0,0.0
50,29.776670455932617,-95.06826782226562,2731.994140625,13.242838859558105,0.8948126435279846,13.0,2.5365772247314453,1.0,2.5365772247314453,4.099999904632568,0.0,0.06101471930742264,4.099999904632568,0.10000000149011612,296.9651184082031,0.0,0.015952032059431076,0.0
51,29.775362014770508,-95.06090545654297,2794.0,13.371320724487305,0.9046877026557922,13.0,2.4486515522003174,1.0,2.4486515522003174,4.099999904632568,0.0,0.052662912756204605,4.099999904632568,0.10000000149011612,286.67138671875,0.0,0.0,5.0
52,29.776016235351562,-95.05316925048828,2844.800048828125,13.737579345703125,0.8966920971870422,13.0,2.5079355239868164,1.0,2.5079355239868164,4.099999904632568,0.0,0.05354882404208183,4.099999904632568,0.10000000149011612,293.6119689941406,0.0,0.0,0.2221435308456421
53,29.77667236328125,-95.04542541503906,2895.60009765625,13.321044921875,0.8922353982925415,13.0,2.483828067779541,1.0,2.483828067779541,4.099999904632568,8.665155520740965e-16,0.05357924848794937,4.099999904632568,0.10000000149011612,290.78961181640625,0.0,0.0,5.0
54,29.777326583862305,-95.03768920898438,2946.39990234375,13.068497657775879,0.8901380300521851,13.0,2.460179090499878,1.0,2.460179090499878,4.099999904632568,0.0,0.05525698885321617,4.099999904632568,0.10000000149011612,288.0209655761719,0.0,0.0,5.0
55,29.77798080444336,-95.02995300292969,2997.199951171875,12.913460731506348,0.8872653841972351,13.0,2.4369759559631348,1.0,2.4369759559631348,4.099999904632568,0.0,0.05596299469470978,4.099999904632568,0.10000000149011612,285.30450439453125,0.0,0.0,5.0
56,29.778635025024414,-95.022216796875,3048.0,12.728055953979492,0.8961727619171143,13.0,2.4142062664031982,1.0,2.4142062664031982,4.099999904632568,0.0,0.053490009158849716,4.099999904632568,0.10000000149011612,282.6387939453125,0.0,0.0,0.24492475390434265
57,29.7792911529541,-95.01447296142578,3098.800048828125,13.010443687438965,0.8938794732093811,13.0,2.391857862472534,1.0,2.391857862472534,4.099999904632568,0.0,0.055117588490247726,4.099999904632568,0.10000000149011612,280.0223693847656,0.0,0.0,5.0
58,29.779945373535156,-95.0067367553711,3149.60009765625,12.83891773223877,0.9025570154190063,13.0,2.3699190616607666,1.0,2.3699190616607666,4.099999904632568,0.0,0.05310208722949028,4.099999904632568,0.10000000149011612,277.45391845703125,0.0,0.0,5.0
59,29.78059959411621,-94.9990005493164,3200.39990234375,13.131376266479492,0.9230555295944214,13.0,2.3483786582946777,1.0,2.3483786582946777,4.099999904632568,0.0,0.05193424969911575,4.099999904632568,0.10000000149011612,274.93212890625,0.0,0.0,0.3757678270339966
60,29.7817325592041,-94.98989868164062,3223.260009765625,14.078068733215332,0.9121938943862915,13.0,2.727102041244507,1.0,2.727102041244507,4.099999904632568,0.0,0.05316707119345665,4.099999904632568,0.10000000149011612,319.2704772949219,0.0,0.0,5.0
61,29.782867431640625,-94.98079681396484,3246.1201171875,21.141647338867188,0.7735212445259094,14.0,2.6792705059051514,1.0,2.6792705059051514,4.099999904632568,0.0,0.054153650999069214,4.099999904632568,0.10000000149011612,313.6706848144531,0.0,5.0,0.0
62,29.784000396728516,-94.9717025756836,3268.97998046875,16.366670608520508,0.7707937955856323,14.0,2.633086919784546,1.0,2.633086919784546,4.099999904632568,0.0,0.05397767573595047,4.099999904632568,0.10000000149011612,308.2638244628906,0.0,0.0,0.0
63,29.785133361816406,-94.96260070800781,3291.840087890625,10.076668739318848,0.7560403943061829,14.0,2.588467597961426,1.0,2.588467597961426,4.099999904632568,0.0,0.05536295101046562,4.099999904632568,0.10000000149011612,303.04010009765625,0.0,0.0,5.0
64,29.786266326904297,-94.95349884033203,3314.699951171875,20.28946304321289,0.7155723571777344,15.0,2.5453343391418457,1.0,2.5453343391418457,4.099999904632568,0.0,0.05591963231563568,4.099999904632568,0.10000000149011612,297.9903564453125,0.0,5.0,0.0
65,29.787399291992188,-94.94439697265625,3337.56005859375,9.23299789428711,0.7036110162734985,15.0,2.5036139488220215,1.0,2.5036139488220215,4.099999904632568,0.0,0.0607130266726017,4.099999904632568,0.10000000149011612,293.10601806640625,0.0,0.03349408879876137,0.0
66,29.78853416442871,-94.93478393554688,3357.8798828125,9.093820571899414,0.7066923379898071,15.0,2.604569911956787,1.0,2.604569911956787,4.099999904632568,8.665155520740965e-16,0.054293762892484665,4.099999904632568,0.10000000149011612,304.92523193359375,0.0,0.0,5.0
67,29.7896671295166,-94.92516326904297,3378.199951171875,19.971147537231445,0.7641888856887817,16.0,2.567244529724121,1.0,2.567244529724121,4.099999904632568,0.0,0.05853360518813133,4.099999904632568,0.10000000149011612,300.5554504394531,0.0,5.0,0.0
68,29.790800094604492,-94.9155502319336,3398.52001953125,10.155317306518555,0.7676190137863159,16.0,2.530972957611084,1.0,2.530972957611084,4.099999904632568,0.0,0.05623038485646248,4.099999904632568,0.10000000149011612,296.3090515136719,0.0,0.0,5.0
69,29.791933059692383,-94.90592956542969,3418.840087890625,10.245732307434082,0.7772267460823059,16.0,2.4957115650177,1.0,2.4957115650177,4.099999904632568,0.0,0.0651075690984726,4.099999904632568,0.10000000149011612,292.18084716796875,0.0,0.0,0.061516035348176956
70,29.793066024780273,-94.89631652832031,3439.159912109375,17.81456184387207,0.738262414932251,17.0,2.4614181518554688,1.0,2.4614181518554688,4.099999904632568,0.0,0.05275643244385719,4.099999904632568,0.10000000149011612,288.166015625,0.0,5.0,0.0
71,29.794200897216797,-94.88670349121094,3459.47998046875,9.768263816833496,0.7431642413139343,17.0,2.428053855895996,1.0,2.428053855895996,4.099999904632568,0.0,0.054457902908325195,4.099999904632568,0.10000000149011612,284.25994873046875,0.0,0.19723284244537354,0.0
72,29.79538345336914,-94.87628173828125,3489.9599609375,9.86327838897705,0.7397274971008301,17.0,2.606764554977417,1.0,2.606764554977417,4.099999904632568,0.0,0.05449778959155083,4.099999904632568,0.10000000149011612,305.18218994140625,0.0,0.0,5.0
73,29.796566009521484,-94.8658676147461,3520.43994140625,9.814358711242676,0.7423082590103149,17.0,2.585510015487671,1.0,2.585510015487671,4.099999904632568,0.0,0.054827459156513214,4.099999904632568,0.10000000149011612,302.69384765625,0.0,0.0,5.0
74,29.79775047302246,-94.85545349121094,3550.919921875,9.86137866973877,0.7461951971054077,17.0,2.564598798751831,1.0,2.564598798751831,4.099999904632568,0.0,0.05191886052489281,4.099999904632568,0.10000000149011612,300.2457275390625,0.0,0.0,5.0
75,29.798933029174805,-94.84503173828125,3581.39990234375,22.431941986083984,0.8111332058906555,18.0,2.544022798538208,1.0,2.544022798538208,4.099999904632568,0.0,0.056908439844846725,4.099999904632568,0.10000000149011612,297.8368225097656,0.0,5.0,0.0
76,29.80011749267578,-94.8346176147461,3611.8798828125,11.203566551208496,0.823534369468689,18.0,2.523773670196533,1.0,2.523773670196533,4.099999904632568,0.0,0.05166768655180931,4.099999904632568,0.10000000149011612,295.4661865234375,0.0,0.03605308011174202,0.0
77,29.801300048828125,-94.82420349121094,3642.360107421875,11.487775802612305,0.8383076786994934,18.0,2.5038440227508545,1.0,2.5038440227508545,4.099999904632568,0.0,0.051317229866981506,4.099999904632568,0.10000000149011612,293.1329650878906,0.0,0.0,5.0
78,29.802650451660156,-94.81311798095703,3694.429931640625,11.852479934692383,0.8281965851783752,18.0,2.660705089569092,1.0,2.660705089569092,4.099999904632568,0.0,0.05271885171532631,4.099999904632568,0.10000000149011612,311.4971923828125,0.0,0.0,0.11445058882236481
79,29.804000854492188,-94.80203247070312,3746.5,11.567910194396973,0.8284550309181213,18.0,2.6540279388427734,1.0,2.6540279388427734,4.099999904632568,0.0,0.05330480635166168,4.099999904632568,0.10000000149011612,310.7154541015625,0.0,0.0,5.0
80,29.805349349975586,-94.79094696044922,3798.570068359375,22.90473747253418,0.8152155876159668,19.0,2.64738392829895,1.0,2.64738392829895,4.099999904632568,0.0,0.05351310968399048,4.099999904632568,0.10000000149011612,309.9376525878906,0.0,5.0,0.0
81,29.806699752807617,-94.77986907958984,3850.639892578125,18.039417266845703,0.8200709223747253,19.0,2.640773057937622,1.0,2.640773057937622,4.099999904632568,0.0,0.05117875337600708,4.099999904632568,0.10000000149011612,309.1636657714844,0.0,0.0,0.0
82,29.80805015563965,-94.76878356933594,3902.7099609375,11.274150848388672,0.819157063961029,19.0,2.634194850921631,1.0,2.634194850921631,4.099999904632568,0.0,0.055587876588106155,4.099999904632568,0.10000000149011612,308.3935546875,0.0,0.0,5.0
83,29.80940055847168,-94.75769805908203,3954.780029296875,24.910078048706055,0.8830302953720093,20.0,2.6276490688323975,1.0,2.6276490688323975,4.099999904632568,0.0,0.05161542445421219,4.099999904632568,0.10000000149011612,307.6272277832031,0.0,5.0,0.0
84,29.810749053955078,-94.74681854248047,3996.68994140625,13.05904769897461,0.8903191685676575,20.0,2.5711276531219482,1.0,2.5711276531219482,4.099999904632568,8.665155520740965e-16,0.05612524226307869,4.099999904632568,0.10000000149011612,301.01007080078125,0.0,0.0,0.0
85,29.81209945678711,-94.73593139648438,4038.60009765625,13.290287017822266,0.880702793598175,20.0,2.5611841678619385,1.0,2.5611841678619385,4.099999904632568,0.0,0.05290756747126579,4.099999904632568,0.10000000149011612,299.845947265625,0.0,0.0,5.0
86,29.81344985961914,-94.72505187988281,4080.510009765625,12.873262405395508,0.8802210688591003,20.0,2.5513172149658203,1.0,2.5513172149658203,4.099999904632568,0.0,0.051926348358392715,4.099999904632568,0.10000000149011612,298.6907958984375,0.0,0.0,0.0025673415511846542
87,29.814800262451172,-94.71416473388672,4122.419921875,12.800084114074707,0.8677763342857361,20.0,2.5415256023406982,1.0,2.5415256023406982,4.099999904632568,0.0,0.05508054792881012,4.099999904632568,0.10000000149011612,297.5444641113281,0.0,0.0,5.0
88,29.816150665283203,-94.70328521728516,4164.330078125,12.311668395996094,0.8720610737800598,20.0,2.531808614730835,1.0,2.531808614730835,4.099999904632568,0.0,0.05253680795431137,4.099999904632568,0.10000000149011612,296.4068603515625,0.0,0.0,5.0
89,29.8174991607666,-94.69239807128906,4206.240234375,12.392345428466797,0.883393406867981,20.0,2.522165298461914,1.0,2.522165298461914,4.099999904632568,0.0,0.055255405604839325,4.099999904632568,0.10000000149011612,295.27789306640625,0.0,0.0,5.0
90,29.819286346435547,-94.6814193725586,4266.111328125,12.72992992401123,0.8884575963020325,20.0,2.56593656539917,1.0,2.56593656539917,4.099999904632568,0.0,0.0535559356212616,4.099999904632568,0.10000000149011612,300.4023132324219,0.0,0.0,0.078701913356781
91,29.82107162475586,-94.6704330444336,4325.98291015625,12.853155136108398,0.8743683695793152,20.0,2.568744659423828,1.0,2.568744659423828,4.099999904632568,0.0,0.0569281205534935,4.099999904632568,0.10000000149011612,300.7310791015625,0.0,0.0,5.0
92,29.822856903076172,-94.65945434570312,4385.8544921875,12.263797760009766,0.8837851881980896,20.0,2.571559190750122,1.0,2.571559190750122,4.099999904632568,0.0,0.05108984559774399,4.099999904632568,0.10000000149011612,301.0605773925781,0.0,0.0,5.0
93,29.824642181396484,-94.64846801757812,4445.7255859375,12.526408195495605,0.8840426802635193,20.0,2.5743799209594727,1.0,2.5743799209594727,4.099999904632568,0.0,0.057669006288051605,4.099999904632568,0.10000000149011612,301.39080810546875,0.0,0.0,5.0
94,29.82642936706543,-94.63748931884766,4505.59716796875,21.085357666015625,0.7769683599472046,21.0,2.57720685005188,1.0,2.57720685005188,4.099999904632568,0.0,0.054235152900218964,4.099999904632568,0.10000000149011612,301.7217712402344,0.0,5.0,0.0
95,29.82863426208496,-94.62677764892578,4552.7685546875,9.535502433776855,0.7745622992515564,21.0,2.5362420082092285,1.0,2.5362420082092285,4.099999904632568,0.0,0.06281928718090057,4.099999904632568,0.10000000149011612,296.9259033203125,0.0,0.0,5.0
96,29.831466674804688,-94.61647033691406,4580.89013671875,9.40667724609375,0.7720756530761719,21.0,2.4789159297943115,1.0,2.4789159297943115,4.099999904632568,0.0,0.059110403060913086,4.099999904632568,0.10000000149011612,290.21453857421875,0.0,0.0,0.05123503878712654
97,29.834299087524414,-94.60615539550781,4609.01123046875,9.276638984680176,0.7750144004821777,21.0,2.4071238040924072,1.0,2.4071238040924072,4.0,0.0,0.05137460678815842,4.0,0.0,288.8548583984375,0.0,0.0,5.0
98,29.837133407592773,-94.5958480834961,4637.1328125,9.249093055725098,0.7675892114639282,21.0,5.39077091217041,1.0,5.39077091217041,9.0,0.0,0.056619793176651,9.0,0.30000001192092896,287.5077819824219,0.0,0.0,0.1857525110244751
99,29.8399658203125,-94.58554077148438,4665.25439453125,13.334501266479492,0.8960242867469788,22.0,5.36574649810791,1.0,5.36574649810791,9.0,0.0,0.05732426047325134,9.0,0.30000001192092896,286.1731262207031,0.0,5.0,0.0
100,29.84280014038086,-94.57522583007812,4693.37548828125,13.34892463684082,0.9006834626197815,22.0,5.340951919555664,1.0,5.340951919555664,9.0,0.0,0.06166382133960724,9.0,0.30000001192092896,284.85076904296875,0.0,0.23044772446155548,0.0
101,29.845632553100586,-94.5649185180664,4721.4970703125,13.587634086608887,0.89847731590271,22.0,5.316384315490723,1.0,5.316384315490723,9.0,0.0,0.061139047145843506,9.0,0.30000001192092896,283.5404968261719,0.0,0.0,5.0
102,29.848466873168945,-94.55461120605469,4749.61865234375,13.527993202209473,0.9056015014648438,22.0,5.2920403480529785,1.0,5.2920403480529785,9.0,0.0,0.062680184841156,9.0,0.30000001192092896,282.2421569824219,0.0,0.0,0.2743251621723175
103,29.851299285888672,-94.54429626464844,4777.740234375,13.875871658325195,0.9016510248184204,22.0,5.267917156219482,1.0,5.267917156219482,9.0,0.0,0.06691576540470123,9.0,0.30000001192092896,280.95556640625,0.0,0.0,5.0
104,29.85449981689453,-94.53268432617188,4800.60009765625,13.725425720214844,0.8897233009338379,22.0,5.907327651977539,1.0,5.907327651977539,9.0,0.0,0.05856384336948395,9.0,0.30000001192092896,315.0574645996094,0.0,0.0,0.31740710139274597
105,29.85770034790039,-94.52106475830078,4823.4599609375,13.255074501037598,0.8955345153808594,22.0,5.87785530090332,1.0,5.87785530090332,9.0,0.0,0.06340739876031876,9.0,0.30000001192092896,313.485595703125,0.0,0.0,5.0
106,29.86090087890625,-94.50945281982422,4846.31982421875,19.31734275817871,0.8129580020904541,23.0,5.8486738204956055,1.0,5.8486738204956055,9.0,0.0,0.060204874724149704,9.0,0.30000001192092896,311.92926025390625,0.0,5.0,0.0
107,29.864099502563477,-94.49783325195312,4869.18017578125,10.999109268188477,0.8095697164535522,23.0,5.819778919219971,1.0,5.819778919219971,9.0,0.0,0.05828876793384552,9.0,0.30000001192092896,310.3882141113281,0.0,0.0,5.0
108,29.867300033569336,-94.48621368408203,4892.0400390625,10.932953834533691,0.8100770711898804,23.0,5.791166305541992,1.0,5.791166305541992,9.0,0.0,0.06044599041342735,9.0,0.30000001192092896,308.8622131347656,0.0,0.0,5.0
109,29.870500564575195,-94.47460174560547,4914.89990234375,10.951407432556152,0.8205333352088928,23.0,5.762832164764404,1.0,5.762832164764404,9.0,0.0,0.056176114827394485,9.0,0.30000001192092896,307.3510437011719,0.0,0.0,5.0
110,29.873699188232422,-94.46302032470703,4949.18994140625,11.19939136505127,0.8119946122169495,23.0,5.736473083496094,1.0,5.736473083496094,9.0,0.0,0.05789585039019585,9.0,0.30000001192092896,305.9452209472656,0.0,0.0,5.0
111,29.87689971923828,-94.45143127441406,4983.47998046875,10.99474048614502,0.8220462799072266,23.0,5.725190162658691,1.0,5.725190162658691,9.0,0.0,0.057033561170101166,9.0,0.30000001192092896,305.3434753417969,0.0,0.0,5.0
112,29.88010025024414,-94.43984985351562,5017.77001953125,22.351408004760742,0.8866573572158813,24.0,5.7139506340026855,1.0,5.7139506340026855,9.0,0.0,0.05241124704480171,9.0,0.30000001192092896,304.7440490722656,0.0,5.0,0.0
113,29.88330078125,-94.42826843261719,5052.06005859375,13.350014686584473,0.8784694671630859,24.0,5.702754497528076,1.0,5.702754497528076,9.0,0.0,0.05729300528764725,9.0,0.30000001192092896,304.14691162109375,0.0,0.0,5.0
114,29.886499404907227,-94.41668701171875,5086.35009765625,24.996936798095703,0.9187219142913818,25.0,5.691601753234863,1.0,5.691601753234863,9.0,0.0,0.05175919830799103,9.0,0.30000001192092896,303.5520935058594,0.0,5.0,0.0
115,29.889699935913086,-94.40509796142578,5120.64013671875,21.570316314697266,0.9249136447906494,25.0,5.680491924285889,1.0,5.680491924285889,9.0,0.0,0.055379241704940796,9.0,0.30000001192092896,302.9595642089844,0.0,0.0,0.0
116,29.893842697143555,-94.39424133300781,5154.65771484375,15.090073585510254,0.9215059876441956,25.0,5.531027317047119,1.0,5.531027317047119,9.0,0.0,0.05666731670498848,9.0,0.30000001192092896,294.9881286621094,0.0,0.0,5.0
117,29.897985458374023,-94.38338470458984,5188.67578125,14.8726167678833,0.9139081239700317,25.0,5.521371841430664,1.0,5.521371841430664,9.0,0.0,0.05826215445995331,9.0,0.30000001192092896,294.4731750488281,0.0,0.0,0.08353130519390106
118,29.902128219604492,-94.37252807617188,5222.693359375,14.56047248840332,0.9162379503250122,26.0,5.511749267578125,1.0,5.511749267578125,9.0,0.0,0.05969351530075073,9.0,0.30000001192092896,293.9599609375,0.0,5.0,0.0
119,29.90627098083496,-94.3616714477539,5256.71142578125,14.32192325592041,0.9172751307487488,26.0,5.502159595489502,1.0,5.502159595489502,9.0,0.0,0.057285044342279434,9.0,0.30000001192092896,293.4485168457031,0.0,0.10066734999418259,0.0
120,29.91041374206543,-94.35081481933594,5290.7294921875,14.334959983825684,0.9113882780075073,26.0,5.492602348327637,1.0,5.492602348327637,9.0,7.894919345045068e-16,0.05692308396100998,9.0,0.30000001192092896,292.93878173828125,0.0,0.0,5.0
121,29.914899826049805,-94.33988952636719,5325.8720703125,13.991724014282227,0.906696081161499,26.0,3.7886154651641846,1.0,3.7886154651641846,6.099999904632568,0.0,0.06118788570165634,6.099999904632568,0.0,298.12054443359375,0.0,0.0,0.11768678575754166
122,29.91990089416504,-94.32884979248047,5362.7021484375,13.718579292297363,0.899337649345398,26.0,7.729492664337158,1.0,7.729492664337158,12.100000381469727,0.0,0.05615469068288803,12.100000381469727,0.10000000149011612,306.62451171875,0.0,0.0,5.0
123,29.92490005493164,-94.31781768798828,5399.5322265625,13.334747314453125,0.9078446626663208,26.0,7.721845626831055,1.0,7.721845626831055,12.100000381469727,0.0,0.061371199786663055,12.100000381469727,0.10000000149011612,306.3211364746094,0.0,0.0,5.0
124,29.929899215698242,-94.3067855834961,5436.36181640625,13.660457611083984,0.904269814491272,26.0,7.714212894439697,1.0,7.714212894439697,12.100000381469727,0.0,0.06173161044716835,12.100000381469727,0.10000000149011612,306.01837158203125,0.0,0.0,5.0
125,29.934900283813477,-94.2957534790039,5473.19189453125,13.43398666381836,0.920406699180603,26.0,7.706594944000244,1.0,7.706594944000244,12.100000381469727,0.0,0.05653320252895355,12.100000381469727,0.10000000149011612,305.7161560058594,0.0,0.0,5.0
126,29.939899444580078,-94.28472137451172,5510.02197265625,14.171257972717285,0.9113275408744812,26.0,7.698991298675537,1.0,7.698991298675537,12.100000381469727,0.0,0.05635841190814972,12.100000381469727,0.10000000149011612,305.4145202636719,0.0,0.0,5.0
127,29.94512367248535,-94.27400207519531,5544.22216796875,13.634696960449219,0.9079794883728027,26.0,7.594062328338623,1.0,7.594062328338623,12.100000381469727,5.872253900791858e-16,0.06007305160164833,12.100000381469727,0.10000000149011612,301.2520751953125,0.0,0.0,5.0
128,29.950681686401367,-94.26374816894531,5574.47802734375,13.404438018798828,0.9080630540847778,26.0,7.452158451080322,1.0,7.452158451080322,12.100000381469727,0.0,0.06081559136509895,12.100000381469727,0.10000000149011612,295.6228332519531,0.0,0.0,5.0
129,29.956241607666016,-94.25350189208984,5604.73388671875,13.337690353393555,0.9062897562980652,26.0,7.43945837020874,1.0,7.43945837020874,12.100000381469727,0.0,0.06115783378481865,12.100000381469727,0.10000000149011612,295.1190185546875,0.0,0.0,5.0
130,29.96179962158203,-94.24324798583984,5634.990234375,13.181647300720215,0.9119269847869873,26.0,7.426800727844238,1.0,7.426800727844238,12.100000381469727,0.0,0.06346480548381805,12.100000381469727,0.10000000149011612,294.61688232421875,0.0,0.0,5.0
131,29.96735954284668,-94.23300170898438,5665.24609375,13.375788688659668,0.9049881100654602,26.0,7.4141845703125,1.0,7.4141845703125,12.100000381469727,0.0,0.05615874007344246,12.100000381469727,0.10000000149011612,294.11639404296875,0.0,0.0,0.08971868455410004
132,29.972917556762695,-94.22274780273438,5695.501953125,12.969062805175781,0.9215735793113708,26.0,7.401610374450684,1.0,7.401610374450684,12.100000381469727,0.0,0.06932930648326874,12.100000381469727,0.10000000149011612,293.6175842285156,0.0,0.0,5.0
133,29.97847557067871,-94.2125015258789,5725.7578125,13.722918510437012,0.924039363861084,26.0,7.389077663421631,1.0,7.389077663421631,12.100000381469727,0.0,0.05745144188404083,12.100000381469727,0.10000000149011612,293.12042236328125,0.0,0.0,0.10637342929840088
134,29.984420776367188,-94.20246124267578,5756.14794921875,13.78073787689209,0.905987024307251,26.0,7.419555187225342,1.0,7.419555187225342,12.100000381469727,0.0,0.05913662910461426,12.100000381469727,0.10000000149011612,294.3294677734375,0.0,0.0,5.0
135,29.990619659423828,-94.19255828857422,5786.6279296875,12.771812438964844,0.8985641598701477,26.0,7.445381164550781,1.0,7.445381164550781,12.100000381469727,0.0,0.05578280985355377,12.100000381469727,0.10000000149011612,295.3539733886719,0.0,0.0,0.09450900554656982
136,29.9968204498291,-94.18266296386719,5817.10791015625,12.694518089294434,0.8780352473258972,27.0,7.438124656677246,1.0,7.438124656677246,12.100000381469727,0.0,0.054082293063402176,12.100000381469727,0.10000000149011612,295.06610107421875,0.0,5.0,0.0
137,30.003019332885742,-94.17276000976562,5847.587890625,12.668012619018555,0.8865490555763245,27.0,7.430881500244141,1.0,7.430881500244141,12.100000381469727,0.0,0.06277560442686081,12.100000381469727,0.10000000149011612,294.7787780761719,0.0,0.08223166316747665,0.0
138,30.009220123291016,-94.16285705566406,5878.06787109375,13.028894424438477,0.8922761082649231,27.0,7.423651695251465,1.0,7.423651695251465,12.100000381469727,0.0,0.05393435060977936,12.100000381469727,0.10000000149011612,294.4919738769531,0.0,0.0,5.0
139,30.01542091369629,-94.15296173095703,5908.5478515625,13.296733856201172,0.8953717947006226,27.0,7.416435718536377,1.0,7.416435718536377,12.100000381469727,0.0,0.05510004982352257,12.100000381469727,0.10000000149011612,294.2057189941406,0.0,0.0,5.0
140,30.02195930480957,-94.14290618896484,5937.50390625,13.462387084960938,0.8870372176170349,27.0,7.618834018707275,1.0,7.618834018707275,12.100000381469727,0.0,0.05247914418578148,12.100000381469727,0.10000000149011612,302.2347412109375,0.0,0.0,5.0
141,30.02872657775879,-94.13275909423828,5965.44384765625,29.10694694519043,0.9831234216690063,28.0,7.747945308685303,1.0,7.747945308685303,12.100000381469727,0.0,0.05834319442510605,12.100000381469727,0.10000000149011612,307.35650634765625,0.0,5.0,0.0
142,30.035493850708008,-94.12261199951172,5993.3837890625,21.454204559326172,0.9709603786468506,28.0,7.733258247375488,1.0,7.733258247375488,12.100000381469727,0.0,0.05190924182534218,12.100000381469727,0.10000000149011612,306.7738952636719,0.0,0.0,5.0
143,30.042259216308594,-94.11245727539062,6021.32421875,25.08712387084961,0.9519641995429993,29.0,7.718626022338867,1.0,7.718626022338867,12.100000381469727,5.872253900791858e-16,0.058945655822753906,12.100000381469727,0.10000000149011612,306.19342041015625,0.0,5.0,0.0
144,30.049026489257812,-94.10231018066406,6049.26416015625,23.08422088623047,0.9677727222442627,29.0,7.704047679901123,1.0,7.704047679901123,12.100000381469727,0.0,0.059363435953855515,12.100000381469727,0.10000000149011612,305.6151123046875,0.0,0.0,0.0
145,30.05579376220703,-94.0921630859375,6077.2041015625,18.71410369873047,0.971639096736908,29.0,7.689522743225098,1.0,7.689522743225098,12.100000381469727,0.0,0.053601380437612534,12.100000381469727,0.10000000149011612,305.0389099121094,0.0,0.0,5.0
146,30.062480926513672,-94.08195495605469,6104.63623046875,19.282983779907227,0.9702792763710022,29.0,7.669683456420898,1.0,7.669683456420898,12.100000381469727,5.872253900791858e-16,0.05469496175646782,12.100000381469727,0.10000000149011612,304.2519226074219,0.0,0.0,5.0
147,30.06911277770996,-94.07170867919922,6131.7294921875,19.08877182006836,0.9755020141601562,29.0,7.652935028076172,1.0,7.652935028076172,12.100000381469727,0.0,0.05457727611064911,12.100000381469727,0.10000000149011612,303.5875244140625,0.0,0.0,5.0
148,30.075746536254883,-94.06146240234375,6158.82275390625,19.93255615234375,0.9751731753349304,29.0,7.640135288238525,1.0,7.640135288238525,12.100000381469727,0.0,0.05122489854693413,12.100000381469727,0.10000000149011612,303.0797424316406,0.0,0.0,5.0
149,30.082380294799805,-94.05122375488281,6185.916015625,20.83251190185547,0.8348824977874756,30.0,7.627377033233643,1.0,7.627377033233643,12.100000381469727,0.0,0.053185101598501205,12.100000381469727,0.10000000149011612,302.5736389160156,0.0,5.0,0.0
150,30.089014053344727,-94.04097747802734,6213.00927734375,11.640971183776855,0.8127548098564148,30.0,7.614660263061523,1.0,7.614660263061523,12.100000381469727,0.0,0.05540870502591133,12.100000381469727,0.10000000149011612,302.0691833496094,0.0,0.0,0.0
151,30.095645904541016,-94.03073120117188,6240.1025390625,11.085396766662598,0.8138357996940613,30.0,7.60198450088501,1.0,7.60198450088501,12.100000381469727,0.0,0.052676066756248474,12.100000381469727,0.10000000149011612,301.56634521484375,0.0,0.0,5.0
152,30.102279663085938,-94.0204849243164,6267.19580078125,24.207115173339844,0.9401870965957642,31.0,7.58935022354126,1.0,7.58935022354126,12.100000381469727,0.0,0.055741310119628906,12.100000381469727,0.10000000149011612,301.06512451171875,0.0,5.0,0.0
153,30.10891342163086,-94.01023864746094,6294.28955078125,15.993535995483398,0.9286674857139587,31.0,7.576756477355957,1.0,7.576756477355957,12.100000381469727,0.0,0.055995140224695206,12.100000381469727,0.10000000149011612,300.5655517578125,0.0,0.0,5.0
154,30.11554718017578,-94.0,6321.3828125,26.758682250976562,0.9490076303482056,32.0,7.564203262329102,1.0,7.564203262329102,12.100000381469727,0.0,0.0536893866956234,12.100000381469727,0.10000000149011612,300.06756591796875,0.0,5.0,0.0
155,30.122295379638672,-93.99024200439453,6347.666015625,22.93887710571289,0.9475247859954834,32.0,7.371598243713379,1.0,7.371598243713379,12.100000381469727,0.0,0.060987602919340134,12.100000381469727,0.10000000149011612,292.4270324707031,0.0,0.0,0.0
156,30.129117965698242,-93.98080444335938,6373.4091796875,16.496910095214844,0.9424816966056824,32.0,7.244488716125488,1.0,7.244488716125488,12.100000381469727,0.0,0.05072372406721115,12.100000381469727,0.10000000149011612,287.3846740722656,0.0,0.0,5.0
157,30.135942459106445,-93.97137451171875,6399.15234375,16.06450653076172,0.9331567287445068,32.0,7.233577728271484,1.0,7.233577728271484,12.100000381469727,0.0,0.052575718611478806,12.100000381469727,0.10000000149011612,286.95184326171875,0.0,0.0,0.21025554835796356
158,30.14276695251465,-93.96194458007812,6424.8955078125,14.87219524383545,0.9384937286376953,33.0,7.222699165344238,1.0,7.222699165344238,12.100000381469727,0.0,0.05637049302458763,12.100000381469727,0.10000000149011612,286.5202941894531,0.0,5.0,0.0
159,30.14959144592285,-93.95250701904297,6450.63916015625,15.694731712341309,0.9303560853004456,33.0,7.211852073669434,1.0,7.211852073669434,12.100000381469727,0.0,0.054034266620874405,12.100000381469727,0.10000000149011612,286.0899963378906,0.0,0.22466178238391876,0.0
160,30.156415939331055,-93.94307708740234,6476.38232421875,15.110575675964355,0.93401038646698,33.0,7.20103645324707,1.0,7.20103645324707,12.100000381469727,0.0,0.05247107520699501,12.100000381469727,0.10000000149011612,285.66094970703125,0.0,0.0,5.0
161,30.163240432739258,-93.93364715576172,6502.12548828125,15.296829223632812,0.9362521171569824,33.0,7.190252780914307,1.0,7.190252780914307,12.100000381469727,0.0,0.05358685553073883,12.100000381469727,0.10000000149011612,285.233154296875,0.0,0.0,0.23898403346538544
162,30.170190811157227,-93.92407989501953,6528.30810546875,15.395995140075684,0.9397368431091309,33.0,7.29486608505249,1.0,7.29486608505249,12.100000381469727,0.0,0.05542289838194847,12.100000381469727,0.10000000149011612,289.38311767578125,0.0,0.0,5.0
163,30.177640914916992,-93.9139633178711,6556.248046875,15.585456848144531,0.9295007586479187,33.0,7.7448954582214355,1.0,7.7448954582214355,12.100000381469727,0.0,0.05840781703591347,12.100000381469727,0.10000000149011612,307.23553466796875,0.0,0.0,0.17694813013076782
164,30.185089111328125,-93.90384674072266,6584.18798828125,14.842458724975586,0.9335587024688721,33.0,7.733011722564697,1.0,7.733011722564697,12.100000381469727,0.0,0.0540914423763752,12.100000381469727,0.10000000149011612,306.76409912109375,0.0,0.0,5.0
165,30.19253921508789,-93.89373016357422,6612.1279296875,15.035030364990234,0.9390233755111694,33.0,7.721162796020508,1.0,7.721162796020508,12.100000381469727,0.0,0.058766525238752365,12.100000381469727,0.10000000149011612,306.2940673828125,0.0,0.0,5.0
166,30.199989318847656,-93.88361358642578,6640.06787109375,20.7587890625,0.8421335816383362,34.0,7.709349155426025,1.0,7.709349155426025,12.100000381469727,0.0,0.05206805467605591,12.100000381469727,0.10000000149011612,305.8254089355469,0.0,5.0,0.0
167,30.207439422607422,-93.87349700927734,6668.0078125,11.137784957885742,0.8489779233932495,34.0,7.69757080078125,1.0,7.69757080078125,12.100000381469727,5.872253900791858e-16,0.05826961621642113,12.100000381469727,0.10000000149011612,305.3581848144531,0.0,0.0,5.0
168,30.21489715576172,-93.86338806152344,6697.47216796875,11.256791114807129,0.8610971570014954,34.0,7.68610954284668,1.0,7.68610954284668,12.100000381469727,0.0,0.05105176940560341,12.100000381469727,0.10000000149011612,304.9035339355469,0.0,0.0,5.0
169,30.222379684448242,-93.85331726074219,6733.0322265625,11.544102668762207,0.8641124367713928,34.0,7.6774067878723145,1.0,7.6774067878723145,12.100000381469727,0.0,0.05091739073395729,12.100000381469727,0.10000000149011612,304.55828857421875,0.0,0.0,5.0
170,30.2298641204834,-93.84325408935547,6768.591796875,24.507585525512695,0.8972598910331726,35.0,7.674799919128418,1.0,7.674799919128418,12.100000381469727,0.0,0.06067251041531563,12.100000381469727,0.10000000149011612,304.4548645019531,0.0,5.0,0.0
171,30.237346649169922,-93.83318328857422,6804.15185546875,13.400883674621582,0.8931906819343567,35.0,7.672194480895996,1.0,7.672194480895996,12.100000381469727,0.0,0.05995544418692589,12.100000381469727,0.10000000149011612,304.3515319824219,0.0,0.0,0.0
172,30.244829177856445,-93.8231201171875,6839.7119140625,13.28977108001709,0.8922786116600037,35.0,7.669590473175049,1.0,7.669590473175049,12.100000381469727,0.0,0.06221295893192291,12.100000381469727,0.10000000149011612,304.24822998046875,0.0,0.0,5.0
173,30.2523136138916,-93.81305694580078,6875.27197265625,19.297842025756836,0.7621617913246155,36.0,7.666987895965576,1.0,7.666987895965576,12.100000381469727,0.0,0.06134232506155968,12.100000381469727,0.10000000149011612,304.1449890136719,0.0,5.0,0.0
174,30.259777069091797,-93.80303192138672,6910.578125,9.916875839233398,0.7623710036277771,36.0,7.638950824737549,1.0,7.638950824737549,12.100000381469727,0.0,0.056613240391016006,12.100000381469727,0.10000000149011612,303.0327453613281,0.0,0.0,5.0
175,30.267160415649414,-93.79318237304688,6944.8681640625,22.27461051940918,0.8375068306922913,37.0,7.536782264709473,1.0,7.536782264709473,12.100000381469727,0.0,0.05697021260857582,12.100000381469727,0.10000000149011612,298.97979736328125,0.0,5.0,0.0
176,30.27454376220703,-93.78333282470703,6979.158203125,19.185184478759766,0.8459659814834595,37.0,7.54541015625,1.0,7.54541015625,12.100000381469727,0.0,0.061685096472501755,12.100000381469727,0.10000000149011612,299.3220520019531,0.0,0.017003612592816353,0.0
177,30.28192710876465,-93.77348327636719,7013.4482421875,11.927664756774902,0.8554329872131348,37.0,7.55405855178833,1.0,7.55405855178833,12.100000381469727,0.0,0.06070234254002571,12.100000381469727,0.10000000149011612,299.6651306152344,0.0,0.0,5.0
178,30.289310455322266,-93.76363372802734,7047.73779296875,12.236051559448242,0.8675826787948608,37.0,7.562727451324463,1.0,7.562727451324463,12.100000381469727,0.0,0.06063219532370567,12.100000381469727,0.10000000149011612,300.009033203125,0.0,0.0,5.0
179,30.296693801879883,-93.75377655029297,7082.02783203125,12.645898818969727,0.8782644271850586,37.0,7.571417331695557,1.0,7.571417331695557,12.100000381469727,0.0,0.06254067271947861,12.100000381469727,0.10000000149011612,300.3537292480469,0.0,0.0,5.0
180,30.30401611328125,-93.7440185546875,7125.2080078125,13.035439491271973,0.8710684180259705,37.0,7.525486946105957,1.0,7.525486946105957,12.100000381469727,0.0,0.06059135124087334,12.100000381469727,0.10000000149011612,298.5317077636719,0.0,0.0,5.0
181,30.311100006103516,-93.7345962524414,7203.9482421875,12.805959701538086,0.8712397813796997,37.0,7.3236494064331055,1.0,7.3236494064331055,12.100000381469727,5.872253900791858e-16,0.059715744107961655,12.100000381469727,0.10000000149011612,290.5249328613281,0.0,0.0,0.024471541866660118
182,30.31818389892578,-93.72518157958984,7282.68798828125,18.26173210144043,0.973294198513031,38.0,10.370150566101074,1.0,10.370150566101074,17.0,0.0,0.05878307297825813,17.0,0.30000001192092896,292.80426025390625,0.0,5.0,0.0
183,30.325265884399414,-93.71576690673828,7361.42822265625,19.669208526611328,0.9875127077102661,38.0,10.452159881591797,1.0,10.452159881591797,17.0,0.0,0.05583088845014572,17.0,0.30000001192092896,295.11981201171875,0.0,0.11992892622947693,0.0
184,30.33234977722168,-93.70635223388672,7440.16796875,22.976909637451172,0.9987202286720276,38.0,10.535483360290527,1.0,10.535483360290527,17.0,0.0,0.057283513247966766,17.0,0.30000001192092896,297.47247314453125,0.0,0.0,5.0
185,30.339433670043945,-93.69692993164062,7518.908203125,32.87210464477539,0.9881442785263062,38.0,2.182720422744751,0.20552626252174377,10.620153427124023,17.0,19.318973541259766,0.06419022381305695,3.4939465522766113,0.30000001192092896,299.8631591796875,0.0,0.0,0.042125288397073746
186,30.34645652770996,-93.68753814697266,7591.2978515625,23.201234817504883,0.9988479614257812,38.0,10.639517784118652,1.0,10.639517784118652,17.0,8.359326334200919e-16,0.057907767593860626,17.0,0.30000001192092896,300.409912109375,0.0,0.0,5.0
187,30.353239059448242,-93.67823791503906,7638.2880859375,33.31816864013672,1.0,38.0,1.9590445756912231,0.18752028048038483,10.447107315063477,17.0,21.301069259643555,0.059411805123090744,3.187844753265381,0.30000001192092896,294.9771423339844,0.0,0.0,5.0
188,30.360023498535156,-93.66893768310547,7685.27783203125,87.89997100830078,1.0,38.0,0.0,0.0,10.469666481018066,17.0,1000.0,0.06020462512969971,0.0,0.30000001192092896,295.6141357421875,4.9269022941589355,0.0,5.0
189,30.366806030273438,-93.65963745117188,7732.26806640625,87.88325500488281,1.0,38.0,0.0,0.0,10.492325782775879,17.0,1000.0,0.05860277637839317,0.0,0.30000001192092896,296.25390625,4.937564849853516,0.0,5.0
190,30.37359046936035,-93.65033721923828,7779.2578125,87.86205291748047,1.0,38.0,0.0,0.0,10.515084266662598,17.0,1000.0,0.056649766862392426,0.0,0.30000001192092896,296.8965148925781,4.948275089263916,0.0,0.06243493780493736
191,30.380373001098633,-93.64103698730469,7826.248046875,87.83638000488281,1.0,38.0,0.0,0.0,10.537943840026855,17.0,1000.0,0.05492514371871948,0.0,0.30000001192092896,297.5419616699219,4.9590325355529785,0.0,5.0
192,30.38719940185547,-93.63162231445312,7865.2685546875,87.80622100830078,0.9931659698486328,38.0,0.0,0.0,10.647994995117188,17.0,1000.0,0.05883845314383507,0.0,0.30000001192092896,300.6492919921875,5.010821342468262,0.0,5.0
193,30.39419937133789,-93.62174987792969,7872.41259765625,25.44498062133789,0.9753071665763855,38.0,9.349261283874512,0.8499067425727844,11.000336647033691,17.0,0.9141908884048462,0.054464809596538544,14.44841480255127,0.30000001192092896,310.5977478027344,0.0,0.0,5.0
194,30.401199340820312,-93.61187744140625,7879.55615234375,19.825374603271484,0.9776793718338013,38.0,10.93536376953125,1.0,10.93536376953125,17.0,0.0,0.06347448378801346,17.0,0.30000001192092896,308.7632141113281,0.0,0.0,5.0
195,30.408199310302734,-93.60199737548828,7886.7001953125,20.21921730041504,0.9836230874061584,38.0,10.871148109436035,1.0,10.871148109436035,17.0,0.0,0.05998150631785393,17.0,0.30000001192092896,306.9500732421875,0.0,0.0,5.0
196,30.414339065551758,-93.5915298461914,7890.93310546875,11.187494277954102,0.8200259208679199,39.0,10.714822769165039,1.0,10.714822769165039,17.0,0.0,0.06249019503593445,17.0,0.30000001192092896,302.5361633300781,0.0,5.0,0.0
197,30.42047691345215,-93.5810546875,7895.16650390625,10.932642936706543,0.809171736240387,39.0,10.65669059753418,1.0,10.65669059753418,17.0,0.0,0.05476909875869751,17.0,0.30000001192092896,300.8948059082031,0.0,0.0,5.0
198,30.426616668701172,-93.5705795288086,7899.39990234375,20.778846740722656,0.8601782917976379,40.0,10.599181175231934,1.0,10.599181175231934,17.0,8.359326334200919e-16,0.05610726773738861,17.0,0.30000001192092896,299.27099609375,0.0,5.0,0.0
199,30.432756423950195,-93.56011199951172,7903.63330078125,12.034344673156738,0.8465143442153931,40.0,10.54228401184082,1.0,10.54228401184082,17.0,0.0,0.06352744251489639,17.0,0.30000001192092896,297.66448974609375,0.0,0.01214996725320816,0.0
200,30.438894271850586,-93.54963684082031,7907.86669921875,11.567296028137207,0.8544949889183044,40.0,10.485989570617676,1.0,10.485989570617676,17.0,0.0,0.054155606776475906,17.0,0.30000001192092896,296.07501220703125,0.0,0.0,5.0
201,30.44503402709961,-93.53916931152344,7912.10009765625,11.734220504760742,0.8527536392211914,40.0,10.430289268493652,1.0,10.430289268493652,17.0,0.0,0.057045549154281616,17.0,0.30000001192092896,294.5022888183594,0.0,0.0,5.0
202,30.451171875,-93.52869415283203,7916.33349609375,11.614922523498535,0.8431811928749084,40.0,10.375171661376953,1.0,10.375171661376953,17.0,8.359326334200919e-16,0.05985004082322121,17.0,0.30000001192092896,292.9460144042969,0.0,0.0,0.09162872284650803
203,30.456880569458008,-93.51756286621094,7922.259765625,11.271061897277832,0.8487272262573242,40.0,10.571410179138184,1.0,10.571410179138184,17.0,0.0,0.061820339411497116,17.0,0.30000001192092896,298.48687744140625,0.0,0.0,5.0
204,30.462480545043945,-93.50626373291016,7928.60986328125,11.352989196777344,0.8530227541923523,40.0,10.595669746398926,1.0,10.595669746398926,17.0,0.0,0.06249769404530525,17.0,0.30000001192092896,299.1718444824219,0.0,0.0,5.0
205,30.468080520629883,-93.49495697021484,7934.9599609375,11.400863647460938,0.8550297617912292,40.0,10.554445266723633,1.0,10.554445266723633,17.0,0.0,0.0570564828813076,17.0,0.30000001192092896,298.0078430175781,0.0,0.0,0.013802624307572842
206,30.47368049621582,-93.48365783691406,7941.31005859375,11.381195068359375,0.8663298487663269,40.0,10.51353645324707,1.0,10.51353645324707,17.0,0.0,0.057002630084753036,17.0,0.30000001192092896,296.852783203125,0.0,0.0,5.0
207,30.479280471801758,-93.47235870361328,7947.66015625,11.652290344238281,0.862912118434906,40.0,10.472940444946289,1.0,10.472940444946289,17.0,0.0,0.05619058385491371,17.0,0.30000001192092896,295.70654296875,0.0,0.0,5.0
208,30.484880447387695,-93.4610595703125,7954.009765625,11.459504127502441,0.8599115014076233,40.0,10.432652473449707,1.0,10.432652473449707,17.0,0.0,0.05836113542318344,17.0,0.30000001192092896,294.56903076171875,0.0,0.0,0.07155753672122955
209,30.490211486816406,-93.44940948486328,7958.86572265625,11.280553817749023,0.8662196397781372,40.0,10.527328491210938,1.0,10.527328491210938,17.0,0.0,0.055953554809093475,17.0,0.30000001192092896,297.2422180175781,0.0,0.0,5.0
210,30.49547576904297,-93.43767547607422,7963.34814453125,11.393105506896973,0.8642897605895996,40.0,10.532712936401367,1.0,10.532712936401367,17.0,8.359326334200919e-16,0.055046189576387405,17.0,0.30000001192092896,297.39422607421875,0.0,0.0,0.04596296697854996
211,30.500741958618164,-93.42594146728516,7967.83056640625,21.23261070251465,0.9294860363006592,41.0,10.505289077758789,1.0,10.505289077758789,17.0,0.0,0.05755537375807762,17.0,0.30000001192092896,296.61993408203125,0.0,5.0,0.0
212,30.506032943725586,-93.41398620605469,7981.18798828125,15.304461479187012,0.9288967847824097,41.0,10.656156539916992,1.0,10.656156539916992,17.0,0.0,0.057111967355012894,17.0,0.30000001192092896,300.87969970703125,0.0,0.05633457750082016,0.0
213,30.51136589050293,-93.40170288085938,8007.85791015625,15.312719345092773,0.9244729280471802,41.0,10.908734321594238,1.0,10.908734321594238,17.0,0.0,0.06691708415746689,17.0,0.30000001192092896,308.0113220214844,0.0,0.0,5.0
214,30.516700744628906,-93.38941955566406,8034.52783203125,15.091710090637207,0.9227550625801086,41.0,10.91142463684082,1.0,10.91142463684082,17.0,0.0,0.06099073216319084,17.0,0.30000001192092896,308.0872802734375,0.0,0.0,5.0
215,30.52203369140625,-93.37713623046875,8061.1982421875,15.030574798583984,0.9257718920707703,41.0,10.914115905761719,1.0,10.914115905761719,17.0,0.0,0.058380790054798126,17.0,0.30000001192092896,308.16326904296875,0.0,0.0,5.0
216,30.527366638183594,-93.36485290527344,8087.8681640625,22.713430404663086,0.8499894142150879,42.0,10.91680908203125,1.0,10.91680908203125,17.0,0.0,0.061411723494529724,17.0,0.30000001192092896,308.23931884765625,0.0,5.0,0.0
217,30.532699584960938,-93.35256958007812,8114.5380859375,12.206901550292969,0.8552190065383911,42.0,10.919503211975098,1.0,10.919503211975098,17.0,0.0,0.05538104102015495,17.0,0.30000001192092896,308.3153991699219,0.0,0.0,5.0
218,30.537939071655273,-93.34058380126953,8139.880859375,22.814146041870117,0.806857705116272,43.0,10.668612480163574,1.0,10.668612480163574,17.0,0.0,0.06006829813122749,17.0,0.30000001192092896,301.2314147949219,0.0,5.0,0.0
219,30.54303550720215,-93.32905578613281,8163.232421875,18.61617660522461,0.8142186999320984,43.0,10.2898588180542,1.0,10.2898588180542,17.0,0.0,0.05800343677401543,17.0,0.30000001192092896,290.5372009277344,0.0,0.0,0.0
220,30.548131942749023,-93.31752014160156,8186.583984375,11.328701972961426,0.8136690855026245,43.0,10.289434432983398,1.0,10.289434432983398,17.0,0.0,0.056134551763534546,17.0,0.30000001192092896,290.52520751953125,0.0,0.0,5.0
221,30.5532283782959,-93.30599212646484,8209.935546875,11.322933197021484,0.8182486295700073,43.0,10.289010047912598,1.0,10.289010047912598,17.0,8.359326334200919e-16,0.056546568870544434,17.0,0.30000001192092896,290.5132141113281,0.0,0.0,0.1579131931066513
222,30.558326721191406,-93.2944564819336,8233.287109375,13.780558586120605,0.8843450546264648,44.0,10.28858470916748,1.0,10.28858470916748,17.0,0.0,0.05978590250015259,17.0,0.30000001192092896,290.501220703125,0.0,5.0,0.0
223,30.56342315673828,-93.28292846679688,8256.638671875,13.394606590270996,0.8843140006065369,44.0,10.28816032409668,1.0,10.28816032409668,17.0,0.0,0.05753312632441521,17.0,0.30000001192092896,290.4892272949219,0.0,0.15831290185451508,0.0
224,30.568500518798828,-93.2712173461914,8279.271484375,13.38680362701416,0.886337399482727,44.0,10.406423568725586,1.0,10.406423568725586,17.0,0.0,0.056372519582509995,17.0,0.30000001192092896,293.82843017578125,0.0,0.0,5.0
225,30.57349967956543,-93.2587890625,8299.0263671875,13.451961517333984,0.8815422058105469,44.0,10.886585235595703,1.0,10.886585235595703,17.0,0.0,0.0570966862142086,17.0,0.30000001192092896,307.3859558105469,0.0,0.0,0.10285940766334534
226,30.578500747680664,-93.2463607788086,8318.7822265625,13.255671501159668,0.8814071416854858,44.0,10.886127471923828,1.0,10.886127471923828,17.0,0.0,0.05486692115664482,17.0,0.30000001192092896,307.3730163574219,0.0,0.0,5.0
227,30.583499908447266,-93.23394012451172,8338.5380859375,21.84415054321289,0.8243629932403564,45.0,10.88567066192627,1.0,10.88567066192627,17.0,0.0,0.06120283156633377,17.0,0.30000001192092896,307.360107421875,0.0,5.0,0.0
228,30.588499069213867,-93.22151184082031,8358.29296875,11.49659538269043,0.8225032091140747,45.0,10.885211944580078,1.0,10.885211944580078,17.0,0.0,0.05477207899093628,17.0,0.30000001192092896,307.34716796875,0.0,0.0,5.0
229,30.5935001373291,-93.2090835571289,8378.048828125,22.021146774291992,0.7982808947563171,46.0,10.884754180908203,1.0,10.884754180908203,17.0,8.359326334200919e-16,0.05438411235809326,17.0,0.30000001192092896,307.3342590332031,0.0,5.0,0.0
230,30.597566604614258,-93.19658660888672,8398.93359375,18.37110710144043,0.8096215128898621,46.0,10.598430633544922,1.0,10.598430633544922,17.0,0.0,0.059425946325063705,17.0,0.30000001192092896,299.24981689453125,0.0,0.0,0.0
231,30.60140037536621,-93.18406677246094,8420.099609375,11.038625717163086,0.8124655485153198,46.0,10.528281211853027,1.0,10.528281211853027,17.0,0.0,0.07081394642591476,17.0,0.30000001192092896,297.2691345214844,0.0,0.0,5.0
232,30.605234146118164,-93.17154693603516,8441.2666015625,11.060029029846191,0.8002310395240784,46.0,10.517751693725586,1.0,10.517751693725586,17.0,0.0,0.05840032920241356,17.0,0.30000001192092896,296.9718017578125,0.0,0.0,0.045514609664678574
233,30.609066009521484,-93.15902709960938,8462.43359375,13.810881614685059,0.9032642245292664,47.0,10.507242202758789,1.0,10.507242202758789,17.0,8.359326334200919e-16,0.05615479126572609,17.0,0.30000001192092896,296.6750793457031,0.0,5.0,0.0
234,30.612899780273438,-93.14651489257812,8483.599609375,13.572463989257812,0.898978054523468,47.0,10.496752738952637,1.0,10.496752738952637,17.0,0.0,0.057602401822805405,17.0,0.30000001192092896,296.37890625,0.0,0.05541542172431946,0.0
235,30.616233825683594,-93.13383483886719,8504.7666015625,13.33945083618164,0.8984500765800476,47.0,10.465185165405273,1.0,10.465185165405273,17.0,0.0,0.05246507748961449,17.0,0.30000001192092896,295.4875793457031,0.0,0.0,5.0
236,30.618816375732422,-93.12091827392578,8525.93359375,13.268511772155762,0.9110629558563232,47.0,10.465275764465332,1.0,10.465275764465332,17.0,0.0,0.051925402134656906,17.0,0.30000001192092896,295.4901428222656,0.0,0.0,5.0
237,30.621400833129883,-93.10800170898438,8547.099609375,13.792672157287598,0.9134891629219055,47.0,10.459980010986328,1.0,10.459980010986328,17.0,0.0,0.053347159177064896,17.0,0.30000001192092896,295.34063720703125,0.0,0.0,5.0
238,30.62398338317871,-93.09508514404297,8568.2666015625,13.85764217376709,0.9191198348999023,47.0,10.454689979553223,1.0,10.454689979553223,17.0,0.0,0.05388790741562843,17.0,0.30000001192092896,295.1912536621094,0.0,0.0,0.07765626162290573
239,30.626367568969727,-93.08177947998047,8590.7880859375,14.091609954833984,0.9113108515739441,47.0,10.712220191955566,1.0,10.712220191955566,17.0,0.0,0.05811849609017372,17.0,0.30000001192092896,302.46270751953125,0.0,0.0,5.0
240,30.628700256347656,-93.0683822631836,8613.6484375,13.62827205657959,0.9257867932319641,47.0,10.777524948120117,1.0,10.777524948120117,17.0,0.0,0.05585206300020218,17.0,0.30000001192092896,304.3066101074219,0.0,0.0,5.0
241,30.631032943725586,-93.05497741699219,8636.5078125,14.335570335388184,0.9150376915931702,47.0,10.777276992797852,1.0,10.777276992797852,17.0,0.0,0.05032918602228165,17.0,0.30000001192092896,304.2995910644531,0.0,0.0,5.0
242,30.63336753845215,-93.04158020019531,8659.3681640625,22.350645065307617,0.7827138900756836,48.0,10.143085479736328,1.0,10.143085479736328,16.0,0.0,0.06044836342334747,16.0,0.0,304.2925720214844,0.0,5.0,0.0
243,30.635700225830078,-93.02818298339844,8682.2275390625,10.127909660339355,0.783111035823822,48.0,9.508923530578613,1.0,9.508923530578613,15.0,0.0,0.06852681934833527,15.0,0.0,304.2855529785156,0.0,0.0,5.0
244,30.638032913208008,-93.01477813720703,8705.087890625,10.205048561096191,0.7803865671157837,48.0,10.142618179321289,1.0,10.142618179321289,16.0,0.0,0.06277956068515778,16.0,0.0,304.2785339355469,0.0,0.0,5.0
245,30.640525817871094,-93.00173950195312,8726.931640625,25.71062469482422,0.9425933957099915,49.0,13.009075164794922,1.0,13.009075164794922,21.0,0.0,0.057909056544303894,21.0,0.30000001192092896,297.35028076171875,0.0,5.0,0.0
246,30.6430606842041,-92.9887924194336,8748.5224609375,16.104005813598633,0.9330710768699646,49.0,12.936769485473633,1.0,12.936769485473633,21.0,0.0,0.06007261574268341,21.0,0.30000001192092896,295.6976013183594,0.0,0.04416191205382347,0.0
247,30.645593643188477,-92.97583770751953,8770.1123046875,15.493988037109375,0.9413425922393799,49.0,12.94018268585205,1.0,12.94018268585205,21.0,0.0,0.056120097637176514,21.0,0.30000001192092896,295.7756042480469,0.0,0.0,5.0
248,30.64812660217285,-92.962890625,8791.7021484375,16.119585037231445,0.9503109455108643,49.0,12.943596839904785,1.0,12.943596839904785,21.0,0.0,0.05693454295396805,21.0,0.30000001192092896,295.8536376953125,0.0,0.0,0.07040663808584213
249,30.650659561157227,-92.94994354248047,8813.2919921875,16.888935089111328,0.9425470232963562,49.0,12.947013854980469,1.0,12.947013854980469,21.0,0.0,0.05517476797103882,21.0,0.30000001192092896,295.9317321777344,0.0,0.0,5.0
250,30.6531925201416,-92.9369888305664,8834.8818359375,16.30303192138672,0.9296426773071289,49.0,12.950432777404785,1.0,12.950432777404785,21.0,6.767073799952286e-16,0.057988423854112625,21.0,0.30000001192092896,296.0098876953125,0.0,0.0,0.0678042322397232
251,30.65571403503418,-92.92415618896484,8854.4404296875,13.054505348205566,0.8744211196899414,50.0,12.827454566955566,1.0,12.827454566955566,21.0,0.0,0.059353217482566833,21.0,0.30000001192092896,293.1989440917969,0.0,5.0,0.0
252,30.65822982788086,-92.91136169433594,8873.490234375,12.98302173614502,0.8829706311225891,50.0,12.790398597717285,1.0,12.790398597717285,21.0,0.0,0.0573146753013134,21.0,0.30000001192092896,292.35198974609375,0.0,0.11335078626871109,0.0
253,30.660747528076172,-92.8985595703125,8892.5400390625,13.320384979248047,0.8682125806808472,50.0,12.782707214355469,1.0,12.782707214355469,21.0,0.0,0.0591164156794548,21.0,0.30000001192092896,292.1761779785156,0.0,0.0,5.0
254,30.66326332092285,-92.88575744628906,8911.58984375,12.831239700317383,0.8542364239692688,50.0,12.7750244140625,1.0,12.7750244140625,21.0,0.0,0.058056142181158066,21.0,0.30000001192092896,292.00054931640625,0.0,0.0,5.0
255,30.66577911376953,-92.87296295166016,8930.6396484375,12.415555953979492,0.8678141832351685,50.0,12.767350196838379,1.0,12.767350196838379,21.0,0.0,0.0550716333091259,21.0,0.30000001192092896,291.8251647949219,0.0,0.0,0.1333240419626236
256,30.668296813964844,-92.86016082763672,8949.6904296875,20.371116638183594,0.7519941329956055,51.0,12.759685516357422,1.0,12.759685516357422,21.0,0.0,0.05549662187695503,21.0,0.30000001192092896,291.6499328613281,0.0,5.0,0.0
257,30.67086410522461,-92.84695434570312,8972.181640625,10.137528419494629,0.7618284821510315,51.0,13.1546630859375,1.0,13.1546630859375,21.0,0.0,0.06245138496160507,21.0,0.30000001192092896,300.6780090332031,0.0,0.13916759192943573,0.0
258,30.673444747924805,-92.83364868164062,8995.533203125,10.321446418762207,0.7809435725212097,51.0,13.253530502319336,1.0,13.253530502319336,21.0,0.0,0.055270373821258545,21.0,0.30000001192092896,302.9378356933594,0.0,0.0,5.0
259,30.676025390625,-92.82034301757812,9018.884765625,23.679054260253906,0.9170355796813965,52.0,13.253195762634277,1.0,13.253195762634277,21.0,0.0,0.06242883950471878,21.0,0.30000001192092896,302.93017578125,0.0,5.0,0.0
260,30.678606033325195,-92.80703735351562,9042.236328125,14.902644157409668,0.900846540927887,52.0,13.252860069274902,1.0,13.252860069274902,21.0,0.0,0.05800293758511543,21.0,0.30000001192092896,302.9225158691406,0.0,0.0,5.0
261,30.68118667602539,-92.79373168945312,9065.587890625,22.501312255859375,0.7363383173942566,53.0,13.252525329589844,1.0,13.252525329589844,21.0,0.0,0.05693652853369713,21.0,0.30000001192092896,302.91485595703125,0.0,5.0,0.0
262,30.683767318725586,-92.78042602539062,9088.939453125,9.86182689666748,0.7348005771636963,53.0,13.252189636230469,1.0,13.252189636230469,21.0,0.0,0.06307133287191391,21.0,0.30000001192092896,302.9071960449219,0.0,0.0,0.0
263,30.686309814453125,-92.76719665527344,9114.2822265625,9.819356918334961,0.7365505695343018,53.0,13.165181159973145,1.0,13.165181159973145,21.0,0.0,0.05751531198620796,21.0,0.30000001192092896,300.9184265136719,0.0,0.0,5.0
264,30.688827514648438,-92.75403594970703,9140.9521484375,21.17172622680664,0.7507036924362183,54.0,13.109344482421875,1.0,13.109344482421875,21.0,6.767073799952286e-16,0.054291896522045135,21.0,0.30000001192092896,299.64215087890625,0.0,5.0,0.0
265,30.691343307495117,-92.7408676147461,9167.6220703125,10.03907585144043,0.7595522403717041,54.0,13.112796783447266,1.0,13.112796783447266,21.0,0.0,0.0579320453107357,21.0,0.30000001192092896,299.7210693359375,0.0,0.005964086856693029,0.0
266,30.693859100341797,-92.72769927978516,9194.2919921875,10.16448974609375,0.7566694021224976,54.0,13.116250991821289,1.0,13.116250991821289,21.0,0.0,0.05631590634584427,21.0,0.30000001192092896,299.8000183105469,0.0,0.0,5.0
267,30.69637680053711,-92.71453094482422,9220.9619140625,10.076552391052246,0.7578920722007751,54.0,13.119707107543945,1.0,13.119707107543945,21.0,0.0,0.05720096454024315,21.0,0.30000001192092896,299.8790283203125,0.0,0.0,0.003332981839776039
268,30.69889259338379,-92.70137023925781,9247.6318359375,10.057724952697754,0.7429762482643127,54.0,13.123165130615234,1.0,13.123165130615234,21.0,0.0,0.054407019168138504,21.0,0.30000001192092896,299.95806884765625,0.0,0.0,5.0
269,30.70142936706543,-92.68804931640625,9273.5400390625,9.752943992614746,0.7417466640472412,54.0,13.274062156677246,1.0,13.274062156677246,21.0,0.0,0.05725747346878052,21.0,0.30000001192092896,303.4071350097656,0.0,0.0,0.0006988784298300743
270,30.7039794921875,-92.67463684082031,9298.9404296875,14.897726058959961,0.9251009225845337,55.0,13.37588119506836,1.0,13.37588119506836,21.0,0.0,0.06442464143037796,21.0,0.30000001192092896,305.73443603515625,0.0,5.0,0.0
271,30.70652961730957,-92.66121673583984,9324.33984375,15.00333023071289,0.9089148044586182,55.0,13.37940502166748,1.0,13.37940502166748,21.0,0.0,0.06399491429328918,21.0,0.30000001192092896,305.8149719238281,0.0,0.0,5.0
272,30.70907974243164,-92.64779663085938,9349.740234375,24.23388671875,0.8832463026046753,56.0,13.38293170928955,1.0,13.38293170928955,21.0,0.0,0.05809561535716057,21.0,0.30000001192092896,305.8955993652344,0.0,5.0,0.0
273,30.71162986755371,-92.63438415527344,9375.1396484375,12.954015731811523,0.8660087585449219,56.0,13.386460304260254,1.0,13.386460304260254,21.0,0.0,0.06057086959481239,21.0,0.30000001192092896,305.9762268066406,0.0,0.0,0.0
274,30.71417999267578,-92.62096405029297,9400.5400390625,12.289527893066406,0.858752965927124,56.0,13.38999080657959,1.0,13.38999080657959,21.0,0.0,0.05812135338783264,21.0,0.30000001192092896,306.05694580078125,0.0,0.0,5.0
275,30.71666145324707,-92.60782623291016,9421.76171875,96.44961547851562,1.0,57.0,0.0,0.0,13.106717109680176,21.0,1000.0,0.05820319801568985,0.0,0.30000001192092896,299.58209228515625,4.993035316467285,5.0,0.0
276,30.719097137451172,-92.59487915039062,9440.1962890625,87.39784240722656,1.0,57.0,0.0,0.0,12.914645195007324,21.0,1000.0,0.05741231516003609,0.0,0.30000001192092896,295.19189453125,4.919865131378174,0.006964880041778088,0.0
277,30.721532821655273,-92.58192443847656,9458.6318359375,87.32402038574219,1.0,57.0,0.0,0.0,12.910728454589844,21.0,1000.0,0.05365998297929764,0.0,0.30000001192092896,295.10235595703125,4.918372631072998,0.0,5.0
278,30.723968505859375,-92.56897735595703,9477.0673828125,87.24742126464844,1.0,57.0,0.0,0.0,12.906813621520996,21.0,1000.0,0.0586354061961174,0.0,0.30000001192092896,295.01287841796875,4.916881561279297,0.0,5.0
279,30.726402282714844,-92.55602264404297,9495.5029296875,87.16819763183594,1.0,57.0,0.0,0.0,12.902900695800781,21.0,1000.0,0.056951507925987244,0.0,0.30000001192092896,294.9234619140625,4.915390968322754,0.0,0.08311858773231506
280,30.728837966918945,-92.5430679321289,9513.9384765625,87.0865249633789,1.0,57.0,0.0,0.0,12.898990631103516,21.0,1000.0,0.057953137904405594,0.0,0.30000001192092896,294.8340759277344,4.913901329040527,0.0,5.0
281,30.731273651123047,-92.53011322021484,9537.7001953125,87.0025863647461,1.0,57.0,0.0,0.0,12.91246509552002,21.0,1000.0,0.054608725011348724,0.0,0.30000001192092896,295.1420593261719,4.919034481048584,0.0,5.0
282,30.733707427978516,-92.51714324951172,9569.4501953125,86.91645812988281,1.0,57.0,0.0,0.0,12.94659423828125,21.0,1000.0,0.05672568455338478,0.0,0.30000001192092896,295.9221496582031,4.93203592300415,0.0,0.08096551895141602
283,30.73613929748535,-92.50418090820312,9601.2001953125,86.82808685302734,1.0,57.0,0.0,0.0,12.972542762756348,21.0,1000.0,0.053622663021087646,0.0,0.30000001192092896,296.5152587890625,4.941921234130859,0.0,5.0
284,30.73857307434082,-92.4912109375,9632.9501953125,86.73768615722656,1.0,57.0,0.0,0.0,12.99859619140625,21.0,1000.0,0.05499633774161339,0.0,0.30000001192092896,297.11077880859375,4.951846122741699,0.0,0.05807897448539734
285,30.74100685119629,-92.4782485961914,9664.7001953125,18.018903732299805,0.7623577117919922,58.0,13.02475643157959,1.0,13.02475643157959,21.0,0.0,0.05649103224277496,21.0,0.30000001192092896,297.7087097167969,0.0,5.0,0.0
286,30.743440628051758,-92.46527862548828,9696.4501953125,10.149992942810059,0.7573454976081848,58.0,13.05102252960205,1.0,13.05102252960205,21.0,0.0,0.055725738406181335,21.0,0.30000001192092896,298.30908203125,0.0,0.03818809241056442,0.0
287,30.745893478393555,-92.45219421386719,9718.5478515625,10.104880332946777,0.775498628616333,58.0,13.193185806274414,1.0,13.193185806274414,21.0,0.0,0.055188775062561035,21.0,0.30000001192092896,301.55853271484375,0.0,0.0,5.0
288,30.748376846313477,-92.43892669677734,9726.16796875,9.42466926574707,0.7183492183685303,59.0,13.389059066772461,1.0,13.389059066772461,21.0,0.0,0.05469921976327896,21.0,0.30000001192092896,306.03564453125,0.0,5.0,0.0
289,30.7508602142334,-92.4256591796875,9733.7880859375,9.53652572631836,0.708198070526123,59.0,13.404407501220703,1.0,13.404407501220703,21.0,0.0,0.057720351964235306,21.0,0.30000001192092896,306.3864440917969,0.0,0.0,5.0
290,30.75334358215332,-92.41239166259766,9741.408203125,20.42725944519043,0.6665182113647461,60.0,13.419791221618652,1.0,13.419791221618652,21.0,0.0,0.05931330844759941,21.0,0.30000001192092896,306.73809814453125,0.0,5.0,0.0
291,30.755826950073242,-92.39912414550781,9749.0283203125,8.863044738769531,0.6573231220245361,60.0,13.435211181640625,1.0,13.435211181640625,21.0,0.0,0.06545180082321167,21.0,0.30000001192092896,307.0905456542969,0.0,0.0,5.0
292,30.758310317993164,-92.38585662841797,9756.6484375,24.963733673095703,0.8222486972808838,61.0,13.450667381286621,1.0,13.450667381286621,21.0,0.0,0.056917086243629456,21.0,0.30000001192092896,307.4438171386719,0.0,5.0,0.0
293,30.760732650756836,-92.37286376953125,9760.7119140625,19.82379150390625,0.8165222406387329,61.0,13.185283660888672,1.0,13.185283660888672,21.0,0.0,0.05493977665901184,21.0,0.30000001192092896,301.3778991699219,0.0,0.0,0.0
294,30.7630672454834,-92.36026000976562,9759.4423828125,11.509565353393555,0.8023492693901062,61.0,12.771800994873047,1.0,12.771800994873047,21.0,0.0,0.06379351764917374,21.0,0.30000001192092896,291.9268798828125,0.0,0.0,5.0
295,30.765399932861328,-92.34765625,9758.171875,11.192913055419922,0.8105565905570984,61.0,12.767755508422852,1.0,12.767755508422852,21.0,0.0,0.05730428546667099,21.0,0.30000001192092896,291.83441162109375,0.0,0.0,0.13455185294151306
296,30.767732620239258,-92.3350601196289,9756.90234375,10.712677955627441,0.7773151993751526,62.0,12.763711929321289,1.0,12.763711929321289,21.0,0.0,0.05502675101161003,21.0,0.30000001192092896,291.74200439453125,0.0,5.0,0.0
297,30.77006721496582,-92.32245635986328,9755.6318359375,10.67348575592041,0.7697655558586121,62.0,12.759671211242676,1.0,12.759671211242676,21.0,0.0,0.05426489934325218,21.0,0.30000001192092896,291.6496276855469,0.0,0.13763345777988434,0.0
298,30.77239990234375,-92.30986022949219,9754.3623046875,10.520697593688965,0.7773680090904236,62.0,12.755632400512695,1.0,12.755632400512695,21.0,0.0,0.05547567084431648,21.0,0.30000001192092896,291.55731201171875,0.0,0.0,5.0
299,30.774799346923828,-92.2968978881836,9753.599609375,10.653684616088867,0.7619684934616089,62.0,13.11457633972168,1.0,13.11457633972168,21.0,6.767073799952286e-16,0.05757676437497139,21.0,0.30000001192092896,299.7617492675781,0.0,0.0,0.1407114714384079
300,30.777299880981445,-92.28340148925781,9753.599609375,10.345041275024414,0.7564699053764343,62.0,13.653176307678223,1.0,13.653176307678223,21.0,0.0,0.061246637254953384,21.0,0.30000001192092896,312.0726013183594,0.0,0.0,5.0
301,30.779800415039062,-92.2698974609375,9753.599609375,19.877840042114258,0.6945698857307434,63.0,13.645337104797363,1.0,13.645337104797363,21.0,0.0,0.053288478404283524,21.0,0.30000001192092896,311.8934326171875,0.0,5.0,0.0
302,30.78230094909668,-92.25640106201172,9753.599609375,9.208822250366211,0.6840840578079224,63.0,13.637507438659668,1.0,13.637507438659668,21.0,0.0,0.054074570536613464,21.0,0.30000001192092896,311.7144470214844,0.0,0.0,5.0
303,30.784799575805664,-92.2428970336914,9753.599609375,20.42270851135254,0.5326210856437683,64.0,13.629685401916504,1.0,13.629685401916504,21.0,0.0,0.054767828434705734,21.0,0.30000001192092896,311.5356750488281,0.0,5.0,0.0
304,30.78730010986328,-92.22940063476562,9753.599609375,13.38210391998291,0.5111750960350037,64.0,13.621871948242188,1.0,13.621871948242188,21.0,0.0,0.05507022142410278,21.0,0.30000001192092896,311.3570861816406,0.0,0.0,0.0
305,30.7898006439209,-92.21589660644531,9753.599609375,7.047969818115234,0.5069649815559387,64.0,13.614068031311035,1.0,13.614068031311035,21.0,6.767073799952286e-16,0.05339029058814049,21.0,0.30000001192092896,311.1786804199219,0.0,0.0,5.0
306,30.79218292236328,-92.2030029296875,9753.599609375,23.323802947998047,0.83636075258255,65.0,13.014966011047363,1.0,13.014966011047363,21.0,0.0,0.05630716681480408,21.0,0.30000001192092896,297.48492431640625,0.0,5.0,0.0
307,30.794567108154297,-92.19010162353516,9753.599609375,11.700366020202637,0.8492867946624756,65.0,13.022278785705566,1.0,13.022278785705566,21.0,0.0,0.05558144301176071,21.0,0.30000001192092896,297.652099609375,0.0,0.04191778227686882,0.0
308,30.79694938659668,-92.17720031738281,9753.599609375,12.002431869506836,0.8425136804580688,65.0,13.029600143432617,1.0,13.029600143432617,21.0,0.0,0.05732893571257591,21.0,0.30000001192092896,297.8194274902344,0.0,0.0,5.0
309,30.799333572387695,-92.16429901123047,9753.599609375,11.752315521240234,0.8410712480545044,65.0,13.036931037902832,1.0,13.036931037902832,21.0,0.0,0.05738997086882591,21.0,0.30000001192092896,297.98699951171875,0.0,0.0,0.036342669278383255
310,30.801715850830078,-92.15139770507812,9753.599609375,11.649771690368652,0.8269276022911072,65.0,13.044269561767578,1.0,13.044269561767578,21.0,0.0,0.054618872702121735,21.0,0.30000001192092896,298.15472412109375,0.0,0.0,5.0
311,30.804100036621094,-92.13849639892578,9753.599609375,11.212984085083008,0.8189874887466431,65.0,13.051616668701172,1.0,13.051616668701172,21.0,0.0,0.058613121509552,21.0,0.30000001192092896,298.3226623535156,0.0,0.0,0.030754508450627327
312,30.80638313293457,-92.12613677978516,9779.0,10.948437690734863,0.8247489929199219,65.0,12.522397994995117,1.0,12.522397994995117,21.0,0.0,0.05339812487363815,21.0,0.30000001192092896,286.22625732421875,0.0,0.0,5.0
313,30.808666229248047,-92.11376953125,9804.400390625,11.018933296203613,0.8210956454277039,65.0,12.533157348632812,1.0,12.533157348632812,21.0,0.0,0.05545881763100624,21.0,0.30000001192092896,286.47216796875,0.0,0.0,0.22956256568431854
314,30.810949325561523,-92.10140228271484,9829.7998046875,10.856486320495605,0.834712564945221,65.0,12.543935775756836,1.0,12.543935775756836,21.0,0.0,0.05356902629137039,21.0,0.30000001192092896,286.7185363769531,0.0,0.0,5.0
315,30.813232421875,-92.08903503417969,9855.2001953125,11.124740600585938,0.8427035212516785,65.0,12.554733276367188,1.0,12.554733276367188,21.0,0.0,0.05417719483375549,21.0,0.30000001192092896,286.96533203125,0.0,0.0,5.0
316,30.81551742553711,-92.07666778564453,9880.599609375,11.261832237243652,0.8360369801521301,65.0,12.565549850463867,1.0,12.565549850463867,21.0,0.0,0.06387922167778015,21.0,0.30000001192092896,287.21258544921875,0.0,0.0,0.21724429726600647
317,30.817800521850586,-92.06430053710938,9906.0,11.0010347366333,0.8292370438575745,65.0,12.576386451721191,1.0,12.576386451721191,21.0,0.0,0.056861814111471176,21.0,0.30000001192092896,287.46026611328125,0.0,0.0,5.0
318,30.82015037536621,-92.0514144897461,9930.1298828125,10.74169921875,0.8258388042449951,65.0,13.10622787475586,1.0,13.10622787475586,21.0,0.0,0.05696042999625206,21.0,0.30000001192092896,299.5709228515625,0.0,0.0,5.0
319,30.822500228881836,-92.03853607177734,9954.259765625,10.567645072937012,0.8125051259994507,65.0,13.117541313171387,1.0,13.117541313171387,21.0,0.0,0.057172734290361404,21.0,0.30000001192092896,299.8294982910156,0.0,0.0,0.0071513839066028595
320,30.82485008239746,-92.02565002441406,9978.3896484375,10.156654357910156,0.8205862045288086,65.0,13.128874778747559,1.0,13.128874778747559,21.0,0.0,0.05795992165803909,21.0,0.30000001192092896,300.08856201171875,0.0,0.0,5.0
321,30.827199935913086,-92.01276397705078,10002.51953125,25.227575302124023,0.7940183877944946,66.0,13.140228271484375,1.0,13.140228271484375,21.0,0.0,0.06061190366744995,21.0,0.30000001192092896,300.34808349609375,0.0,5.0,0.0
322,30.82954978942871,-91.99988555908203,10026.650390625,17.778207778930664,0.7942094206809998,66.0,13.151601791381836,1.0,13.151601791381836,21.0,0.0,0.055074844509363174,21.0,0.30000001192092896,300.6080322265625,0.0,0.0,0.0
323,30.831899642944336,-91.98699951171875,10050.7802734375,10.831461906433105,0.8104869723320007,66.0,13.162996292114258,1.0,13.162996292114258,21.0,0.0,0.05508286505937576,21.0,0.30000001192092896,300.86846923828125,0.0,0.0,5.0
324,30.8342342376709,-91.97423553466797,10072.3701171875,24.581071853637695,0.7947331666946411,67.0,13.052342414855957,1.0,13.052342414855957,21.0,0.0,0.05745108425617218,21.0,0.30000001192092896,298.3392333984375,0.0,5.0,0.0
325,30.836566925048828,-91.96146392822266,10093.9599609375,10.929911613464355,0.8003886342048645,67.0,13.05979061126709,1.0,13.05979061126709,21.0,0.0,0.05611715838313103,21.0,0.30000001192092896,298.5094909667969,0.0,0.02767924964427948,0.0
326,30.838899612426758,-91.94869995117188,10115.5498046875,11.087935447692871,0.8029938340187073,67.0,13.067248344421387,1.0,13.067248344421387,21.0,0.0,0.05471061170101166,21.0,0.30000001192092896,298.6799621582031,0.0,0.0,5.0
327,30.84123420715332,-91.9359359741211,10137.1396484375,11.176982879638672,0.7936025261878967,67.0,13.074714660644531,1.0,13.074714660644531,21.0,0.0,0.05767049267888069,21.0,0.30000001192092896,298.8506164550781,0.0,0.0,0.02200072444975376
328,30.84356689453125,-91.92316436767578,10158.73046875,11.001923561096191,0.7926490306854248,67.0,13.082189559936523,1.0,13.082189559936523,21.0,0.0,0.0608595609664917,21.0,0.30000001192092896,299.021484375,0.0,0.0,5.0
329,30.84589958190918,-91.910400390625,10180.3203125,11.004179954528809,0.7935406565666199,67.0,13.08967399597168,1.0,13.08967399597168,21.0,0.0,0.05709890276193619,21.0,0.30000001192092896,299.1925354003906,0.0,0.0,0.01630871556699276
330,30.848234176635742,-91.8975830078125,10198.099609375,16.764575958251953,0.561586856842041,68.0,13.138437271118164,1.0,13.138437271118164,21.0,0.0,0.055722255259752274,21.0,0.30000001192092896,300.30712890625,0.0,5.0,0.0
331,30.850566864013672,-91.884765625,10215.8798828125,7.781857967376709,0.5561798810958862,68.0,13.13813304901123,1.0,13.13813304901123,21.0,0.0,0.05961976572871208,21.0,0.30000001192092896,300.3001708984375,0.0,0.0,5.0
332,30.8528995513916,-91.8719482421875,10233.66015625,24.131792068481445,0.7561970949172974,69.0,13.137828826904297,1.0,13.137828826904297,21.0,0.0,0.05675869435071945,21.0,0.30000001192092896,300.293212890625,0.0,5.0,0.0
333,30.855234146118164,-91.859130859375,10251.4404296875,10.3392333984375,0.7539551258087158,69.0,13.137524604797363,1.0,13.137524604797363,21.0,0.0,0.056012850254774094,21.0,0.30000001192092896,300.2862854003906,0.0,0.0,0.0
334,30.857566833496094,-91.8463134765625,10269.2197265625,10.296164512634277,0.7573308944702148,69.0,13.13722038269043,1.0,13.13722038269043,21.0,0.0,0.053674716502428055,21.0,0.30000001192092896,300.2793273925781,0.0,0.0,5.0
335,30.859899520874023,-91.83350372314453,10287.0,21.94943618774414,0.6789519786834717,70.0,13.136916160583496,1.0,13.136916160583496,21.0,0.0,0.056779105216264725,21.0,0.30000001192092896,300.2723693847656,0.0,5.0,0.0
336,30.86221694946289,-91.82063293457031,10309.8603515625,9.118498802185059,0.6967964172363281,70.0,13.189558029174805,1.0,13.189558029174805,21.0,0.0,0.05676065757870674,21.0,0.30000001192092896,301.4756164550781,0.0,0.0,5.0
337,30.864532470703125,-91.80776977539062,10332.7197265625,22.09126853942871,0.6332005262374878,71.0,13.197114944458008,1.0,13.197114944458008,21.0,0.0,0.05295482277870178,21.0,0.30000001192092896,301.6483459472656,0.0,5.0,0.0
338,30.866849899291992,-91.7948989868164,10355.580078125,18.895360946655273,0.6157053709030151,71.0,13.204680442810059,1.0,13.204680442810059,21.0,0.0,0.053000662475824356,21.0,0.30000001192092896,301.8212585449219,0.0,0.0,0.0
339,30.86916732788086,-91.78203582763672,10378.4404296875,8.26597785949707,0.604097843170166,71.0,13.212254524230957,1.0,13.212254524230957,21.0,0.0,0.05304386466741562,21.0,0.30000001192092896,301.994384765625,0.0,0.0,5.0
340,30.871482849121094,-91.7691650390625,10401.2998046875,23.015125274658203,0.6907154321670532,72.0,13.21983814239502,1.0,13.21983814239502,21.0,0.0,0.05454433709383011,21.0,0.30000001192092896,302.167724609375,0.0,5.0,0.0
341,30.87380027770996,-91.75630187988281,10424.16015625,16.00223159790039,0.6943207383155823,72.0,13.22743034362793,1.0,13.22743034362793,21.0,0.0,0.05519801378250122,21.0,0.30000001192092896,302.3412780761719,0.0,0.0,0.0
342,30.87605094909668,-91.74382019042969,10448.2900390625,9.14421272277832,0.6924980878829956,72.0,12.841290473937988,1.0,12.841290473937988,21.0,0.0,0.052975844591856,21.0,0.30000001192092896,293.51519775390625,0.0,0.0,5.0
343,30.878299713134766,-91.73133087158203,10472.419921875,9.07198715209961,0.693566083908081,72.0,12.848682403564453,1.0,12.848682403564453,21.0,0.0,0.06372471153736115,21.0,0.30000001192092896,293.6841735839844,0.0,0.0,0.1080799549818039
344,30.880550384521484,-91.7188491821289,10496.5498046875,7.595627784729004,0.5733104944229126,73.0,12.856084823608398,1.0,12.856084823608398,21.0,0.0,0.055459246039390564,21.0,0.30000001192092896,293.8533630371094,0.0,5.0,0.0
345,30.88279914855957,-91.70636749267578,10520.6796875,7.544174671173096,0.5842684507369995,73.0,12.863494873046875,1.0,12.863494873046875,21.0,0.0,0.0532800666987896,21.0,0.30000001192092896,294.0227355957031,0.0,0.10244402289390564,0.0
346,30.88504981994629,-91.69388580322266,10544.8095703125,7.598689556121826,0.5907568335533142,73.0,12.870914459228516,1.0,12.870914459228516,21.0,0.0,0.053835514932870865,21.0,0.30000001192092896,294.19232177734375,0.0,0.0,5.0
347,30.887300491333008,-91.681396484375,10568.9404296875,7.604809284210205,0.5836543440818787,73.0,12.878342628479004,1.0,12.878342628479004,21.0,0.0,0.05556989461183548,21.0,0.30000001192092896,294.36212158203125,0.0,0.0,5.0
348,30.889686584472656,-91.6681900024414,10583.6884765625,7.464189052581787,0.5769169330596924,73.0,13.628837585449219,1.0,13.628837585449219,21.0,0.0,0.056891296058893204,21.0,0.30000001192092896,311.51629638671875,0.0,0.0,0.0939648449420929
349,30.892074584960938,-91.65498352050781,10598.4365234375,7.321176052093506,0.5765970945358276,73.0,13.628514289855957,1.0,13.628514289855957,21.0,0.0,0.0586378276348114,21.0,0.30000001192092896,311.5089111328125,0.0,0.0,5.0
350,30.894460678100586,-91.64176940917969,10613.185546875,23.71202278137207,0.7629097104072571,74.0,13.628190994262695,1.0,13.628190994262695,21.0,0.0,0.05970941111445427,21.0,0.30000001192092896,311.5014953613281,0.0,5.0,0.0
351,30.896848678588867,-91.6285629272461,10627.93359375,9.689261436462402,0.7630383968353271,74.0,13.627866744995117,1.0,13.627866744995117,21.0,0.0,0.06339742988348007,21.0,0.30000001192092896,311.4941101074219,0.0,0.0,5.0
352,30.899234771728516,-91.61534881591797,10642.681640625,9.773862838745117,0.7638639211654663,74.0,13.627543449401855,1.0,13.627543449401855,21.0,0.0,0.06496097892522812,21.0,0.30000001192092896,311.4866943359375,0.0,0.0,5.0
353,30.901622772216797,-91.60214233398438,10657.4306640625,18.895307540893555,0.6238842606544495,75.0,13.627220153808594,1.0,13.627220153808594,21.0,0.0,0.05897068977355957,21.0,0.30000001192092896,311.47930908203125,0.0,5.0,0.0
354,30.903913497924805,-91.58941650390625,10661.396484375,7.921950340270996,0.6357700228691101,75.0,13.1249361038208,1.0,13.1249361038208,21.0,0.0,0.06320089101791382,21.0,0.30000001192092896,299.99853515625,0.0,0.0,5.0
355,30.906179428100586,-91.57682037353516,10662.666015625,8.130607604980469,0.6407263278961182,75.0,13.00223159790039,1.0,13.00223159790039,21.0,0.0,0.05515926331281662,21.0,0.30000001192092896,297.1938781738281,0.0,0.0,5.0
356,30.908447265625,-91.56421661376953,10663.935546875,8.255090713500977,0.6507331728935242,75.0,13.005838394165039,1.0,13.005838394165039,21.0,0.0,0.059767164289951324,21.0,0.30000001192092896,297.27630615234375,0.0,0.0,0.046768929809331894
357,30.91071319580078,-91.55162048339844,10665.2060546875,8.439058303833008,0.6406540870666504,75.0,13.009448051452637,1.0,13.009448051452637,21.0,0.0,0.055321600288152695,21.0,0.30000001192092896,297.35882568359375,0.0,0.0,5.0
358,30.912979125976562,-91.53901672363281,10666.4755859375,8.372920036315918,0.6292770504951477,75.0,13.013059616088867,1.0,13.013059616088867,21.0,6.767073799952286e-16,0.05603046342730522,21.0,0.30000001192092896,297.4413757324219,0.0,0.0,0.04401968792080879
359,30.915246963500977,-91.52642059326172,10667.74609375,8.290925979614258,0.6299524903297424,75.0,13.016674041748047,1.0,13.016674041748047,21.0,0.0,0.058400608599185944,21.0,0.30000001192092896,297.5239562988281,0.0,0.0,5.0
360,30.91749382019043,-91.51388549804688,10668.0,8.34801959991455,0.6317216753959656,75.0,12.94299030303955,1.0,12.94299030303955,21.0,0.0,0.05406028777360916,21.0,0.30000001192092896,295.83978271484375,0.0,0.0,0.04126717522740364
361,30.919734954833984,-91.50137329101562,10668.0,22.649913787841797,0.7505496144294739,76.0,12.921160697937012,1.0,12.921160697937012,21.0,0.0,0.0607743002474308,21.0,0.30000001192092896,295.3408203125,0.0,5.0,0.0
362,30.921977996826172,-91.48885345458984,10668.0,10.145307540893555,0.7385776042938232,76.0,12.917120933532715,1.0,12.917120933532715,21.0,0.0,0.058625850826501846,21.0,0.30000001192092896,295.24847412109375,0.0,0.07765289396047592,0.0
363,30.924219131469727,-91.4763412475586,10668.0,9.977140426635742,0.734897792339325,76.0,12.913082122802734,1.0,12.913082122802734,21.0,0.0,0.05403054505586624,21.0,0.30000001192092896,295.1561584472656,0.0,0.0,5.0
364,30.926462173461914,-91.46382141113281,10668.0,9.947148323059082,0.7366153001785278,76.0,12.909046173095703,1.0,12.909046173095703,21.0,0.0,0.05479937791824341,21.0,0.30000001192092896,295.06390380859375,0.0,0.0,0.08073055744171143
365,30.92870330810547,-91.45130920410156,10668.0,10.001288414001465,0.7441039085388184,76.0,12.597750663757324,1.0,12.597750663757324,20.5,0.0,0.06353288143873215,20.5,0.20000000298023224,294.9717102050781,0.0,0.0,5.0
366,30.93096923828125,-91.43856048583984,10668.0,10.147544860839844,0.7281570434570312,76.0,12.823993682861328,1.0,12.823993682861328,20.5,0.0,0.05745193362236023,20.5,0.20000000298023224,300.26910400390625,0.0,0.0,0.0838046744465828
367,30.93325424194336,-91.4256591796875,10668.0,18.037240982055664,0.8013413548469543,77.0,12.97570514678955,1.0,12.97570514678955,20.5,0.0,0.0534556619822979,20.5,0.20000000298023224,303.8213806152344,0.0,5.0,0.0
368,30.935537338256836,-91.41275787353516,10668.0,11.274635314941406,0.8004972338676453,77.0,12.975409507751465,1.0,12.975409507751465,20.5,0.0,0.055242814123630524,20.5,0.20000000298023224,303.814453125,0.0,0.0,5.0
369,30.937820434570312,-91.39985656738281,10668.0,23.79099464416504,0.7452228665351868,78.0,12.975113868713379,1.0,12.975113868713379,20.5,0.0,0.05494636669754982,20.5,0.20000000298023224,303.80755615234375,0.0,5.0,0.0
370,30.94010353088379,-91.386962890625,10668.0,10.20048999786377,0.7396364212036133,78.0,12.974818229675293,1.0,12.974818229675293,20.5,0.0,0.06098318472504616,20.5,0.20000000298023224,303.8006286621094,0.0,0.0,5.0
371,30.942386627197266,-91.37406158447266,10668.0,21.835134506225586,0.5299428701400757,79.0,12.974522590637207,1.0,12.974522590637207,20.5,0.0,0.059196773916482925,20.5,0.20000000298023224,303.793701171875,0.0,5.0,0.0
372,30.944610595703125,-91.36152648925781,10668.0,18.644575119018555,0.5420640110969543,79.0,12.601099014282227,1.0,12.601099014282227,20.5,0.0,0.05757732316851616,20.5,0.20000000298023224,295.05010986328125,0.0,0.0,0.0
373,30.946792602539062,-91.3492431640625,10668.0,7.623998641967773,0.53695148229599,79.0,12.349928855895996,1.0,12.349928855895996,20.5,0.0,0.058506544679403305,20.5,0.20000000298023224,289.1690673828125,0.0,0.0,5.0
374,30.948976516723633,-91.33695983886719,10668.0,7.5562214851379395,0.5303017497062683,79.0,12.34596061706543,1.0,12.34596061706543,20.5,0.0,0.05977984145283699,20.5,0.20000000298023224,289.0761413574219,0.0,0.0,0.1805156171321869
375,30.951160430908203,-91.32467651367188,10668.0,17.6920108795166,0.6485852599143982,80.0,12.341994285583496,1.0,12.341994285583496,20.5,0.0,0.0525948740541935,20.5,0.20000000298023224,288.9832763671875,0.0,5.0,0.0
376,30.95334243774414,-91.31239318847656,10668.0,8.701143264770508,0.62739497423172,80.0,12.338030815124512,1.0,12.338030815124512,20.5,0.0,0.057316362857818604,20.5,0.20000000298023224,288.8904724121094,0.0,0.18361184000968933,0.0
377,30.95552635192871,-91.30010986328125,10668.0,8.4134521484375,0.6193509101867676,80.0,12.334070205688477,1.0,12.334070205688477,20.5,0.0,0.056828711181879044,20.5,0.20000000298023224,288.7977294921875,0.0,0.0,5.0
378,30.957763671875,-91.2874984741211,10668.0,8.282830238342285,0.6239194869995117,80.0,12.663590431213379,1.0,12.663590431213379,20.5,0.0,0.05249301716685295,20.5,0.20000000298023224,296.5133361816406,0.0,0.0,0.1867043823003769
379,30.960039138793945,-91.274658203125,10668.0,8.2919340133667,0.6325951814651489,80.0,12.88184642791748,1.0,12.88184642791748,20.5,0.0,0.05879170820116997,20.5,0.20000000298023224,301.62371826171875,0.0,0.0,5.0
380,30.962312698364258,-91.2618179321289,10668.0,21.69559669494629,0.619789183139801,81.0,12.877826690673828,1.0,12.877826690673828,20.5,0.0,0.05885999649763107,20.5,0.20000000298023224,301.52960205078125,0.0,5.0,0.0
381,30.96458625793457,-91.24897766113281,10668.0,8.142972946166992,0.6092420220375061,81.0,12.873808860778809,1.0,12.873808860778809,20.5,0.0,0.0568082369863987,20.5,0.20000000298023224,301.4355163574219,0.0,0.0,5.0
382,30.966861724853516,-91.23614501953125,10668.0,22.476028442382812,0.6748847961425781,82.0,12.869792938232422,1.0,12.869792938232422,20.5,6.932123993076298e-16,0.05668804422020912,20.5,0.20000000298023224,301.34149169921875,0.0,5.0,0.0
383,30.969135284423828,-91.22330474853516,10668.0,20.158512115478516,0.6739923357963562,82.0,12.865779876708984,1.0,12.865779876708984,20.5,0.0,0.05642952024936676,20.5,0.20000000298023224,301.2475280761719,0.0,0.0,0.0
384,30.971433639526367,-91.2103271484375,10668.0,8.627488136291504,0.6654767990112305,82.0,12.998087882995605,1.0,12.998087882995605,20.5,0.0,0.058136098086833954,20.5,0.20000000298023224,304.345458984375,0.0,0.0,5.0
385,30.973766326904297,-91.1971435546875,10668.0,21.74441909790039,0.5938711166381836,83.0,13.196758270263672,1.0,13.196758270263672,20.5,0.0,0.05659419670701027,20.5,0.20000000298023224,308.9972839355469,0.0,5.0,0.0
386,30.97610092163086,-91.1839599609375,10668.0,15.380331039428711,0.5861502885818481,83.0,13.188578605651855,1.0,13.188578605651855,20.5,0.0,0.05206356570124626,20.5,0.20000000298023224,308.8057556152344,0.0,0.0,5.0
387,30.97843360900879,-91.1707763671875,10668.0,21.457258224487305,0.648719310760498,84.0,13.180408477783203,1.0,13.180408477783203,20.5,0.0,0.05570191517472267,20.5,0.20000000298023224,308.61444091796875,0.0,5.0,0.0
388,30.98076629638672,-91.1575927734375,10668.0,8.03269100189209,0.6552450060844421,84.0,13.172248840332031,1.0,13.172248840332031,20.5,0.0,0.062279362231492996,20.5,0.20000000298023224,308.4233703613281,0.0,0.0,5.0
389,30.98310089111328,-91.1444091796875,10668.0,8.195737838745117,0.6478841304779053,84.0,13.164097785949707,1.0,13.164097785949707,20.5,0.0,0.061852481216192245,20.5,0.20000000298023224,308.2325439453125,0.0,0.0,5.0
390,30.985366821289062,-91.13152313232422,10668.0,8.18235969543457,0.6450612545013428,84.0,12.853494644165039,1.0,12.853494644165039,20.5,0.0,0.05848776549100876,20.5,0.20000000298023224,300.95989990234375,0.0,0.0,5.0
391,30.987533569335938,-91.11909484863281,10668.0,8.22091007232666,0.6505535244941711,84.0,12.392181396484375,1.0,12.392181396484375,20.5,0.0,0.05862980708479881,20.5,0.20000000298023224,290.15838623046875,0.0,0.0,5.0
392,30.989700317382812,-91.10665893554688,10668.0,8.355870246887207,0.6522827744483948,84.0,12.384546279907227,1.0,12.384546279907227,20.5,0.0,0.05772079899907112,20.5,0.20000000298023224,289.9796142578125,0.0,0.0,0.1640269011259079
393,30.991867065429688,-91.09422302246094,10668.0,14.150504112243652,0.595737099647522,85.0,12.376920700073242,1.0,12.376920700073242,20.5,0.0,0.05941279977560043,20.5,0.20000000298023224,289.80108642578125,0.0,5.0,0.0
394,30.994033813476562,-91.08179473876953,10668.0,7.847007751464844,0.5894742012023926,85.0,12.369304656982422,1.0,12.369304656982422,20.5,0.0,0.05801987648010254,20.5,0.20000000298023224,289.62274169921875,0.0,0.16998200118541718,0.0
395,30.996200561523438,-91.0693588256836,10668.0,7.8366618156433105,0.5888435244560242,85.0,12.36169719696045,1.0,12.36169719696045,20.5,0.0,0.05382653325796127,20.5,0.20000000298023224,289.4446105957031,0.0,0.0,5.0
396,30.9984130859375,-91.05665588378906,10668.5078125,7.882458686828613,0.5862101316452026,85.0,12.626968383789062,1.0,12.626968383789062,20.5,0.0,0.05689613148570061,20.5,0.20000000298023224,295.6558532714844,0.0,0.0,5.0
397,31.000696182250977,-91.04353332519531,10669.7783203125,7.904143333435059,0.5844518542289734,85.0,13.029922485351562,1.0,13.029922485351562,20.5,0.0,0.05467293784022331,20.5,0.20000000298023224,305.09088134765625,0.0,0.0,0.0724024623632431
398,31.002979278564453,-91.0304183959961,10671.0478515625,21.627975463867188,0.660216748714447,86.0,13.025762557983398,1.0,13.025762557983398,20.5,6.932123993076298e-16,0.054680097848176956,20.5,0.20000000298023224,304.99346923828125,0.0,5.0,0.0
399,31.005264282226562,-91.01730346679688,10672.318359375,8.848097801208496,0.6596747636795044,86.0,13.0216064453125,1.0,13.0216064453125,20.5,0.0,0.05439535528421402,20.5,0.20000000298023224,304.8961486816406,0.0,0.0,5.0
400,31.00754737854004,-91.00418853759766,10673.587890625,22.50973129272461,0.4739310145378113,87.0,13.017451286315918,1.0,13.017451286315918,20.5,0.0,0.05746901407837868,20.5,0.20000000298023224,304.7988586425781,0.0,5.0,0.0
401,31.009830474853516,-90.99107360839844,10674.8583984375,16.25120735168457,0.4734671115875244,87.0,13.013298988342285,1.0,13.013298988342285,20.5,0.0,0.053518034517765045,20.5,0.20000000298023224,304.7016296386719,0.0,0.0,0.0
402,31.0120792388916,-90.9781723022461,10675.1123046875,7.040767669677734,0.4733507037162781,87.0,13.73783016204834,1.0,13.73783016204834,22.0,6.459479608508399e-16,0.05668777599930763,22.0,0.15000000596046448,299.7344970703125,0.0,0.0,5.0
403,31.014280319213867,-90.96560668945312,10673.841796875,7.0607500076293945,0.48624491691589355,87.0,13.40769100189209,1.0,13.40769100189209,22.0,0.0,0.06356916576623917,22.0,0.15000000596046448,292.53143310546875,0.0,0.0,0.004425281658768654
404,31.0164794921875,-90.95304107666016,10672.572265625,7.111926555633545,0.48265355825424194,88.0,13.427310943603516,1.0,13.427310943603516,22.0,0.0,0.061513751745224,22.0,0.15000000596046448,292.95953369140625,0.0,5.0,0.0
405,31.018680572509766,-90.94047546386719,10671.3017578125,7.163990020751953,0.4674769937992096,88.0,13.446990013122559,1.0,13.446990013122559,22.0,6.459479608508399e-16,0.0529257208108902,22.0,0.15000000596046448,293.3888854980469,0.0,0.11734132468700409,0.0
406,31.0208797454834,-90.92790985107422,10670.0322265625,7.043831825256348,0.4815472364425659,88.0,13.466727256774902,1.0,13.466727256774902,22.0,6.459479608508399e-16,0.05321718007326126,22.0,0.15000000596046448,293.81951904296875,0.0,0.0,5.0
407,31.023080825805664,-90.91533660888672,10668.76171875,7.160467147827148,0.46749594807624817,88.0,13.486523628234863,1.0,13.486523628234863,22.0,0.0,0.05326055735349655,22.0,0.15000000596046448,294.2514343261719,0.0,0.0,5.0
408,31.025299072265625,-90.90263366699219,10666.984375,7.039557456970215,0.46331241726875305,88.0,13.652484893798828,1.0,13.652484893798828,22.0,0.0,0.06046518683433533,22.0,0.15000000596046448,297.8724060058594,0.0,0.0,0.09580960869789124
409,31.027549743652344,-90.88971710205078,10664.4443359375,19.159761428833008,0.4982544779777527,89.0,13.888630867004395,1.0,13.888630867004395,22.0,0.0,0.05802704021334648,22.0,0.15000000596046448,303.024658203125,0.0,5.0,0.0
410,31.029800415039062,-90.87680053710938,10661.904296875,7.272462368011475,0.5047521591186523,89.0,13.900788307189941,1.0,13.900788307189941,22.0,0.0,0.05623821169137955,22.0,0.15000000596046448,303.2899475097656,0.0,0.0,5.0
411,31.03204917907715,-90.86388397216797,10659.3642578125,23.487586975097656,0.6057294607162476,90.0,13.912968635559082,1.0,13.912968635559082,22.0,0.0,0.0527106449007988,22.0,0.15000000596046448,303.5556945800781,0.0,5.0,0.0
412,31.034299850463867,-90.85096740722656,10656.82421875,16.596240997314453,0.6163843870162964,90.0,13.9251708984375,1.0,13.9251708984375,22.0,0.0,0.05643759295344353,22.0,0.15000000596046448,303.8218994140625,0.0,0.0,0.0
413,31.036550521850586,-90.83805084228516,10654.2841796875,8.360288619995117,0.6135178208351135,90.0,13.937394142150879,1.0,13.937394142150879,22.0,6.459479608508399e-16,0.06913034617900848,22.0,0.15000000596046448,304.0885925292969,0.0,0.0,5.0
414,31.03878402709961,-90.82516479492188,10652.759765625,20.68754768371582,0.3997219204902649,91.0,13.90834903717041,1.0,13.90834903717041,22.0,0.0,0.06445462256669998,22.0,0.15000000596046448,303.45489501953125,0.0,5.0,0.0
415,31.040992736816406,-90.81232452392578,10652.759765625,6.338323593139648,0.4030208885669708,91.0,13.853665351867676,1.0,13.853665351867676,22.0,6.459479608508399e-16,0.05475794896483421,22.0,0.15000000596046448,302.26177978515625,0.0,0.0,0.0
416,31.043203353881836,-90.79948425292969,10652.759765625,6.316556453704834,0.3985348641872406,91.0,13.853358268737793,1.0,13.853358268737793,22.0,0.0,0.05401277914643288,22.0,0.15000000596046448,302.25506591796875,0.0,0.0,5.0
417,31.045412063598633,-90.78665161132812,10652.759765625,20.780380249023438,0.6296032667160034,92.0,13.853050231933594,1.0,13.853050231933594,22.0,0.0,0.0530896857380867,22.0,0.15000000596046448,302.2483825683594,0.0,5.0,0.0
418,31.047622680664062,-90.77381134033203,10652.759765625,8.284500122070312,0.626167893409729,92.0,13.852743148803711,1.0,13.852743148803711,22.0,0.0,0.052765872329473495,22.0,0.15000000596046448,302.2416687011719,0.0,0.0,5.0
419,31.04983139038086,-90.76097106933594,10652.759765625,21.9958553314209,0.5199486613273621,93.0,13.852435111999512,1.0,13.852435111999512,22.0,0.0,0.05513117462396622,22.0,0.15000000596046448,302.2349548339844,0.0,5.0,0.0
420,31.05202293395996,-90.74824523925781,10653.005859375,16.218303680419922,0.5178771018981934,93.0,13.731130599975586,1.0,13.731130599975586,22.0,0.0,0.05287563055753708,22.0,0.15000000596046448,299.5882873535156,0.0,0.0,0.0
421,31.054136276245117,-90.73596954345703,10654.234375,6.9514265060424805,0.518136203289032,93.0,13.247479438781738,1.0,13.247479438781738,22.0,0.0,0.05506015196442604,22.0,0.15000000596046448,289.0359191894531,0.0,0.0,5.0
422,31.05624771118164,-90.72369384765625,10655.4638671875,6.886375904083252,0.5125932693481445,93.0,13.251049995422363,1.0,13.251049995422363,22.0,0.0,0.05530509352684021,22.0,0.15000000596046448,289.11383056640625,0.0,0.0,0.18273480236530304
423,31.058361053466797,-90.71142578125,10656.693359375,6.7660908699035645,0.5176790356636047,93.0,13.254623413085938,1.0,13.254623413085938,22.0,0.0,0.055957455188035965,22.0,0.15000000596046448,289.1917724609375,0.0,0.0,5.0
424,31.060474395751953,-90.69915008544922,10657.921875,6.737972259521484,0.5263593196868896,93.0,13.258198738098145,1.0,13.258198738098145,22.0,0.0,0.05577186122536659,22.0,0.15000000596046448,289.269775390625,0.0,0.0,0.18013697862625122
425,31.06258773803711,-90.68687438964844,10659.1513671875,6.740279674530029,0.5249927639961243,93.0,13.261775970458984,1.0,13.261775970458984,22.0,0.0,0.05400920286774635,22.0,0.15000000596046448,289.34783935546875,0.0,0.0,5.0
426,31.064699172973633,-90.67459869384766,10660.3798828125,6.648480415344238,0.5194063186645508,93.0,13.265355110168457,1.0,13.265355110168457,22.0,0.0,0.052503202110528946,22.0,0.15000000596046448,289.4259338378906,0.0,0.0,5.0
427,31.06698989868164,-90.6612319946289,10661.609375,6.515776634216309,0.5304112434387207,93.0,14.443428993225098,1.0,14.443428993225098,22.0,6.459479608508399e-16,0.06497956812381744,22.0,0.15000000596046448,315.1293640136719,0.0,0.0,5.0
428,31.06928062438965,-90.64785766601562,10662.837890625,19.1674861907959,0.5821344256401062,94.0,14.438894271850586,1.0,14.438894271850586,22.0,6.459479608508399e-16,0.054727938026189804,22.0,0.15000000596046448,315.0304260253906,0.0,5.0,0.0
429,31.071571350097656,-90.63448333740234,10664.0673828125,6.93702507019043,0.5794773697853088,94.0,14.434361457824707,1.0,14.434361457824707,22.0,6.459479608508399e-16,0.05613701045513153,22.0,0.15000000596046448,314.9315185546875,0.0,0.0,5.0
430,31.073862075805664,-90.6211166381836,10665.2958984375,6.542464256286621,0.4457341432571411,95.0,14.429831504821777,1.0,14.429831504821777,22.0,0.0,0.061545271426439285,22.0,0.15000000596046448,314.83270263671875,0.0,5.0,0.0
431,31.07615089416504,-90.60774230957031,10666.525390625,6.524759292602539,0.44212135672569275,95.0,14.425304412841797,1.0,14.425304412841797,22.0,6.459479608508399e-16,0.05897829309105873,22.0,0.15000000596046448,314.7339172363281,0.0,0.0,5.0
432,31.078441619873047,-90.59437561035156,10667.75390625,19.366703033447266,0.42998796701431274,96.0,14.42077922821045,1.0,14.42077922821045,22.0,6.459479608508399e-16,0.059769321233034134,22.0,0.15000000596046448,314.63519287109375,0.0,5.0,0.0
433,31.080659866333008,-90.58136749267578,10668.0,6.520352840423584,0.44469600915908813,96.0,14.025275230407715,1.0,14.025275230407715,22.0,6.459479608508399e-16,0.056072384119033813,22.0,0.15000000596046448,306.0060119628906,0.0,0.0,5.0
434,31.082860946655273,-90.56845092773438,10668.0,23.54027557373047,0.5195929408073425,97.0,13.926382064819336,1.0,13.926382064819336,22.0,0.0,0.057469263672828674,22.0,0.15000000596046448,303.8483581542969,0.0,5.0,0.0
435,31.085060119628906,-90.55553436279297,10668.0,16.236568450927734,0.49779701232910156,97.0,13.926074028015137,1.0,13.926074028015137,22.0,0.0,0.05301386117935181,22.0,0.15000000596046448,303.84161376953125,0.0,0.0,0.0
436,31.08725929260254,-90.54261779785156,10668.0,7.205564498901367,0.4904749095439911,97.0,13.925765037536621,1.0,13.925765037536621,22.0,0.0,0.05485903099179268,22.0,0.15000000596046448,303.8348693847656,0.0,0.0,5.0
437,31.089460372924805,-90.52970123291016,10668.0,22.626163482666016,0.5139168500900269,98.0,13.925457000732422,1.0,13.925457000732422,22.0,6.459479608508399e-16,0.05425388365983963,22.0,0.15000000596046448,303.8281555175781,0.0,5.0,0.0
438,31.091659545898438,-90.51678466796875,10668.0,7.412391185760498,0.5146435499191284,98.0,13.925148010253906,1.0,13.925148010253906,22.0,6.459479608508399e-16,0.053874727338552475,22.0,0.15000000596046448,303.8214111328125,0.0,0.0,5.0
439,31.093793869018555,-90.50428009033203,10668.0,24.419700622558594,0.6753011345863342,99.0,13.476902961730957,1.0,13.476902961730957,22.0,0.0,0.053273916244506836,22.0,0.15000000596046448,294.0415344238281,0.0,5.0,0.0
440,31.095909118652344,-90.49188232421875,10668.0,22.46949005126953,0.6854270696640015,99.0,13.361456871032715,1.0,13.361456871032715,22.0,6.459479608508399e-16,0.0615890771150589,22.0,0.15000000596046448,291.522705078125,0.0,0.09930793941020966,0.0
441,31.098026275634766,-90.47947692871094,10668.0,9.359825134277344,0.6833695769309998,99.0,13.357162475585938,1.0,13.357162475585938,22.0,0.0,0.05628899112343788,22.0,0.15000000596046448,291.42901611328125,0.0,0.0,5.0
442,31.100143432617188,-90.46707916259766,10668.0,9.340267181396484,0.6820999979972839,99.0,13.352871894836426,1.0,13.352871894836426,22.0,0.0,0.06136944890022278,22.0,0.15000000596046448,291.33538818359375,0.0,0.0,0.1428498774766922
443,31.10226058959961,-90.45468139648438,10668.0,18.976511001586914,0.5294063091278076,100.0,13.348583221435547,1.0,13.348583221435547,22.0,0.0,0.05652749165892601,22.0,0.15000000596046448,291.2418212890625,0.0,5.0,0.0
444,31.1043758392334,-90.4422836303711,10668.0,7.621714115142822,0.5357743501663208,100.0,13.3442964553833,1.0,13.3442964553833,22.0,0.0,0.0575135163962841,22.0,0.15000000596046448,291.1482849121094,0.0,0.14596989750862122,0.0
445,31.10650634765625,-90.42971801757812,10668.0,7.674489498138428,0.5204297304153442,100.0,13.50881576538086,1.0,13.50881576538086,22.0,0.0,0.05276127904653549,22.0,0.15000000596046448,294.73779296875,0.0,0.0,5.0
446,31.108640670776367,-90.41712188720703,10668.0,7.521689414978027,0.506891667842865,100.0,13.546669006347656,1.0,13.546669006347656,22.0,0.0,0.05395212769508362,22.0,0.15000000596046448,295.5636901855469,0.0,0.0,0.08770333975553513
447,31.11077308654785,-90.4045181274414,10668.0,7.384067535400391,0.4983592629432678,100.0,13.542320251464844,1.0,13.542320251464844,22.0,0.0,0.054901737719774246,22.0,0.15000000596046448,295.46881103515625,0.0,0.0,5.0
448,31.11290740966797,-90.39192199707031,10668.0,7.287777423858643,0.48257580399513245,100.0,13.53797435760498,1.0,13.53797435760498,22.0,0.0,0.05141451582312584,22.0,0.15000000596046448,295.3739929199219,0.0,0.0,0.07551989704370499
449,31.115039825439453,-90.37931823730469,10668.0,7.868070125579834,0.5513763427734375,101.0,13.53363037109375,1.0,13.53363037109375,22.0,0.0,0.059186168015003204,22.0,0.15000000596046448,295.2792053222656,0.0,5.0,0.0
450,31.11717414855957,-90.3667221069336,10668.0,7.7144551277160645,0.5489224791526794,101.0,13.529290199279785,1.0,13.529290199279785,22.0,0.0,0.05588307976722717,22.0,0.15000000596046448,295.18450927734375,0.0,0.07867975533008575,0.0
451,31.119413375854492,-90.3534927368164,10668.0,7.654262065887451,0.5509300231933594,101.0,14.20114517211914,1.0,14.20114517211914,22.0,0.0,0.057906050235033035,22.0,0.15000000596046448,309.8431701660156,0.0,0.0,5.0
452,31.121679306030273,-90.3401107788086,10668.0,7.630359649658203,0.5411825776100159,101.0,14.369059562683105,1.0,14.369059562683105,22.0,0.0,0.0582682341337204,22.0,0.15000000596046448,313.5067443847656,0.0,0.0,5.0
453,31.123947143554688,-90.32672882080078,10668.0,21.59592056274414,0.36678794026374817,102.0,14.368731498718262,1.0,14.368731498718262,22.0,0.0,0.05298404023051262,22.0,0.15000000596046448,313.49957275390625,0.0,5.0,0.0
454,31.12621307373047,-90.31334686279297,10668.0,16.073469161987305,0.37249428033828735,102.0,14.368402481079102,1.0,14.368402481079102,22.0,0.0,0.05467156693339348,22.0,0.15000000596046448,313.492431640625,0.0,0.0,0.0
455,31.128480911254883,-90.29995727539062,10668.0,6.0162034034729,0.36763402819633484,102.0,14.368073463439941,1.0,14.368073463439941,22.0,0.0,0.05625735595822334,22.0,0.15000000596046448,313.4852600097656,0.0,0.0,5.0
456,31.130746841430664,-90.28657531738281,10668.0,21.93243408203125,0.4954689145088196,103.0,14.367745399475098,1.0,14.367745399475098,22.0,0.0,0.060181472450494766,22.0,0.15000000596046448,313.47808837890625,0.0,5.0,0.0
457,31.1328125,-90.27433776855469,10668.0,6.833156108856201,0.4875746965408325,103.0,13.131936073303223,1.0,13.131936073303223,22.0,6.459479608508399e-16,0.05201174318790436,22.0,0.15000000596046448,286.51495361328125,0.0,0.0,0.0
458,31.134830474853516,-90.26239013671875,10668.0,6.700540542602539,0.4820626378059387,103.0,12.819822311401367,1.0,12.819822311401367,22.0,0.0,0.052773408591747284,22.0,0.15000000596046448,279.7052307128906,0.0,0.0,5.0
459,31.1368465423584,-90.25044250488281,10668.0,6.58724308013916,0.471566379070282,103.0,12.815729141235352,1.0,12.815729141235352,22.0,0.0,0.059923525899648666,22.0,0.15000000596046448,279.61590576171875,0.0,0.0,0.33824625611305237
460,31.13886260986328,-90.23848724365234,10668.0,6.430332183837891,0.4793398976325989,103.0,12.811637878417969,1.0,12.811637878417969,22.0,6.459479608508399e-16,0.05251329019665718,22.0,0.15000000596046448,279.5266418457031,0.0,0.0,5.0
461,31.140880584716797,-90.2265396118164,10668.0,6.422125816345215,0.46655935049057007,103.0,12.807548522949219,1.0,12.807548522949219,22.0,0.0,0.05630914866924286,22.0,0.15000000596046448,279.43743896484375,0.0,0.0,5.0
462,31.14289665222168,-90.21459197998047,10668.0,6.241610050201416,0.4634472131729126,103.0,12.803462982177734,1.0,12.803462982177734,22.0,0.0,0.05526833236217499,22.0,0.15000000596046448,279.3482666015625,0.0,0.0,5.0
463,31.14504623413086,-90.20173645019531,10668.0,6.138613700866699,0.4653186798095703,103.0,13.762582778930664,1.0,13.762582778930664,22.0,0.0,0.05534151569008827,22.0,0.15000000596046448,300.2745361328125,0.0,0.0,0.3441954553127289
464,31.14723014831543,-90.18865203857422,10668.0,6.0676751136779785,0.4517064690589905,103.0,13.995492935180664,1.0,13.995492935180664,22.0,0.0,0.056118886917829514,22.0,0.15000000596046448,305.356201171875,0.0,0.0,5.0
465,31.1494140625,-90.17556762695312,10668.0,5.868358135223389,0.4497765898704529,103.0,13.986837387084961,1.0,13.986837387084961,22.0,0.0,0.053034745156764984,22.0,0.15000000596046448,305.1673583984375,0.0,0.0,5.0
466,31.151596069335938,-90.16248321533203,10668.0,22.60798454284668,0.539712131023407,104.0,13.978193283081055,1.0,13.978193283081055,22.0,0.0,0.05748388171195984,22.0,0.15000000596046448,304.978759765625,0.0,5.0,0.0
467,31.153779983520508,-90.14939880371094,10668.0,7.306587219238281,0.5424843430519104,104.0,13.969557762145996,1.0,13.969557762145996,22.0,6.459479608508399e-16,0.060469936579465866,22.0,0.15000000596046448,304.7903747558594,0.0,0.0,5.0
468,31.155963897705078,-90.13631439208984,10668.0,22.191640853881836,0.373067170381546,105.0,13.960933685302734,1.0,13.960933685302734,22.0,0.0,0.058149609714746475,22.0,0.15000000596046448,304.6022033691406,0.0,5.0,0.0
469,31.158172607421875,-90.12313842773438,10669.015625,18.95162010192871,0.37275272607803345,105.0,14.061120986938477,1.0,14.061120986938477,22.0,0.0,0.053499531000852585,22.0,0.15000000596046448,306.7880859375,0.0,0.0,0.0
470,31.160390853881836,-90.10993957519531,10670.2861328125,6.14028787612915,0.3624992072582245,105.0,14.086347579956055,1.0,14.086347579956055,22.0,0.0,0.053671080619096756,22.0,0.15000000596046448,307.3385009765625,0.0,0.0,5.0
471,31.162607192993164,-90.09674072265625,10671.5556640625,22.864238739013672,0.3940550982952118,106.0,14.086031913757324,1.0,14.086031913757324,22.0,0.0,0.055096160620450974,22.0,0.15000000596046448,307.33160400390625,0.0,5.0,0.0
472,31.164823532104492,-90.08354187011719,10672.826171875,14.942583084106445,0.38273581862449646,106.0,14.085716247558594,1.0,14.085716247558594,22.0,0.0,0.055669572204351425,22.0,0.15000000596046448,307.32470703125,0.0,0.0,0.0
473,31.16703987121582,-90.07034301757812,10674.095703125,6.347038269042969,0.38169246912002563,106.0,14.085400581359863,1.0,14.085400581359863,22.0,0.0,0.05739530920982361,22.0,0.15000000596046448,307.3178405761719,0.0,0.0,5.0
474,31.16925621032715,-90.05713653564453,10675.3662109375,21.29375457763672,0.3316875398159027,107.0,14.085084915161133,1.0,14.085084915161133,22.0,6.459479608508399e-16,0.05340169742703438,22.0,0.15000000596046448,307.3109436035156,0.0,5.0,0.0
475,31.171459197998047,-90.04398345947266,10675.6201171875,6.067827224731445,0.3351529836654663,107.0,14.040546417236328,1.0,14.040546417236328,22.0,0.0,0.05722727254033089,22.0,0.15000000596046448,306.3392028808594,0.0,0.0,5.0
476,31.173660278320312,-90.03083038330078,10675.6201171875,23.140186309814453,0.4519682824611664,108.0,14.029178619384766,1.0,14.029178619384766,22.0,0.0,0.051936253905296326,22.0,0.15000000596046448,306.0911865234375,0.0,5.0,0.0
477,31.175859451293945,-90.0176773071289,10675.6201171875,19.413497924804688,0.4527754485607147,108.0,14.0288667678833,1.0,14.0288667678833,22.0,0.0,0.057713061571121216,22.0,0.15000000596046448,306.0843505859375,0.0,0.0,0.0
478,31.17806053161621,-90.00453186035156,10675.6201171875,6.9939422607421875,0.4376909136772156,108.0,14.02855396270752,1.0,14.02855396270752,22.0,0.0,0.0583048015832901,22.0,0.15000000596046448,306.0775451660156,0.0,0.0,5.0
479,31.180259704589844,-89.99137878417969,10675.6201171875,22.895055770874023,0.391890287399292,109.0,14.028242111206055,1.0,14.028242111206055,22.0,0.0,0.055702656507492065,22.0,0.15000000596046448,306.07073974609375,0.0,5.0,0.0
480,31.18246078491211,-89.97823333740234,10675.6201171875,14.71566390991211,0.39615339040756226,109.0,14.027929306030273,1.0,14.027929306030273,22.0,6.459479608508399e-16,0.05749492719769478,22.0,0.15000000596046448,306.06390380859375,0.0,0.0,0.0
481,31.184539794921875,-89.96574401855469,10674.603515625,6.5742669105529785,0.3834207355976105,109.0,13.324017524719238,1.0,13.324017524719238,22.0,0.0,0.06145485118031502,22.0,0.15000000596046448,290.7058410644531,0.0,0.0,5.0
482,31.18659019470215,-89.95343017578125,10673.333984375,6.475609302520752,0.38415709137916565,109.0,13.15709114074707,1.0,13.15709114074707,22.0,6.459479608508399e-16,0.05450940877199173,22.0,0.15000000596046448,287.0638122558594,0.0,0.0,0.15490280091762543
483,31.188640594482422,-89.94111633300781,10672.064453125,8.116342544555664,0.5817356705665588,110.0,13.168594360351562,1.0,13.168594360351562,22.0,0.0,0.057210635393857956,22.0,0.15000000596046448,287.3147888183594,0.0,5.0,0.0
484,31.190689086914062,-89.92879486083984,10670.7939453125,8.130319595336914,0.5731011033058167,110.0,13.180118560791016,1.0,13.180118560791016,22.0,0.0,0.05359875038266182,22.0,0.15000000596046448,287.56622314453125,0.0,0.21142031252384186,0.0
485,31.192739486694336,-89.9164810180664,10669.5244140625,8.018962860107422,0.5606382489204407,110.0,13.191662788391113,1.0,13.191662788391113,22.0,0.0,0.05340997502207756,22.0,0.15000000596046448,287.8180847167969,0.0,0.0,5.0
486,31.19478988647461,-89.90415954589844,10668.25390625,7.86660099029541,0.5596272945404053,110.0,13.203227996826172,1.0,13.203227996826172,22.0,0.0,0.05699094384908676,22.0,0.15000000596046448,288.0704345703125,0.0,0.0,5.0
487,31.196853637695312,-89.8915786743164,10668.0,7.824508190155029,0.561614453792572,110.0,13.509925842285156,1.0,13.509925842285156,22.0,0.0,0.05309687927365303,22.0,0.15000000596046448,294.76202392578125,0.0,0.0,0.19882607460021973
488,31.19891929626465,-89.8789291381836,10668.0,19.60308837890625,0.45169344544410706,111.0,13.612120628356934,1.0,13.612120628356934,22.0,0.0,0.05573640391230583,22.0,0.15000000596046448,296.9917297363281,0.0,5.0,0.0
489,31.200986862182617,-89.86627960205078,10668.0,6.792349338531494,0.44987034797668457,111.0,13.644639015197754,1.0,13.644639015197754,22.0,0.0,0.0554877407848835,22.0,0.15000000596046448,297.7012023925781,0.0,0.050137851387262344,0.0
490,31.203052520751953,-89.85363006591797,10668.0,6.730660438537598,0.4513985514640808,111.0,13.677314758300781,1.0,13.677314758300781,22.0,0.0,0.051841434091329575,22.0,0.15000000596046448,298.41412353515625,0.0,0.0,5.0
491,31.205120086669922,-89.84098052978516,10668.0,6.690877437591553,0.44520431756973267,111.0,13.710147857666016,1.0,13.710147857666016,22.0,0.0,0.06015385687351227,22.0,0.15000000596046448,299.1304931640625,0.0,0.0,0.026431169360876083
492,31.207185745239258,-89.82833099365234,10668.0,6.585792064666748,0.4451002776622772,111.0,13.74314022064209,1.0,13.74314022064209,22.0,0.0,0.05415782332420349,22.0,0.15000000596046448,299.850341796875,0.0,0.0,5.0
493,31.209306716918945,-89.81536102294922,10665.9677734375,6.524298191070557,0.44969916343688965,111.0,14.11129093170166,1.0,14.11129093170166,22.0,0.0,0.05201856419444084,22.0,0.15000000596046448,307.8827209472656,0.0,0.0,0.0024943191092461348
494,31.21143913269043,-89.80230712890625,10663.427734375,5.6386284828186035,0.3242552578449249,112.0,14.215362548828125,1.0,14.215362548828125,22.0,6.459479608508399e-16,0.05156085267663002,22.0,0.15000000596046448,310.15338134765625,0.0,5.0,0.0
495,31.213573455810547,-89.78926086425781,10660.8876953125,5.53116512298584,0.32721057534217834,112.0,14.232376098632812,1.0,14.232376098632812,22.0,0.0,0.05499737709760666,22.0,0.15000000596046448,310.5245666503906,0.0,0.0,5.0
496,31.21570587158203,-89.77620697021484,10658.34765625,5.47524356842041,0.329947292804718,112.0,14.249429702758789,1.0,14.249429702758789,22.0,0.0,0.05173962190747261,22.0,0.15000000596046448,310.89666748046875,0.0,0.0,5.0
497,31.21784019470215,-89.7631607055664,10655.8076171875,22.961063385009766,0.4919390380382538,113.0,14.266526222229004,1.0,14.266526222229004,22.0,0.0,0.06168319284915924,22.0,0.15000000596046448,311.2696533203125,0.0,5.0,0.0
498,31.219972610473633,-89.75010681152344,10653.267578125,6.4875807762146,0.47836750745773315,113.0,14.283663749694824,1.0,14.283663749694824,22.0,0.0,0.055559828877449036,22.0,0.15000000596046448,311.6435852050781,0.0,0.0,5.0
499,31.222000122070312,-89.73788452148438,10638.5361328125,6.458678722381592,0.4691995680332184,113.0,13.391819953918457,1.0,13.391819953918457,22.0,0.0,0.05786586552858353,22.0,0.15000000596046448,292.1851806640625,0.0,0.0,5.0
500,31.224000930786133,-89.72586822509766,10620.755859375,6.460187911987305,0.4827196002006531,113.0,13.1709623336792,1.0,13.1709623336792,22.0,0.0,0.059637803584337234,22.0,0.15000000596046448,287.366455078125,0.0,0.0,0.13024714589118958
501,31.22599983215332,-89.71385192871094,10602.9755859375,6.6451311111450195,0.4746699929237366,113.0,13.174726486206055,1.0,13.174726486206055,22.0,0.0,0.059908103197813034,22.0,0.15000000596046448,287.4485778808594,0.0,0.0,5.0
502,31.22800064086914,-89.70183563232422,10585.1962890625,6.647845268249512,0.47719693183898926,113.0,13.17849349975586,1.0,13.17849349975586,22.0,0.0,0.05786920338869095,22.0,0.15000000596046448,287.53076171875,0.0,0.0,5.0
503,31.229999542236328,-89.6898193359375,10567.416015625,6.7352705001831055,0.4735875725746155,113.0,13.18226146697998,1.0,13.18226146697998,22.0,0.0,0.05775256082415581,22.0,0.15000000596046448,287.61297607421875,0.0,0.0,0.20782069861888885
504,31.23200035095215,-89.67780303955078,10549.6357421875,6.768408298492432,0.48825570940971375,113.0,13.18603229522705,1.0,13.18603229522705,22.0,0.0,0.06052315980195999,22.0,0.15000000596046448,287.69525146484375,0.0,0.0,5.0
505,31.234039306640625,-89.66532135009766,10528.8076171875,6.950448036193848,0.4963923692703247,113.0,13.699841499328613,1.0,13.699841499328613,22.0,0.0,0.057854849845170975,22.0,0.15000000596046448,298.9056091308594,0.0,0.0,0.20507904887199402
506,31.2360897064209,-89.65271759033203,10507.2177734375,17.124217987060547,0.3708166182041168,114.0,13.838197708129883,1.0,13.838197708129883,22.0,0.0,0.05718958377838135,22.0,0.15000000596046448,301.92431640625,0.0,5.0,0.0
507,31.238140106201172,-89.64012145996094,10485.6279296875,6.1646647453308105,0.37824365496635437,114.0,13.85066032409668,1.0,13.85066032409668,22.0,0.0,0.05397461727261543,22.0,0.15000000596046448,302.19622802734375,0.0,0.0,5.0
508,31.240190505981445,-89.62751770019531,10464.0380859375,22.770708084106445,0.37401440739631653,115.0,13.863146781921387,1.0,13.863146781921387,22.0,0.0,0.05495850369334221,22.0,0.15000000596046448,302.4686584472656,0.0,5.0,0.0
509,31.24224090576172,-89.61492156982422,10442.4482421875,12.912367820739746,0.3822546601295471,115.0,13.875656127929688,1.0,13.875656127929688,22.0,0.0,0.05945650860667229,22.0,0.15000000596046448,302.7415771484375,0.0,0.0,0.0
510,31.24428939819336,-89.6023178100586,10420.8583984375,6.378013610839844,0.3696119785308838,115.0,13.888188362121582,1.0,13.888188362121582,22.0,0.0,0.06322454661130905,22.0,0.15000000596046448,303.0150146484375,0.0,0.0,5.0
511,31.246313095092773,-89.5898666381836,10397.236328125,21.380596160888672,0.40297073125839233,116.0,13.72812271118164,1.0,13.72812271118164,22.0,0.0,0.053034860640764236,22.0,0.15000000596046448,299.5226745605469,0.0,5.0,0.0
512,31.248329162597656,-89.57745361328125,10373.1064453125,6.590071678161621,0.40544039011001587,116.0,13.687254905700684,1.0,13.687254905700684,22.0,6.459479608508399e-16,0.053581029176712036,22.0,0.15000000596046448,298.6310119628906,0.0,0.007955505512654781,0.0
513,31.250347137451172,-89.56503295898438,10348.9755859375,6.632027626037598,0.4127991497516632,116.0,13.68697452545166,1.0,13.68697452545166,22.0,0.0,0.054255567491054535,22.0,0.15000000596046448,298.6249084472656,0.0,0.0,5.0
514,31.252363204956055,-89.55261993408203,10324.845703125,6.704834461212158,0.40741655230522156,116.0,13.68669319152832,1.0,13.68669319152832,22.0,0.0,0.052141569554805756,22.0,0.15000000596046448,298.6187744140625,0.0,0.0,0.022918427363038063
515,31.254379272460938,-89.54019927978516,10300.7158203125,6.678622245788574,0.40027186274528503,116.0,13.686412811279297,1.0,13.686412811279297,22.0,0.0,0.05213199555873871,22.0,0.15000000596046448,298.6126403808594,0.0,0.0,5.0
516,31.256397247314453,-89.52778625488281,10276.5859375,6.634636402130127,0.38284239172935486,116.0,13.686132431030273,1.0,13.686132431030273,22.0,0.0,0.053696732968091965,22.0,0.15000000596046448,298.60650634765625,0.0,0.0,0.02312258817255497
517,31.258426666259766,-89.51527404785156,10251.4404296875,15.25551986694336,0.3444909155368805,117.0,13.774717330932617,1.0,13.774717330932617,22.0,0.0,0.05285056307911873,22.0,0.15000000596046448,300.5392761230469,0.0,5.0,0.0
518,31.260459899902344,-89.50273895263672,10226.0400390625,6.248295783996582,0.34932181239128113,117.0,13.783050537109375,1.0,13.783050537109375,22.0,0.0,0.0573139414191246,22.0,0.15000000596046448,300.7210998535156,0.0,0.0,5.0
519,31.262493133544922,-89.49020385742188,10200.6396484375,21.821928024291992,0.3141672611236572,118.0,13.765839576721191,1.0,13.765839576721191,22.0,0.0,0.05431013181805611,22.0,0.15000000596046448,300.3455810546875,0.0,5.0,0.0
520,31.2645263671875,-89.47767639160156,10175.240234375,6.0300493240356445,0.3160908818244934,118.0,13.74867057800293,1.0,13.74867057800293,22.0,0.0,0.05470471456646919,22.0,0.15000000596046448,299.9709777832031,0.0,0.0,5.0
521,31.266559600830078,-89.46514129638672,10149.83984375,6.0232744216918945,0.3130159080028534,118.0,13.73154354095459,1.0,13.73154354095459,22.0,6.459479608508399e-16,0.051135022193193436,22.0,0.15000000596046448,299.5973205566406,0.0,0.0,0.00048350924043916166
522,31.268592834472656,-89.45260620117188,10124.4404296875,19.441740036010742,0.24319717288017273,119.0,13.714458465576172,1.0,13.714458465576172,22.0,0.0,0.055771950632333755,22.0,0.15000000596046448,299.22454833984375,0.0,5.0,0.0
523,31.270612716674805,-89.44007110595703,10110.2158203125,5.529912948608398,0.2233113795518875,119.0,13.684298515319824,1.0,13.684298515319824,22.0,0.0,0.053060613572597504,22.0,0.15000000596046448,298.5665283203125,0.0,0.012924134731292725,0.0
524,31.27263069152832,-89.42754364013672,10098.7861328125,5.383008003234863,0.2334803193807602,119.0,13.654070854187012,1.0,13.654070854187012,22.0,0.0,0.056157611310482025,22.0,0.15000000596046448,297.9070129394531,0.0,0.0,5.0
525,31.274646759033203,-89.41500854492188,10087.3564453125,5.401144981384277,0.23741738498210907,119.0,13.624736785888672,1.0,13.624736785888672,22.0,0.0,0.053856704384088516,22.0,0.15000000596046448,297.2669677734375,0.0,0.0,0.03488326445221901
526,31.276662826538086,-89.40247344970703,10075.92578125,5.379735469818115,0.2310514748096466,119.0,13.595526695251465,1.0,13.595526695251465,22.0,0.0,0.055816762149333954,22.0,0.15000000596046448,296.6296691894531,0.0,0.0,5.0
527,31.2786808013916,-89.38993835449219,10064.49609375,5.295359134674072,0.2510927617549896,119.0,13.566439628601074,1.0,13.566439628601074,22.0,6.459479608508399e-16,0.06180513650178909,22.0,0.15000000596046448,295.99505615234375,0.0,0.0,0.05617223307490349
528,31.280696868896484,-89.37740325927734,10053.06640625,13.530491828918457,0.3714648485183716,120.0,13.537476539611816,1.0,13.537476539611816,22.0,0.0,0.05104200541973114,22.0,0.15000000596046448,295.3631286621094,0.0,5.0,0.0
529,31.282779693603516,-89.36444854736328,10051.7958984375,6.061777114868164,0.3772159814834595,120.0,14.001811981201172,1.0,14.001811981201172,22.0,6.459479608508399e-16,0.05566186457872391,22.0,0.15000000596046448,305.49407958984375,0.0,0.0772811695933342,0.0
530,31.284879684448242,-89.35137939453125,10053.06640625,6.038855075836182,0.378074586391449,120.0,14.129450798034668,1.0,14.129450798034668,22.0,0.0,0.0547354482114315,22.0,0.15000000596046448,308.2789306640625,0.0,0.0,5.0
531,31.28697967529297,-89.33831024169922,10054.3359375,5.977235794067383,0.3783313035964966,120.0,14.141979217529297,1.0,14.141979217529297,22.0,0.0,0.05562080070376396,22.0,0.15000000596046448,308.5522766113281,0.0,0.0,5.0
532,31.289079666137695,-89.32524871826172,10055.6064453125,20.75400161743164,0.16426420211791992,121.0,14.15453052520752,1.0,14.15453052520752,22.0,0.0,0.05705495923757553,22.0,0.15000000596046448,308.82611083984375,0.0,5.0,0.0
533,31.291179656982422,-89.31217956542969,10056.8759765625,16.553232192993164,0.16279056668281555,121.0,14.167104721069336,1.0,14.167104721069336,22.0,0.0,0.05679496377706528,22.0,0.15000000596046448,309.1004638671875,0.0,0.0,5.0
534,31.29327964782715,-89.29911041259766,10058.146484375,21.503341674804688,0.38055798411369324,122.0,14.17970085144043,1.0,14.17970085144043,22.0,6.459479608508399e-16,0.05632215738296509,22.0,0.15000000596046448,309.37530517578125,0.0,5.0,0.0
535,31.295272827148438,-89.28665924072266,10058.400390625,5.659191131591797,0.37928155064582825,122.0,13.514456748962402,1.0,13.514456748962402,22.0,0.0,0.060733530670404434,22.0,0.15000000596046448,294.8608703613281,0.0,0.0,5.0
536,31.297239303588867,-89.27436065673828,10058.400390625,5.731274127960205,0.3768540918827057,122.0,13.347305297851562,1.0,13.347305297851562,22.0,0.0,0.05560208112001419,22.0,0.15000000596046448,291.21392822265625,0.0,0.0,5.0
537,31.299205780029297,-89.2620620727539,10058.400390625,5.79142951965332,0.3807477355003357,122.0,13.347037315368652,1.0,13.347037315368652,22.0,0.0,0.05986756458878517,22.0,0.15000000596046448,291.2080993652344,0.0,0.0,5.0
538,31.30117416381836,-89.24976348876953,10058.400390625,5.892692565917969,0.384344220161438,122.0,13.346769332885742,1.0,13.346769332885742,22.0,6.459479608508399e-16,0.05982637777924538,22.0,0.15000000596046448,291.2022399902344,0.0,0.0,0.146531879901886
539,31.30314064025879,-89.23745727539062,10058.400390625,5.98878288269043,0.38156992197036743,122.0,13.346501350402832,1.0,13.346501350402832,22.0,0.0,0.05770059674978256,22.0,0.15000000596046448,291.1964111328125,0.0,0.0,5.0
540,31.30510711669922,-89.22515869140625,10058.400390625,6.036620140075684,0.36633509397506714,122.0,13.346234321594238,1.0,13.346234321594238,22.0,0.0,0.053352512419223785,22.0,0.15000000596046448,291.1905517578125,0.0,0.0,0.14672662317752838
541,31.307140350341797,-89.21259307861328,10058.400390625,5.994648456573486,0.37179744243621826,122.0,13.640801429748535,1.0,13.640801429748535,22.0,0.0,0.054540108889341354,22.0,0.15000000596046448,297.61749267578125,0.0,0.0,5.0
542,31.30919075012207,-89.19995880126953,10058.400390625,6.093482494354248,0.37515655159950256,122.0,13.71423625946045,1.0,13.71423625946045,22.0,0.0,0.05759105086326599,22.0,0.15000000596046448,299.2196960449219,0.0,0.0,0.039708416908979416
543,31.31123924255371,-89.18732452392578,10058.400390625,13.50963020324707,0.16000089049339294,123.0,13.713949203491211,1.0,13.713949203491211,22.0,0.0,0.05463225767016411,22.0,0.15000000596046448,299.21343994140625,0.0,5.0,0.0
544,31.313289642333984,-89.17469024658203,10058.400390625,4.942130088806152,0.16544173657894135,123.0,13.713663101196289,1.0,13.713663101196289,22.0,0.0,0.05528983101248741,22.0,0.15000000596046448,299.2071838378906,0.0,0.013109276071190834,0.0
545,31.315340042114258,-89.16206359863281,10058.400390625,5.018855094909668,0.1395919919013977,123.0,13.71337604522705,1.0,13.71337604522705,22.0,0.0,0.05809268355369568,22.0,0.15000000596046448,299.200927734375,0.0,0.0,5.0
546,31.31739044189453,-89.14942932128906,10058.400390625,4.9301862716674805,0.1365470141172409,123.0,13.713089942932129,1.0,13.713089942932129,22.0,0.0,0.053231850266456604,22.0,0.15000000596046448,299.1946716308594,0.0,0.0,5.0
547,31.319427490234375,-89.1365966796875,10058.400390625,4.953793525695801,0.1286628097295761,123.0,13.916060447692871,1.0,13.916060447692871,22.0,0.0,0.05905580148100853,22.0,0.15000000596046448,303.6231384277344,0.0,0.0,0.01342195738106966
548,31.321460723876953,-89.12371063232422,10058.400390625,19.04111671447754,0.18987500667572021,124.0,13.963212966918945,1.0,13.963212966918945,22.0,6.459479608508399e-16,0.05593442916870117,22.0,0.15000000596046448,304.65191650390625,0.0,5.0,0.0
549,31.32349395751953,-89.11082458496094,10058.400390625,5.294400215148926,0.1835690438747406,124.0,13.958687782287598,1.0,13.958687782287598,22.0,0.0,0.052862364798784256,22.0,0.15000000596046448,304.5531921386719,0.0,0.0,5.0
550,31.32552719116211,-89.09794616699219,10058.400390625,23.020366668701172,0.2626838982105255,125.0,13.9541654586792,1.0,13.9541654586792,22.0,0.0,0.05370534956455231,22.0,0.15000000596046448,304.4544982910156,0.0,5.0,0.0
551,31.327560424804688,-89.0850601196289,10058.400390625,15.794822692871094,0.25470224022865295,125.0,13.949645042419434,1.0,13.949645042419434,22.0,0.0,0.05568794533610344,22.0,0.15000000596046448,304.35589599609375,0.0,0.0,0.0
552,31.329593658447266,-89.07217407226562,10058.400390625,5.711714744567871,0.2519596219062805,125.0,13.945128440856934,1.0,13.945128440856934,22.0,0.0,0.05557682737708092,22.0,0.15000000596046448,304.25732421875,0.0,0.0,5.0
553,31.331586837768555,-89.05961608886719,10045.1923828125,21.64693260192871,0.19703203439712524,126.0,13.606609344482422,1.0,13.606609344482422,22.0,0.0,0.05558771640062332,22.0,0.15000000596046448,296.8714904785156,0.0,5.0,0.0
554,31.33357048034668,-89.04712677001953,10028.681640625,5.396693706512451,0.21205708384513855,126.0,13.528502464294434,1.0,13.528502464294434,22.0,0.0,0.05094745755195618,22.0,0.15000000596046448,295.1673278808594,0.0,0.05214192345738411,0.0
555,31.335554122924805,-89.0346450805664,10012.171875,5.474902629852295,0.20609420537948608,126.0,13.5364408493042,1.0,13.5364408493042,22.0,0.0,0.053327322006225586,22.0,0.15000000596046448,295.3405456542969,0.0,0.0,5.0
556,31.337535858154297,-89.02216339111328,9995.662109375,5.433038711547852,0.19702580571174622,126.0,13.544389724731445,1.0,13.544389724731445,22.0,0.0,0.05197422578930855,22.0,0.15000000596046448,295.5139465332031,0.0,0.0,0.07765775173902512
557,31.339519500732422,-89.00968170166016,9979.15234375,5.369318008422852,0.19232098758220673,126.0,13.552347183227539,1.0,13.552347183227539,22.0,6.459479608508399e-16,0.05620627477765083,22.0,0.15000000596046448,295.6875915527344,0.0,0.0,5.0
558,31.341503143310547,-88.99720001220703,9962.6416015625,5.324321269989014,0.19226022064685822,126.0,13.560315132141113,1.0,13.560315132141113,22.0,0.0,0.05482163652777672,22.0,0.15000000596046448,295.8614196777344,0.0,0.0,0.07187364250421524
559,31.34351348876953,-88.98440551757812,9942.068359375,17.250913619995117,0.07881427556276321,127.0,13.879743576049805,1.0,13.879743576049805,22.0,6.459479608508399e-16,0.05614291504025459,22.0,0.15000000596046448,302.8307800292969,0.0,5.0,0.0
560,31.345529556274414,-88.97154235839844,9920.4775390625,4.697716236114502,0.06751114875078201,127.0,13.94873332977295,1.0,13.94873332977295,22.0,0.0,0.05311412364244461,22.0,0.15000000596046448,304.33599853515625,0.0,0.0,5.0
561,31.34754753112793,-88.95867156982422,9898.8876953125,23.279029846191406,0.3757745027542114,128.0,13.935750961303711,1.0,13.935750961303711,22.0,0.0,0.056051310151815414,22.0,0.15000000596046448,304.0527648925781,0.0,5.0,0.0
562,31.349563598632812,-88.94580841064453,9877.2978515625,14.674671173095703,0.36493876576423645,128.0,13.922792434692383,1.0,13.922792434692383,22.0,0.0,0.05105869844555855,22.0,0.15000000596046448,303.77001953125,0.0,0.0,0.0
563,31.351579666137695,-88.93293762207031,9855.7080078125,6.189757823944092,0.35359013080596924,128.0,13.909857749938965,1.0,13.909857749938965,22.0,6.459479608508399e-16,0.052073732018470764,22.0,0.15000000596046448,303.4878234863281,0.0,0.0,5.0
564,31.353595733642578,-88.92007446289062,9834.1181640625,21.270475387573242,0.2884167730808258,129.0,13.89694595336914,1.0,13.89694595336914,22.0,0.0,0.05834381282329559,22.0,0.15000000596046448,303.20611572265625,0.0,5.0,0.0
565,31.355587005615234,-88.90741729736328,9809.48046875,5.589446067810059,0.2807987928390503,129.0,13.661972045898438,1.0,13.661972045898438,22.0,0.0,0.05615667253732681,22.0,0.15000000596046448,298.07940673828125,0.0,0.0,5.0
566,31.35757064819336,-88.89482116699219,9784.080078125,5.484408855438232,0.2770364582538605,129.0,13.600382804870605,1.0,13.600382804870605,22.0,6.459479608508399e-16,0.050513871014118195,22.0,0.15000000596046448,296.7356262207031,0.0,0.0,0.03201001510024071
567,31.35955238342285,-88.88221740722656,9758.6796875,18.069726943969727,0.1246955543756485,130.0,13.595995903015137,1.0,13.595995903015137,22.0,0.0,0.05086137354373932,22.0,0.15000000596046448,296.6399230957031,0.0,5.0,0.0
568,31.361536026000977,-88.86962127685547,9733.2802734375,4.50226354598999,0.11632873862981796,130.0,13.591612815856934,1.0,13.591612815856934,22.0,6.459479608508399e-16,0.05704011768102646,22.0,0.15000000596046448,296.5442810058594,0.0,0.05600142478942871,0.0
569,31.3635196685791,-88.85701751708984,9707.8798828125,4.3908257484436035,0.12924724817276,130.0,13.587231636047363,1.0,13.587231636047363,22.0,0.0,0.05453841760754585,22.0,0.15000000596046448,296.44866943359375,0.0,0.0,5.0
570,31.365503311157227,-88.84442138671875,9682.48046875,4.381192684173584,0.11823125928640366,130.0,13.582853317260742,1.0,13.582853317260742,22.0,0.0,0.05081013962626457,22.0,0.15000000596046448,296.3531494140625,0.0,0.0,5.0
571,31.367446899414062,-88.83197021484375,9657.080078125,4.249729633331299,0.11895801872015,130.0,13.403721809387207,1.0,13.403721809387207,22.0,0.0,0.0566583126783371,22.0,0.15000000596046448,292.4448547363281,0.0,0.0,0.06078077480196953
572,31.369380950927734,-88.81954956054688,9631.6796875,4.174407958984375,0.1336483508348465,130.0,13.342928886413574,1.0,13.342928886413574,22.0,6.459479608508399e-16,0.05285255238413811,22.0,0.15000000596046448,291.1184387207031,0.0,0.0,5.0
573,31.371313095092773,-88.80713653564453,9606.2802734375,4.1660661697387695,0.13853611052036285,130.0,13.322606086730957,1.0,13.322606086730957,22.0,0.0,0.0595332607626915,22.0,0.15000000596046448,290.675048828125,0.0,0.0,5.0
574,31.373247146606445,-88.79471588134766,9580.8798828125,4.106770038604736,0.14068801701068878,130.0,13.302345275878906,1.0,13.302345275878906,22.0,0.0,0.05566895008087158,22.0,0.15000000596046448,290.23297119140625,0.0,0.0,5.0
575,31.375179290771484,-88.78230285644531,9555.48046875,4.031452178955078,0.1330375373363495,130.0,13.282144546508789,1.0,13.282144546508789,22.0,0.0,0.051419973373413086,22.0,0.15000000596046448,289.792236328125,0.0,0.0,0.1627836376428604
576,31.377113342285156,-88.76988220214844,9530.080078125,3.904649019241333,0.12076187133789062,130.0,13.262003898620605,1.0,13.262003898620605,22.0,0.0,0.06356415152549744,22.0,0.15000000596046448,289.3528137207031,0.0,0.0,5.0
577,31.379140853881836,-88.75688171386719,9514.83984375,3.753369092941284,0.11299045383930206,130.0,13.868009567260742,1.0,13.868009567260742,22.0,0.0,0.05343427509069443,22.0,0.15000000596046448,302.57476806640625,0.0,0.0,0.17745310068130493
578,31.381189346313477,-88.74372863769531,9502.1396484375,3.6187872886657715,0.10180612653493881,130.0,14.003314971923828,1.0,14.003314971923828,22.0,0.0,0.05538495257496834,22.0,0.15000000596046448,305.52685546875,0.0,0.0,5.0
579,31.38323974609375,-88.73058319091797,9489.4404296875,22.04844093322754,0.16160839796066284,131.0,13.982157707214355,1.0,13.982157707214355,22.0,6.459479608508399e-16,0.05277649685740471,22.0,0.15000000596046448,305.0652770996094,0.0,5.0,0.0
580,31.385290145874023,-88.7174301147461,9476.740234375,12.023568153381348,0.1656867265701294,131.0,13.961064338684082,1.0,13.961064338684082,22.0,0.0,0.059891484677791595,22.0,0.15000000596046448,304.60504150390625,0.0,0.0,0.0
581,31.387340545654297,-88.70427703857422,9464.0400390625,4.994725704193115,0.15695402026176453,131.0,13.940032958984375,1.0,13.940032958984375,22.0,0.0,0.05580461770296097,22.0,0.15000000596046448,304.14617919921875,0.0,0.0,5.0
582,31.38939094543457,-88.69113159179688,9451.33984375,20.612979888916016,0.19693250954151154,132.0,13.919063568115234,1.0,13.919063568115234,22.0,0.0,0.05795840173959732,22.0,0.15000000596046448,303.68865966796875,0.0,5.0,0.0
583,31.39146614074707,-88.67774200439453,9448.7998046875,5.2534098625183105,0.18953225016593933,132.0,14.176360130310059,1.0,14.176360130310059,22.0,6.459479608508399e-16,0.052017997950315475,22.0,0.15000000596046448,309.3023986816406,0.0,0.0,5.0
584,31.393550872802734,-88.66429138183594,9448.7998046875,22.605981826782227,0.17609938979148865,133.0,14.25169849395752,1.0,14.25169849395752,22.0,0.0,0.053891561925411224,22.0,0.15000000596046448,310.9461669921875,0.0,5.0,0.0
585,31.395633697509766,-88.65084075927734,9448.7998046875,16.969730377197266,0.175001859664917,133.0,14.264104843139648,1.0,14.264104843139648,22.0,6.459479608508399e-16,0.05355031415820122,22.0,0.15000000596046448,311.2168273925781,0.0,0.0,0.0
586,31.397716522216797,-88.63739013671875,9448.7998046875,5.23952579498291,0.17866870760917664,133.0,14.276533126831055,1.0,14.276533126831055,22.0,0.0,0.05201546102762222,22.0,0.15000000596046448,311.4880065917969,0.0,0.0,5.0
587,31.399799346923828,-88.62393951416016,9448.7998046875,23.177082061767578,0.34111255407333374,134.0,14.288984298706055,1.0,14.288984298706055,22.0,6.459479608508399e-16,0.05182645469903946,22.0,0.15000000596046448,311.7596435546875,0.0,5.0,0.0
588,31.401884078979492,-88.61048889160156,9448.7998046875,6.256753921508789,0.34103673696517944,134.0,14.301456451416016,1.0,14.301456451416016,22.0,0.0,0.05346637964248657,22.0,0.15000000596046448,312.0317687988281,0.0,0.0,0.0
589,31.40382194519043,-88.59791564941406,9448.7998046875,6.267982482910156,0.34548571705818176,134.0,13.376341819763184,1.0,13.376341819763184,22.0,0.0,0.05375297740101814,22.0,0.15000000596046448,291.84747314453125,0.0,0.0,5.0
590,31.405725479125977,-88.58556365966797,9448.7998046875,6.302961349487305,0.3586195111274719,134.0,13.150179862976074,1.0,13.150179862976074,22.0,6.459479608508399e-16,0.05800897255539894,22.0,0.15000000596046448,286.91302490234375,0.0,0.0,0.1358756124973297
591,31.407629013061523,-88.57320404052734,9448.7998046875,6.391369342803955,0.34198954701423645,134.0,13.157524108886719,1.0,13.157524108886719,22.0,6.459479608508399e-16,0.05307991802692413,22.0,0.15000000596046448,287.0732421875,0.0,0.0,5.0
592,31.40953254699707,-88.56085205078125,9448.7998046875,6.27553653717041,0.3551780581474304,134.0,13.164875984191895,1.0,13.164875984191895,22.0,0.0,0.05599023401737213,22.0,0.15000000596046448,287.2336730957031,0.0,0.0,0.2154458910226822
593,31.411436080932617,-88.54850006103516,9448.7998046875,18.60224151611328,0.15952329337596893,135.0,13.172236442565918,1.0,13.172236442565918,22.0,0.0,0.0502222515642643,22.0,0.15000000596046448,287.3942565917969,0.0,5.0,0.0
594,31.413339614868164,-88.53614044189453,9448.7998046875,5.1882195472717285,0.1608126014471054,135.0,13.179605484008789,1.0,13.179605484008789,22.0,0.0,0.06242835149168968,22.0,0.15000000596046448,287.5550231933594,0.0,0.21009576320648193,0.0
595,31.41533088684082,-88.52317810058594,9448.7998046875,5.17518949508667,0.16003721952438354,135.0,13.826495170593262,1.0,13.826495170593262,22.0,0.0,0.05586458742618561,22.0,0.15000000596046448,301.6689758300781,0.0,0.0,5.0
596,31.41737937927246,-88.50981140136719,9448.7998046875,16.375024795532227,0.19456440210342407,136.0,14.252913475036621,1.0,14.252913475036621,22.0,0.0,0.06295191496610641,22.0,0.15000000596046448,310.97265625,0.0,5.0,0.0
597,31.419429779052734,-88.49644470214844,9448.7998046875,5.2953596115112305,0.18951073288917542,136.0,14.24835205078125,1.0,14.24835205078125,22.0,0.0,0.05039769411087036,22.0,0.15000000596046448,310.8731384277344,0.0,0.0,5.0
598,31.421480178833008,-88.48307800292969,9448.7998046875,21.473665237426758,0.14951010048389435,137.0,14.243793487548828,1.0,14.243793487548828,22.0,0.0,0.04983723163604736,22.0,0.15000000596046448,310.7736511230469,0.0,5.0,0.0
599,31.42353057861328,-88.46971130371094,9448.7998046875,4.978265285491943,0.1336362659931183,137.0,14.239236831665039,1.0,14.239236831665039,22.0,0.0,0.05238783732056618,22.0,0.15000000596046448,310.67425537109375,0.0,0.0,5.0
600,31.425579071044922,-88.45634460449219,9448.7998046875,21.90632438659668,0.20171137154102325,138.0,14.2346830368042,1.0,14.2346830368042,22.0,6.459479608508399e-16,0.05361757427453995,22.0,0.15000000596046448,310.5749206542969,0.0,5.0,0.0
601,31.427534103393555,-88.44365692138672,9448.7998046875,18.97028350830078,0.2068617194890976,138.0,13.499805450439453,1.0,13.499805450439453,22.0,0.0,0.05291195213794708,22.0,0.15000000596046448,294.54119873046875,0.0,0.0,0.0
602,31.429424285888672,-88.43142700195312,9448.7998046875,5.125269889831543,0.20040760934352875,138.0,13.000741004943848,1.0,13.000741004943848,22.0,0.0,0.05611677095293999,22.0,0.15000000596046448,283.65252685546875,0.0,0.0,5.0
603,31.431316375732422,-88.419189453125,9448.7998046875,5.0332818031311035,0.1896226406097412,138.0,12.982352256774902,1.0,12.982352256774902,22.0,0.0,0.050552599132061005,22.0,0.15000000596046448,283.2513427734375,0.0,0.0,0.2724578380584717
604,31.43320655822754,-88.4069595336914,9448.7998046875,16.331153869628906,0.03215010091662407,139.0,12.964015007019043,1.0,12.964015007019043,22.0,0.0,0.05493063107132912,22.0,0.15000000596046448,282.85125732421875,0.0,5.0,0.0
605,31.435096740722656,-88.39472198486328,9448.7998046875,4.079640865325928,0.03411589935421944,139.0,12.94572925567627,1.0,12.94572925567627,22.0,0.0,0.05301246792078018,22.0,0.15000000596046448,282.4522705078125,0.0,0.2858125865459442,0.0
606,31.436986923217773,-88.38248443603516,9448.7998046875,4.021369934082031,0.021171197295188904,139.0,12.927494049072266,1.0,12.927494049072266,22.0,0.0,0.0543435774743557,22.0,0.15000000596046448,282.0544128417969,0.0,0.0,5.0
607,31.438899993896484,-88.37007141113281,9448.7998046875,3.893366575241089,0.020794235169887543,139.0,13.099834442138672,1.0,13.099834442138672,22.0,0.0,0.05273835361003876,22.0,0.15000000596046448,285.8145751953125,0.0,0.0,5.0
608,31.440900802612305,-88.35694122314453,9448.7998046875,3.817490577697754,0.030350228771567345,139.0,13.845284461975098,1.0,13.845284461975098,22.0,6.459479608508399e-16,0.056264087557792664,22.0,0.15000000596046448,302.0789489746094,0.0,0.0,0.23642393946647644
609,31.442899703979492,-88.34380340576172,9448.7998046875,3.778517961502075,0.03673014044761658,139.0,13.836813926696777,1.0,13.836813926696777,22.0,6.459479608508399e-16,0.05492878705263138,22.0,0.15000000596046448,301.89410400390625,0.0,0.0,5.0
610,31.444900512695312,-88.33067321777344,9448.7998046875,3.7226319313049316,0.046348363161087036,139.0,13.828351974487305,1.0,13.828351974487305,22.0,6.459479608508399e-16,0.055673133581876755,22.0,0.15000000596046448,301.7095031738281,0.0,0.0,5.0
611,31.4468994140625,-88.31754302978516,9448.7998046875,3.67887544631958,0.053485140204429626,139.0,13.819900512695312,1.0,13.819900512695312,22.0,0.0,0.0552910640835762,22.0,0.15000000596046448,301.5251159667969,0.0,0.0,5.0
612,31.44890022277832,-88.30440521240234,9448.7998046875,19.985700607299805,0.2591194212436676,140.0,13.8114595413208,1.0,13.8114595413208,22.0,0.0,0.05064646899700165,22.0,0.15000000596046448,301.3409423828125,0.0,5.0,0.0
613,31.450912475585938,-88.29116821289062,9449.0537109375,4.593075275421143,0.24677857756614685,140.0,13.916160583496094,1.0,13.916160583496094,22.0,6.459479608508399e-16,0.05142981931567192,22.0,0.15000000596046448,303.62530517578125,0.0,0.0,5.0
614,31.452980041503906,-88.27749633789062,9450.32421875,13.851412773132324,0.12126072496175766,141.0,14.361886978149414,1.0,14.361886978149414,22.0,6.459479608508399e-16,0.05219821631908417,22.0,0.15000000596046448,313.3502502441406,0.0,5.0,0.0
615,31.455047607421875,-88.26383209228516,9451.59375,4.623766899108887,0.11171188950538635,141.0,14.361580848693848,1.0,14.361580848693848,22.0,0.0,0.05656347796320915,22.0,0.15000000596046448,313.3435974121094,0.0,0.0,5.0
616,31.45711326599121,-88.25016784667969,9452.8642578125,21.25309181213379,0.221915602684021,142.0,14.361275672912598,1.0,14.361275672912598,22.0,6.459479608508399e-16,0.05251789465546608,22.0,0.15000000596046448,313.3369140625,0.0,5.0,0.0
617,31.45918083190918,-88.23650360107422,9454.1337890625,5.275120735168457,0.20334656536579132,142.0,14.360969543457031,1.0,14.360969543457031,22.0,0.0,0.053842008113861084,22.0,0.15000000596046448,313.33026123046875,0.0,0.0,5.0
618,31.461246490478516,-88.22283172607422,9455.404296875,22.77664566040039,0.18892283737659454,143.0,14.360664367675781,1.0,14.360664367675781,22.0,0.0,0.06438395380973816,22.0,0.15000000596046448,313.3235778808594,0.0,5.0,0.0
619,31.46328353881836,-88.20936584472656,9456.419921875,17.313547134399414,0.17798364162445068,143.0,14.153656959533691,1.0,14.153656959533691,22.0,0.0,0.05827925726771355,22.0,0.15000000596046448,308.80706787109375,0.0,0.0,0.0
620,31.465200424194336,-88.1966781616211,9456.419921875,5.1834797859191895,0.18413566052913666,143.0,13.326571464538574,1.0,13.326571464538574,22.0,0.0,0.05321108177304268,22.0,0.15000000596046448,290.76153564453125,0.0,0.0,5.0
621,31.467117309570312,-88.18399810791016,9456.419921875,5.252091884613037,0.18763501942157745,143.0,13.326308250427246,1.0,13.326308250427246,22.0,0.0,0.05831019580364227,22.0,0.15000000596046448,290.75579833984375,0.0,0.0,0.15397417545318604
622,31.46903419494629,-88.17131042480469,9456.419921875,13.187928199768066,0.024614909663796425,144.0,13.326045036315918,1.0,13.326045036315918,22.0,0.0,0.0537671223282814,22.0,0.15000000596046448,290.75006103515625,0.0,5.0,0.0
623,31.470949172973633,-88.15863037109375,9456.419921875,4.533990383148193,0.023408127948641777,144.0,13.32578182220459,1.0,13.32578182220459,22.0,0.0,0.053936708718538284,22.0,0.15000000596046448,290.74432373046875,0.0,0.154165580868721,0.0
624,31.47286605834961,-88.14595031738281,9456.419921875,4.5499162673950195,0.02905254065990448,144.0,13.325518608093262,1.0,13.325518608093262,22.0,0.0,0.057362351566553116,22.0,0.15000000596046448,290.73858642578125,0.0,0.0,5.0
625,31.474790573120117,-88.13320922851562,9456.419921875,4.591314792633057,0.021413730457425117,144.0,13.384946823120117,1.0,13.384946823120117,22.0,0.0,0.050967026501894,22.0,0.15000000596046448,292.03521728515625,0.0,0.0,5.0
626,31.476743698120117,-88.1202392578125,9456.419921875,4.5684075355529785,0.019186118617653847,144.0,13.62344741821289,1.0,13.62344741821289,22.0,0.0,0.0513141006231308,22.0,0.15000000596046448,297.2388610839844,0.0,0.0,0.13274645805358887
627,31.478696823120117,-88.10726928710938,9456.419921875,19.75553321838379,0.018750306218862534,145.0,13.623173713684082,1.0,13.623173713684082,22.0,0.0,0.05391363799571991,22.0,0.15000000596046448,297.2328796386719,0.0,5.0,0.0
628,31.480649948120117,-88.09429931640625,9456.419921875,4.563155651092529,0.014683256857097149,145.0,13.622899055480957,1.0,13.622899055480957,22.0,0.0,0.053894974291324615,22.0,0.15000000596046448,297.2268981933594,0.0,0.04611876606941223,0.0
629,31.482603073120117,-88.08132934570312,9456.419921875,4.540332317352295,0.018352210521697998,145.0,13.622624397277832,1.0,13.622624397277832,22.0,6.459479608508399e-16,0.053720615804195404,22.0,0.15000000596046448,297.2209167480469,0.0,0.0,5.0
630,31.484556198120117,-88.068359375,9456.419921875,4.546267032623291,0.018204163759946823,145.0,13.622350692749023,1.0,13.622350692749023,22.0,6.459479608508399e-16,0.05853508040308952,22.0,0.15000000596046448,297.21490478515625,0.0,0.0,0.04631830379366875
631,31.486509323120117,-88.0553970336914,9456.419921875,4.529975891113281,0.02363884262740612,145.0,13.622076034545898,1.0,13.622076034545898,22.0,0.0,0.058336127549409866,22.0,0.15000000596046448,297.20892333984375,0.0,0.0,5.0
632,31.488513946533203,-88.04203796386719,9456.419921875,4.533115863800049,0.014799647033214569,145.0,14.031315803527832,1.0,14.031315803527832,22.0,6.459479608508399e-16,0.05381188914179802,22.0,0.15000000596046448,306.1378173828125,0.0,0.0,0.046517860144376755
633,31.490530014038086,-88.0285873413086,9456.419921875,14.068593978881836,0.1315225213766098,146.0,14.140141487121582,1.0,14.140141487121582,22.0,0.0,0.05379577726125717,22.0,0.15000000596046448,308.5121765136719,0.0,5.0,0.0
634,31.49254608154297,-88.01513671875,9456.419921875,4.981804847717285,0.1405380219221115,146.0,14.148202896118164,1.0,14.148202896118164,22.0,0.0,0.055455923080444336,22.0,0.15000000596046448,308.6880798339844,0.0,0.0,5.0
635,31.494564056396484,-88.00169372558594,9456.419921875,20.326034545898438,0.0,147.0,14.15627384185791,1.0,14.15627384185791,22.0,0.0,0.058293938636779785,22.0,0.15000000596046448,308.8641662597656,0.0,5.0,0.0
636,31.496580123901367,-87.98824310302734,9456.419921875,4.2876667976379395,0.0,147.0,14.164355278015137,1.0,14.164355278015137,22.0,0.0,0.05825890600681305,22.0,0.15000000596046448,309.04046630859375,0.0,0.0,5.0
637,31.49859619140625,-87.97479248046875,9456.419921875,22.331819534301758,0.17587614059448242,148.0,14.172445297241211,1.0,14.172445297241211,22.0,0.0,0.05211285874247551,22.0,0.15000000596046448,309.21697998046875,0.0,5.0,0.0
638,31.50077247619629,-87.96150970458984,9455.404296875,17.7374267578125,0.165572389960289,148.0,14.03175163269043,1.0,14.03175163269043,22.0,0.0,0.052799683064222336,22.0,0.15000000596046448,306.1473083496094,0.0,0.0,0.0
639,31.50299072265625,-87.94828033447266,9454.1337890625,4.913735389709473,0.15483464300632477,148.0,13.996475219726562,1.0,13.996475219726562,22.0,6.459479608508399e-16,0.05245953053236008,22.0,0.15000000596046448,305.3776550292969,0.0,0.0,5.0
640,31.505207061767578,-87.93504333496094,9452.8642578125,21.60490608215332,0.060953445732593536,149.0,13.9961576461792,1.0,13.9961576461792,22.0,0.0,0.05087019503116608,22.0,0.15000000596046448,305.3706970214844,0.0,5.0,0.0
641,31.507423400878906,-87.92181396484375,9451.59375,12.48134708404541,0.05235324427485466,149.0,13.995840072631836,1.0,13.995840072631836,22.0,0.0,0.05551569536328316,22.0,0.15000000596046448,305.36376953125,0.0,0.0,0.0
642,31.509639739990234,-87.90857696533203,9450.32421875,4.1623406410217285,0.037885431200265884,149.0,13.995521545410156,1.0,13.995521545410156,22.0,6.459479608508399e-16,0.05126595124602318,22.0,0.15000000596046448,305.3568420410156,0.0,0.0,5.0
643,31.511856079101562,-87.89534759521484,9449.0537109375,19.978410720825195,0.09022196382284164,150.0,13.995203971862793,1.0,13.995203971862793,22.0,0.0,0.050130508840084076,22.0,0.15000000596046448,305.34991455078125,0.0,5.0,0.0
644,31.514873504638672,-87.88292694091797,9448.7998046875,4.187647342681885,0.09881961345672607,150.0,13.408197402954102,1.0,13.408197402954102,22.0,0.0,0.049556661397218704,22.0,0.15000000596046448,292.54248046875,0.0,0.0,5.0
645,31.518089294433594,-87.87071228027344,9448.7998046875,4.151454925537109,0.10972697287797928,150.0,13.285749435424805,1.0,13.285749435424805,22.0,0.0,0.05468791350722313,22.0,0.15000000596046448,289.87091064453125,0.0,0.0,5.0
646,31.52130699157715,-87.85848999023438,9448.7998046875,4.124734878540039,0.10379612445831299,150.0,13.297162055969238,1.0,13.297162055969238,22.0,0.0,0.04998094215989113,22.0,0.15000000596046448,290.1199035644531,0.0,0.0,5.0
647,31.52452278137207,-87.84627532958984,9448.7998046875,4.0135297775268555,0.10602908581495285,150.0,13.308595657348633,1.0,13.308595657348633,22.0,0.0,0.05008599907159805,22.0,0.15000000596046448,290.3693542480469,0.0,0.0,0.1646682620048523
648,31.527740478515625,-87.83406066894531,9448.7998046875,3.939401388168335,0.08924266695976257,150.0,13.320049285888672,1.0,13.320049285888672,22.0,0.0,0.05136860907077789,22.0,0.15000000596046448,290.6192626953125,0.0,0.0,5.0
649,31.530956268310547,-87.82184600830078,9448.7998046875,3.7712206840515137,0.09997529536485672,150.0,13.331522941589355,1.0,13.331522941589355,22.0,0.0,0.05143066123127937,22.0,0.15000000596046448,290.8695983886719,0.0,0.0,5.0
650,31.535200119018555,-87.80988311767578,9447.7841796875,3.7334165573120117,0.10921413451433182,150.0,13.511570930480957,1.0,13.511570930480957,22.0,0.0,0.05403997749090195,22.0,0.15000000596046448,294.79791259765625,0.0,0.0,0.15217353403568268
651,31.53969955444336,-87.79798126220703,9446.513671875,3.6857738494873047,0.10472099483013153,150.0,13.577301979064941,1.0,13.577301979064941,22.0,0.0,0.05228975787758827,22.0,0.15000000596046448,296.2320251464844,0.0,0.0,5.0
652,31.544200897216797,-87.78607940673828,9445.244140625,3.5691142082214355,0.09687923640012741,150.0,13.580801963806152,1.0,13.580801963806152,22.0,0.0,0.05445276200771332,22.0,0.15000000596046448,296.30841064453125,0.0,0.0,0.062799371778965
653,31.5487003326416,-87.77417755126953,9443.9736328125,19.277297973632812,0.052077457308769226,151.0,13.584304809570312,1.0,13.584304809570312,22.0,0.0,0.05635600909590721,22.0,0.15000000596046448,296.38482666015625,0.0,5.0,0.0
654,31.553199768066406,-87.76228332519531,9442.7041015625,4.434476852416992,0.05881434679031372,151.0,13.587809562683105,1.0,13.587809562683105,22.0,0.0,0.05154180899262428,22.0,0.15000000596046448,296.4613037109375,0.0,0.06025274097919464,0.0
655,31.55769920349121,-87.75038146972656,9441.43359375,4.51634407043457,0.05983535200357437,151.0,13.591316223144531,1.0,13.591316223144531,22.0,0.0,0.05847126245498657,22.0,0.15000000596046448,296.5378112792969,0.0,0.0,5.0
656,31.56307029724121,-87.73888397216797,9441.1796875,4.567363262176514,0.0651172548532486,151.0,13.691793441772461,1.0,13.691793441772461,22.0,0.0,0.05997474491596222,22.0,0.15000000596046448,298.73004150390625,0.0,0.0,0.0577031709253788
657,31.56865692138672,-87.72749328613281,9441.1796875,4.633813858032227,0.05480390787124634,151.0,13.743951797485352,1.0,13.743951797485352,22.0,0.0,0.053764767944812775,22.0,0.15000000596046448,299.8680419921875,0.0,0.0,5.0
658,31.574243545532227,-87.71610260009766,9441.1796875,4.6234869956970215,0.06192602589726448,151.0,13.759425163269043,1.0,13.759425163269043,22.0,0.0,0.052845198661088943,22.0,0.15000000596046448,300.20562744140625,0.0,0.0,0.0021992181427776814
659,31.579830169677734,-87.7047119140625,9441.1796875,13.940025329589844,0.015786634758114815,152.0,13.774933815002441,1.0,13.774933815002441,22.0,6.459479608508399e-16,0.05208119750022888,22.0,0.15000000596046448,300.54400634765625,0.0,5.0,0.0
660,31.585594177246094,-87.69340515136719,9441.1796875,4.507518768310547,0.02635146677494049,152.0,13.821439743041992,1.0,13.821439743041992,22.0,6.459479608508399e-16,0.05472841486334801,22.0,0.15000000596046448,301.5586853027344,0.0,0.0,5.0
661,31.592069625854492,-87.68243408203125,9441.1796875,21.388919830322266,0.01254357397556305,153.0,13.996213912963867,1.0,13.996213912963867,22.0,0.0,0.05380186066031456,22.0,0.15000000596046448,305.3719482421875,0.0,5.0,0.0
662,31.598543167114258,-87.67145538330078,9441.1796875,4.5324320793151855,0.022783061489462852,153.0,13.995562553405762,1.0,13.995562553405762,22.0,0.0,0.05930374190211296,22.0,0.15000000596046448,305.35772705078125,0.0,0.0,5.0
663,31.605018615722656,-87.66048431396484,9441.1796875,21.643041610717773,0.0,154.0,13.99491024017334,1.0,13.99491024017334,22.0,0.0,0.056229665875434875,22.0,0.15000000596046448,305.343505859375,0.0,5.0,0.0
664,31.611492156982422,-87.64950561523438,9441.1796875,19.31446075439453,0.0,154.0,13.994258880615234,1.0,13.994258880615234,22.0,6.459479608508399e-16,0.05314122512936592,22.0,0.15000000596046448,305.32928466796875,0.0,0.0,0.0
665,31.61796760559082,-87.63853454589844,9441.1796875,4.495689392089844,0.0,154.0,13.993606567382812,1.0,13.993606567382812,22.0,0.0,0.05979086831212044,22.0,0.15000000596046448,305.3150634765625,0.0,0.0,5.0
666,31.624441146850586,-87.62755584716797,9441.1796875,22.818424224853516,0.13210155069828033,155.0,13.992955207824707,1.0,13.992955207824707,22.0,0.0,0.055015064775943756,22.0,0.15000000596046448,305.30084228515625,0.0,5.0,0.0
667,31.63091468811035,-87.61658477783203,9441.1796875,16.849945068359375,0.14606457948684692,155.0,13.992302894592285,1.0,13.992302894592285,22.0,0.0,0.05450093746185303,22.0,0.15000000596046448,305.2865905761719,0.0,0.0,0.0
668,31.637327194213867,-87.60576629638672,9441.1796875,5.1496405601501465,0.1284569352865219,155.0,13.812604904174805,1.0,13.812604904174805,22.0,0.0,0.05150796100497246,22.0,0.15000000596046448,301.3659362792969,0.0,0.0,5.0
669,31.64364242553711,-87.59518432617188,9441.1796875,22.269245147705078,0.08389090746641159,156.0,13.543538093566895,1.0,13.543538093566895,22.0,0.0,0.05090605095028877,22.0,0.15000000596046448,295.495361328125,0.0,5.0,0.0
670,31.649959564208984,-87.58460235595703,9441.1796875,13.149676322937012,0.08238666504621506,156.0,13.542925834655762,1.0,13.542925834655762,22.0,0.0,0.04967902600765228,22.0,0.15000000596046448,295.4820251464844,0.0,0.07507722079753876,0.0
671,31.65627670288086,-87.57402038574219,9441.1796875,4.759361267089844,0.08444135636091232,156.0,13.542314529418945,1.0,13.542314529418945,22.0,6.459479608508399e-16,0.060364484786987305,22.0,0.15000000596046448,295.46868896484375,0.0,0.0,5.0
672,31.662593841552734,-87.56343078613281,9441.1796875,4.733462333679199,0.09536000341176987,156.0,13.541703224182129,1.0,13.541703224182129,22.0,0.0,0.05389797315001488,22.0,0.15000000596046448,295.455322265625,0.0,0.0,0.07552197575569153
673,31.668909072875977,-87.55284881591797,9441.1796875,4.745229721069336,0.08885456621646881,156.0,13.541090965270996,1.0,13.541090965270996,22.0,6.459479608508399e-16,0.05652259290218353,22.0,0.15000000596046448,295.4419860839844,0.0,0.0,5.0
674,31.6752872467041,-87.54217529296875,9441.1796875,4.669211387634277,0.09067443013191223,156.0,13.662903785705566,1.0,13.662903785705566,22.0,6.459479608508399e-16,0.05501718074083328,22.0,0.15000000596046448,298.0997314453125,0.0,0.0,0.07596686482429504
675,31.681753158569336,-87.53135681152344,9441.1796875,19.672157287597656,0.0432417169213295,157.0,13.845911979675293,1.0,13.845911979675293,22.0,6.459479608508399e-16,0.04963388293981552,22.0,0.15000000596046448,302.0926208496094,0.0,5.0,0.0
676,31.68821907043457,-87.52053833007812,9441.1796875,4.35238790512085,0.04737342521548271,157.0,13.845272064208984,1.0,13.845272064208984,22.0,0.0,0.053822100162506104,22.0,0.15000000596046448,302.07867431640625,0.0,0.0,5.0
677,31.694686889648438,-87.50971984863281,9441.1796875,21.72075080871582,0.0,158.0,13.844632148742676,1.0,13.844632148742676,22.0,0.0,0.05535074323415756,22.0,0.15000000596046448,302.064697265625,0.0,5.0,0.0
678,31.701152801513672,-87.49890899658203,9441.1796875,16.824420928955078,0.0,158.0,13.84399127960205,1.0,13.84399127960205,22.0,0.0,0.0516936220228672,22.0,0.15000000596046448,302.05072021484375,0.0,0.0,0.0
679,31.70762062072754,-87.48809051513672,9441.1796875,3.9707248210906982,0.001541921985335648,158.0,13.843351364135742,1.0,13.843351364135742,22.0,0.0,0.052993521094322205,22.0,0.15000000596046448,302.0367431640625,0.0,0.0,5.0
680,31.713993072509766,-87.4774169921875,9442.1962890625,21.47386360168457,0.004276014398783445,159.0,13.658415794372559,1.0,13.658415794372559,22.0,6.459479608508399e-16,0.05282154679298401,22.0,0.15000000596046448,298.0018005371094,0.0,5.0,0.0
681,31.720226287841797,-87.46694946289062,9444.736328125,13.528739929199219,0.00528934458270669,159.0,13.38289737701416,1.0,13.38289737701416,22.0,0.0,0.05040203034877777,22.0,0.15000000596046448,291.990478515625,0.0,0.03330323472619057,0.0
682,31.726459503173828,-87.45648193359375,9447.2763671875,3.7742323875427246,0.0,159.0,13.386313438415527,1.0,13.386313438415527,22.0,0.0,0.04913840815424919,22.0,0.15000000596046448,292.06500244140625,0.0,0.0,5.0
683,31.73269271850586,-87.44601440429688,9449.81640625,3.6731271743774414,0.0,159.0,13.389731407165527,1.0,13.389731407165527,22.0,0.0,0.05033209174871445,22.0,0.15000000596046448,292.13958740234375,0.0,0.0,5.0
684,31.73892593383789,-87.435546875,9452.3564453125,3.5922694206237793,0.0,159.0,13.393150329589844,1.0,13.393150329589844,22.0,6.459479608508399e-16,0.05316653475165367,22.0,0.15000000596046448,292.2142028808594,0.0,0.0,5.0
685,31.745159149169922,-87.42507934570312,9454.896484375,3.5088019371032715,0.0,159.0,13.39657211303711,1.0,13.39657211303711,22.0,0.0,0.0501076765358448,22.0,0.15000000596046448,292.2888488769531,0.0,0.0,5.0
686,31.75153923034668,-87.41436004638672,9455.912109375,3.4229259490966797,0.0,159.0,13.721365928649902,1.0,13.721365928649902,22.0,0.0,0.05207407847046852,22.0,0.15000000596046448,299.375244140625,0.0,0.0,0.1285191774368286
687,31.758140563964844,-87.40325927734375,9454.6416015625,3.3326497077941895,0.0,159.0,14.207037925720215,1.0,14.207037925720215,22.0,0.0,0.0531354583799839,22.0,0.15000000596046448,309.97174072265625,0.0,0.0,5.0
688,31.764739990234375,-87.39215850830078,9453.3720703125,14.904590606689453,0.0598466694355011,160.0,14.210633277893066,1.0,14.210633277893066,22.0,0.0,0.0543476827442646,22.0,0.15000000596046448,310.0501708984375,0.0,5.0,0.0
689,31.771339416503906,-87.38105773925781,9452.1015625,4.341020107269287,0.06710071116685867,160.0,14.214229583740234,1.0,14.214229583740234,22.0,0.0,0.06103580817580223,22.0,0.15000000596046448,310.128662109375,0.0,0.0,5.0
690,31.77794075012207,-87.36995697021484,9450.83203125,22.32902717590332,0.22200405597686768,161.0,14.217828750610352,1.0,14.217828750610352,22.0,0.0,0.05320556089282036,22.0,0.15000000596046448,310.2071838378906,0.0,5.0,0.0
691,31.7845401763916,-87.35885620117188,9449.5615234375,5.285611629486084,0.21104615926742554,161.0,14.221429824829102,1.0,14.221429824829102,22.0,6.459479608508399e-16,0.058006443083286285,22.0,0.15000000596046448,310.2857360839844,0.0,0.0,5.0
692,31.791046142578125,-87.34793853759766,9448.2919921875,21.90744972229004,0.0623277872800827,162.0,14.000632286071777,1.0,14.000632286071777,22.0,0.0,0.05703303962945938,22.0,0.15000000596046448,305.46832275390625,0.0,5.0,0.0
693,31.797412872314453,-87.33728790283203,9447.0224609375,19.38458824157715,0.07078766822814941,162.0,13.664443969726562,1.0,13.664443969726562,22.0,0.0,0.051490139216184616,22.0,0.15000000596046448,298.1333312988281,0.0,0.0,0.0
694,31.80377960205078,-87.3266372680664,9445.751953125,4.660613536834717,0.08368895202875137,162.0,13.659711837768555,1.0,13.659711837768555,22.0,0.0,0.053945254534482956,22.0,0.15000000596046448,298.03009033203125,0.0,0.0,5.0
695,31.81014633178711,-87.31598663330078,9444.482421875,4.7596516609191895,0.0831589624285698,162.0,13.654982566833496,1.0,13.654982566833496,22.0,0.0,0.05370982736349106,22.0,0.15000000596046448,297.9268798828125,0.0,0.0,0.0328320637345314
696,31.816513061523438,-87.30534362792969,9443.2119140625,16.986183166503906,0.0,163.0,13.650256156921387,1.0,13.650256156921387,22.0,0.0,0.05060039460659027,22.0,0.15000000596046448,297.8237609863281,0.0,5.0,0.0
697,31.822879791259766,-87.29469299316406,9441.9423828125,4.442015647888184,0.0008406381821259856,163.0,13.645532608032227,1.0,13.645532608032227,22.0,0.0,0.05322284996509552,22.0,0.15000000596046448,297.720703125,0.0,0.03627045825123787,0.0
698,31.829267501831055,-87.28399658203125,9441.1796875,4.469079971313477,0.0,163.0,13.689286231994629,1.0,13.689286231994629,22.0,0.0,0.05780106037855148,22.0,0.15000000596046448,298.67535400390625,0.0,0.0,5.0
699,31.835683822631836,-87.27324676513672,9441.1796875,4.483753204345703,0.0,163.0,13.757238388061523,1.0,13.757238388061523,22.0,6.459479608508399e-16,0.05155177786946297,22.0,0.15000000596046448,300.1579284667969,0.0,0.0,0.022077564150094986
700,31.842100143432617,-87.26249694824219,9441.1796875,4.496891975402832,0.0,163.0,13.75247573852539,1.0,13.75247573852539,22.0,0.0,0.05497589707374573,22.0,0.15000000596046448,300.05401611328125,0.0,0.0,5.0
701,31.8485164642334,-87.25174713134766,9441.1796875,21.549650192260742,0.0,164.0,13.747715950012207,1.0,13.747715950012207,22.0,0.0,0.052857015281915665,22.0,0.15000000596046448,299.9501647949219,0.0,5.0,0.0
702,31.85493278503418,-87.24099731445312,9441.1796875,4.507111072540283,0.0,164.0,13.742958068847656,1.0,13.742958068847656,22.0,0.0,0.0554741807281971,22.0,0.15000000596046448,299.8463439941406,0.0,0.000830723496619612,0.0
703,31.86134910583496,-87.2302474975586,9441.1796875,4.5041632652282715,0.0,164.0,13.738203048706055,1.0,13.738203048706055,22.0,0.0,0.059930019080638885,22.0,0.15000000596046448,299.74261474609375,0.0,0.0,5.0
704,31.867727279663086,-87.21954345703125,9441.1796875,4.4958577156066895,0.0,164.0,13.669386863708496,1.0,13.669386863708496,22.0,0.0,0.05167340114712715,22.0,0.15000000596046448,298.2411804199219,0.0,0.0,0.004289679694920778
705,31.874042510986328,-87.20889282226562,9441.1796875,4.482304096221924,0.0,164.0,13.567038536071777,1.0,13.567038536071777,22.0,0.0,0.059272877871990204,22.0,0.15000000596046448,296.00811767578125,0.0,0.0,5.0
706,31.880359649658203,-87.1982421875,9441.1796875,4.463684558868408,0.0,164.0,13.558297157287598,1.0,13.558297157287598,22.0,0.0,0.05331934243440628,22.0,0.15000000596046448,295.8173828125,0.0,0.0,0.06653156131505966
707,31.886676788330078,-87.18759155273438,9441.1796875,19.477588653564453,0.25459492206573486,165.0,13.549566268920898,1.0,13.549566268920898,22.0,0.0,0.05334300920367241,22.0,0.15000000596046448,295.62689208984375,0.0,5.0,0.0
708,31.892993927001953,-87.17694091796875,9441.1796875,5.687417507171631,0.2717489004135132,165.0,13.540844917297363,1.0,13.540844917297363,22.0,0.0,0.05128594487905502,22.0,0.15000000596046448,295.4366149902344,0.0,0.07288511842489243,0.0
709,31.899309158325195,-87.16629028320312,9441.1796875,5.755006313323975,0.27059561014175415,165.0,13.532135009765625,1.0,13.532135009765625,22.0,0.0,0.05107363313436508,22.0,0.15000000596046448,295.24658203125,0.0,0.0,5.0
710,31.90559959411621,-87.15567016601562,9441.6884765625,5.709868431091309,0.26499736309051514,165.0,13.484353065490723,1.0,13.484353065490723,22.0,0.0,0.04929151386022568,22.0,0.15000000596046448,294.2040710449219,0.0,0.0,0.0792236328125
711,31.911849975585938,-87.14510345458984,9442.9580078125,5.633922576904297,0.27889564633369446,165.0,13.425037384033203,1.0,13.425037384033203,22.0,0.0,0.055446285754442215,22.0,0.15000000596046448,292.909912109375,0.0,0.0,5.0
712,31.918100357055664,-87.13453674316406,9444.2275390625,5.669842720031738,0.27576419711112976,165.0,13.436483383178711,1.0,13.436483383178711,22.0,0.0,0.05571848526597023,22.0,0.15000000596046448,293.1596374511719,0.0,0.0,0.11816824972629547
713,31.92435073852539,-87.12397003173828,9445.498046875,13.683572769165039,0.07037130743265152,166.0,13.44795036315918,1.0,13.44795036315918,22.0,6.459479608508399e-16,0.05350784584879875,22.0,0.15000000596046448,293.4098205566406,0.0,5.0,0.0
714,31.930599212646484,-87.1134033203125,9446.767578125,4.45991325378418,0.07050080597400665,166.0,13.45943832397461,1.0,13.45943832397461,22.0,0.0,0.05305471643805504,22.0,0.15000000596046448,293.66046142578125,0.0,0.10983613133430481,0.0
715,31.93684959411621,-87.10283660888672,9448.0380859375,4.400988578796387,0.07500341534614563,166.0,13.470946311950684,1.0,13.470946311950684,22.0,0.0,0.05230400711297989,22.0,0.15000000596046448,293.91156005859375,0.0,0.0,5.0
716,31.943220138549805,-87.09207153320312,9447.7841796875,4.358692646026611,0.07258258014917374,166.0,13.73390007019043,1.0,13.73390007019043,22.0,0.0,0.04942497983574867,22.0,0.15000000596046448,299.64874267578125,0.0,0.0,0.10147413611412048
717,31.949769973754883,-87.08100891113281,9445.244140625,4.278970241546631,0.07670316845178604,166.0,14.117673873901367,1.0,14.117673873901367,22.0,0.0,0.0559697300195694,22.0,0.15000000596046448,308.02197265625,0.0,0.0,5.0
718,31.95631980895996,-87.06993865966797,9442.7041015625,19.93825340270996,0.1175585612654686,167.0,14.117003440856934,1.0,14.117003440856934,22.0,6.459479608508399e-16,0.05149258300662041,22.0,0.15000000596046448,308.00732421875,0.0,5.0,0.0
719,31.96286964416504,-87.05887603759766,9440.1640625,4.343149662017822,0.11179284751415253,167.0,14.116332054138184,1.0,14.116332054138184,22.0,0.0,0.05014773830771446,22.0,0.15000000596046448,307.9927062988281,0.0,0.0,5.0
720,31.969419479370117,-87.04780578613281,9437.6240234375,4.2338409423828125,0.10241121798753738,167.0,14.115660667419434,1.0,14.115660667419434,22.0,6.459479608508399e-16,0.05409027636051178,22.0,0.15000000596046448,307.9780578613281,0.0,0.0,5.0
721,31.975969314575195,-87.0367431640625,9435.083984375,4.104021072387695,0.10820791870355606,167.0,14.114989280700684,1.0,14.114989280700684,22.0,0.0,0.05417020246386528,22.0,0.15000000596046448,307.96337890625,0.0,0.0,5.0
722,31.98241424560547,-87.02584075927734,9433.5595703125,20.170988082885742,0.053712598979473114,168.0,13.896136283874512,1.0,13.896136283874512,22.0,0.0,0.05613962560892105,22.0,0.15000000596046448,303.18841552734375,0.0,5.0,0.0
723,31.988697052001953,-87.01519012451172,9433.5595703125,4.080654144287109,0.05222942680120468,168.0,13.5682373046875,1.0,13.5682373046875,22.0,0.0,0.05210776627063751,22.0,0.15000000596046448,296.0342712402344,0.0,0.0,5.0
724,31.994979858398438,-87.0045394897461,9433.5595703125,4.146870136260986,0.04652656242251396,168.0,13.56761646270752,1.0,13.56761646270752,22.0,6.459479608508399e-16,0.05443496257066727,22.0,0.15000000596046448,296.0207214355469,0.0,0.0,5.0
725,32.00126266479492,-86.99388885498047,9433.5595703125,4.190441608428955,0.044274888932704926,168.0,13.566995620727539,1.0,13.566995620727539,22.0,0.0,0.062015146017074585,22.0,0.15000000596046448,296.0071716308594,0.0,0.0,0.06632129102945328
726,32.007545471191406,-86.98323822021484,9433.5595703125,4.246246337890625,0.03413228318095207,168.0,16.649641036987305,1.0,16.649641036987305,27.0,0.0,0.05237520486116409,27.0,0.15000000596046448,295.9936218261719,0.0,0.0,5.0
727,32.01382827758789,-86.97258758544922,9433.5595703125,4.262688636779785,0.044278934597969055,168.0,16.64887809753418,1.0,16.64887809753418,27.0,0.0,0.05788770690560341,27.0,0.15000000596046448,295.9800720214844,0.0,0.0,0.0667729452252388
728,32.02010726928711,-86.96195220947266,9433.5595703125,17.587261199951172,0.24383193254470825,169.0,16.628305435180664,1.0,16.628305435180664,27.0,0.0,0.05467778071761131,27.0,0.15000000596046448,295.6142883300781,0.0,5.0,0.0
729,32.02637481689453,-86.95133972167969,9433.5595703125,5.438215732574463,0.24914148449897766,169.0,16.597827911376953,1.0,16.597827911376953,27.0,0.0,0.05472685024142265,27.0,0.15000000596046448,295.0724792480469,0.0,0.07309494912624359,0.0
730,32.03263854980469,-86.94071960449219,9433.5595703125,5.518645763397217,0.2333563268184662,169.0,16.597068786621094,1.0,16.597068786621094,27.0,0.0,0.05273462459445,27.0,0.15000000596046448,295.05902099609375,0.0,0.0,5.0
731,32.03890609741211,-86.93010711669922,9433.5595703125,5.473714828491211,0.23215770721435547,169.0,16.596311569213867,1.0,16.596311569213867,27.0,0.0,0.055281538516283035,27.0,0.15000000596046448,295.0455322265625,0.0,0.0,0.08234979212284088
732,32.04517364501953,-86.91948699951172,9433.5595703125,5.507802486419678,0.21196170151233673,169.0,16.595552444458008,1.0,16.595552444458008,27.0,0.0,0.052128247916698456,27.0,0.15000000596046448,295.03204345703125,0.0,0.0,5.0
733,32.05144119262695,-86.90886688232422,9433.5595703125,5.431238651275635,0.207742840051651,169.0,16.59479331970215,1.0,16.59479331970215,27.0,0.0,0.051625266671180725,27.0,0.15000000596046448,295.0185546875,0.0,0.0,0.08279918134212494
734,32.05772018432617,-86.8982162475586,9434.576171875,11.756653785705566,0.11040251702070236,170.0,16.655733108520508,1.0,16.655733108520508,27.0,0.0,0.05166800692677498,27.0,0.15000000596046448,296.1018981933594,0.0,5.0,0.0
735,32.06401824951172,-86.88749694824219,9437.1162109375,4.962744235992432,0.1121843084692955,170.0,16.75569725036621,1.0,16.75569725036621,27.0,0.0,0.05335201323032379,27.0,0.15000000596046448,297.8790588378906,0.0,0.06496822088956833,0.0
736,32.07032012939453,-86.87677764892578,9439.65625,4.993107318878174,0.1032666340470314,170.0,16.775110244750977,1.0,16.775110244750977,27.0,0.0,0.056166861206293106,27.0,0.15000000596046448,298.22418212890625,0.0,0.0,5.0
737,32.07661819458008,-86.8660659790039,9442.1962890625,4.9661946296691895,0.08908414840698242,170.0,16.794567108154297,1.0,16.794567108154297,27.0,0.0,0.05823938548564911,27.0,0.15000000596046448,298.5700988769531,0.0,0.0,5.0
738,32.08292007446289,-86.8553466796875,9444.736328125,4.909295558929443,0.08225494623184204,170.0,16.81407356262207,1.0,16.81407356262207,27.0,0.0,0.05851156264543533,27.0,0.15000000596046448,298.9168701171875,0.0,0.0,0.02383173629641533
739,32.08921813964844,-86.8446273803711,9447.2763671875,19.163923263549805,0.08641139417886734,171.0,16.83362579345703,1.0,16.83362579345703,27.0,0.0,0.050625771284103394,27.0,0.15000000596046448,299.26446533203125,0.0,5.0,0.0
740,32.09549331665039,-86.83396911621094,9448.7998046875,4.903115749359131,0.07960160821676254,171.0,16.76934242248535,1.0,16.76934242248535,27.0,0.0,0.05392305180430412,27.0,0.15000000596046448,298.12164306640625,0.0,0.012259065173566341,0.0
741,32.10172653198242,-86.8233871459961,9448.7998046875,4.866119384765625,0.08165276050567627,171.0,16.658958435058594,1.0,16.658958435058594,27.0,0.0,0.050996046513319016,27.0,0.15000000596046448,296.1592712402344,0.0,0.0,5.0
742,32.10795974731445,-86.81279754638672,9448.7998046875,4.865847587585449,0.07715209573507309,171.0,16.668291091918945,1.0,16.668291091918945,27.0,0.0,0.05214381590485573,27.0,0.15000000596046448,296.3251647949219,0.0,0.0,0.06401221454143524
743,32.114192962646484,-86.80221557617188,9448.7998046875,4.829449653625488,0.08361570537090302,171.0,16.677635192871094,1.0,16.677635192871094,27.0,0.0,0.04976789653301239,27.0,0.15000000596046448,296.49127197265625,0.0,0.0,5.0
744,32.120426177978516,-86.79163360595703,9448.7998046875,4.839648723602295,0.07814948260784149,171.0,16.686988830566406,1.0,16.686988830566406,27.0,0.0,0.05781123414635658,27.0,0.15000000596046448,296.6575927734375,0.0,0.0,0.058478593826293945
745,32.12665939331055,-86.78105163574219,9448.7998046875,14.500961303710938,0.19925913214683533,172.0,16.69635581970215,1.0,16.69635581970215,27.0,0.0,0.05053040012717247,27.0,0.15000000596046448,296.8240966796875,0.0,5.0,0.0
746,32.1329460144043,-86.77035522460938,9448.2919921875,5.369643211364746,0.19640855491161346,172.0,16.87093734741211,1.0,16.87093734741211,27.0,0.0,0.05492806434631348,27.0,0.15000000596046448,299.9277648925781,0.0,0.05293168127536774,0.0
747,32.139312744140625,-86.75948333740234,9447.0224609375,5.318475723266602,0.1851237416267395,172.0,17.1262264251709,1.0,17.1262264251709,27.0,0.0,0.058082837611436844,27.0,0.15000000596046448,304.4662780761719,0.0,0.0,5.0
748,32.14567947387695,-86.74861907958984,9445.751953125,5.2166361808776855,0.1826268434524536,172.0,17.13062858581543,1.0,17.13062858581543,27.0,0.0,0.0515308640897274,27.0,0.15000000596046448,304.54449462890625,0.0,0.0,5.0
749,32.15204620361328,-86.73775482177734,9444.482421875,21.850099563598633,0.04825315251946449,173.0,17.135032653808594,1.0,17.135032653808594,27.0,0.0,0.056167200207710266,27.0,0.15000000596046448,304.622802734375,0.0,5.0,0.0
750,32.15841293334961,-86.72688293457031,9443.2119140625,19.38559913635254,0.049991317093372345,173.0,17.13943862915039,1.0,17.13943862915039,27.0,0.0,0.05209316685795784,27.0,0.15000000596046448,304.7011413574219,0.0,0.0,0.0
751,32.16477966308594,-86.71601867675781,9441.9423828125,4.397695064544678,0.049413640052080154,173.0,17.14384651184082,1.0,17.14384651184082,27.0,0.0,0.04929270222783089,27.0,0.15000000596046448,304.7795104980469,0.0,0.0,5.0
752,32.17105484008789,-86.70530700683594,9433.5595703125,22.416059494018555,0.06073473021388054,174.0,16.899152755737305,1.0,16.899152755737305,27.0,0.0,0.049149803817272186,27.0,0.15000000596046448,300.42938232421875,0.0,5.0,0.0
753,32.17718505859375,-86.69482421875,9414.509765625,16.42593002319336,0.059537746012210846,174.0,16.525964736938477,1.0,16.525964736938477,27.0,0.0,0.05086969584226608,27.0,0.15000000596046448,293.794921875,0.0,0.0,0.0
754,32.183319091796875,-86.68434143066406,9395.4599609375,4.252661228179932,0.0757768452167511,174.0,16.52019500732422,1.0,16.52019500732422,27.0,0.0,0.052211642265319824,27.0,0.15000000596046448,293.6923522949219,0.0,0.0,5.0
755,32.189453125,-86.67385864257812,9376.41015625,4.259153842926025,0.07254058122634888,174.0,16.514429092407227,1.0,16.514429092407227,27.0,0.0,0.04995343089103699,27.0,0.15000000596046448,293.58984375,0.0,0.0,0.10512737184762955
756,32.195587158203125,-86.66337585449219,9357.3603515625,4.171490669250488,0.07399231195449829,174.0,16.5086669921875,1.0,16.5086669921875,27.0,0.0,0.05104602873325348,27.0,0.15000000596046448,293.4874267578125,0.0,0.0,5.0
757,32.20172119140625,-86.65289306640625,9338.3095703125,4.102667331695557,0.08334537595510483,174.0,16.50290870666504,1.0,16.50290870666504,27.0,0.0,0.052142247557640076,27.0,0.15000000596046448,293.3850402832031,0.0,0.0,5.0
758,32.20787811279297,-86.6423568725586,9318.244140625,4.068172931671143,0.08753080666065216,174.0,16.56911277770996,1.0,16.56911277770996,27.0,0.0,0.04948417842388153,27.0,0.15000000596046448,294.56201171875,0.0,0.0,0.11024931818246841
759,32.214080810546875,-86.6317367553711,9296.654296875,4.006328105926514,0.08728098124265671,174.0,16.66303062438965,1.0,16.66303062438965,27.0,0.0,0.049818698316812515,27.0,0.15000000596046448,296.2316589355469,0.0,0.0,5.0
760,32.220279693603516,-86.6211166381836,9275.064453125,3.920283555984497,0.07865770161151886,174.0,16.637067794799805,1.0,16.637067794799805,27.0,0.0,0.05038745328783989,27.0,0.15000000596046448,295.7701110839844,0.0,0.0,5.0
761,32.226478576660156,-86.61050415039062,9253.4736328125,3.792241096496582,0.07962794601917267,174.0,16.611183166503906,1.0,16.611183166503906,27.0,0.0,0.05330632999539375,27.0,0.15000000596046448,295.3099365234375,0.0,0.0,0.07049821317195892
762,32.23268127441406,-86.59988403320312,9231.8837890625,3.707455635070801,0.09456217288970947,174.0,16.585376739501953,1.0,16.585376739501953,27.0,0.0,0.05160294100642204,27.0,0.15000000596046448,294.85113525390625,0.0,0.0,5.0
763,32.2388801574707,-86.58927154541016,9210.2939453125,3.6871678829193115,0.11684047430753708,174.0,16.559648513793945,1.0,16.559648513793945,27.0,0.0,0.05418314412236214,27.0,0.15000000596046448,294.39373779296875,0.0,0.0,0.08581417053937912
764,32.24522018432617,-86.57843017578125,9186.671875,3.7022652626037598,0.11811678111553192,174.0,16.894596099853516,1.0,16.894596099853516,27.0,0.0,0.05255479738116264,27.0,0.15000000596046448,300.348388671875,0.0,0.0,5.0
765,32.25177001953125,-86.56726837158203,9160.001953125,22.6221866607666,0.2454511821269989,175.0,17.417526245117188,1.0,17.417526245117188,27.0,0.0,0.05737520009279251,27.0,0.15000000596046448,309.6449279785156,0.0,5.0,0.0
766,32.25831985473633,-86.55609893798828,9133.33203125,12.210573196411133,0.24294663965702057,175.0,17.411449432373047,1.0,17.411449432373047,27.0,0.0,0.052534181624650955,27.0,0.15000000596046448,309.5368957519531,0.0,0.0,0.0
767,32.264869689941406,-86.54493713378906,9106.662109375,5.447187900543213,0.24322156608104706,175.0,17.405376434326172,1.0,17.405376434326172,27.0,0.0,0.05298466607928276,27.0,0.15000000596046448,309.4289245605469,0.0,0.0,5.0
768,32.271419525146484,-86.53376770019531,9079.9921875,19.722148895263672,0.0,176.0,17.399307250976562,1.0,17.399307250976562,27.0,0.0,0.05415908247232437,27.0,0.15000000596046448,309.3210144042969,0.0,5.0,0.0
769,32.27796936035156,-86.52259826660156,9053.322265625,4.3338942527771,0.0,176.0,17.393239974975586,1.0,17.393239974975586,27.0,0.0,0.05389123782515526,27.0,0.15000000596046448,309.2131652832031,0.0,0.0,5.0
770,32.28440856933594,-86.5115966796875,9027.66796875,22.277996063232422,0.0,177.0,17.112285614013672,1.0,17.112285614013672,27.0,0.0,0.05576224625110626,27.0,0.15000000596046448,304.2183837890625,0.0,5.0,0.0
771,32.290672302246094,-86.50084686279297,9003.5380859375,16.750089645385742,0.0,177.0,16.69230079650879,1.0,16.69230079650879,27.0,0.0,0.05348007380962372,27.0,0.15000000596046448,296.75201416015625,0.0,0.0,0.0
772,32.296939849853516,-86.49009704589844,8979.408203125,4.437189102172852,0.0,177.0,16.681514739990234,1.0,16.681514739990234,27.0,0.0,0.05675986409187317,27.0,0.15000000596046448,296.5602722167969,0.0,0.0,5.0
773,32.30320739746094,-86.4793472290039,8955.2783203125,4.460783958435059,0.0,177.0,16.67074203491211,1.0,16.67074203491211,27.0,0.0,0.05627698823809624,27.0,0.15000000596046448,296.3687438964844,0.0,0.0,0.057328883558511734
774,32.30947494506836,-86.46859741210938,8931.1484375,14.624568939208984,0.08939926326274872,178.0,16.659982681274414,1.0,16.659982681274414,27.0,0.0,0.05305948108434677,27.0,0.15000000596046448,296.1774597167969,0.0,5.0,0.0
775,32.315738677978516,-86.45784759521484,8907.017578125,4.899319648742676,0.08347198367118835,178.0,16.649234771728516,1.0,16.649234771728516,27.0,0.0,0.05558077618479729,27.0,0.15000000596046448,295.98638916015625,0.0,0.06370905786752701,0.0
776,32.32210159301758,-86.4469223022461,8881.8720703125,4.879263401031494,0.08873726427555084,178.0,16.897125244140625,1.0,16.897125244140625,27.0,0.0,0.05065226927399635,27.0,0.15000000596046448,300.3933410644531,0.0,0.0,5.0
777,32.3286018371582,-86.43572235107422,8855.2021484375,10.887029647827148,0.011942102573812008,179.0,17.263063430786133,1.0,17.263063430786133,27.0,0.0,0.05069548264145851,27.0,0.15000000596046448,306.8988952636719,0.0,5.0,0.0
778,32.33509826660156,-86.42452239990234,8828.5322265625,4.553202152252197,0.024558600038290024,179.0,17.22625160217285,1.0,17.22625160217285,27.0,0.0,0.05354725942015648,27.0,0.15000000596046448,306.2444763183594,0.0,0.0,5.0
779,32.34159851074219,-86.41332244873047,8801.8623046875,19.906278610229492,0.0,180.0,17.189594268798828,1.0,17.189594268798828,27.0,0.0,0.05745631083846092,27.0,0.15000000596046448,305.5927734375,0.0,5.0,0.0
780,32.34809875488281,-86.4021224975586,8775.1923828125,4.479129314422607,0.0,180.0,17.153087615966797,1.0,17.153087615966797,27.0,0.0,0.055024441331624985,27.0,0.15000000596046448,304.94378662109375,0.0,0.0,5.0
781,32.35459899902344,-86.39092254638672,8748.5224609375,22.879671096801758,0.10472626239061356,181.0,17.11673355102539,1.0,17.11673355102539,27.0,0.0,0.05061355605721474,27.0,0.15000000596046448,304.2974853515625,0.0,5.0,0.0
782,32.361053466796875,-86.37982940673828,8722.3603515625,17.53839683532715,0.10373303294181824,181.0,16.932626724243164,1.0,16.932626724243164,27.0,0.0,0.05115058273077011,27.0,0.15000000596046448,301.02447509765625,0.0,0.0,0.0
783,32.367435455322266,-86.368896484375,8696.9599609375,4.881731033325195,0.08888968825340271,181.0,16.67743682861328,1.0,16.67743682861328,27.0,0.0,0.04860144481062889,27.0,0.15000000596046448,296.4877624511719,0.0,0.0,5.0
784,32.37382125854492,-86.35796356201172,8671.5595703125,4.77650260925293,0.08905721455812454,181.0,16.64720344543457,1.0,16.64720344543457,27.0,0.0,0.05706106871366501,27.0,0.15000000596046448,295.9502868652344,0.0,0.0,0.058537039905786514
785,32.38020324707031,-86.3470230102539,8646.16015625,14.868751525878906,0.1386372596025467,182.0,16.617076873779297,1.0,16.617076873779297,27.0,0.0,0.06325136870145798,27.0,0.15000000596046448,295.4147033691406,0.0,5.0,0.0
786,32.3865852355957,-86.33609008789062,8620.759765625,4.938579082489014,0.1428230106830597,182.0,16.58705711364746,1.0,16.58705711364746,27.0,0.0,0.04870980605483055,27.0,0.15000000596046448,294.8810119628906,0.0,0.07642154395580292,0.0
787,32.39297103881836,-86.32515716552734,8595.3603515625,4.912173748016357,0.12597088515758514,182.0,16.557140350341797,1.0,16.557140350341797,27.0,0.0,0.05836942791938782,27.0,0.15000000596046448,294.3491516113281,0.0,0.0,5.0
788,32.39934539794922,-86.314208984375,8569.9599609375,4.775835037231445,0.1352359652519226,182.0,16.55198860168457,1.0,16.55198860168457,27.0,0.0,0.0544033907353878,27.0,0.15000000596046448,294.257568359375,0.0,0.0,0.09418055415153503
789,32.40571212768555,-86.30322265625,8544.5595703125,4.766201972961426,0.13972097635269165,182.0,16.56890106201172,1.0,16.56890106201172,27.0,0.0,0.05012501776218414,27.0,0.15000000596046448,294.5582580566406,0.0,0.0,5.0
790,32.412078857421875,-86.292236328125,8519.16015625,4.728823661804199,0.14404083788394928,182.0,16.56327247619629,1.0,16.56327247619629,27.0,0.0,0.053941793739795685,27.0,0.15000000596046448,294.45819091796875,0.0,0.0,0.09069590270519257
791,32.4184455871582,-86.28125762939453,8493.759765625,4.686932563781738,0.15722335875034332,182.0,16.557647705078125,1.0,16.557647705078125,27.0,0.0,0.04932307079434395,27.0,0.15000000596046448,294.3581848144531,0.0,0.0,5.0
792,32.42481231689453,-86.27027130126953,8468.3603515625,4.686971664428711,0.1587509661912918,182.0,16.552024841308594,1.0,16.552024841308594,27.0,0.0,0.05874539539217949,27.0,0.15000000596046448,294.2582092285156,0.0,0.0,0.09403043985366821
793,32.43117904663086,-86.25929260253906,8442.9599609375,19.24441146850586,0.07734866440296173,183.0,16.546405792236328,1.0,16.546405792236328,27.0,0.0,0.05131553113460541,27.0,0.15000000596046448,294.1583251953125,0.0,5.0,0.0
794,32.437713623046875,-86.24799346923828,8417.5595703125,4.148936748504639,0.07940161973237991,183.0,17.000288009643555,1.0,17.000288009643555,27.0,0.0,0.05111409351229668,27.0,0.15000000596046448,302.2273254394531,0.0,0.09736122190952301,0.0
795,32.444496154785156,-86.2362289428711,8392.16015625,4.079412460327148,0.08769973367452621,183.0,17.68354034423828,1.0,17.68354034423828,27.0,0.0,0.048678699880838394,27.0,0.15000000596046448,314.3740234375,0.0,0.0,5.0
796,32.45127868652344,-86.22445678710938,8366.759765625,4.033040523529053,0.093409962952137,183.0,17.67748260498047,1.0,17.67748260498047,27.0,0.0,0.04914744943380356,27.0,0.15000000596046448,314.266357421875,0.0,0.0,5.0
797,32.458065032958984,-86.21269226074219,8341.3603515625,19.82186508178711,0.13200829923152924,184.0,17.671428680419922,1.0,17.671428680419922,27.0,0.0,0.05254165828227997,27.0,0.15000000596046448,314.1587219238281,0.0,5.0,0.0
798,32.464847564697266,-86.200927734375,8315.9599609375,4.437139987945557,0.1293189972639084,184.0,17.665376663208008,1.0,17.665376663208008,27.0,0.0,0.057850584387779236,27.0,0.15000000596046448,314.0511474609375,0.0,0.0,5.0
799,32.47163009643555,-86.18916320800781,8290.5595703125,4.500593662261963,0.12496035546064377,184.0,17.659330368041992,1.0,17.659330368041992,27.0,0.0,0.052522797137498856,27.0,0.15000000596046448,313.9436340332031,0.0,0.0,5.0
800,32.47830581665039,-86.1775894165039,8265.16015625,16.51584815979004,0.16733931005001068,185.0,17.369203567504883,1.0,17.369203567504883,27.0,0.0,0.053696826100349426,27.0,0.15000000596046448,308.7858581542969,0.0,5.0,0.0
801,32.484825134277344,-86.16630554199219,8239.759765625,4.835509300231934,0.17519870400428772,185.0,16.939149856567383,1.0,16.939149856567383,27.0,0.0,0.05269071087241173,27.0,0.15000000596046448,301.14044189453125,0.0,0.0,5.0
802,32.49134063720703,-86.15502166748047,8214.3603515625,21.754833221435547,0.06782481074333191,186.0,16.938322067260742,1.0,16.938322067260742,27.0,0.0,0.05291222780942917,27.0,0.15000000596046448,301.125732421875,0.0,5.0,0.0
803,32.49785614013672,-86.14373779296875,8188.9599609375,12.469993591308594,0.0672110766172409,186.0,16.9374942779541,1.0,16.9374942779541,27.0,0.0,0.058130938559770584,27.0,0.15000000596046448,301.1109924316406,0.0,0.0,0.0
804,32.504371643066406,-86.13245391845703,8163.56005859375,4.516715049743652,0.07001864165067673,186.0,16.93666648864746,1.0,16.93666648864746,27.0,0.0,0.05749822407960892,27.0,0.15000000596046448,301.0962829589844,0.0,0.0,5.0
805,32.51089096069336,-86.12117004394531,8138.16015625,21.86164093017578,0.27557995915412903,187.0,16.935836791992188,1.0,16.935836791992188,27.0,0.0,0.051637858152389526,27.0,0.15000000596046448,301.08154296875,0.0,5.0,0.0
806,32.51735305786133,-86.10995483398438,8113.77587890625,5.708992958068848,0.2658069431781769,187.0,16.824697494506836,1.0,16.824697494506836,27.0,0.0,0.049524154514074326,27.0,0.15000000596046448,299.1057434082031,0.0,0.0,5.0
807,32.52373504638672,-86.09883880615234,8090.916015625,5.690690994262695,0.25797078013420105,187.0,16.660348892211914,1.0,16.660348892211914,27.0,0.0,0.05004417151212692,27.0,0.15000000596046448,296.1839904785156,0.0,0.0,0.014904487878084183
808,32.530120849609375,-86.08772277832031,8068.05615234375,19.873336791992188,0.18964560329914093,188.0,16.664405822753906,1.0,16.664405822753906,27.0,0.0,0.055544160306453705,27.0,0.15000000596046448,296.256103515625,0.0,5.0,0.0
809,32.536502838134766,-86.07660675048828,8045.19580078125,5.3267011642456055,0.2076934576034546,188.0,16.6684627532959,1.0,16.6684627532959,27.0,0.0,0.05032949894666672,27.0,0.15000000596046448,296.3282470703125,0.0,0.06239844113588333,0.0
810,32.542884826660156,-86.06548309326172,8022.3359375,5.44948148727417,0.2184412181377411,188.0,16.672523498535156,1.0,16.672523498535156,27.0,0.0,0.06179800629615784,27.0,0.15000000596046448,296.4004211425781,0.0,0.0,5.0
811,32.54927062988281,-86.05436706542969,7999.47607421875,5.528723239898682,0.2233061045408249,188.0,16.676586151123047,1.0,16.676586151123047,27.0,0.0,0.05925462394952774,27.0,0.15000000596046448,296.47265625,0.0,0.0,0.059993017464876175
812,32.55571365356445,-86.04317474365234,7975.091796875,5.570643901824951,0.2261178344488144,188.0,16.820125579833984,1.0,16.820125579833984,27.0,0.0,0.058174747973680496,27.0,0.15000000596046448,299.0244445800781,0.0,0.0,5.0
813,32.56224822998047,-86.0318603515625,7948.421875,5.596073627471924,0.22135654091835022,188.0,17.041738510131836,1.0,17.041738510131836,27.0,0.0,0.05642321705818176,27.0,0.15000000596046448,302.9642333984375,0.0,0.0,0.01625918783247471
814,32.56877899169922,-86.02053833007812,7921.751953125,14.994942665100098,0.1766083538532257,189.0,17.06585693359375,1.0,17.06585693359375,27.0,0.0,0.04888472706079483,27.0,0.15000000596046448,303.3930358886719,0.0,5.0,0.0
815,32.575313568115234,-86.00922393798828,7895.08203125,5.330110549926758,0.17665909230709076,189.0,17.09004783630371,1.0,17.09004783630371,27.0,0.0,0.053404927253723145,27.0,0.15000000596046448,303.8230895996094,0.0,0.0,5.0
816,32.58184814453125,-85.99790954589844,7868.412109375,21.777042388916016,0.10718661546707153,190.0,17.114309310913086,1.0,17.114309310913086,27.0,0.0,0.051495760679244995,27.0,0.15000000596046448,304.25439453125,0.0,5.0,0.0
817,32.58837890625,-85.98658752441406,7841.7421875,4.960022926330566,0.11290127784013748,190.0,17.138641357421875,1.0,17.138641357421875,27.0,0.0,0.05008651688694954,27.0,0.15000000596046448,304.6869812011719,0.0,0.0,5.0
818,32.59479904174805,-85.97544860839844,7816.087890625,22.92041778564453,0.25892001390457153,191.0,16.887128829956055,1.0,16.887128829956055,27.0,0.0,0.04839238524436951,27.0,0.15000000596046448,300.21563720703125,0.0,5.0,0.0
819,32.601051330566406,-85.96456146240234,7791.9580078125,20.796987533569336,0.24146926403045654,191.0,16.494956970214844,1.0,16.494956970214844,27.0,0.0,0.053841009736061096,27.0,0.15000000596046448,293.2436828613281,0.0,0.0,0.0
820,32.6072998046875,-85.95368194580078,7767.828125,5.601007461547852,0.2394505888223648,191.0,16.513660430908203,1.0,16.513660430908203,27.0,0.0,0.04930196329951286,27.0,0.15000000596046448,293.576171875,0.0,0.0,5.0
821,32.613548278808594,-85.94279479980469,7743.6982421875,5.557686805725098,0.24140040576457977,191.0,16.532407760620117,1.0,16.532407760620117,27.0,0.0,0.05192800611257553,27.0,0.15000000596046448,293.90948486328125,0.0,0.0,0.1070636436343193
822,32.61980056762695,-85.93191528320312,7719.56787109375,18.63964080810547,0.17648285627365112,192.0,16.55120086669922,1.0,16.55120086669922,27.0,0.0,0.049611952155828476,27.0,0.15000000596046448,294.2435607910156,0.0,5.0,0.0
823,32.62604904174805,-85.92102813720703,7695.43798828125,5.134476661682129,0.1736907958984375,192.0,16.570035934448242,1.0,16.570035934448242,27.0,0.0,0.04837675765156746,27.0,0.15000000596046448,294.57843017578125,0.0,0.09594067931175232,0.0
824,32.632293701171875,-85.91014862060547,7671.30810546875,5.074016571044922,0.17789135873317719,192.0,16.579404830932617,1.0,16.579404830932617,27.0,0.0,0.05498405545949936,27.0,0.15000000596046448,294.7449951171875,0.0,0.0,5.0
825,32.638526916503906,-85.89926147460938,7647.17822265625,5.045999050140381,0.17323073744773865,192.0,16.580101013183594,1.0,16.580101013183594,27.0,0.0,0.05071284621953964,27.0,0.15000000596046448,294.7573547363281,0.0,0.0,0.08758358657360077
826,32.64476013183594,-85.88838195800781,7623.0478515625,4.967084884643555,0.16501624882221222,192.0,16.58916664123535,1.0,16.58916664123535,27.0,0.0,0.05136670917272568,27.0,0.15000000596046448,294.9184875488281,0.0,0.0,5.0
827,32.65099334716797,-85.87749481201172,7598.91796875,4.865704536437988,0.17880189418792725,192.0,16.59823989868164,1.0,16.59823989868164,27.0,0.0,0.055615443736314774,27.0,0.15000000596046448,295.079833984375,0.0,0.0,0.08469164371490479
828,32.6572265625,-85.86661529541016,7574.7880859375,13.400599479675293,0.13392648100852966,193.0,16.60732650756836,1.0,16.60732650756836,27.0,0.0,0.050891611725091934,27.0,0.15000000596046448,295.2413635253906,0.0,5.0,0.0
829,32.66345977783203,-85.85572814941406,7550.658203125,4.57846736907959,0.13667692244052887,193.0,16.616422653198242,1.0,16.616422653198242,27.0,0.0,0.05206245556473732,27.0,0.15000000596046448,295.403076171875,0.0,0.07931075990200043,0.0
830,32.66973876953125,-85.84475708007812,7526.52783203125,4.522613525390625,0.13489800691604614,193.0,16.755428314208984,1.0,16.755428314208984,27.0,0.0,0.048788461834192276,27.0,0.15000000596046448,297.8742980957031,0.0,0.0,5.0
831,32.676090240478516,-85.83365631103516,7502.39794921875,4.440033912658691,0.138954296708107,193.0,16.959569931030273,1.0,16.959569931030273,27.0,0.0,0.04985569417476654,27.0,0.15000000596046448,301.5034484863281,0.0,0.0,5.0
832,32.68244171142578,-85.82256317138672,7478.26806640625,4.382606029510498,0.14301016926765442,193.0,16.968860626220703,1.0,16.968860626220703,27.0,0.0,0.05341614410281181,27.0,0.15000000596046448,301.66864013671875,0.0,0.0,5.0
833,32.68878936767578,-85.81146240234375,7454.13818359375,19.820009231567383,0.16549350321292877,194.0,16.97816276550293,1.0,16.97816276550293,27.0,0.0,0.053848061710596085,27.0,0.15000000596046448,301.833984375,0.0,5.0,0.0
834,32.69514083862305,-85.80036163330078,7430.0078125,4.3536295890808105,0.1632753312587738,194.0,16.987476348876953,1.0,16.987476348876953,27.0,0.0,0.05600232630968094,27.0,0.15000000596046448,301.99957275390625,0.0,0.0,5.0
835,32.70148849487305,-85.78926086425781,7405.8779296875,4.2553791999816895,0.16288767755031586,194.0,16.99679946899414,1.0,16.99679946899414,27.0,0.0,0.04877357929944992,27.0,0.15000000596046448,302.1653137207031,0.0,0.0,5.0
836,32.707847595214844,-85.77813720703125,7381.240234375,4.164061546325684,0.1581707000732422,194.0,17.028690338134766,1.0,17.028690338134766,27.0,0.0,0.052961356937885284,27.0,0.15000000596046448,302.7322998046875,0.0,0.0,5.0
837,32.71421432495117,-85.7669906616211,7355.83984375,20.657146453857422,0.17725124955177307,195.0,17.067798614501953,1.0,17.067798614501953,27.0,0.0,0.05378080531954765,27.0,0.15000000596046448,303.42755126953125,0.0,5.0,0.0
838,32.7205810546875,-85.7558364868164,7330.43994140625,4.832095146179199,0.18184348940849304,195.0,17.066972732543945,1.0,17.066972732543945,27.0,0.0,0.05188402533531189,27.0,0.15000000596046448,303.412841796875,0.0,0.0,5.0
839,32.72694778442383,-85.74468994140625,7305.0400390625,22.74526596069336,0.2966679632663727,196.0,17.066144943237305,1.0,17.066144943237305,27.0,0.0,0.051933057606220245,27.0,0.15000000596046448,303.39813232421875,0.0,5.0,0.0
840,32.733314514160156,-85.7335433959961,7279.64013671875,19.386943817138672,0.3057723045349121,196.0,17.065317153930664,1.0,17.065317153930664,27.0,0.0,0.05077030509710312,27.0,0.15000000596046448,303.3834228515625,0.0,0.0,0.0
841,32.739681243896484,-85.7223892211914,7254.240234375,5.751307487487793,0.31805405020713806,196.0,17.064489364624023,1.0,17.064489364624023,27.0,0.0,0.05749724060297012,27.0,0.15000000596046448,303.36871337890625,0.0,0.0,5.0
842,32.74603271484375,-85.71125030517578,7229.34814453125,22.967336654663086,0.24189431965351105,197.0,17.042526245117188,1.0,17.042526245117188,27.0,0.0,0.049886997789144516,27.0,0.15000000596046448,302.978271484375,0.0,5.0,0.0
843,32.75236511230469,-85.70013427734375,7205.2177734375,16.160194396972656,0.24766184389591217,197.0,17.014053344726562,1.0,17.014053344726562,27.0,0.0,0.05311296135187149,27.0,0.15000000596046448,302.4720764160156,0.0,0.0,0.0
844,32.75870132446289,-85.68901824951172,7181.087890625,5.544013023376465,0.25400200486183167,197.0,17.023408889770508,1.0,17.023408889770508,27.0,0.0,0.05299490690231323,27.0,0.15000000596046448,302.6383972167969,0.0,0.0,5.0
845,32.76503372192383,-85.67790222167969,7156.9580078125,22.562137603759766,0.24598294496536255,198.0,17.03277587890625,1.0,17.03277587890625,27.0,0.0,0.05133967846632004,27.0,0.15000000596046448,302.8049011230469,0.0,5.0,0.0
846,32.771366119384766,-85.66678619384766,7132.828125,12.423410415649414,0.24289502203464508,198.0,17.04215431213379,1.0,17.04215431213379,27.0,0.0,0.050851672887802124,27.0,0.15000000596046448,302.97161865234375,0.0,0.0,0.0
847,32.7776985168457,-85.65567016601562,7108.6982421875,5.614686012268066,0.23575203120708466,198.0,10.736156463623047,1.0,10.736156463623047,17.0,0.0,0.05189569294452667,17.0,0.0,303.1385192871094,0.0,0.0,5.0
848,32.78392028808594,-85.64476013183594,7084.56787109375,20.98229217529297,0.21545645594596863,199.0,11.793755531311035,1.0,11.793755531311035,19.0,0.0,0.05532476305961609,19.0,0.15000000596046448,297.947509765625,0.0,5.0,0.0
849,32.78997039794922,-85.63416290283203,7060.43798828125,5.499401569366455,0.21330231428146362,199.0,11.489686965942383,1.0,11.489686965942383,19.0,0.0,0.049899786710739136,19.0,0.15000000596046448,290.2657775878906,0.0,0.03420807421207428,0.0
850,32.7960205078125,-85.6235580444336,7036.30810546875,5.498956203460693,0.2224513441324234,199.0,11.516867637634277,1.0,11.516867637634277,19.0,0.0,0.053619515150785446,19.0,0.15000000596046448,290.95245361328125,0.0,0.0,5.0
851,32.80207061767578,-85.61296081542969,7012.17822265625,5.556270599365234,0.2334166020154953,199.0,11.544179916381836,1.0,11.544179916381836,19.0,0.0,0.05360081046819687,19.0,0.15000000596046448,291.6424255371094,0.0,0.0,0.15079262852668762
852,32.80812072753906,-85.60236358642578,6988.0478515625,5.619454383850098,0.23849979043006897,199.0,11.571624755859375,1.0,11.571624755859375,19.0,0.0,0.05494146794080734,19.0,0.15000000596046448,292.3357849121094,0.0,0.0,5.0
853,32.814170837402344,-85.59175872802734,6963.91796875,5.6447978019714355,0.2335292100906372,199.0,11.599202156066895,1.0,11.599202156066895,19.0,0.0,0.05584147572517395,19.0,0.15000000596046448,293.032470703125,0.0,0.0,0.1277371346950531
854,32.82033157348633,-85.58096313476562,6939.7880859375,18.182905197143555,0.21741381287574768,200.0,11.837889671325684,1.0,11.837889671325684,19.0,0.0,0.05041518434882164,19.0,0.15000000596046448,299.0624694824219,0.0,5.0,0.0
855,32.82666778564453,-85.56988525390625,6915.658203125,5.503586769104004,0.22444254159927368,200.0,12.180272102355957,1.0,12.180272102355957,19.0,0.0,0.052280642092227936,19.0,0.15000000596046448,307.7121276855469,0.0,0.015625258907675743,0.0
856,32.83300018310547,-85.55879974365234,6891.52783203125,5.52293586730957,0.2169855237007141,200.0,12.202006340026855,1.0,12.202006340026855,19.0,7.479397274253222e-16,0.04995212331414223,19.0,0.15000000596046448,308.2611999511719,0.0,0.0,5.0
857,32.839332580566406,-85.54771423339844,6867.39794921875,13.929312705993652,0.1401669979095459,201.0,12.223820686340332,1.0,12.223820686340332,19.0,0.0,0.048119187355041504,19.0,0.15000000596046448,308.81231689453125,0.0,5.0,0.0
858,32.845664978027344,-85.53663635253906,6843.26806640625,5.018871784210205,0.13752932846546173,201.0,12.245715141296387,1.0,12.245715141296387,19.0,0.0,0.05424297973513603,19.0,0.15000000596046448,309.36541748046875,0.0,0.0,5.0
859,32.85200119018555,-85.52555084228516,6819.13818359375,21.555526733398438,0.20860975980758667,202.0,12.26768970489502,1.0,12.26768970489502,19.0,0.0,0.05457112565636635,19.0,0.15000000596046448,309.92059326171875,0.0,5.0,0.0
860,32.85814666748047,-85.51477813720703,6795.0078125,5.301666259765625,0.19103886187076569,202.0,11.931795120239258,1.0,11.931795120239258,19.0,0.0,0.05914585664868355,19.0,0.15000000596046448,301.4348449707031,0.0,0.0,5.0
861,32.864013671875,-85.50447845458984,6770.8779296875,21.616384506225586,0.0067599378526210785,203.0,11.410430908203125,1.0,11.410430908203125,19.0,0.0,0.05380749702453613,19.0,0.15000000596046448,288.2635192871094,0.0,5.0,0.0
862,32.86988067626953,-85.49417877197266,6746.748046875,18.690217971801758,0.01389788743108511,203.0,11.416946411132812,1.0,11.416946411132812,19.0,0.0,0.05238230526447296,19.0,0.15000000596046448,288.4281005859375,0.0,0.19560788571834564,0.0
863,32.87574768066406,-85.48387908935547,6722.6181640625,4.202427864074707,0.024527493864297867,203.0,11.423468589782715,1.0,11.423468589782715,19.0,0.0,0.04783142730593681,19.0,0.15000000596046448,288.5928955078125,0.0,0.0,5.0
864,32.881614685058594,-85.47357940673828,6698.48779296875,4.194066047668457,0.014100429601967335,203.0,11.429999351501465,1.0,11.429999351501465,19.0,0.0,0.04812348261475563,19.0,0.15000000596046448,288.75787353515625,0.0,0.0,0.19011841714382172
865,32.887481689453125,-85.4632797241211,6674.35791015625,17.789152145385742,0.09731655567884445,204.0,11.436537742614746,1.0,11.436537742614746,19.0,0.0,0.06026865914463997,19.0,0.15000000596046448,288.9230651855469,0.0,5.0,0.0
866,32.89340591430664,-85.4528579711914,6650.22802734375,4.4087443351745605,0.09182967990636826,204.0,11.572732925415039,1.0,11.572732925415039,19.0,0.0,0.05449305847287178,19.0,0.15000000596046448,292.36376953125,0.0,0.18461550772190094,0.0
867,32.89942169189453,-85.4422607421875,6626.09814453125,4.3152947425842285,0.09332417696714401,204.0,11.77546501159668,1.0,11.77546501159668,19.0,0.0,0.048729825764894485,19.0,0.15000000596046448,297.48541259765625,0.0,0.0,5.0
868,32.90544128417969,-85.4316635131836,6601.9677734375,4.2506585121154785,0.09426956623792648,204.0,11.785846710205078,1.0,11.785846710205078,19.0,0.0,0.05439894646406174,19.0,0.15000000596046448,297.7477111816406,0.0,0.0,5.0
869,32.91145706176758,-85.42105865478516,6577.837890625,4.180035591125488,0.09799722582101822,204.0,11.796248435974121,1.0,11.796248435974121,19.0,0.0,0.051584139466285706,19.0,0.15000000596046448,298.010498046875,0.0,0.0,0.037538059055805206
870,32.91747283935547,-85.41046142578125,6553.7080078125,4.119607925415039,0.11294574290513992,204.0,11.806670188903809,1.0,11.806670188903809,19.0,0.0,0.05341552570462227,19.0,0.15000000596046448,298.2737731933594,0.0,0.0,5.0
871,32.92348861694336,-85.39985656738281,6529.578125,4.110841751098633,0.12073508650064468,204.0,11.817110061645508,1.0,11.817110061645508,19.0,0.0,0.05532459914684296,19.0,0.15000000596046448,298.5375061035156,0.0,0.0,5.0
872,32.92953872680664,-85.3891830444336,6504.43212890625,4.0649847984313965,0.11901476979255676,204.0,11.90943717956543,1.0,11.90943717956543,19.0,0.0,0.05064815655350685,19.0,0.15000000596046448,300.8699951171875,0.0,0.0,5.0
873,32.935638427734375,-85.37837982177734,6477.76220703125,21.268110275268555,0.2684799134731293,205.0,12.042913436889648,1.0,12.042913436889648,19.0,0.0,0.05141087621450424,19.0,0.15000000596046448,304.24200439453125,0.0,5.0,0.0
874,32.94173812866211,-85.3675765991211,6451.091796875,4.685613632202148,0.2734890580177307,205.0,12.053584098815918,1.0,12.053584098815918,19.0,0.0,0.055252909660339355,19.0,0.15000000596046448,304.5115966796875,0.0,0.0,5.0
875,32.94784164428711,-85.35678100585938,6424.421875,14.922884941101074,0.26356104016304016,206.0,12.064274787902832,1.0,12.064274787902832,19.0,0.0,0.05260147899389267,19.0,0.15000000596046448,304.78167724609375,0.0,5.0,0.0
876,32.953941345214844,-85.34597778320312,6397.751953125,5.321363925933838,0.26422297954559326,206.0,12.074984550476074,1.0,12.074984550476074,19.0,0.0,0.05351123958826065,19.0,0.15000000596046448,305.05224609375,0.0,0.0,5.0
877,32.96004104614258,-85.3351821899414,6371.08203125,21.55830955505371,0.2477484792470932,207.0,12.085715293884277,1.0,12.085715293884277,19.0,0.0,0.051271703094244,19.0,0.15000000596046448,305.3233337402344,0.0,5.0,0.0
878,32.9660530090332,-85.32453155517578,6345.42822265625,5.350018501281738,0.2410980463027954,207.0,11.924692153930664,1.0,11.924692153930664,19.0,0.0,0.04961454123258591,19.0,0.15000000596046448,301.25537109375,0.0,0.0,0.0
879,32.9719352722168,-85.31411743164062,6321.2978515625,5.365149021148682,0.256424218416214,207.0,11.677427291870117,1.0,11.677427291870117,19.0,0.0,0.051904115825891495,19.0,0.15000000596046448,295.0086669921875,0.0,0.0,5.0
880,32.977821350097656,-85.30370330810547,6297.16796875,5.501712799072266,0.2409379482269287,207.0,11.687853813171387,1.0,11.687853813171387,19.0,0.0,0.04947696998715401,19.0,0.15000000596046448,295.2720947265625,0.0,0.0,0.08318866789340973
881,32.98370361328125,-85.29328155517578,6273.0380859375,5.455804347991943,0.24662499129772186,207.0,11.6983003616333,1.0,11.6983003616333,19.0,0.0,0.04969805106520653,19.0,0.15000000596046448,295.5360107421875,0.0,0.0,5.0
882,32.989585876464844,-85.28286743164062,6248.908203125,5.5275774002075195,0.25501036643981934,207.0,11.70876693725586,1.0,11.70876693725586,19.0,0.0,0.054553620517253876,19.0,0.15000000596046448,295.8004150390625,0.0,0.0,0.0743996724486351
883,32.99546813964844,-85.27245330810547,6224.77783203125,18.747211456298828,0.25779521465301514,208.0,11.719252586364746,1.0,11.719252586364746,19.0,0.0,0.05216282978653908,19.0,0.15000000596046448,296.0653381347656,0.0,5.0,0.0
884,33.00143814086914,-85.26200103759766,6200.77490234375,5.656623840332031,0.2553533613681793,208.0,11.814502716064453,1.0,11.814502716064453,19.0,0.0,0.05488171428442001,19.0,0.15000000596046448,298.4716491699219,0.0,0.06557771563529968,0.0
885,33.007530212402344,-85.25150299072266,6176.96240234375,5.667334079742432,0.2819035053253174,208.0,11.95987606048584,1.0,11.95987606048584,19.0,0.0,0.05170265585184097,19.0,0.15000000596046448,302.1442565917969,0.0,0.0,5.0
886,33.01362609863281,-85.24099731445312,6153.14990234375,16.511629104614258,0.28391268849372864,209.0,11.987634658813477,1.0,11.987634658813477,19.0,0.0,0.05343392863869667,19.0,0.15000000596046448,302.84552001953125,0.0,5.0,0.0
887,33.0198860168457,-85.230712890625,6129.28759765625,5.872154712677002,0.2766435146331787,209.0,11.958284378051758,1.0,11.958284378051758,19.0,0.0,0.05001220479607582,19.0,0.15000000596046448,302.1040344238281,0.0,0.0,5.0
888,33.02682113647461,-85.22127532958984,6105.22412109375,21.860050201416016,0.14050792157649994,210.0,11.817204475402832,1.0,11.817204475402832,19.0,0.0,0.05159797519445419,19.0,0.15000000596046448,298.5398864746094,0.0,5.0,0.0
889,33.033756256103516,-85.21184539794922,6081.1611328125,12.182561874389648,0.1352640837430954,210.0,11.837416648864746,1.0,11.837416648864746,19.0,0.0,0.052553690969944,19.0,0.15000000596046448,299.050537109375,0.0,0.02433498203754425,0.0
890,33.04069137573242,-85.20240783691406,6057.09765625,5.065372467041016,0.1261461228132248,210.0,11.85770034790039,1.0,11.85770034790039,19.0,0.0,0.05114419758319855,19.0,0.15000000596046448,299.5629577636719,0.0,0.0,5.0
891,33.04762268066406,-85.19297790527344,6033.03466796875,5.013456344604492,0.12444772571325302,210.0,11.87805461883545,1.0,11.87805461883545,19.0,0.0,0.05160505697131157,19.0,0.15000000596046448,300.0771789550781,0.0,0.0,0.007284138351678848
892,33.05455780029297,-85.18354034423828,6008.9716796875,4.993415832519531,0.12130696326494217,210.0,11.898481369018555,1.0,11.898481369018555,19.0,0.0,0.051222436130046844,19.0,0.15000000596046448,300.59320068359375,0.0,0.0,5.0
893,33.061492919921875,-85.17411041259766,5984.908203125,23.739215850830078,0.4252479076385498,211.0,11.91897964477539,1.0,11.91897964477539,19.0,0.0,0.05521808937191963,19.0,0.15000000596046448,301.111083984375,0.0,5.0,0.0
894,33.06842803955078,-85.1646728515625,5960.84521484375,20.73982810974121,0.4171585440635681,211.0,11.939550399780273,1.0,11.939550399780273,19.0,0.0,0.04883871227502823,19.0,0.15000000596046448,301.6307678222656,0.0,0.0,0.0
895,33.07548904418945,-85.15534210205078,5932.93212890625,6.694651126861572,0.4174407124519348,211.0,11.97988224029541,1.0,11.97988224029541,19.0,0.0,0.04874718561768532,19.0,0.15000000596046448,302.649658203125,0.0,0.0,5.0
896,33.0826416015625,-85.14607238769531,5902.4521484375,24.239843368530273,0.4565424919128418,212.0,12.009316444396973,1.0,12.009316444396973,19.0,0.0,0.04988359659910202,19.0,0.15000000596046448,303.3932800292969,0.0,5.0,0.0
897,33.08979034423828,-85.13681030273438,5871.97216796875,18.161367416381836,0.4505731165409088,212.0,12.020370483398438,1.0,12.020370483398438,19.0,0.0,0.04840834066271782,19.0,0.15000000596046448,303.6725158691406,0.0,0.0,0.0
898,33.09693908691406,-85.1275405883789,5841.4921875,6.839078426361084,0.45648667216300964,212.0,12.03144645690918,1.0,12.03144645690918,19.0,0.0,0.05593591555953026,19.0,0.15000000596046448,303.95233154296875,0.0,0.0,5.0
899,33.10409164428711,-85.11827087402344,5811.01220703125,23.31642723083496,0.3749074339866638,213.0,12.042542457580566,1.0,12.042542457580566,19.0,0.0,0.05165785551071167,19.0,0.15000000596046448,304.232666015625,0.0,5.0,0.0
900,33.11124038696289,-85.1090087890625,5780.5322265625,13.662962913513184,0.35504984855651855,213.0,12.05366039276123,1.0,12.05366039276123,19.0,0.0,0.04742114618420601,19.0,0.15000000596046448,304.5135498046875,0.0,0.0,0.0
901,33.118228912353516,-85.09993743896484,5729.47802734375,5.988121032714844,0.3571697473526001,213.0,11.818333625793457,1.0,11.818333625793457,19.0,0.0,0.051412392407655716,19.0,0.15000000596046448,298.56842041015625,0.0,0.0,5.0
902,33.12511444091797,-85.09100341796875,5664.7080078125,5.943111896514893,0.3671306371688843,213.0,11.682571411132812,1.0,11.682571411132812,19.0,0.0,0.05004623532295227,19.0,0.15000000596046448,295.1386413574219,0.0,0.0,0.02385943941771984
903,33.131996154785156,-85.08207702636719,5599.93798828125,5.94851016998291,0.3563607335090637,213.0,11.723893165588379,1.0,11.723893165588379,19.0,0.0,0.05138377845287323,19.0,0.15000000596046448,296.18255615234375,0.0,0.0,5.0
904,33.13888168334961,-85.0731430053711,5535.16796875,5.808934211730957,0.3670406937599182,213.0,11.765511512756348,1.0,11.765511512756348,19.0,0.0,0.04837263375520706,19.0,0.15000000596046448,297.2339782714844,0.0,0.0,0.06362397223711014
905,33.1457633972168,-85.064208984375,5470.39794921875,19.27362632751465,0.1990402787923813,214.0,11.807429313659668,1.0,11.807429313659668,19.0,0.0,0.048133209347724915,19.0,0.15000000596046448,298.29296875,0.0,5.0,0.0
906,33.152645111083984,-85.0552749633789,5405.6279296875,4.71562385559082,0.19209252297878265,214.0,11.849651336669922,1.0,11.849651336669922,19.0,0.0,0.05379510298371315,19.0,0.15000000596046448,299.3595886230469,0.0,0.0284507405012846,0.0
907,33.15943145751953,-85.04644775390625,5337.0478515625,4.601010322570801,0.1900109499692917,214.0,11.729094505310059,1.0,11.729094505310059,19.0,0.0,0.04904307425022125,19.0,0.15000000596046448,296.31396484375,0.0,0.0,5.0
908,33.16614532470703,-85.0376968383789,5265.92822265625,4.510554313659668,0.19721537828445435,214.0,11.6576566696167,1.0,11.6576566696167,19.0,0.0,0.04784953594207764,19.0,0.15000000596046448,294.50921630859375,0.0,0.0,5.0
909,33.1728630065918,-85.0289535522461,5194.80810546875,4.467849254608154,0.19542188942432404,214.0,11.69200325012207,1.0,11.69200325012207,19.0,0.0,0.048131924122571945,19.0,0.15000000596046448,295.3769226074219,0.0,0.0,0.09151291102170944
910,33.17958068847656,-85.02020263671875,5123.68798828125,4.373858451843262,0.2002750039100647,214.0,11.726554870605469,1.0,11.726554870605469,19.0,0.0,0.05340409651398659,19.0,0.15000000596046448,296.24981689453125,0.0,0.0,5.0
911,33.18629837036133,-85.0114517211914,5052.56787109375,4.313192367553711,0.2184177190065384,214.0,11.761314392089844,1.0,11.761314392089844,19.0,0.0,0.05001324787735939,19.0,0.15000000596046448,297.1279296875,0.0,0.0,5.0
912,33.19301223754883,-85.00270080566406,4981.4482421875,4.323418617248535,0.22101621329784393,214.0,11.796282768249512,1.0,11.796282768249512,19.0,0.0,0.049030061811208725,19.0,0.15000000596046448,298.0113525390625,0.0,0.0,0.04786774143576622
913,33.199710845947266,-84.99397277832031,4908.80419921875,4.246088027954102,0.20454299449920654,214.0,11.798321723937988,1.0,11.798321723937988,19.0,0.0,0.059067629277706146,19.0,0.15000000596046448,298.0628662109375,0.0,0.0,5.0
914,33.20639419555664,-84.9852523803711,4835.14404296875,4.061477184295654,0.21198128163814545,214.0,11.809064865112305,1.0,11.809064865112305,19.0,7.479397274253222e-16,0.04861556738615036,19.0,0.15000000596046448,298.33428955078125,0.0,0.0,0.03228578343987465
915,33.213077545166016,-84.9765396118164,4761.48388671875,17.071762084960938,0.24381767213344574,215.0,11.840483665466309,1.0,11.840483665466309,19.0,0.0,0.05434538796544075,19.0,0.15000000596046448,299.12799072265625,0.0,5.0,0.0
916,33.21976089477539,-84.96781921386719,4687.82421875,5.3079962730407715,0.2469182014465332,215.0,11.872071266174316,1.0,11.872071266174316,19.0,0.0,0.05393413454294205,19.0,0.15000000596046448,299.926025390625,0.0,0.014533343724906445,0.0
917,33.226444244384766,-84.9591064453125,4614.1640625,5.376016616821289,0.24174709618091583,215.0,11.903831481933594,1.0,11.903831481933594,19.0,0.0,0.051967278122901917,19.0,0.15000000596046448,300.7283630371094,0.0,0.0,5.0
918,33.23312759399414,-84.95038604736328,4540.50390625,15.127971649169922,0.3510540723800659,216.0,11.93576431274414,1.0,11.93576431274414,19.0,0.0,0.06217769533395767,19.0,0.15000000596046448,301.53509521484375,0.0,5.0,0.0
919,33.239810943603516,-84.94168090820312,4466.84423828125,6.1097092628479,0.3609386682510376,216.0,11.960380554199219,1.0,11.960380554199219,19.0,0.0,0.05086261406540871,19.0,0.15000000596046448,302.156982421875,0.0,0.0,5.0
920,33.24649429321289,-84.9329833984375,4393.18408203125,22.501543045043945,0.4047001004219055,217.0,11.987638473510742,1.0,11.987638473510742,19.0,0.0,0.05089736729860306,19.0,0.15000000596046448,302.8456115722656,0.0,5.0,0.0
921,33.253177642822266,-84.92427825927734,4319.52392578125,6.553232192993164,0.3994773328304291,217.0,12.020065307617188,1.0,12.020065307617188,19.0,0.0,0.060912616550922394,19.0,0.15000000596046448,303.6648254394531,0.0,0.0,0.0
922,33.25986099243164,-84.91558074951172,4245.86376953125,6.542357444763184,0.4097367525100708,217.0,12.052671432495117,1.0,12.052671432495117,19.0,0.0,0.04979601129889488,19.0,0.15000000596046448,304.488525390625,0.0,0.0,5.0
923,33.266544342041016,-84.9068832397461,4172.2041015625,21.89826202392578,0.5250673890113831,218.0,12.085456848144531,1.0,12.085456848144531,19.0,0.0,0.0536748506128788,19.0,0.15000000596046448,305.3168029785156,0.0,5.0,0.0
924,33.27322769165039,-84.89817810058594,4098.5439453125,7.6001081466674805,0.537898600101471,218.0,12.118424415588379,1.0,12.118424415588379,19.0,0.0,0.050706420093774796,19.0,0.15000000596046448,306.149658203125,0.0,0.0,5.0
925,33.27973937988281,-84.88967895507812,4031.741943359375,22.71012306213379,0.3104829788208008,219.0,11.853757858276367,1.0,11.853757858276367,19.0,0.0,0.05483134835958481,19.0,0.15000000596046448,299.4633483886719,0.0,5.0,0.0
926,33.28614044189453,-84.88131713867188,3969.511962890625,17.763526916503906,0.30914533138275146,219.0,11.68244743347168,1.0,11.68244743347168,19.0,0.0,0.04863542690873146,19.0,0.15000000596046448,295.1355285644531,0.0,0.00894403550773859,0.0
927,33.29254150390625,-84.8729476928711,3907.281982421875,5.9910478591918945,0.30998513102531433,219.0,11.706405639648438,1.0,11.706405639648438,19.0,0.0,0.05064041167497635,19.0,0.15000000596046448,295.74078369140625,0.0,0.0,5.0
928,33.2989387512207,-84.86457824707031,3845.052001953125,5.992171287536621,0.3167894184589386,219.0,11.730463981628418,1.0,11.730463981628418,19.0,0.0,0.05882146209478378,19.0,0.15000000596046448,296.34857177734375,0.0,0.0,0.07098708301782608
929,33.30533981323242,-84.85621643066406,3782.822021484375,15.066943168640137,0.2632240951061249,220.0,11.754623413085938,1.0,11.754623413085938,19.0,0.0,0.04976869001984596,19.0,0.15000000596046448,296.95892333984375,0.0,5.0,0.0
930,33.31174087524414,-84.84784698486328,3720.592041015625,5.683847904205322,0.2655809819698334,220.0,11.778884887695312,1.0,11.778884887695312,19.0,0.0,0.051913801580667496,19.0,0.15000000596046448,297.57183837890625,0.0,0.050684742629528046,0.0
931,33.318519592285156,-84.83953094482422,3685.031982421875,5.678602695465088,0.27323710918426514,220.0,12.098864555358887,1.0,12.098864555358887,19.0,0.0,0.049712345004081726,19.0,0.15000000596046448,305.655517578125,0.0,0.0,5.0
932,33.32555389404297,-84.83124542236328,3667.251953125,6.709610939025879,0.41868674755096436,221.0,12.338744163513184,1.0,12.338744163513184,19.0,0.0,0.04974425584077835,19.0,0.15000000596046448,311.71563720703125,0.0,5.0,0.0
933,33.33258819580078,-84.82295989990234,3649.471923828125,6.638679504394531,0.42601823806762695,221.0,12.381951332092285,1.0,12.381951332092285,19.0,0.0,0.0540403313934803,19.0,0.15000000596046448,312.80718994140625,0.0,0.0,5.0
934,33.33961868286133,-84.81468200683594,3631.69189453125,20.9047908782959,0.41942867636680603,222.0,12.425466537475586,1.0,12.425466537475586,19.0,0.0,0.05377483367919922,19.0,0.15000000596046448,313.9065246582031,0.0,5.0,0.0
935,33.34665298461914,-84.806396484375,3613.912109375,6.567098617553711,0.40936964750289917,222.0,12.469291687011719,1.0,12.469291687011719,19.0,0.0,0.05459410697221756,19.0,0.15000000596046448,315.013671875,0.0,0.0,5.0
936,33.35368728637695,-84.79811096191406,3596.132080078125,23.258737564086914,0.39122191071510315,223.0,12.51343059539795,1.0,12.51343059539795,19.0,0.0,0.048874009400606155,19.0,0.15000000596046448,316.1287841796875,0.0,5.0,0.0
937,33.360321044921875,-84.79035949707031,3590.5439453125,16.71636390686035,0.3983631432056427,223.0,11.902266502380371,1.0,11.902266502380371,19.0,0.0,0.05239792540669441,19.0,0.15000000596046448,300.6888427734375,0.0,0.0,0.0
938,33.3666877746582,-84.782958984375,3593.083984375,6.260905742645264,0.3995290994644165,223.0,11.602261543273926,1.0,11.602261543273926,19.0,0.0,0.051984865218400955,19.0,0.15000000596046448,293.1097717285156,0.0,0.0,5.0
939,33.37305450439453,-84.77555847167969,3595.6240234375,6.213313102722168,0.40317654609680176,223.0,11.81993579864502,1.0,11.81993579864502,19.0,0.0,0.050278399139642715,19.0,0.15000000596046448,298.6089172363281,0.0,0.0,0.11483720690011978
940,33.37942123413086,-84.76815795898438,3598.1640625,13.070809364318848,0.29732248187065125,224.0,12.045949935913086,1.0,12.045949935913086,19.0,7.479397274253222e-16,0.056729741394519806,19.0,0.15000000596046448,304.3187255859375,0.0,5.0,0.0
941,33.38578796386719,-84.76075744628906,3600.7041015625,5.403600692749023,0.321138471364975,224.0,12.280792236328125,1.0,12.280792236328125,19.0,0.0,0.04873502999544144,19.0,0.15000000596046448,310.2516174316406,0.0,0.0,5.0
942,33.392154693603516,-84.75335693359375,3603.243896484375,22.40441131591797,0.5094072818756104,225.0,12.524991989135742,1.0,12.524991989135742,19.0,0.0,0.053399767726659775,19.0,0.15000000596046448,316.42083740234375,0.0,5.0,0.0
943,33.3980712890625,-84.7464828491211,3604.260009765625,6.8160834312438965,0.5110441446304321,225.0,10.607391357421875,1.0,10.607391357421875,17.0,0.0,0.04941108077764511,17.0,0.0,299.5028076171875,0.0,0.0,5.0
944,33.4036865234375,-84.73994445800781,3604.260009765625,6.754735946655273,0.5178736448287964,225.0,10.245450973510742,1.0,10.245450973510742,17.0,0.0,0.049097854644060135,17.0,0.0,289.2833251953125,0.0,0.0,5.0
945,33.4093017578125,-84.73341369628906,3604.260009765625,6.739734172821045,0.5245663523674011,225.0,13.492302894592285,1.0,13.492302894592285,22.0,0.0,0.05454294756054878,22.0,0.15000000596046448,294.37750244140625,0.0,0.0,0.17861118912696838
946,33.414920806884766,-84.72688293457031,3604.260009765625,6.720239639282227,0.5120729804039001,225.0,13.734171867370605,1.0,13.734171867370605,22.0,0.0,0.05760341137647629,22.0,0.15000000596046448,299.6546630859375,0.0,0.0,5.0
947,33.420536041259766,-84.72034454345703,3604.260009765625,6.523252010345459,0.5115175247192383,225.0,13.98488712310791,1.0,13.98488712310791,22.0,0.0,0.05603686347603798,22.0,0.15000000596046448,305.1247863769531,0.0,0.0,5.0
948,33.42615509033203,-84.71381378173828,3604.260009765625,6.429823398590088,0.5145206451416016,225.0,14.244941711425781,1.0,14.244941711425781,22.0,6.459479608508399e-16,0.05711769685149193,22.0,0.15000000596046448,310.7987365722656,0.0,0.0,5.0
949,33.43138885498047,-84.70771026611328,3604.260009765625,18.814136505126953,0.3326158821582794,226.0,13.531214714050293,1.0,13.531214714050293,22.0,0.0,0.05388440191745758,22.0,0.15000000596046448,295.22650146484375,0.0,5.0,0.0
950,33.43637466430664,-84.70189666748047,3604.260009765625,5.617863655090332,0.35089167952537537,226.0,13.11046314239502,1.0,13.11046314239502,22.0,0.0,0.05280640348792076,22.0,0.15000000596046448,286.0464782714844,0.0,0.07955826073884964,0.0
951,33.44135665893555,-84.69607543945312,3604.260009765625,5.798092842102051,0.35368242859840393,226.0,13.342985153198242,1.0,13.342985153198242,22.0,0.0,0.05712921917438507,22.0,0.15000000596046448,291.11968994140625,0.0,0.0,5.0
952,33.44633865356445,-84.69026184082031,3604.260009765625,5.873897552490234,0.37503674626350403,226.0,13.583917617797852,1.0,13.583917617797852,22.0,0.0,0.05200900882482529,22.0,0.15000000596046448,296.3763732910156,0.0,0.0,0.14800533652305603
953,33.451324462890625,-84.68444061279297,3604.260009765625,6.074031352996826,0.37343406677246094,226.0,13.833724975585938,1.0,13.833724975585938,22.0,0.0,0.054715149104595184,22.0,0.15000000596046448,301.82672119140625,0.0,0.0,5.0
954,33.45630645751953,-84.67862701416016,3604.260009765625,22.585357666015625,0.4443347454071045,227.0,14.092906951904297,1.0,14.092906951904297,22.0,0.0,0.05492458492517471,22.0,0.15000000596046448,307.4815979003906,0.0,5.0,0.0
955,33.46112060546875,-84.67302703857422,3603.498046875,15.37877082824707,0.43182316422462463,227.0,13.758803367614746,1.0,13.758803367614746,22.0,0.0,0.05525893718004227,22.0,0.15000000596046448,300.19207763671875,0.0,0.0,0.0
956,33.4658203125,-84.6675796508789,3602.22802734375,6.627832889556885,0.44511234760284424,227.0,13.531704902648926,1.0,13.531704902648926,22.0,0.0,0.05131818354129791,22.0,0.15000000596046448,295.2371826171875,0.0,0.0,5.0
957,33.47052001953125,-84.6621322631836,3600.9580078125,6.767063617706299,0.4604707658290863,227.0,13.648372650146484,1.0,13.648372650146484,22.0,0.0,0.05454213172197342,22.0,0.15000000596046448,297.7826843261719,0.0,0.0,0.07938018441200256
958,33.4752197265625,-84.65667724609375,3599.68798828125,6.46368932723999,0.4092579782009125,228.0,13.76707649230957,1.0,13.76707649230957,22.0,0.0,0.05328187346458435,22.0,0.15000000596046448,300.37255859375,0.0,5.0,0.0
959,33.47991943359375,-84.65122985839844,3598.41796875,6.554656505584717,0.42109906673431396,228.0,13.887868881225586,1.0,13.887868881225586,22.0,0.0,0.048083022236824036,22.0,0.15000000596046448,303.008056640625,0.0,0.0,5.0
960,33.484619140625,-84.64578247070312,3597.14794921875,21.910547256469727,0.5646845102310181,229.0,14.0108060836792,1.0,14.0108060836792,22.0,0.0,0.055230557918548584,22.0,0.15000000596046448,305.6903076171875,0.0,5.0,0.0
961,33.48918914794922,-84.64047241210938,3597.402099609375,7.920793056488037,0.5746890902519226,229.0,13.697868347167969,1.0,13.697868347167969,22.0,0.0,0.04937896504998207,22.0,0.15000000596046448,298.8625793457031,0.0,0.0,5.0
962,33.493675231933594,-84.63525390625,3598.672119140625,8.033802032470703,0.5787062644958496,229.0,13.468210220336914,1.0,13.468210220336914,22.0,0.0,0.050611358135938644,22.0,0.15000000596046448,293.85186767578125,0.0,0.0,0.018957005813717842
963,33.4981575012207,-84.63003540039062,3599.94189453125,19.205562591552734,0.5064343214035034,230.0,13.489139556884766,1.0,13.489139556884766,22.0,0.0,0.04874863475561142,22.0,0.15000000596046448,294.3085021972656,0.0,5.0,0.0
964,33.50263977050781,-84.62481689453125,3601.2119140625,7.3960676193237305,0.49991828203201294,230.0,13.510135650634766,1.0,13.510135650634766,22.0,0.0,0.05735823139548302,22.0,0.15000000596046448,294.7666015625,0.0,0.0948583260178566,0.0
965,33.50712203979492,-84.6196060180664,3602.48193359375,7.3359055519104,0.4999205470085144,230.0,13.531197547912598,1.0,13.531197547912598,22.0,0.0,0.04912729933857918,22.0,0.15000000596046448,295.22613525390625,0.0,0.0,5.0
966,33.5116081237793,-84.61438751220703,3603.751953125,7.327682018280029,0.49226245284080505,230.0,13.552326202392578,1.0,13.552326202392578,22.0,0.0,0.052233822643756866,22.0,0.15000000596046448,295.6871337890625,0.0,0.0,0.07956451177597046
967,33.51595687866211,-84.60909271240234,3600.650634765625,7.248368263244629,0.5031733512878418,230.0,13.461040496826172,1.0,13.461040496826172,22.0,0.0,0.053863368928432465,22.0,0.15000000596046448,293.6954345703125,0.0,0.0,5.0
968,33.52022171020508,-84.60375213623047,3594.634765625,7.324537754058838,0.5182095170021057,230.0,13.404698371887207,1.0,13.404698371887207,22.0,0.0,0.049710944294929504,22.0,0.15000000596046448,292.4661560058594,0.0,0.0,0.10507634282112122
969,33.52448272705078,-84.5984115600586,3588.618896484375,13.884221076965332,0.4764481782913208,231.0,13.415580749511719,1.0,13.415580749511719,22.0,0.0,0.048511192202568054,22.0,0.15000000596046448,292.7035827636719,0.0,5.0,0.0
970,33.52874755859375,-84.59307098388672,3582.603271484375,7.04637336730957,0.484210342168808,231.0,13.426481246948242,1.0,13.426481246948242,22.0,0.0,0.05144302174448967,22.0,0.15000000596046448,292.94140625,0.0,0.1216069832444191,0.0
971,33.5315055847168,-84.58604431152344,3549.126953125,7.078646183013916,0.5012925863265991,231.0,14.12425708770752,1.0,14.12425708770752,22.0,0.0,0.05297929421067238,22.0,0.15000000596046448,308.1656188964844,0.0,0.0,5.0
972,33.53388977050781,-84.57860565185547,3508.785888671875,7.185529708862305,0.49432557821273804,231.0,14.521444320678711,1.0,14.521444320678711,22.0,0.0,0.05020240321755409,22.0,0.15000000596046448,316.8315124511719,0.0,0.0,5.0
973,33.53627014160156,-84.5711669921875,3468.44482421875,24.780397415161133,0.6649318933486938,232.0,14.534735679626465,1.0,14.534735679626465,22.0,0.0,0.0474768802523613,22.0,0.15000000596046448,317.1214904785156,0.0,5.0,0.0
974,33.537662506103516,-84.5637435913086,3426.51904296875,20.474149703979492,0.6527049541473389,232.0,13.896317481994629,1.0,13.896317481994629,22.0,6.459479608508399e-16,0.0509038083255291,22.0,0.15000000596046448,303.1923828125,0.0,0.0,0.0
975,33.53757095336914,-84.55636596679688,3382.216796875,8.606424331665039,0.6550880074501038,232.0,13.543728828430176,1.0,13.543728828430176,22.0,0.0,0.05046782270073891,22.0,0.15000000596046448,295.4995422363281,0.0,0.0,5.0
976,33.5374755859375,-84.54898071289062,3337.914306640625,8.579675674438477,0.6613528728485107,232.0,13.58939266204834,1.0,13.58939266204834,22.0,0.0,0.050530996173620224,22.0,0.15000000596046448,296.495849609375,0.0,0.0,0.075007863342762
977,33.537384033203125,-84.54159545898438,3293.612060546875,13.97868537902832,0.3797975778579712,233.0,13.63536548614502,1.0,13.63536548614502,22.0,0.0,0.04966982826590538,22.0,0.15000000596046448,297.4988708496094,0.0,5.0,0.0
978,33.53729248046875,-84.53421020507812,3249.309814453125,5.905550956726074,0.38706472516059875,233.0,13.681650161743164,1.0,13.681650161743164,22.0,0.0,0.04865586757659912,22.0,0.15000000596046448,298.50872802734375,0.0,0.041685257107019424,0.0
979,33.53719711303711,-84.52682495117188,3205.00732421875,5.8877997398376465,0.3952357769012451,233.0,13.728250503540039,1.0,13.728250503540039,22.0,0.0,0.04904588311910629,22.0,0.15000000596046448,299.5254821777344,0.0,0.0,5.0
980,33.537105560302734,-84.51944732666016,3160.705078125,5.873342990875244,0.3950667679309845,233.0,13.775169372558594,1.0,13.775169372558594,22.0,0.0,0.04729923605918884,22.0,0.15000000596046448,300.5491638183594,0.0,0.0,5.0
981,33.537010192871094,-84.5120620727539,3116.40283203125,5.795742511749268,0.39678189158439636,233.0,13.822409629821777,1.0,13.822409629821777,22.0,0.0,0.05212198942899704,22.0,0.15000000596046448,301.5798645019531,0.0,0.0,5.0
982,33.53691864013672,-84.50467681884766,3072.1005859375,19.456954956054688,0.4652867317199707,234.0,13.869975090026855,1.0,13.869975090026855,22.0,0.0,0.05269116908311844,22.0,0.15000000596046448,302.6176452636719,0.0,5.0,0.0
983,33.536861419677734,-84.49755859375,3028.696044921875,6.168543338775635,0.4763634502887726,234.0,13.41801643371582,1.0,13.41801643371582,22.0,0.0,0.04792165011167526,22.0,0.15000000596046448,292.7567138671875,0.0,0.0,5.0
984,33.53681182861328,-84.49050903320312,2985.51611328125,6.176267623901367,0.47477734088897705,234.0,13.3433837890625,1.0,13.3433837890625,22.0,0.0,0.05495528504252434,22.0,0.15000000596046448,291.1283874511719,0.0,0.0,5.0
985,33.53675842285156,-84.48345947265625,2942.3359375,6.077945232391357,0.4710889458656311,234.0,13.395155906677246,1.0,13.395155906677246,22.0,0.0,0.0522179938852787,22.0,0.15000000596046448,292.2579650878906,0.0,0.0,5.0
986,33.53670883178711,-84.47640991210938,2899.156005859375,5.9597344398498535,0.47077932953834534,234.0,13.447331428527832,1.0,13.447331428527832,22.0,0.0,0.05136846750974655,22.0,0.15000000596046448,293.3963317871094,0.0,0.0,0.1290341019630432
987,33.536659240722656,-84.4693603515625,2855.97607421875,5.866883277893066,0.482142835855484,234.0,13.49991512298584,1.0,13.49991512298584,22.0,0.0,0.04894205555319786,22.0,0.15000000596046448,294.5436096191406,0.0,0.0,5.0
988,33.5366096496582,-84.46231079101562,2812.7958984375,5.868492603302002,0.4825793504714966,234.0,13.552910804748535,1.0,13.552910804748535,22.0,0.0,0.05230352282524109,22.0,0.15000000596046448,295.69989013671875,0.0,0.0,0.09094001352787018
989,33.53661346435547,-84.45523071289062,2767.583984375,18.67729377746582,0.6196454763412476,235.0,13.651151657104492,1.0,13.651151657104492,22.0,0.0,0.04993900656700134,22.0,0.15000000596046448,297.8432922363281,0.0,5.0,0.0
990,33.53662872314453,-84.44815063476562,2721.864013671875,8.159908294677734,0.6221744418144226,235.0,13.710349082946777,1.0,13.710349082946777,22.0,0.0,0.05234266445040703,22.0,0.15000000596046448,299.1348876953125,0.0,0.035944968461990356,0.0
991,33.53664779663086,-84.4410629272461,2676.14404296875,8.239502906799316,0.6300492882728577,235.0,13.756948471069336,1.0,13.756948471069336,22.0,6.459479608508399e-16,0.05050456523895264,22.0,0.15000000596046448,300.151611328125,0.0,0.0,5.0
992,33.53666305541992,-84.4339828491211,2630.424072265625,13.797224998474121,0.46135786175727844,236.0,13.803866386413574,1.0,13.803866386413574,22.0,0.0,0.05040033906698227,22.0,0.15000000596046448,301.1752624511719,0.0,5.0,0.0
993,33.536678314208984,-84.4269027709961,2584.7041015625,6.787580966949463,0.47148630023002625,236.0,13.851104736328125,1.0,13.851104736328125,22.0,6.459479608508399e-16,0.04841722920536995,22.0,0.15000000596046448,302.2059326171875,0.0,0.0,5.0
994,33.53669738769531,-84.41981506347656,2538.98388671875,21.620471954345703,0.5554297566413879,237.0,13.898667335510254,1.0,13.898667335510254,22.0,0.0,0.05093945562839508,22.0,0.15000000596046448,303.24365234375,0.0,5.0,0.0
995,33.536712646484375,-84.41255950927734,2493.263916015625,7.690672874450684,0.547676682472229,237.0,14.307557106018066,1.0,14.307557106018066,22.0,0.0,0.05235571041703224,22.0,0.15000000596046448,312.1648864746094,0.0,0.0,5.0
996,33.5367317199707,-84.40525817871094,2447.5439453125,22.172574996948242,0.5238458514213562,238.0,14.467877388000488,1.0,14.467877388000488,22.0,6.459479608508399e-16,0.050378136336803436,22.0,0.15000000596046448,315.66278076171875,0.0,5.0,0.0
997,33.536746978759766,-84.39795684814453,2401.823974609375,18.123502731323242,0.5167585015296936,238.0,14.543542861938477,1.0,14.543542861938477,22.0,0.0,0.047917794436216354,22.0,0.15000000596046448,317.31365966796875,0.0,0.0,0.0
998,33.53676223754883,-84.39066314697266,2356.10400390625,7.395969390869141,0.5247310996055603,238.0,14.620004653930664,1.0,14.620004653930664,22.0,0.0,0.05897645652294159,22.0,0.15000000596046448,318.98193359375,0.0,0.0,5.0
999,33.536781311035156,-84.38336181640625,2310.384033203125,21.552032470703125,0.4514131546020508,239.0,14.697274208068848,1.0,14.697274208068848,22.0,0.0,0.05981394276022911,22.0,0.15000000596046448,320.6678161621094,0.0,5.0,0.0
1000,33.53679656982422,-84.37606048583984,2264.6640625,6.86149787902832,0.4460909068584442,239.0,14.775365829467773,1.0,14.775365829467773,22.0,0.0,0.05267411097884178,22.0,0.15000000596046448,322.3716125488281,0.0,0.0,0.0
1001,33.53681182861328,-84.36947631835938,2221.991943359375,6.818600177764893,0.4576011002063751,239.0,13.363839149475098,1.0,13.363839149475098,22.0,6.459479608508399e-16,0.05393429100513458,22.0,0.15000000596046448,291.5746765136719,0.0,0.0,5.0
1002,33.53683090209961,-84.36308288574219,2180.08203125,6.903697967529297,0.4640827775001526,239.0,13.036880493164062,1.0,13.036880493164062,22.0,0.0,0.051619283854961395,22.0,0.15000000596046448,284.4410400390625,0.0,0.0,0.1404220312833786
1003,33.53684616088867,-84.35668182373047,2138.172119140625,6.945173263549805,0.4736461639404297,239.0,13.075724601745605,1.0,13.075724601745605,22.0,0.0,0.057298190891742706,22.0,0.15000000596046448,285.2885437011719,0.0,0.0,5.0
1004,33.536865234375,-84.35028076171875,2096.261962890625,7.007876873016357,0.4925694465637207,239.0,13.114800453186035,1.0,13.114800453186035,22.0,0.0,0.054631296545267105,22.0,0.15000000596046448,286.14111328125,0.0,0.0,0.24519109725952148
1005,33.53688049316406,-84.34387969970703,2054.35205078125,19.607563018798828,0.6406794190406799,240.0,13.1541109085083,1.0,13.1541109085083,22.0,0.0,0.049000825732946396,22.0,0.15000000596046448,286.998779296875,0.0,5.0,0.0
1006,33.536895751953125,-84.33747863769531,2012.4420166015625,8.620607376098633,0.643660843372345,240.0,13.193657875061035,1.0,13.193657875061035,22.0,0.0,0.05038442462682724,22.0,0.15000000596046448,287.86163330078125,0.0,0.21668687462806702,0.0
1007,33.53689956665039,-84.33084106445312,1967.4840087890625,8.6271333694458,0.6407355666160583,240.0,13.716398239135742,1.0,13.716398239135742,22.0,0.0,0.050047796219587326,22.0,0.15000000596046448,299.2668762207031,0.0,0.0,5.0
1008,33.53689956665039,-84.32414245605469,1921.7640380859375,8.5559720993042,0.641671895980835,240.0,13.865402221679688,1.0,13.865402221679688,22.0,0.0,0.050514135509729385,22.0,0.15000000596046448,302.51788330078125,0.0,0.0,0.012218942865729332
1009,33.53689956665039,-84.31743621826172,1876.0439453125,8.526409149169922,0.6534228324890137,240.0,13.890557289123535,1.0,13.890557289123535,22.0,0.0,0.04845677688717842,22.0,0.15000000596046448,303.06671142578125,0.0,0.0,5.0
1010,33.53689956665039,-84.31073760986328,1830.323974609375,22.660564422607422,0.5898157358169556,241.0,13.915803909301758,1.0,13.915803909301758,22.0,0.0,0.051797181367874146,22.0,0.15000000596046448,303.6175231933594,0.0,5.0,0.0
1011,33.53689956665039,-84.30403900146484,1784.60400390625,7.843282699584961,0.599684476852417,241.0,13.941142082214355,1.0,13.941142082214355,22.0,0.0,0.05714474245905876,22.0,0.15000000596046448,304.1703796386719,0.0,0.0,5.0
1012,33.53689956665039,-84.2973403930664,1738.884033203125,21.917905807495117,0.5166733264923096,242.0,13.966572761535645,1.0,13.966572761535645,22.0,0.0,0.05121523514389992,22.0,0.15000000596046448,304.7252197265625,0.0,5.0,0.0
1013,33.53689956665039,-84.290771484375,1699.260009765625,19.39898109436035,0.5266457796096802,242.0,13.686966896057129,1.0,13.686966896057129,22.0,0.0,0.051248472183942795,22.0,0.15000000596046448,298.6247253417969,0.0,0.0,0.0
1014,33.53689956665039,-84.28424072265625,1661.1600341796875,7.044691562652588,0.5232465267181396,242.0,13.60921573638916,1.0,13.60921573638916,22.0,0.0,0.04809028282761574,22.0,0.15000000596046448,296.9283447265625,0.0,0.0,5.0
1015,33.53689956665039,-84.2777099609375,1623.06005859375,6.94804573059082,0.5222724676132202,242.0,13.600951194763184,1.0,13.600951194763184,22.0,0.0,0.04924945533275604,22.0,0.15000000596046448,296.748046875,0.0,0.0,0.05119432508945465
1016,33.53689956665039,-84.27117156982422,1584.9599609375,6.870090484619141,0.5183889269828796,242.0,13.592697143554688,1.0,13.592697143554688,22.0,0.0,0.060881856828927994,22.0,0.15000000596046448,296.56793212890625,0.0,0.0,5.0
1017,33.53689956665039,-84.26464080810547,1546.8599853515625,6.762505531311035,0.5157426595687866,242.0,13.584453582763672,1.0,13.584453582763672,22.0,0.0,0.05057026818394661,22.0,0.15000000596046448,296.3880920410156,0.0,0.0,5.0
1018,33.53689956665039,-84.25811004638672,1508.760009765625,6.66314172744751,0.5337316989898682,242.0,13.57621955871582,1.0,13.57621955871582,22.0,0.0,0.0562431626021862,22.0,0.15000000596046448,296.20843505859375,0.0,0.0,0.06019870191812515
1019,33.537899017333984,-84.25140380859375,1464.9449462890625,6.749312877655029,0.5466079115867615,242.0,14.23141860961914,1.0,14.23141860961914,22.0,0.0,0.05130027234554291,22.0,0.15000000596046448,310.503662109375,0.0,0.0,5.0
1020,33.53915023803711,-84.2446517944336,1419.7012939453125,6.785966396331787,0.5563140511512756,242.0,14.541777610778809,1.0,14.541777610778809,22.0,0.0,0.04949857294559479,22.0,0.15000000596046448,317.275146484375,0.0,0.0,5.0
1021,33.540401458740234,-84.23789978027344,1374.45751953125,20.012935638427734,0.5585211515426636,243.0,14.642655372619629,1.0,14.642655372619629,22.0,0.0,0.052561670541763306,22.0,0.15000000596046448,319.4761047363281,0.0,5.0,0.0
1022,33.542869567871094,-84.232666015625,1330.6424560546875,6.718874931335449,0.5597008466720581,243.0,12.780733108520508,1.0,12.780733108520508,22.0,0.0,0.053893040865659714,22.0,0.15000000596046448,278.85235595703125,0.0,0.0,5.0
1023,33.54615020751953,-84.22844696044922,1287.780029296875,6.64759635925293,0.5734054446220398,243.0,12.297703742980957,1.0,12.297703742980957,22.0,0.0,0.048934128135442734,22.0,0.15000000596046448,268.31353759765625,0.0,0.0,0.35246074199676514
1024,33.54943084716797,-84.22422790527344,1244.91748046875,6.703505992889404,0.5657804012298584,243.0,12.340706825256348,1.0,12.340706825256348,22.0,0.0,0.04852771386504173,22.0,0.15000000596046448,269.2518005371094,0.0,0.0,5.0
1025,33.553504943847656,-84.22109985351562,1201.5537109375,6.543492794036865,0.5637662410736084,243.0,12.451496124267578,1.0,12.451496124267578,22.0,0.0,0.04834657534956932,22.0,0.15000000596046448,271.66900634765625,0.0,0.0,0.5124701857566833
1026,33.55876922607422,-84.21959686279297,1157.4378662109375,8.235224723815918,0.6474109888076782,244.0,13.975992202758789,1.0,13.975992202758789,22.0,0.0,0.05608142912387848,22.0,0.15000000596046448,304.9307556152344,0.0,5.0,0.0
1027,33.564029693603516,-84.21810150146484,1113.3221435546875,8.415299415588379,0.6533400416374207,244.0,14.04592227935791,1.0,14.04592227935791,22.0,0.0,0.051219020038843155,22.0,0.15000000596046448,306.45648193359375,0.0,0.0,5.0
1028,33.56929397583008,-84.21659851074219,1069.206298828125,20.479509353637695,0.6173732280731201,245.0,14.116555213928223,1.0,14.116555213928223,22.0,0.0,0.06268281489610672,22.0,0.15000000596046448,307.99755859375,0.0,5.0,0.0
1029,33.57436752319336,-84.21614837646484,1038.8599853515625,8.15181827545166,0.6228873133659363,245.0,13.424050331115723,1.0,13.424050331115723,22.0,0.0,0.04865646734833717,22.0,0.15000000596046448,292.88836669921875,0.0,0.0,5.0
1030,33.57931137084961,-84.21640014648438,1017.693359375,8.25197982788086,0.6425544023513794,245.0,13.276376724243164,1.0,13.276376724243164,22.0,0.0,0.049243442714214325,22.0,0.15000000596046448,289.6664123535156,0.0,0.0,0.11852698773145676
1031,33.58425521850586,-84.2166519165039,996.5266723632812,17.266952514648438,0.4211047887802124,246.0,13.497511863708496,1.0,13.497511863708496,22.0,0.0,0.05975506082177162,22.0,0.15000000596046448,294.4911804199219,0.0,5.0,0.0
1032,33.58919906616211,-84.21690368652344,975.3599853515625,6.451756000518799,0.4350820481777191,246.0,13.7261381149292,1.0,13.7261381149292,22.0,0.0,0.049378324300050735,22.0,0.15000000596046448,299.4793701171875,0.0,0.091813825070858,0.0
1033,33.59388732910156,-84.21893310546875,958.6912231445312,6.582080364227295,0.42855098843574524,246.0,14.190296173095703,1.0,14.190296173095703,22.0,0.0,0.04958716407418251,22.0,0.15000000596046448,309.6064453125,0.0,0.0,5.0
1034,33.598575592041016,-84.22096252441406,942.0225219726562,16.503103256225586,0.6215157508850098,247.0,14.570039749145508,1.0,14.570039749145508,22.0,0.0,0.04840933158993721,22.0,0.15000000596046448,317.89178466796875,0.0,5.0,0.0
1035,33.60326385498047,-84.22299194335938,925.353759765625,8.356544494628906,0.6279544830322266,247.0,14.970671653747559,1.0,14.970671653747559,22.0,0.0,0.04813748598098755,22.0,0.15000000596046448,326.6328430175781,0.0,0.0,5.0
1036,33.605899810791016,-84.22675323486328,910.5900268554688,21.569183349609375,0.6464231014251709,248.0,12.526092529296875,1.0,12.526092529296875,22.0,0.0,0.04973594844341278,22.0,0.15000000596046448,273.29656982421875,0.0,5.0,0.0
1037,33.60802459716797,-84.2309341430664,896.302490234375,8.664876937866211,0.6512537002563477,248.0,12.687560081481934,1.0,12.687560081481934,22.0,0.0,0.04913089796900749,22.0,0.15000000596046448,276.8194885253906,0.0,0.4450572729110718,0.0
1038,33.61014938354492,-84.23512268066406,882.0150146484375,8.723562240600586,0.6476567983627319,248.0,12.869832038879395,1.0,12.869832038879395,22.0,0.0,0.050171274691820145,22.0,0.15000000596046448,280.79632568359375,0.0,0.0,5.0
1039,33.61176681518555,-84.23993682861328,873.760009765625,8.673454284667969,0.6530329585075378,248.0,13.654019355773926,1.0,13.654019355773926,22.0,0.0,0.047421447932720184,22.0,0.15000000596046448,297.9058837890625,0.0,0.0,0.32006099820137024
1040,33.61304473876953,-84.24515533447266,869.5266723632812,8.729483604431152,0.6599284410476685,248.0,14.262860298156738,1.0,14.262860298156738,22.0,0.0,0.0504809245467186,22.0,0.15000000596046448,311.1896667480469,0.0,0.0,5.0
1041,33.614322662353516,-84.25038146972656,865.2933349609375,23.08868980407715,0.7086024284362793,249.0,14.190267562866211,1.0,14.190267562866211,22.0,6.459479608508399e-16,0.04720098152756691,22.0,0.15000000596046448,309.6058349609375,0.0,5.0,0.0
1042,33.6156005859375,-84.25559997558594,861.0599975585938,19.63624382019043,0.7106268405914307,249.0,14.118407249450684,1.0,14.118407249450684,22.0,0.0,0.04820072278380394,22.0,0.15000000596046448,308.0379943847656,0.0,0.0,0.0
1043,33.616878509521484,-84.26081848144531,856.82666015625,9.45271110534668,0.7111831903457642,249.0,14.047269821166992,1.0,14.047269821166992,22.0,0.0,0.05024521052837372,22.0,0.15000000596046448,306.48590087890625,0.0,0.0,5.0
1044,33.61800003051758,-84.2660140991211,853.4400024414062,23.009319305419922,0.6974702477455139,250.0,13.801980018615723,1.0,13.801980018615723,22.0,0.0,0.04853397607803345,22.0,0.15000000596046448,301.1341247558594,0.0,5.0,0.0
1045,33.618499755859375,-84.27110290527344,853.4400024414062,15.23112678527832,0.7012892961502075,250.0,13.200770378112793,1.0,13.200770378112793,22.0,0.0,0.048324353992938995,22.0,0.15000000596046448,288.01678466796875,0.0,0.0,0.0
1046,33.61899948120117,-84.27618408203125,853.4400024414062,9.208090782165527,0.7103294134140015,250.0,13.233912467956543,1.0,13.233912467956543,22.0,0.0,0.04939360171556473,22.0,0.15000000596046448,288.7398986816406,0.0,0.0,5.0
1047,33.61949920654297,-84.28126525878906,853.4400024414062,9.298418998718262,0.7178643345832825,250.0,13.26722240447998,1.0,13.26722240447998,22.0,0.0,0.05331855267286301,22.0,0.15000000596046448,289.4666748046875,0.0,0.0,0.18766821920871735
1048,33.61975860595703,-84.2863998413086,844.7314453125,8.381957054138184,0.6402703523635864,251.0,13.343311309814453,1.0,13.343311309814453,22.0,0.0,0.05765433982014656,22.0,0.15000000596046448,291.1268005371094,0.0,5.0,0.0
1049,33.61985397338867,-84.29156494140625,830.2171630859375,8.258583068847656,0.6281410455703735,251.0,13.409173011779785,1.0,13.409173011779785,22.0,0.0,0.047344572842121124,22.0,0.15000000596046448,292.56378173828125,0.0,0.14788690209388733,0.0
1050,33.61994934082031,-84.2967300415039,815.702880859375,8.058741569519043,0.6210616827011108,251.0,13.409158706665039,1.0,13.409158706665039,22.0,0.0,0.053612902760505676,22.0,0.15000000596046448,292.5634765625,0.0,0.0,5.0
1051,33.62004470825195,-84.3019027709961,801.1885986328125,7.917303085327148,0.6235965490341187,251.0,13.409144401550293,1.0,13.409144401550293,22.0,0.0,0.04882469028234482,22.0,0.15000000596046448,292.5631408691406,0.0,0.0,5.0
1052,33.62010955810547,-84.30706024169922,783.1015625,7.883335113525391,0.6253113746643066,251.0,13.536067962646484,1.0,13.536067962646484,22.0,0.0,0.050323907285928726,22.0,0.15000000596046448,295.3323974609375,0.0,0.0,0.12394765764474869
1053,33.6201286315918,-84.31221771240234,759.6553955078125,19.371036529541016,0.7226220965385437,252.0,13.882408142089844,1.0,13.882408142089844,22.0,0.0,0.052057430148124695,22.0,0.15000000596046448,302.888916015625,0.0,5.0,0.0
1054,33.620147705078125,-84.31736755371094,736.209228515625,9.069672584533691,0.7251111268997192,252.0,14.270905494689941,1.0,14.270905494689941,22.0,6.459479608508399e-16,0.04978448525071144,22.0,0.15000000596046448,311.3652038574219,0.0,0.0,5.0
1055,33.62016677856445,-84.32252502441406,712.7630615234375,9.031123161315918,0.7290139198303223,252.0,14.681772232055664,1.0,14.681772232055664,22.0,6.459479608508399e-16,0.04974677041172981,22.0,0.15000000596046448,320.32958984375,0.0,0.0,5.0
1056,33.62018585205078,-84.32767486572266,689.31689453125,9.009928703308105,0.7248029112815857,252.0,15.116999626159668,1.0,15.116999626159668,22.0,6.459479608508399e-16,0.0512637235224247,22.0,0.15000000596046448,329.825439453125,0.0,0.0,5.0
1057,33.620208740234375,-84.33263397216797,666.75,8.853887557983398,0.733381986618042,252.0,14.988414764404297,1.0,14.988414764404297,22.0,0.0,0.05442027002573013,22.0,0.15000000596046448,327.01995849609375,0.0,0.0,5.0
1058,33.620243072509766,-84.3368148803711,647.7000122070312,19.34510612487793,0.6914841532707214,253.0,13.024685859680176,1.0,13.024685859680176,22.0,0.0,0.05496598407626152,22.0,0.15000000596046448,284.1749572753906,0.0,5.0,0.0
1059,33.620277404785156,-84.34099578857422,628.6500244140625,8.184412956237793,0.7112780213356018,253.0,13.444154739379883,1.0,13.444154739379883,22.0,6.459479608508399e-16,0.0510418638586998,22.0,0.15000000596046448,293.3270263671875,0.0,0.2637506127357483,0.0
1060,33.62030029296875,-84.34429931640625,609.5999755859375,8.385934829711914,0.7069162130355835,253.0,11.040184020996094,1.0,11.040184020996094,22.0,0.0,0.05200609937310219,22.0,0.15000000596046448,240.87673950195312,0.0,0.0,5.0
1061,33.62030029296875,-84.3486099243164,588.1687622070312,8.248086929321289,0.7111396789550781,253.0,11.292740821838379,1.0,11.292740821838379,17.100000381469727,0.0,0.05689240247011185,17.100000381469727,0.10000000149011612,316.9892272949219,0.0,0.0,5.0
1062,33.62030029296875,-84.3529281616211,566.7374877929688,18.948551177978516,0.6537168025970459,254.0,11.397849082946777,1.0,11.397849082946777,17.100000381469727,0.0,0.05108314007520676,17.100000381469727,0.10000000149011612,319.9396057128906,0.0,5.0,0.0
1063,33.62030029296875,-84.35723876953125,545.3062744140625,8.291200637817383,0.6552814841270447,254.0,11.504931449890137,1.0,11.504931449890137,17.100000381469727,0.0,0.05122843012213707,17.100000381469727,0.10000000149011612,322.9454345703125,0.0,0.0,5.0
1064,33.62030029296875,-84.36112213134766,529.5900268554688,8.363214492797852,0.6602556705474854,254.0,10.39063549041748,1.0,10.39063549041748,17.100000381469727,0.0,0.05151519924402237,17.100000381469727,0.10000000149011612,291.6669616699219,0.0,0.0,5.0
1065,33.62030029296875,-84.36490631103516,515.302490234375,8.469400405883789,0.6599418520927429,254.0,10.106647491455078,1.0,10.106647491455078,17.100000381469727,0.0,0.053821954876184464,17.100000381469727,0.10000000149011612,283.69537353515625,0.0,0.0,0.13888390362262726
1066,33.62030029296875,-84.36869049072266,501.0150146484375,8.503341674804688,0.6558131575584412,254.0,10.106647491455078,1.0,10.106647491455078,17.100000381469727,0.0,0.05715135857462883,17.100000381469727,0.10000000149011612,283.69537353515625,0.0,0.0,5.0
1067,33.62030029296875,-84.37256622314453,483.8699951171875,8.484881401062012,0.6512640118598938,254.0,10.392440795898438,1.0,10.392440795898438,17.100000381469727,0.0,0.049026329070329666,17.100000381469727,0.10000000149011612,291.7176208496094,0.0,0.0,0.2717439830303192
1068,33.62030029296875,-84.37650299072266,464.82000732421875,8.009407997131348,0.6005555987358093,255.0,10.620243072509766,1.0,10.620243072509766,17.100000381469727,0.0,0.05515703931450844,17.100000381469727,0.10000000149011612,298.1120910644531,0.0,5.0,0.0
1069,33.62030029296875,-84.38043975830078,445.7699890136719,7.895776748657227,0.5811275839805603,255.0,10.681116104125977,1.0,10.681116104125977,17.100000381469727,0.0,0.05109172686934471,17.100000381469727,0.10000000149011612,299.82080078125,0.0,0.031465113162994385,0.0
1070,33.62030029296875,-84.38436126708984,426.7200012207031,7.711814880371094,0.6019313931465149,255.0,10.683950424194336,1.0,10.683950424194336,17.100000381469727,0.0,0.04999523609876633,17.100000381469727,0.10000000149011612,299.9003601074219,0.0,0.0,5.0
1071,33.62030029296875,-84.38826751708984,407.6700134277344,7.950559139251709,0.6075838208198547,255.0,10.632912635803223,1.0,10.632912635803223,17.100000381469727,0.0,0.04983900114893913,17.100000381469727,0.10000000149011612,298.46771240234375,0.0,0.0,5.0
1072,33.62030029296875,-84.39217376708984,388.6199951171875,8.02526569366455,0.6061234474182129,255.0,10.632912635803223,1.0,10.632912635803223,17.100000381469727,0.0,0.05209776386618614,17.100000381469727,0.10000000149011612,298.46771240234375,0.0,0.0,5.0
1073,33.62030029296875,-84.39612579345703,369.57000732421875,8.01686954498291,0.6078145503997803,255.0,10.75200080871582,1.0,10.75200080871582,17.100000381469727,0.0,0.05429397150874138,17.100000381469727,0.10000000149011612,301.810546875,0.0,0.0,0.025538096204400063
1074,33.62030029296875,-84.40025329589844,350.5199890136719,8.038392066955566,0.6019259691238403,255.0,11.228355407714844,1.0,11.228355407714844,17.100000381469727,0.0,0.0553104467689991,17.100000381469727,0.10000000149011612,315.1819152832031,0.0,0.0,5.0
1075,33.62030029296875,-84.40437316894531,331.4700012207031,21.247873306274414,0.7430131435394287,256.0,11.228355407714844,1.0,11.228355407714844,17.100000381469727,0.0,0.048193469643592834,17.100000381469727,0.10000000149011612,315.1819152832031,0.0,5.0,0.0
1076,33.62030029296875,-84.40850067138672,312.4200134277344,9.864096641540527,0.7364997863769531,256.0,11.228355407714844,1.0,11.228355407714844,17.100000381469727,0.0,0.05847606435418129,17.100000381469727,0.10000000149011612,315.1819152832031,0.0,0.0,0.0
1077,33.62030029296875,-84.41265869140625,293.3699951171875,9.742204666137695,0.7282307147979736,256.0,11.3134183883667,1.0,11.3134183883667,17.100000381469727,0.0,0.0490814633667469,17.100000381469727,0.10000000149011612,317.56964111328125,0.0,0.0,5.0
1078,33.62030029296875,-84.41680908203125,274.32000732421875,20.511686325073242,0.7397984266281128,257.0,11.3134183883667,1.0,11.3134183883667,17.100000381469727,0.0,0.047377608716487885,17.100000381469727,0.10000000149011612,317.56964111328125,0.0,5.0,0.0
1079,33.62030029296875,-84.42096710205078,255.27000427246094,9.754122734069824,0.7321280241012573,257.0,11.3134183883667,1.0,11.3134183883667,17.100000381469727,0.0,0.04746111109852791,17.100000381469727,0.10000000149011612,317.56964111328125,0.0,0.0,5.0
1080,33.62030029296875,-84.42440032958984,247.64999389648438,9.598793029785156,0.7385322451591492,257.0,9.999421119689941,1.0,9.999421119689941,17.100000381469727,0.0,0.05116444453597069,17.100000381469727,0.10000000149011612,280.6855163574219,0.0,0.0,5.0
1081,33.62030029296875,-84.42765045166016,242.8874969482422,9.673765182495117,0.7446141242980957,257.0,10.388063430786133,1.0,10.388063430786133,17.100000381469727,0.0,0.048159386962652206,17.100000381469727,0.10000000149011612,291.5947570800781,0.0,0.0,0.32190820574760437
