step, lat, lon, alt, snr, load, handovers, allocated_bw, allocation_ratio, demand_MB, throughput_req, queing_delay_s, propagation_latency_s, transmission_rate_mbps, latency_req_s, beam_capacity, service_drop_s, dwell_remaining_s, ttt_remaining_s
0,29.956899642944336,-95.33689880371094,327.6600036621094,18.503131866455078,0.6591103076934814,0.0,3.8499999046325684,1.0,3.8499999046325684,30.799999237060547,0.0,0.05268693342804909,30.799999237060547,0.0,60.0,0.0,4.0,0.0
1,29.954181671142578,-95.33330535888672,365.760009765625,8.830511093139648,0.6583361029624939,0.0,22.380781173706055,1.0,22.380781173706055,32.79999923706055,8.665155520740965e-16,0.053876351565122604,32.79999923706055,0.10000000149011612,327.52362060546875,0.0,0.0,0.0
2,29.951461791992188,-95.3297119140625,403.8599853515625,8.818869590759277,0.6674675345420837,0.0,21.767051696777344,1.0,21.767051696777344,32.79999923706055,0.0,0.05309506505727768,32.79999923706055,0.10000000149011612,318.542236328125,0.0,0.0,0.0
3,29.94874382019043,-95.32611846923828,441.9599914550781,17.458019256591797,0.6788358688354492,1.0,21.18610191345215,1.0,21.18610191345215,32.79999923706055,0.0,0.0528242327272892,32.79999923706055,0.10000000149011612,310.04052734375,0.0,0.0,0.0
4,29.945999145507812,-95.32227325439453,472.44000244140625,9.066678047180176,0.6640035510063171,1.0,21.38686752319336,1.0,21.38686752319336,32.79999923706055,0.0,0.05241655930876732,32.79999923706055,0.10000000149011612,312.97857666015625,0.0,0.0,0.0
5,29.94325065612793,-95.31836700439453,501.0150146484375,22.478824615478516,0.6710619330406189,2.0,20.885700225830078,1.0,20.885700225830078,32.79999923706055,0.0,0.05590791255235672,32.79999923706055,0.10000000149011612,305.6444091796875,0.0,0.0,0.0
6,29.940500259399414,-95.31446075439453,529.5900268554688,8.920010566711426,0.6616528630256653,2.0,20.20407485961914,1.0,20.20407485961914,32.79999923706055,0.0,0.05247863382101059,32.79999923706055,0.10000000149011612,295.6694030761719,0.0,0.0,0.07217676192522049
7,29.937694549560547,-95.31027221679688,553.8787231445312,8.769492149353027,0.6510470509529114,2.0,20.497106552124023,1.0,20.497106552124023,32.79999923706055,0.0,0.053171224892139435,32.79999923706055,0.10000000149011612,299.9576416015625,0.0,0.0,0.0
8,29.934850692749023,-95.30590057373047,575.3099975585938,20.502906799316406,0.7045316696166992,3.0,20.396215438842773,1.0,20.396215438842773,32.79999923706055,0.0,0.05371840298175812,32.79999923706055,0.10000000149011612,298.481201171875,0.0,0.025313377380371094,0.0
9,29.9320068359375,-95.30152130126953,596.7412719726562,9.286669731140137,0.7069530487060547,3.0,19.670358657836914,1.0,19.670358657836914,32.79999923706055,0.0,0.05366066098213196,32.79999923706055,0.10000000149011612,287.85888671875,0.0,0.0,0.0
10,29.928987503051758,-95.29693603515625,620.0775146484375,9.28138542175293,0.7122839093208313,3.0,19.98582649230957,1.0,19.98582649230957,32.79999923706055,8.665155520740965e-16,0.055123161524534225,32.79999923706055,0.10000000149011612,292.4754943847656,0.0,0.0,0.12540817260742188
11,29.92570686340332,-95.29203033447266,646.271240234375,9.315126419067383,0.6965864300727844,3.0,20.73924446105957,1.0,20.73924446105957,32.79999923706055,0.0,0.05125507339835167,32.79999923706055,0.10000000149011612,303.50115966796875,0.0,0.0,0.0
12,29.92242431640625,-95.28712463378906,672.4650268554688,9.032220840454102,0.6914221048355103,3.0,20.028757095336914,1.0,20.028757095336914,32.79999923706055,0.0,0.05151308327913284,32.79999923706055,0.10000000149011612,293.103759765625,0.0,0.0,0.11493728309869766
13,29.919055938720703,-95.28216552734375,704.8499755859375,8.904391288757324,0.6886470913887024,3.0,19.75629234313965,1.0,19.75629234313965,32.79999923706055,0.0,0.0531807616353035,32.79999923706055,0.10000000149011612,289.116455078125,0.0,0.0,0.0
14,29.915340423583984,-95.2770004272461,762.0,8.87909984588623,0.7017262578010559,4.0,20.734987258911133,1.0,20.734987258911133,32.79999923706055,0.0,0.052034761756658554,32.79999923706055,0.10000000149011612,303.4388427734375,0.0,0.0,0.0
15,29.911623001098633,-95.27183532714844,819.1500244140625,8.929997444152832,0.6933205127716064,4.0,20.426170349121094,1.0,20.426170349121094,32.79999923706055,0.0,0.05275510251522064,32.79999923706055,0.10000000149011612,298.9195556640625,0.0,0.0,0.018007362261414528
16,29.907907485961914,-95.26667022705078,876.2999877929688,8.742133140563965,0.6890239715576172,4.0,20.126428604125977,1.0,20.126428604125977,32.79999923706055,0.0,0.05229954048991203,32.79999923706055,0.10000000149011612,294.5331115722656,0.0,0.0,0.0
17,29.904190063476562,-95.2614974975586,933.4500122070312,8.612043380737305,0.6919154524803162,4.0,19.835369110107422,1.0,19.835369110107422,32.79999923706055,0.0,0.05339660495519638,32.79999923706055,0.10000000149011612,290.2737121582031,0.0,0.0,0.1621050238609314
18,29.90047264099121,-95.25633239746094,990.5999755859375,8.580742835998535,0.6849989295005798,4.0,19.55261993408203,1.0,19.55261993408203,32.79999923706055,0.0,0.056233394891023636,32.79999923706055,0.10000000149011612,286.13592529296875,0.0,0.0,0.23106810450553894
19,29.896745681762695,-95.25103759765625,1042.579345703125,8.410507202148438,0.6830612421035767,4.0,19.634965896606445,1.0,19.634965896606445,32.79999923706055,0.0,0.05308754742145538,32.79999923706055,0.10000000149011612,287.3409423828125,0.0,0.0,0.21098415553569794
20,29.89297866821289,-95.2452163696289,1073.875732421875,8.306903839111328,0.6698500514030457,4.0,20.852272033691406,1.0,20.852272033691406,32.79999923706055,0.0,0.052528657019138336,32.79999923706055,0.10000000149011612,305.15521240234375,0.0,0.0,0.0
21,29.889211654663086,-95.23939514160156,1105.172119140625,8.04495620727539,0.6810591816902161,4.0,20.792512893676758,1.0,20.792512893676758,32.79999923706055,0.0,0.05687133967876434,32.79999923706055,0.10000000149011612,304.2806701660156,0.0,0.0,0.0
22,29.88544273376465,-95.23357391357422,1136.4686279296875,8.107881546020508,0.6851856708526611,4.0,20.733097076416016,1.0,20.733097076416016,32.79999923706055,0.0,0.058264248073101044,32.79999923706055,0.10000000149011612,303.4111633300781,0.0,0.0,0.0
23,29.881675720214844,-95.22775268554688,1167.7650146484375,17.072532653808594,0.6872009038925171,5.0,20.674022674560547,1.0,20.674022674560547,32.79999923706055,0.0,0.06476540118455887,32.79999923706055,0.10000000149011612,302.5466613769531,0.0,0.0,0.0
24,29.877906799316406,-95.22193145751953,1199.0614013671875,8.663671493530273,0.6891144514083862,5.0,20.615285873413086,1.0,20.615285873413086,32.79999923706055,0.0,0.0551302433013916,32.79999923706055,0.10000000149011612,301.6871337890625,0.0,0.0,0.0
25,29.874122619628906,-95.21601867675781,1212.9246826171875,21.173179626464844,0.6904386281967163,6.0,20.838911056518555,1.0,20.838911056518555,32.79999923706055,0.0,0.056992072612047195,32.79999923706055,0.10000000149011612,304.95965576171875,0.0,0.0,0.0
26,29.870328903198242,-95.21004486083984,1215.1658935546875,8.827553749084473,0.6794474124908447,6.0,21.016281127929688,1.0,21.016281127929688,32.79999923706055,0.0,0.05503769963979721,32.79999923706055,0.10000000149011612,307.5553283691406,0.0,0.0,0.0
27,29.866535186767578,-95.2040786743164,1217.4071044921875,8.729785919189453,0.6932561993598938,6.0,21.036657333374023,1.0,21.036657333374023,32.79999923706055,0.0,0.057597361505031586,32.79999923706055,0.10000000149011612,307.853515625,0.0,0.0,0.0
28,29.862592697143555,-95.1982192993164,1230.7711181640625,21.557540893554688,0.7824051380157471,7.0,21.074575424194336,1.0,21.074575424194336,32.79999923706055,0.0,0.06022433936595917,32.79999923706055,0.10000000149011612,308.4084167480469,0.0,0.0,0.0
29,29.858055114746094,-95.19283294677734,1288.626708984375,10.506665229797363,0.7946860194206238,7.0,21.317848205566406,1.0,21.317848205566406,32.79999923706055,0.0,0.05775132775306702,32.79999923706055,0.10000000149011612,311.968505859375,0.0,0.0,0.0
30,29.853519439697266,-95.18744659423828,1346.482177734375,21.9471435546875,0.7073087096214294,8.0,21.293018341064453,1.0,21.293018341064453,32.79999923706055,0.0,0.060093607753515244,32.79999923706055,0.10000000149011612,311.6051330566406,0.0,0.0,0.0
31,29.848981857299805,-95.18205261230469,1404.3377685546875,15.476244926452637,0.7142660021781921,8.0,21.268247604370117,1.0,21.268247604370117,32.79999923706055,0.0,0.05428911745548248,32.79999923706055,0.10000000149011612,311.2426452636719,0.0,0.0,0.0
32,29.844444274902344,-95.17666625976562,1462.193359375,9.429570198059082,0.7333395481109619,8.0,21.243534088134766,1.0,21.243534088134766,32.79999923706055,0.0,0.058909833431243896,32.79999923706055,0.10000000149011612,310.8809814453125,0.0,0.0,0.0
33,29.839906692504883,-95.17127990722656,1520.048828125,21.93450164794922,0.7529305219650269,9.0,21.21887969970703,1.0,21.21887969970703,32.79999923706055,0.0,0.061141643673181534,32.79999923706055,0.10000000149011612,310.52020263671875,0.0,0.0,0.0
34,29.835636138916016,-95.16615295410156,1587.201171875,10.105010032653809,0.766572892665863,9.0,20.048803329467773,1.0,20.048803329467773,32.79999923706055,0.0,0.05358714237809181,32.79999923706055,0.10000000149011612,293.3971252441406,0.0,0.0,0.11004813760519028
35,29.83142852783203,-95.16109466552734,1656.6776123046875,10.364957809448242,0.7650911211967468,9.0,19.72887420654297,1.0,19.72887420654297,32.79999923706055,0.0,0.05393949896097183,32.79999923706055,0.10000000149011612,288.7152099609375,0.0,0.0,0.0
36,29.82722282409668,-95.15603637695312,1726.1541748046875,17.30501365661621,0.6056352257728577,10.0,25.155860900878906,1.0,25.155860900878906,41.900001525878906,0.0,0.056443292647600174,41.900001525878906,0.10000000149011612,288.18170166015625,0.0,0.19697165489196777,0.0
37,29.823307037353516,-95.15071105957031,1797.73388671875,8.09925365447998,0.6073625683784485,10.0,25.012550354003906,1.0,25.012550354003906,41.900001525878906,0.0,0.05244464799761772,41.900001525878906,0.10000000149011612,286.53997802734375,0.0,0.0,0.0
38,29.819826126098633,-95.14497375488281,1872.468505859375,8.117165565490723,0.5914530754089355,10.0,24.979883193969727,1.0,24.979883193969727,41.900001525878906,0.0,0.05757692828774452,41.900001525878906,0.10000000149011612,286.1657409667969,0.0,0.0,0.23057113587856293
39,29.81634521484375,-95.13924407958984,1947.203125,7.938793182373047,0.5931072235107422,10.0,24.889755249023438,1.0,24.889755249023438,41.900001525878906,0.0,0.05437582731246948,41.900001525878906,0.10000000149011612,285.13323974609375,0.0,0.0,0.0
40,29.8128662109375,-95.13351440429688,2021.937744140625,7.945894718170166,0.5877133011817932,10.0,24.80027961730957,1.0,24.80027961730957,41.900001525878906,0.0,0.05799754336476326,41.900001525878906,0.10000000149011612,284.10821533203125,0.0,0.0,0.26486292481422424
41,29.809385299682617,-95.1277847290039,2096.67236328125,7.8736186027526855,0.5945619344711304,10.0,24.711450576782227,1.0,24.711450576782227,41.900001525878906,0.0,0.05663558095693588,41.900001525878906,0.10000000149011612,283.0906066894531,0.0,0.0,0.0
42,29.805763244628906,-95.12190246582031,2170.571044921875,9.68784236907959,0.7341823577880859,11.0,25.37270164489746,1.0,25.37270164489746,41.900001525878906,0.0,0.06041118875145912,41.900001525878906,0.10000000149011612,290.6658020019531,0.0,0.15557008981704712,0.0
43,29.801578521728516,-95.11542510986328,2241.126708984375,9.735513687133789,0.7275712490081787,11.0,28.260345458984375,1.0,28.260345458984375,41.900001525878906,0.0,0.05864401161670685,41.900001525878906,0.10000000149011612,323.7462158203125,0.0,0.0,0.0
44,29.797391891479492,-95.10894012451172,2311.68212890625,9.595705032348633,0.7278093099594116,11.0,28.10010528564453,1.0,28.10010528564453,41.900001525878906,0.0,0.05182834714651108,41.900001525878906,0.10000000149011612,321.9104919433594,0.0,0.0,0.0
45,29.7932071685791,-95.10246276855469,2382.23779296875,9.561017036437988,0.7236666679382324,11.0,27.941679000854492,1.0,27.941679000854492,41.900001525878906,0.0,0.052027035504579544,41.900001525878906,0.10000000149011612,320.0956115722656,0.0,0.0,0.0
46,29.78902244567871,-95.09597778320312,2452.793212890625,23.376821517944336,0.7829688191413879,12.0,27.785036087036133,1.0,27.785036087036133,41.900001525878906,0.0,0.0519893616437912,41.900001525878906,0.10000000149011612,318.3011169433594,0.0,0.0,0.0
47,29.78483772277832,-95.08949279785156,2523.348876953125,10.452415466308594,0.7842823266983032,12.0,27.630149841308594,1.0,27.630149841308594,41.900001525878906,6.783224071278465e-16,0.05113552510738373,41.900001525878906,0.10000000149011612,316.5267639160156,0.0,0.0,0.0
48,29.781906127929688,-95.08250427246094,2593.041259765625,10.425989151000977,0.7953117489814758,12.0,26.395816802978516,1.0,26.395816802978516,41.900001525878906,0.0,0.05418974906206131,41.900001525878906,0.10000000149011612,302.3864440917969,0.0,0.0,0.0
49,29.779287338256836,-95.07538604736328,2662.517578125,25.27798843383789,0.8901180028915405,13.0,26.10395050048828,1.0,26.10395050048828,41.900001525878906,0.0,0.05573200434446335,41.900001525878906,0.10000000149011612,299.0428771972656,0.0,0.015952032059431076,0.0
50,29.776670455932617,-95.06826782226562,2731.994140625,13.242838859558105,0.8948126435279846,13.0,25.92258071899414,1.0,25.92258071899414,41.900001525878906,0.0,0.061004478484392166,41.900001525878906,0.10000000149011612,296.9651184082031,0.0,0.0,0.0
51,29.775362014770508,-95.06090545654297,2794.0,13.371320724487305,0.9046877026557922,13.0,25.024023056030273,1.0,25.024023056030273,41.900001525878906,0.0,0.05265962332487106,41.900001525878906,0.10000000149011612,286.67138671875,0.0,0.0,0.2221435308456421
52,29.776016235351562,-95.05316925048828,2844.800048828125,13.737579345703125,0.8966920971870422,13.0,25.629878997802734,1.0,25.629878997802734,41.900001525878906,0.0,0.05355210602283478,41.900001525878906,0.10000000149011612,293.6119689941406,0.0,0.0,0.0
53,29.77667236328125,-95.04542541503906,2895.60009765625,13.321044921875,0.8922353982925415,13.0,25.38351058959961,1.0,25.38351058959961,41.900001525878906,6.783224071278465e-16,0.053589094430208206,41.900001525878906,0.10000000149011612,290.78961181640625,0.0,0.0,0.15350636839866638
54,29.777326583862305,-95.03768920898438,2946.39990234375,13.068497657775879,0.8901380300521851,13.0,25.141830444335938,1.0,25.141830444335938,41.900001525878906,0.0,0.05527317523956299,41.900001525878906,0.10000000149011612,288.0209655761719,0.0,0.0,0.19965048134326935
55,29.77798080444336,-95.02995300292969,2997.199951171875,12.913460731506348,0.8872653841972351,13.0,24.904706954956055,1.0,24.904706954956055,41.900001525878906,0.0,0.05598529428243637,41.900001525878906,0.10000000149011612,285.30450439453125,0.0,0.0,0.24492475390434265
56,29.778635025024414,-95.022216796875,3048.0,12.728055953979492,0.8961727619171143,13.0,24.67201042175293,1.0,24.67201042175293,41.900001525878906,0.0,0.053518205881118774,41.900001525878906,0.10000000149011612,282.6387939453125,0.0,0.0,0.2893535792827606
57,29.7792911529541,-95.01447296142578,3098.800048828125,13.010443687438965,0.8938794732093811,13.0,24.443620681762695,1.0,24.443620681762695,41.900001525878906,0.0,0.055151477456092834,41.900001525878906,0.10000000149011612,280.0223693847656,0.0,0.0,0.3329603970050812
58,29.779945373535156,-95.0067367553711,3149.60009765625,12.83891773223877,0.9025570154190063,13.0,24.21941566467285,1.0,24.21941566467285,41.900001525878906,0.0,0.053141459822654724,41.900001525878906,0.10000000149011612,277.45391845703125,0.0,0.0,0.3757678270339966
59,29.78059959411621,-94.9990005493164,3200.39990234375,13.131376266479492,0.9230555295944214,13.0,23.999284744262695,1.0,23.999284744262695,41.900001525878906,0.0,0.05197891220450401,41.900001525878906,0.10000000149011612,274.93212890625,0.0,0.0,0.41779765486717224
60,29.7817325592041,-94.98989868164062,3223.260009765625,14.078068733215332,0.9121938943862915,13.0,27.670108795166016,1.0,27.670108795166016,41.599998474121094,6.832141812169177e-16,0.05322593078017235,41.599998474121094,0.0,319.2704772949219,0.0,0.0,0.0
61,29.782867431640625,-94.98079681396484,3246.1201171875,21.141647338867188,0.7735212445259094,14.0,31.759157180786133,1.0,31.759157180786133,48.599998474121094,5.848088580202285e-16,0.053955886512994766,48.599998474121094,0.10000000149011612,313.6706848144531,0.0,0.0,0.0
62,29.784000396728516,-94.9717025756836,3268.97998046875,16.366670608520508,0.7707937955856323,14.0,31.211713790893555,1.0,31.211713790893555,48.599998474121094,0.0,0.05378955975174904,48.599998474121094,0.10000000149011612,308.2638244628906,0.0,0.0,0.0
63,29.785133361816406,-94.96260070800781,3291.840087890625,10.076668739318848,0.7560403943061829,14.0,30.682809829711914,1.0,30.682809829711914,48.599998474121094,5.848088580202285e-16,0.05518418550491333,48.599998474121094,0.10000000149011612,303.04010009765625,0.0,0.0,0.0
64,29.786266326904297,-94.95349884033203,3314.699951171875,9.85509967803955,0.7610013484954834,14.0,30.171524047851562,1.0,30.171524047851562,48.599998474121094,0.0,0.05574991926550865,48.599998474121094,0.10000000149011612,297.9903564453125,0.0,0.0,0.03349408879876137
65,29.787399291992188,-94.94439697265625,3337.56005859375,9.988760948181152,0.766339898109436,14.0,29.676986694335938,1.0,29.676986694335938,48.599998474121094,0.0,0.06055208295583725,48.599998474121094,0.10000000149011612,293.10601806640625,0.0,0.0,0.11489944905042648
66,29.78853416442871,-94.93478393554688,3357.8798828125,10.126596450805664,0.7677117586135864,14.0,30.873682022094727,1.0,30.873682022094727,48.599998474121094,0.0,0.054132744669914246,48.599998474121094,0.10000000149011612,304.92523193359375,0.0,0.0,0.0
67,29.7896671295166,-94.92516326904297,3378.199951171875,10.188958168029785,0.7649942636489868,14.0,30.43124008178711,1.0,30.43124008178711,48.599998474121094,0.0,0.058381397277116776,48.599998474121094,0.10000000149011612,300.5554504394531,0.0,0.0,0.0
68,29.790800094604492,-94.9155502319336,3398.52001953125,10.170175552368164,0.7769258618354797,14.0,30.00128936767578,1.0,30.00128936767578,48.599998474121094,0.0,0.05608675256371498,48.599998474121094,0.10000000149011612,296.3090515136719,0.0,0.0,0.061516035348176956
69,29.791933059692383,-94.90592956542969,3418.840087890625,10.423246383666992,0.7864365577697754,14.0,29.583311080932617,1.0,29.583311080932617,48.599998474121094,0.0,0.06497226655483246,48.599998474121094,0.10000000149011612,292.18084716796875,0.0,0.0,0.13031910359859467
70,29.793066024780273,-94.89631652832031,3439.159912109375,10.634415626525879,0.7851449847221375,14.0,29.17681121826172,1.0,29.17681121826172,48.599998474121094,0.0,0.052629224956035614,48.599998474121094,0.10000000149011612,288.166015625,0.0,0.0,0.19723284244537354
71,29.794200897216797,-94.88670349121094,3459.47998046875,10.625469207763672,0.7856289744377136,14.0,28.781320571899414,1.0,28.781320571899414,48.599998474121094,0.0,0.05433855578303337,48.599998474121094,0.10000000149011612,284.25994873046875,0.0,0.0,0.26233401894569397
72,29.79538345336914,-94.87628173828125,3489.9599609375,10.648172378540039,0.782324492931366,14.0,30.899696350097656,1.0,30.899696350097656,48.599998474121094,0.0,0.0543765164911747,48.599998474121094,0.10000000149011612,305.18218994140625,0.0,0.0,0.0
73,29.796566009521484,-94.8658676147461,3520.43994140625,10.590544700622559,0.7736883759498596,14.0,31.593671798706055,1.0,31.593671798706055,50.099998474121094,0.0,0.05471426248550415,50.099998474121094,0.10000000149011612,302.69384765625,0.0,0.0,0.0
74,29.79775047302246,-94.85545349121094,3550.919921875,10.425314903259277,0.7903100848197937,14.0,31.33814811706543,1.0,31.33814811706543,50.099998474121094,0.0,0.05181360989809036,50.099998474121094,0.10000000149011612,300.2457275390625,0.0,0.0,0.0
75,29.798933029174805,-94.84503173828125,3581.39990234375,10.755393981933594,0.7870634198188782,14.0,31.08671760559082,1.0,31.08671760559082,50.099998474121094,0.0,0.056811004877090454,50.099998474121094,0.10000000149011612,297.8368225097656,0.0,0.0,0.03605308011174202
76,29.80011749267578,-94.8346176147461,3611.8798828125,10.682619094848633,0.7868876457214355,14.0,30.839284896850586,1.0,30.839284896850586,50.099998474121094,0.0,0.05157793313264847,50.099998474121094,0.10000000149011612,295.4661865234375,0.0,0.0,0.07556338608264923
77,29.801300048828125,-94.82420349121094,3642.360107421875,10.668291091918945,0.7811881303787231,14.0,30.595752716064453,1.0,30.595752716064453,50.099998474121094,0.0,0.05123501271009445,50.099998474121094,0.10000000149011612,293.1329650878906,0.0,0.0,0.11445058882236481
78,29.802650451660156,-94.81311798095703,3694.429931640625,10.538664817810059,0.7811795473098755,14.0,32.51251983642578,1.0,32.51251983642578,50.099998474121094,0.0,0.05263897404074669,50.099998474121094,0.10000000149011612,311.4971923828125,0.0,0.0,0.0
79,29.804000854492188,-94.80203247070312,3746.5,10.517349243164062,0.7817420363426208,14.0,32.43092727661133,1.0,32.43092727661133,50.099998474121094,0.0,0.05323284491896629,50.099998474121094,0.10000000149011612,310.7154541015625,0.0,0.0,0.0
80,29.805349349975586,-94.79094696044922,3798.570068359375,22.90473747253418,0.8152155876159668,15.0,32.3497428894043,1.0,32.3497428894043,50.099998474121094,0.0,0.05344902351498604,50.099998474121094,0.10000000149011612,309.9376525878906,0.0,0.0,0.0
81,29.806699752807617,-94.77986907958984,3850.639892578125,18.039417266845703,0.8200709223747253,15.0,32.268959045410156,1.0,32.268959045410156,50.099998474121094,0.0,0.05112249404191971,50.099998474121094,0.10000000149011612,309.1636657714844,0.0,0.0,0.0
82,29.80805015563965,-94.76878356933594,3902.7099609375,11.274150848388672,0.819157063961029,15.0,32.188575744628906,1.0,32.188575744628906,50.099998474121094,0.0,0.055539388209581375,50.099998474121094,0.10000000149011612,308.3935546875,0.0,0.0,0.0
83,29.80940055847168,-94.75769805908203,3954.780029296875,24.910078048706055,0.8830302953720093,16.0,32.10858917236328,1.0,32.10858917236328,50.099998474121094,0.0,0.051574647426605225,50.099998474121094,0.10000000149011612,307.6272277832031,0.0,0.0,0.0
84,29.810749053955078,-94.74681854248047,3996.68994140625,13.05904769897461,0.8903191685676575,16.0,31.417926788330078,1.0,31.417926788330078,50.099998474121094,0.0,0.05609266832470894,50.099998474121094,0.10000000149011612,301.01007080078125,0.0,0.0,0.0
85,29.81209945678711,-94.73593139648438,4038.60009765625,13.290287017822266,0.880702793598175,16.0,31.296422958374023,1.0,31.296422958374023,50.099998474121094,0.0,0.05288231000304222,50.099998474121094,0.10000000149011612,299.845947265625,0.0,0.0,0.0025673415511846542
86,29.81344985961914,-94.72505187988281,4080.510009765625,12.873262405395508,0.8802210688591003,16.0,31.175851821899414,1.0,31.175851821899414,50.099998474121094,0.0,0.051908303052186966,50.099998474121094,0.10000000149011612,298.6907958984375,0.0,0.0,0.0
87,29.814800262451172,-94.71416473388672,4122.419921875,12.800084114074707,0.8677763342857361,16.0,31.056201934814453,1.0,31.056201934814453,50.099998474121094,0.0,0.055069610476493835,50.099998474121094,0.10000000149011612,297.5444641113281,0.0,0.0,0.04092581570148468
88,29.816150665283203,-94.70328521728516,4164.330078125,12.311668395996094,0.8720610737800598,16.0,30.93746566772461,1.0,30.93746566772461,50.099998474121094,0.0,0.0525328703224659,50.099998474121094,0.10000000149011612,296.4068603515625,0.0,0.0,0.05988582968711853
89,29.8174991607666,-94.69239807128906,4206.240234375,12.392345428466797,0.883393406867981,16.0,30.819629669189453,1.0,30.819629669189453,50.099998474121094,0.0,0.05525835603475571,50.099998474121094,0.10000000149011612,295.27789306640625,0.0,0.0,0.078701913356781
90,29.819286346435547,-94.6814193725586,4266.111328125,12.72992992401123,0.8884575963020325,16.0,31.3544921875,1.0,31.3544921875,50.099998474121094,0.0,0.05356593430042267,50.099998474121094,0.10000000149011612,300.4023132324219,0.0,0.0,0.0
91,29.82107162475586,-94.6704330444336,4325.98291015625,12.853155136108398,0.8743683695793152,16.0,31.38880729675293,1.0,31.38880729675293,50.099998474121094,0.0,0.056945156306028366,50.099998474121094,0.10000000149011612,300.7310791015625,0.0,0.0,0.0
92,29.822856903076172,-94.65945434570312,4385.8544921875,12.263797760009766,0.8837851881980896,16.0,31.423198699951172,1.0,31.423198699951172,50.099998474121094,0.0,0.05111389979720116,50.099998474121094,0.10000000149011612,301.0605773925781,0.0,0.0,0.0
93,29.824642181396484,-94.64846801757812,4445.7255859375,18.132221221923828,0.8551344871520996,17.0,31.457666397094727,1.0,31.457666397094727,50.099998474121094,0.0,0.06101983040571213,50.099998474121094,0.10000000149011612,301.39080810546875,0.0,0.0,0.0
94,29.82642936706543,-94.63748931884766,4505.59716796875,11.650518417358398,0.867922306060791,17.0,31.492210388183594,1.0,31.492210388183594,50.099998474121094,0.0,0.057343989610672,50.099998474121094,0.10000000149011612,301.7217712402344,0.0,0.0,0.0
95,29.82863426208496,-94.62677764892578,4552.7685546875,12.121017456054688,0.8612895011901855,17.0,30.991640090942383,1.0,30.991640090942383,50.099998474121094,0.0,0.06568802893161774,50.099998474121094,0.10000000149011612,296.9259033203125,0.0,0.0,0.05123503878712654
96,29.831466674804688,-94.61647033691406,4580.89013671875,11.972840309143066,0.8608298301696777,17.0,30.291141510009766,1.0,30.291141510009766,50.099998474121094,0.0,0.06174304336309433,50.099998474121094,0.10000000149011612,290.21453857421875,0.0,0.0,0.0
97,29.834299087524414,-94.60615539550781,4609.01123046875,12.01854419708252,0.8707985281944275,17.0,30.089046478271484,1.0,30.089046478271484,50.0,5.684341759025859e-16,0.05377182364463806,50.0,0.0,288.8548583984375,0.0,0.0,0.1857525110244751
98,29.837133407592773,-94.5958480834961,4637.1328125,12.397913932800293,0.8699531555175781,17.0,32.943599700927734,1.0,32.943599700927734,55.0,0.0,0.058781687170267105,55.0,0.15000000596046448,287.5077819824219,0.0,0.0,0.0
99,29.8399658203125,-94.58554077148438,4665.25439453125,13.334501266479492,0.8960242867469788,18.0,32.790672302246094,1.0,32.790672302246094,55.0,0.0,0.05716909095644951,55.0,0.15000000596046448,286.1731262207031,0.0,0.23044772446155548,0.0
100,29.84280014038086,-94.57522583007812,4693.37548828125,13.34892463684082,0.9006834626197815,18.0,32.6391487121582,1.0,32.6391487121582,55.0,0.0,0.06151464208960533,55.0,0.15000000596046448,284.85076904296875,0.0,0.0,0.0
101,29.845632553100586,-94.5649185180664,4721.4970703125,13.587634086608887,0.89847731590271,18.0,32.489013671875,1.0,32.489013671875,55.0,0.0,0.06099585443735123,55.0,0.15000000596046448,283.5404968261719,0.0,0.0,0.2743251621723175
102,29.848466873168945,-94.55461120605469,4749.61865234375,13.527993202209473,0.9056015014648438,18.0,32.34024429321289,1.0,32.34024429321289,55.0,0.0,0.06254298239946365,55.0,0.15000000596046448,282.2421569824219,0.0,0.0,0.0
103,29.851299285888672,-94.54429626464844,4777.740234375,13.875871658325195,0.9016510248184204,18.0,32.19282531738281,1.0,32.19282531738281,55.0,0.0,0.06678453087806702,55.0,0.15000000596046448,280.95556640625,0.0,0.0,0.31740710139274597
104,29.85449981689453,-94.53268432617188,4800.60009765625,13.725425720214844,0.8897233009338379,18.0,36.10033416748047,1.0,36.10033416748047,55.0,0.0,0.05842310190200806,55.0,0.15000000596046448,315.0574645996094,0.0,0.0,0.0
105,29.85770034790039,-94.52106475830078,4823.4599609375,13.255074501037598,0.8955345153808594,18.0,35.92022705078125,1.0,35.92022705078125,55.0,0.0,0.06327418982982635,55.0,0.15000000596046448,313.485595703125,0.0,0.0,0.0
106,29.86090087890625,-94.50945281982422,4846.31982421875,13.511978149414062,0.8826456665992737,18.0,35.74189376831055,1.0,35.74189376831055,55.0,0.0,0.06007914990186691,55.0,0.15000000596046448,311.92926025390625,0.0,0.0,0.0
107,29.864099502563477,-94.49783325195312,4869.18017578125,13.02350902557373,0.8872044086456299,18.0,35.56531524658203,1.0,35.56531524658203,55.0,0.0,0.05817049369215965,55.0,0.15000000596046448,310.3882141113281,0.0,0.0,0.0
108,29.867300033569336,-94.48621368408203,4892.0400390625,13.207393646240234,0.8834763765335083,18.0,35.39046096801758,1.0,35.39046096801758,55.0,0.0,0.06033511087298393,55.0,0.15000000596046448,308.8622131347656,0.0,0.0,0.0
109,29.870500564575195,-94.47460174560547,4914.89990234375,13.073042869567871,0.8869121074676514,18.0,35.217308044433594,1.0,35.217308044433594,55.0,0.0,0.056072574108839035,55.0,0.15000000596046448,307.3510437011719,0.0,0.0,0.0
110,29.873699188232422,-94.46302032470703,4949.18994140625,11.298872947692871,0.8163098096847534,19.0,35.05622482299805,1.0,35.05622482299805,55.0,0.0,0.05335201323032379,55.0,0.15000000596046448,305.9452209472656,0.0,0.0,0.0
111,29.87689971923828,-94.45143127441406,4983.47998046875,11.26104736328125,0.8205897212028503,19.0,34.987274169921875,1.0,34.987274169921875,55.0,0.0,0.0524737723171711,55.0,0.15000000596046448,305.3434753417969,0.0,0.0,0.0
112,29.88010025024414,-94.43984985351562,5017.77001953125,11.361910820007324,0.8339837789535522,19.0,34.91858673095703,1.0,34.91858673095703,55.0,0.0,0.05231204256415367,55.0,0.15000000596046448,304.7440490722656,0.0,0.0,0.0
113,29.88330078125,-94.42826843261719,5052.06005859375,11.692442893981934,0.8311872482299805,19.0,34.85016632080078,1.0,34.85016632080078,55.0,0.0,0.05720127001404762,55.0,0.15000000596046448,304.14691162109375,0.0,0.0,0.0
114,29.886499404907227,-94.41668701171875,5086.35009765625,24.996936798095703,0.9187219142913818,20.0,34.782012939453125,1.0,34.782012939453125,55.0,0.0,0.05167493596673012,55.0,0.15000000596046448,303.5520935058594,0.0,0.0,0.0
115,29.889699935913086,-94.40509796142578,5120.64013671875,21.570316314697266,0.9249136447906494,20.0,34.714115142822266,1.0,34.714115142822266,55.0,0.0,0.05530243739485741,55.0,0.15000000596046448,302.9595642089844,0.0,0.0,0.0
116,29.893842697143555,-94.39424133300781,5154.65771484375,15.090073585510254,0.9215059876441956,20.0,33.800724029541016,1.0,33.800724029541016,55.0,0.0,0.05659954994916916,55.0,0.15000000596046448,294.9881286621094,0.0,0.0,0.08353130519390106
117,29.897985458374023,-94.38338470458984,5188.67578125,14.8726167678833,0.9139081239700317,20.0,33.74171829223633,1.0,33.74171829223633,55.0,0.0,0.05820142850279808,55.0,0.15000000596046448,294.4731750488281,0.0,0.0,0.09211397916078568
118,29.902128219604492,-94.37252807617188,5222.693359375,14.442388534545898,0.9248085021972656,20.0,33.68291091918945,1.0,33.68291091918945,55.0,0.0,0.055040888488292694,55.0,0.15000000596046448,293.9599609375,0.0,0.0,0.10066734999418259
119,29.90627098083496,-94.3616714477539,5256.71142578125,14.997196197509766,0.925201416015625,20.0,33.62430953979492,1.0,33.62430953979492,55.0,0.0,0.052621692419052124,55.0,0.15000000596046448,293.4485168457031,0.0,0.0,0.10919156670570374
120,29.91041374206543,-94.35081481933594,5290.7294921875,14.982781410217285,0.9171547889709473,20.0,33.56590270996094,1.0,33.56590270996094,55.0,0.0,0.0522497221827507,55.0,0.15000000596046448,292.93878173828125,0.0,0.0,0.11768678575754166
121,29.914899826049805,-94.33988952636719,5325.8720703125,14.498044967651367,0.9123377203941345,20.0,38.5693473815918,1.0,38.5693473815918,62.099998474121094,0.0,0.056504640728235245,62.099998474121094,0.0,298.12054443359375,0.0,0.0,0.0313241109251976
122,29.91990089416504,-94.32884979248047,5362.7021484375,14.206989288330078,0.9157107472419739,20.0,43.8856315612793,1.0,43.8856315612793,68.69999694824219,0.0,0.05146222561597824,68.69999694824219,0.0,306.62451171875,0.0,0.0,0.0
123,29.92490005493164,-94.31781768798828,5399.5322265625,14.326373100280762,0.9228836894035339,20.0,43.84221267700195,1.0,43.84221267700195,68.69999694824219,0.0,0.056671153753995895,68.69999694824219,0.0,306.3211364746094,0.0,0.0,0.0
124,29.929899215698242,-94.3067855834961,5436.36181640625,14.657743453979492,0.9394183158874512,20.0,46.986572265625,1.0,46.986572265625,73.69999694824219,0.0,0.05702488496899605,73.69999694824219,0.0,306.01837158203125,0.0,0.0,0.0
125,29.934900283813477,-94.2957534790039,5473.19189453125,18.156471252441406,0.8239706754684448,21.0,46.94017028808594,1.0,46.94017028808594,73.69999694824219,0.0,0.0565360002219677,73.69999694824219,0.0,305.7161560058594,0.0,0.0,0.0
126,29.939899444580078,-94.28472137451172,5510.02197265625,10.724172592163086,0.8101661205291748,21.0,46.893856048583984,1.0,46.893856048583984,73.69999694824219,0.0,0.056367602199316025,73.69999694824219,0.0,305.4145202636719,0.0,0.0,0.0
127,29.94512367248535,-94.27400207519531,5544.22216796875,10.328845977783203,0.8178175687789917,21.0,49.39278793334961,1.0,49.39278793334961,78.69999694824219,0.0,0.06008831039071083,78.69999694824219,0.10000000149011612,301.2520751953125,0.0,0.0,0.0
128,29.950681686401367,-94.26374816894531,5574.47802734375,10.438220024108887,0.8150790929794312,21.0,48.469825744628906,1.0,48.469825744628906,78.69999694824219,0.0,0.060836490243673325,78.69999694824219,0.10000000149011612,295.6228332519531,0.0,0.0,0.0729529932141304
129,29.956241607666016,-94.25350189208984,5604.73388671875,10.30273151397705,0.8273056745529175,21.0,48.38722229003906,1.0,48.38722229003906,78.69999694824219,0.0,0.06118448078632355,78.69999694824219,0.10000000149011612,295.1190185546875,0.0,0.0,0.08134977519512177
130,29.96179962158203,-94.24324798583984,5634.990234375,10.52673625946045,0.8231849670410156,21.0,48.304893493652344,1.0,48.304893493652344,78.69999694824219,0.0,0.06349711865186691,78.69999694824219,0.10000000149011612,294.61688232421875,0.0,0.0,0.08971868455410004
131,29.96735954284668,-94.23300170898438,5665.24609375,10.349024772644043,0.8207216858863831,21.0,48.222835540771484,1.0,48.222835540771484,78.69999694824219,0.0,0.05619662255048752,78.69999694824219,0.10000000149011612,294.11639404296875,0.0,0.0,0.09805985540151596
132,29.972917556762695,-94.22274780273438,5695.501953125,10.211565017700195,0.8253000378608704,21.0,48.14105224609375,1.0,48.14105224609375,78.69999694824219,0.0,0.06937266886234283,78.69999694824219,0.10000000149011612,293.6175842285156,0.0,0.0,0.10637342929840088
133,29.97847557067871,-94.2125015258789,5725.7578125,10.244613647460938,0.8218092918395996,21.0,48.05953598022461,1.0,48.05953598022461,78.69999694824219,0.0,0.057500194758176804,78.69999694824219,0.10000000149011612,293.12042236328125,0.0,0.0,0.0
134,29.984420776367188,-94.20246124267578,5756.14794921875,10.077773094177246,0.8353710174560547,21.0,48.25776672363281,1.0,48.25776672363281,78.69999694824219,0.0,0.059191007167100906,78.69999694824219,0.10000000149011612,294.3294677734375,0.0,0.0,0.09450900554656982
135,29.990619659423828,-94.19255828857422,5786.6279296875,10.338628768920898,0.8411453366279602,21.0,48.425743103027344,1.0,48.425743103027344,78.69999694824219,7.222797642607596e-16,0.05584277957677841,78.69999694824219,0.10000000149011612,295.3539733886719,0.0,0.0,0.07743392884731293
136,29.9968204498291,-94.18266296386719,5817.10791015625,10.408798217773438,0.8432120084762573,21.0,48.37854766845703,1.0,48.37854766845703,78.69999694824219,0.0,0.0567593090236187,78.69999694824219,0.10000000149011612,295.06610107421875,0.0,0.0,0.08223166316747665
137,30.003019332885742,-94.17276000976562,5847.587890625,10.379316329956055,0.8421497344970703,21.0,48.33143615722656,1.0,48.33143615722656,78.69999694824219,0.0,0.06570549309253693,78.69999694824219,0.10000000149011612,294.7787780761719,0.0,0.0,0.08702047169208527
138,30.009220123291016,-94.16285705566406,5878.06787109375,10.262298583984375,0.8539339900016785,21.0,48.2844123840332,1.0,48.2844123840332,78.69999694824219,0.0,0.057116392999887466,78.69999694824219,0.10000000149011612,294.4919738769531,0.0,0.0,0.09180038422346115
139,30.01542091369629,-94.15296173095703,5908.5478515625,10.51035213470459,0.851630687713623,21.0,48.23748016357422,1.0,48.23748016357422,78.69999694824219,0.0,0.05853336676955223,78.69999694824219,0.10000000149011612,294.2057189941406,0.0,0.0,0.0965714305639267
140,30.02195930480957,-94.14290618896484,5937.50390625,10.352483749389648,0.84647136926651,21.0,49.55390548706055,1.0,49.55390548706055,78.69999694824219,0.0,0.05616505444049835,78.69999694824219,0.10000000149011612,302.2347412109375,0.0,0.0,0.0
141,30.02872657775879,-94.13275909423828,5965.44384765625,10.110580444335938,0.8436205983161926,21.0,50.39366149902344,1.0,50.39366149902344,78.69999694824219,0.0,0.06228677183389664,78.69999694824219,0.10000000149011612,307.35650634765625,0.0,0.0,0.0
142,30.035493850708008,-94.12261199951172,5993.3837890625,9.934585571289062,0.8381032347679138,21.0,50.298133850097656,1.0,50.298133850097656,78.69999694824219,0.0,0.05611184984445572,78.69999694824219,0.10000000149011612,306.7738952636719,0.0,0.0,0.0
143,30.042259216308594,-94.11245727539062,6021.32421875,25.08712387084961,0.9519641995429993,22.0,50.202964782714844,1.0,50.202964782714844,78.69999694824219,0.0,0.05880183354020119,78.69999694824219,0.10000000149011612,306.19342041015625,0.0,0.0,0.0
144,30.049026489257812,-94.10231018066406,6049.26416015625,23.08422088623047,0.9677727222442627,22.0,39.37342834472656,0.7857690453529358,50.1081428527832,78.69999694824219,1.3887077569961548,0.05922674387693405,61.840023040771484,0.10000000149011612,305.6151123046875,0.0,0.0,0.0
145,30.05579376220703,-94.0921630859375,6077.2041015625,18.71410369873047,0.971639096736908,22.0,28.098148345947266,0.5618093609809875,50.013671875,78.69999694824219,3.9653191566467285,0.053471870720386505,44.21439743041992,0.10000000149011612,305.0389099121094,0.0,0.0,0.0
146,30.062480926513672,-94.08195495605469,6104.63623046875,21.598941802978516,0.8763269186019897,23.0,49.88463592529297,1.0,49.88463592529297,78.69999694824219,0.0,0.054572757333517075,78.69999694824219,0.10000000149011612,304.2519226074219,0.0,0.0,0.0
147,30.06911277770996,-94.07170867919922,6131.7294921875,12.896611213684082,0.8633698225021362,23.0,49.77570343017578,1.0,49.77570343017578,78.69999694824219,0.0,0.054462358355522156,78.69999694824219,0.10000000149011612,303.5875244140625,0.0,0.0,0.0
148,30.075746536254883,-94.06146240234375,6158.82275390625,12.46839714050293,0.8588921427726746,23.0,49.69245147705078,1.0,49.69245147705078,78.69999694824219,0.0,0.05111723393201828,78.69999694824219,0.10000000149011612,303.0797424316406,0.0,0.0,0.0
149,30.082380294799805,-94.05122375488281,6185.916015625,12.328189849853516,0.8647660613059998,23.0,49.60947036743164,1.0,49.60947036743164,78.69999694824219,0.0,0.05308471992611885,78.69999694824219,0.10000000149011612,302.5736389160156,0.0,0.0,0.0
150,30.089014053344727,-94.04097747802734,6213.00927734375,12.508044242858887,0.8710409998893738,23.0,49.526756286621094,1.0,49.526756286621094,78.69999694824219,0.0,0.05531562492251396,78.69999694824219,0.10000000149011612,302.0691833496094,0.0,0.0,0.0
151,30.095645904541016,-94.03073120117188,6240.1025390625,12.704986572265625,0.8699063658714294,23.0,49.444313049316406,1.0,49.444313049316406,78.69999694824219,0.0,0.052590299397706985,78.69999694824219,0.10000000149011612,301.56634521484375,0.0,0.0,0.0
152,30.102279663085938,-94.0204849243164,6267.19580078125,12.652999877929688,0.8671250939369202,23.0,49.36213684082031,1.0,49.36213684082031,78.69999694824219,0.0,0.051388274878263474,78.69999694824219,0.10000000149011612,301.06512451171875,0.0,0.0,0.0
153,30.10891342163086,-94.01023864746094,6294.28955078125,12.542704582214355,0.8521714210510254,23.0,49.28022384643555,1.0,49.28022384643555,78.69999694824219,0.0,0.051628228276968,78.69999694824219,0.10000000149011612,300.5655517578125,0.0,0.0,0.0
154,30.11554718017578,-94.0,6321.3828125,12.056726455688477,0.8506534695625305,23.0,49.198577880859375,1.0,49.198577880859375,78.69999694824219,0.0,0.05362556502223015,78.69999694824219,0.10000000149011612,300.06756591796875,0.0,0.0,0.0
155,30.122295379638672,-93.99024200439453,6347.666015625,11.985122680664062,0.8452885150909424,23.0,47.94584655761719,1.0,47.94584655761719,78.69999694824219,0.0,0.06093233823776245,78.69999694824219,0.10000000149011612,292.4270324707031,0.0,0.0,0.12621618807315826
156,30.129117965698242,-93.98080444335938,6373.4091796875,11.801228523254395,0.8505727648735046,23.0,47.119110107421875,1.0,47.119110107421875,78.69999694824219,0.0,0.05067609250545502,78.69999694824219,0.10000000149011612,287.3846740722656,0.0,0.0,0.21025554835796356
157,30.135942459106445,-93.97137451171875,6399.15234375,11.918269157409668,0.847381591796875,23.0,41.069984436035156,1.0,41.069984436035156,68.69999694824219,0.0,0.05253477394580841,68.69999694824219,0.0,286.95184326171875,0.0,0.0,0.0
158,30.14276695251465,-93.96194458007812,6424.8955078125,14.87219524383545,0.9384937286376953,24.0,43.992801666259766,1.0,43.992801666259766,73.69999694824219,0.0,0.056336212903261185,73.69999694824219,0.10000000149011612,286.5202941894531,0.0,0.22466178238391876,0.0
159,30.14959144592285,-93.95250701904297,6450.63916015625,15.694731712341309,0.9303560853004456,24.0,43.68832778930664,1.0,43.68832778930664,73.30000305175781,0.0,0.05400662124156952,73.30000305175781,0.10000000149011612,286.0899963378906,0.0,0.0,0.0
160,30.156415939331055,-93.94307708740234,6476.38232421875,15.110575675964355,0.93401038646698,24.0,43.62281036376953,1.0,43.62281036376953,73.30000305175781,0.0,0.0524500273168087,73.30000305175781,0.10000000149011612,285.66094970703125,0.0,0.0,0.23898403346538544
161,30.163240432739258,-93.93364715576172,6502.12548828125,15.296829223632812,0.9362521171569824,24.0,43.55747985839844,1.0,43.55747985839844,73.30000305175781,0.0,0.05357237160205841,73.30000305175781,0.10000000149011612,285.233154296875,0.0,0.0,0.0
162,30.170190811157227,-93.92407989501953,6528.30810546875,15.395995140075684,0.9397368431091309,24.0,44.19121170043945,1.0,44.19121170043945,73.30000305175781,0.0,0.05541486293077469,73.30000305175781,0.10000000149011612,289.38311767578125,0.0,0.0,0.17694813013076782
163,30.177640914916992,-93.9139633178711,6556.248046875,15.585456848144531,0.9295007586479187,24.0,46.91742706298828,1.0,46.91742706298828,73.30000305175781,0.0,0.05840660259127617,73.30000305175781,0.10000000149011612,307.23553466796875,0.0,0.0,0.0
164,30.185089111328125,-93.90384674072266,6584.18798828125,14.842458724975586,0.9335587024688721,24.0,46.84543228149414,1.0,46.84543228149414,73.30000305175781,0.0,0.0540977343916893,73.30000305175781,0.10000000149011612,306.76409912109375,0.0,0.0,0.0
165,30.19253921508789,-93.89373016357422,6612.1279296875,15.035030364990234,0.9390233755111694,24.0,46.77365493774414,1.0,46.77365493774414,73.30000305175781,0.0,0.058780260384082794,73.30000305175781,0.10000000149011612,306.2940673828125,0.0,0.0,0.0
166,30.199989318847656,-93.88361358642578,6640.06787109375,20.7587890625,0.8421335816383362,25.0,46.702091217041016,1.0,46.702091217041016,73.30000305175781,0.0,0.05208916962146759,73.30000305175781,0.10000000149011612,305.8254089355469,0.0,0.0,0.0
167,30.207439422607422,-93.87349700927734,6668.0078125,11.137784957885742,0.8489779233932495,25.0,46.6307373046875,1.0,46.6307373046875,73.30000305175781,0.0,0.05829803645610809,73.30000305175781,0.10000000149011612,305.3581848144531,0.0,0.0,0.0
168,30.21489715576172,-93.86338806152344,6697.47216796875,11.256791114807129,0.8610971570014954,25.0,46.561309814453125,1.0,46.561309814453125,73.30000305175781,0.0,0.051087431609630585,73.30000305175781,0.10000000149011612,304.9035339355469,0.0,0.0,0.0
169,30.222379684448242,-93.85331726074219,6733.0322265625,11.544102668762207,0.8641124367713928,25.0,46.50859069824219,1.0,46.50859069824219,73.30000305175781,0.0,0.0509602390229702,73.30000305175781,0.10000000149011612,304.55828857421875,0.0,0.0,0.0
170,30.2298641204834,-93.84325408935547,6768.591796875,24.507585525512695,0.8972598910331726,26.0,46.4927978515625,1.0,46.4927978515625,73.30000305175781,0.0,0.060485582798719406,73.30000305175781,0.10000000149011612,304.4548645019531,0.0,0.0,0.0
171,30.237346649169922,-93.83318328857422,6804.15185546875,13.400883674621582,0.8931906819343567,26.0,46.477012634277344,1.0,46.477012634277344,73.30000305175781,0.0,0.059774283319711685,73.30000305175781,0.10000000149011612,304.3515319824219,0.0,0.0,0.0
172,30.244829177856445,-93.8231201171875,6839.7119140625,13.28977108001709,0.8922786116600037,26.0,46.461238861083984,1.0,46.461238861083984,73.30000305175781,0.0,0.06203767657279968,73.30000305175781,0.10000000149011612,304.24822998046875,0.0,0.0,0.0
173,30.2523136138916,-93.81305694580078,6875.27197265625,19.297842025756836,0.7621617913246155,27.0,46.445472717285156,1.0,46.445472717285156,73.30000305175781,0.0,0.061173029243946075,73.30000305175781,0.10000000149011612,304.1449890136719,0.0,0.0,0.0
174,30.259777069091797,-93.80303192138672,6910.578125,9.916875839233398,0.7623710036277771,27.0,46.27562713623047,1.0,46.27562713623047,73.30000305175781,7.754900034303604e-16,0.05645056813955307,73.30000305175781,0.10000000149011612,303.0327453613281,0.0,0.0,0.0
175,30.267160415649414,-93.79318237304688,6944.8681640625,9.966552734375,0.7598759531974792,27.0,45.65670394897461,1.0,45.65670394897461,73.30000305175781,0.0,0.05681569129228592,73.30000305175781,0.10000000149011612,298.97979736328125,0.0,0.0,0.017003612592816353
176,30.27454376220703,-93.78333282470703,6979.158203125,9.96236801147461,0.7495423555374146,27.0,45.7089729309082,1.0,45.7089729309082,73.30000305175781,0.0,0.061536435037851334,73.30000305175781,0.10000000149011612,299.3220520019531,0.0,0.0,0.011299104429781437
177,30.28192710876465,-93.77348327636719,7013.4482421875,9.816488265991211,0.7638002634048462,27.0,45.7613639831543,1.0,45.7613639831543,73.30000305175781,0.0,0.06055965647101402,73.30000305175781,0.10000000149011612,299.6651306152344,0.0,0.0,0.005581074394285679
178,30.289310455322266,-93.76363372802734,7047.73779296875,10.103949546813965,0.7723059058189392,27.0,45.813880920410156,1.0,45.813880920410156,73.30000305175781,0.0,0.060495588928461075,73.30000305175781,0.10000000149011612,300.009033203125,0.0,0.0,0.0
179,30.296693801879883,-93.75377655029297,7082.02783203125,11.02755355834961,0.8087990283966064,28.0,45.866519927978516,1.0,45.866519927978516,73.30000305175781,0.0,0.06241024658083916,73.30000305175781,0.10000000149011612,300.3537292480469,0.0,0.0,0.0
180,30.30401611328125,-93.7440185546875,7125.2080078125,11.074713706970215,0.8045996427536011,28.0,45.588279724121094,1.0,45.588279724121094,73.30000305175781,0.0,0.060468073934316635,73.30000305175781,0.10000000149011612,298.5317077636719,0.0,0.0,0.024471541866660118
181,30.311100006103516,-93.7345962524414,7203.9482421875,11.000298500061035,0.8024110198020935,28.0,44.36558151245117,1.0,44.36558151245117,73.30000305175781,0.0,0.05960192531347275,73.30000305175781,0.10000000149011612,290.5249328613281,0.0,0.0,0.0
182,30.31818389892578,-93.72518157958984,7282.68798828125,18.26173210144043,0.973294198513031,29.0,24.793712615966797,0.53339684009552,46.4826774597168,76.19999694824219,4.268972873687744,0.05867455154657364,40.64483642578125,0.0,292.80426025390625,0.0,0.11992892622947693,0.0
183,30.325265884399414,-93.71576690673828,7361.42822265625,19.669208526611328,0.9875127077102661,29.0,12.571036338806152,0.2648479640483856,47.46510314941406,77.19999694824219,13.652986526489258,0.05572785064578056,20.44626235961914,0.0,295.11981201171875,0.0,0.0,0.0
184,30.33234977722168,-93.70635223388672,7440.16796875,22.976909637451172,0.9987202286720276,29.0,1.5148465633392334,0.03145879507064819,48.153358459472656,77.69999694824219,152.64112854003906,0.05718614161014557,2.4443483352661133,0.10000000149011612,297.47247314453125,0.0,0.0,0.042125288397073746
185,30.339433670043945,-93.69692993164062,7518.908203125,32.87210464477539,0.9881442785263062,29.0,20.2207088470459,0.41657525300979614,48.540348052978516,77.69999694824219,6.999438762664795,0.06409870088100433,32.367897033691406,0.10000000149011612,299.8631591796875,0.0,0.0,0.0022808308713138103
186,30.34645652770996,-93.68753814697266,7591.2978515625,23.201234817504883,0.9988479614257812,29.0,1.390470266342163,0.028593523427844048,48.62885665893555,77.69999694824219,170.0968780517578,0.05782278627157211,2.2217166423797607,0.10000000149011612,300.409912109375,0.0,0.0,0.0
187,30.353239059448242,-93.67823791503906,7638.2880859375,13.827702522277832,0.89556485414505,30.0,47.749427795410156,1.0,47.749427795410156,77.69999694824219,7.31575527340402e-16,0.05537455156445503,77.69999694824219,0.10000000149011612,294.9771423339844,0.0,0.08371414244174957,0.0
188,30.360023498535156,-93.66893768310547,7685.27783203125,13.54399585723877,0.8885707259178162,30.0,47.852535247802734,1.0,47.852535247802734,77.69999694824219,0.0,0.05615142360329628,77.69999694824219,0.10000000149011612,295.6141357421875,0.0,0.0,0.0
189,30.366806030273438,-93.65963745117188,7732.26806640625,13.252567291259766,0.8817933201789856,30.0,47.95610046386719,1.0,47.95610046386719,77.69999694824219,0.0,0.05453404411673546,77.69999694824219,0.10000000149011612,296.25390625,0.0,0.0,0.06243493780493736
190,30.37359046936035,-93.65033721923828,7779.2578125,12.981913566589355,0.8903293609619141,30.0,48.060123443603516,1.0,48.060123443603516,77.69999694824219,0.0,0.05256595090031624,77.69999694824219,0.10000000149011612,296.8965148925781,0.0,0.0,0.0517248697578907
191,30.380373001098633,-93.64103698730469,7826.248046875,13.288896560668945,0.8978280425071716,30.0,48.16460418701172,1.0,48.16460418701172,77.69999694824219,7.31575527340402e-16,0.05082673951983452,77.69999694824219,0.10000000149011612,297.5419616699219,0.0,0.0,0.040967412292957306
192,30.38719940185547,-93.63162231445312,7865.2685546875,13.573649406433105,0.8862845301628113,30.0,48.6676025390625,1.0,48.6676025390625,77.69999694824219,0.0,0.05472547560930252,77.69999694824219,0.10000000149011612,300.6492919921875,0.0,0.0,0.0
193,30.39419937133789,-93.62174987792969,7872.41259765625,13.081367492675781,0.87889164686203,30.0,50.278011322021484,1.0,50.278011322021484,77.69999694824219,0.0,0.050336528569459915,77.69999694824219,0.10000000149011612,310.5977478027344,0.0,0.0,0.0
194,30.401199340820312,-93.61187744140625,7879.55615234375,12.77501106262207,0.8772141337394714,30.0,49.98104476928711,1.0,49.98104476928711,77.69999694824219,0.0,0.059333425015211105,77.69999694824219,0.10000000149011612,308.7632141113281,0.0,0.0,0.0
195,30.408199310302734,-93.60199737548828,7886.7001953125,12.678351402282715,0.8756782412528992,30.0,49.68754196166992,1.0,49.68754196166992,77.69999694824219,0.0,0.05582833290100098,77.69999694824219,0.10000000149011612,306.9500732421875,0.0,0.0,0.0
196,30.414339065551758,-93.5915298461914,7890.93310546875,11.187494277954102,0.8200259208679199,31.0,48.97304153442383,1.0,48.97304153442383,77.69999694824219,0.0,0.062458645552396774,77.69999694824219,0.10000000149011612,302.5361633300781,0.0,0.0,0.0
197,30.42047691345215,-93.5810546875,7895.16650390625,10.932642936706543,0.809171736240387,31.0,48.70734405517578,1.0,48.70734405517578,77.69999694824219,0.0,0.05474512651562691,77.69999694824219,0.10000000149011612,300.8948059082031,0.0,0.0,0.0
198,30.426616668701172,-93.5705795288086,7899.39990234375,10.630575180053711,0.8102712035179138,31.0,48.44449234008789,1.0,48.44449234008789,77.69999694824219,0.0,0.051921501755714417,77.69999694824219,0.10000000149011612,299.27099609375,0.0,0.0,0.01214996725320816
199,30.432756423950195,-93.56011199951172,7903.63330078125,10.604584693908691,0.8257498741149902,31.0,48.18444061279297,1.0,48.18444061279297,77.69999694824219,0.0,0.05933227390050888,77.69999694824219,0.10000000149011612,297.66448974609375,0.0,0.0,0.038925036787986755
200,30.438894271850586,-93.54963684082031,7907.86669921875,10.919944763183594,0.8205951452255249,31.0,47.92714309692383,1.0,47.92714309692383,77.69999694824219,0.0,0.04995184391736984,77.69999694824219,0.10000000149011612,296.07501220703125,0.0,0.0,0.0
201,30.44503402709961,-93.53916931152344,7912.10009765625,11.151057243347168,0.8276821970939636,32.0,47.67255783081055,1.0,47.67255783081055,77.69999694824219,0.0,0.05283404886722565,77.69999694824219,0.10000000149011612,294.5022888183594,0.0,0.09162872284650803,0.0
202,30.451171875,-93.52869415283203,7916.33349609375,10.851165771484375,0.8158462047576904,32.0,47.42063903808594,1.0,47.42063903808594,77.69999694824219,0.0,0.05563167855143547,77.69999694824219,0.10000000149011612,292.9460144042969,0.0,0.0,0.0
203,30.456880569458008,-93.51756286621094,7922.259765625,10.50008487701416,0.8166062831878662,32.0,48.317562103271484,1.0,48.317562103271484,77.69999694824219,0.0,0.05759628117084503,77.69999694824219,0.10000000149011612,298.48687744140625,0.0,0.0,0.025218741968274117
204,30.462480545043945,-93.50626373291016,7928.60986328125,10.451330184936523,0.8070992827415466,32.0,48.428443908691406,1.0,48.428443908691406,77.69999694824219,0.0,0.05826864391565323,77.69999694824219,0.10000000149011612,299.1718444824219,0.0,0.0,0.013802624307572842
205,30.468080520629883,-93.49495697021484,7934.9599609375,10.16217041015625,0.8096619844436646,32.0,48.240020751953125,1.0,48.240020751953125,77.69999694824219,7.31575527340402e-16,0.05282331630587578,77.69999694824219,0.10000000149011612,298.0078430175781,0.0,0.0,0.0332023911178112
206,30.47368049621582,-93.48365783691406,7941.31005859375,10.148249626159668,0.8222591876983643,32.0,48.05304718017578,1.0,48.05304718017578,77.69999694824219,0.0,0.052766382694244385,77.69999694824219,0.10000000149011612,296.852783203125,0.0,0.0,0.052453458309173584
207,30.479280471801758,-93.47235870361328,7947.66015625,10.371460914611816,0.8228055834770203,32.0,47.867496490478516,1.0,47.867496490478516,77.69999694824219,0.0,0.05195231735706329,77.69999694824219,0.10000000149011612,295.70654296875,0.0,0.0,0.07155753672122955
208,30.484880447387695,-93.4610595703125,7954.009765625,10.308662414550781,0.8324639797210693,32.0,47.6833610534668,1.0,47.6833610534668,77.69999694824219,0.0,0.054121922701597214,77.69999694824219,0.10000000149011612,294.56903076171875,0.0,0.0,0.0
209,30.490211486816406,-93.44940948486328,7958.86572265625,10.474045753479004,0.832125723361969,32.0,48.116085052490234,1.0,48.116085052490234,77.69999694824219,0.0,0.0517151802778244,77.69999694824219,0.10000000149011612,297.2422180175781,0.0,0.0,0.04596296697854996
210,30.49547576904297,-93.43767547607422,7963.34814453125,10.384462356567383,0.8332231640815735,32.0,48.14069366455078,1.0,48.14069366455078,77.69999694824219,0.0,0.05080936849117279,77.69999694824219,0.10000000149011612,297.39422607421875,0.0,0.0,0.0
211,30.500741958618164,-93.42594146728516,7967.83056640625,21.23261070251465,0.9294860363006592,33.0,48.015350341796875,1.0,48.015350341796875,77.69999694824219,7.31575527340402e-16,0.05739269405603409,77.69999694824219,0.10000000149011612,296.61993408203125,0.0,0.05633457750082016,0.0
212,30.506032943725586,-93.41398620605469,7981.18798828125,15.304461479187012,0.9288967847824097,33.0,48.70490264892578,1.0,48.70490264892578,77.69999694824219,0.0,0.05695298686623573,77.69999694824219,0.10000000149011612,300.87969970703125,0.0,0.0,0.0
213,30.51136589050293,-93.40170288085938,8007.85791015625,15.312719345092773,0.9244729280471802,33.0,49.85933303833008,1.0,49.85933303833008,77.69999694824219,0.0,0.06676073372364044,77.69999694824219,0.10000000149011612,308.0113220214844,0.0,0.0,0.0
214,30.516700744628906,-93.38941955566406,8034.52783203125,12.97982406616211,0.8807678818702698,34.0,49.87162780761719,1.0,49.87162780761719,77.69999694824219,0.0,0.06084093451499939,77.69999694824219,0.10000000149011612,308.0872802734375,0.0,0.0,0.0
215,30.52203369140625,-93.37713623046875,8061.1982421875,13.145342826843262,0.8619581460952759,34.0,49.88393020629883,1.0,49.88393020629883,77.69999694824219,0.0,0.05823764577507973,77.69999694824219,0.10000000149011612,308.16326904296875,0.0,0.0,0.0
216,30.527366638183594,-93.36485290527344,8087.8681640625,22.713430404663086,0.8499894142150879,35.0,49.896240234375,1.0,49.896240234375,77.69999694824219,0.0,0.06127532944083214,77.69999694824219,0.10000000149011612,308.23931884765625,0.0,0.0,0.0
217,30.532699584960938,-93.35256958007812,8114.5380859375,12.206901550292969,0.8552190065383911,35.0,49.90855407714844,1.0,49.90855407714844,77.69999694824219,0.0,0.05525149032473564,77.69999694824219,0.10000000149011612,308.3153991699219,0.0,0.0,0.0
218,30.537939071655273,-93.34058380126953,8139.880859375,12.383167266845703,0.8485556840896606,35.0,48.76183319091797,1.0,48.76183319091797,77.69999694824219,0.0,0.05994844064116478,77.69999694824219,0.10000000149011612,301.2314147949219,0.0,0.0,0.0
219,30.54303550720215,-93.32905578613281,8163.232421875,12.204604148864746,0.840764582157135,35.0,47.03070831298828,1.0,47.03070831298828,77.69999694824219,0.0,0.057894185185432434,77.69999694824219,0.10000000149011612,290.5372009277344,0.0,0.0,0.1577133685350418
220,30.548131942749023,-93.31752014160156,8186.583984375,11.99832534790039,0.8325262665748596,35.0,46.96824264526367,1.0,46.96824264526367,77.5999984741211,0.0,0.056031592190265656,77.5999984741211,0.0,290.52520751953125,0.0,0.0,0.1579131931066513
221,30.5532283782959,-93.30599212646484,8209.935546875,11.78631591796875,0.8254218697547913,35.0,46.72420883178711,1.0,46.72420883178711,77.19999694824219,0.0,0.05644994601607323,77.19999694824219,0.0,290.5132141113281,0.0,0.0,0.0
222,30.558326721191406,-93.2944564819336,8233.287109375,13.780558586120605,0.8843450546264648,36.0,46.72228240966797,1.0,46.72228240966797,77.19999694824219,7.363137237682241e-16,0.05969565361738205,77.19999694824219,0.0,290.501220703125,0.0,0.15831290185451508,0.0
223,30.56342315673828,-93.28292846679688,8256.638671875,13.394606590270996,0.8843140006065369,36.0,47.93072509765625,1.0,47.93072509765625,79.19999694824219,0.0,0.05744928494095802,79.19999694824219,0.10000000149011612,290.4892272949219,0.0,0.0,0.0
224,30.568500518798828,-93.2712173461914,8279.271484375,13.38680362701416,0.886337399482727,36.0,48.481693267822266,1.0,48.481693267822266,79.19999694824219,0.0,0.05629425123333931,79.19999694824219,0.10000000149011612,293.82843017578125,0.0,0.0,0.10285940766334534
225,30.57349967956543,-93.2587890625,8299.0263671875,13.451961517333984,0.8815422058105469,36.0,50.71868133544922,1.0,50.71868133544922,79.19999694824219,0.0,0.057021863758563995,79.19999694824219,0.10000000149011612,307.3859558105469,0.0,0.0,0.0
226,30.578500747680664,-93.2463607788086,8318.7822265625,13.255671501159668,0.8814071416854858,36.0,50.716548919677734,1.0,50.716548919677734,79.19999694824219,0.0,0.054799336940050125,79.19999694824219,0.10000000149011612,307.3730163574219,0.0,0.0,0.0
227,30.583499908447266,-93.23394012451172,8338.5380859375,13.228903770446777,0.8938520550727844,36.0,50.71441650390625,1.0,50.71441650390625,79.19999694824219,0.0,0.061142485588788986,79.19999694824219,0.10000000149011612,307.360107421875,0.0,0.0,0.0
228,30.588499069213867,-93.22151184082031,8358.29296875,13.68364143371582,0.8869264721870422,36.0,50.712284088134766,1.0,50.712284088134766,79.19999694824219,0.0,0.05471896752715111,79.19999694824219,0.10000000149011612,307.34716796875,0.0,0.0,0.0
229,30.5935001373291,-93.2090835571289,8378.048828125,22.021146774291992,0.7982808947563171,37.0,50.71015167236328,1.0,50.71015167236328,79.19999694824219,0.0,0.05433822050690651,79.19999694824219,0.10000000149011612,307.3342590332031,0.0,0.0,0.0
230,30.597566604614258,-93.19658660888672,8398.93359375,18.37110710144043,0.8096215128898621,37.0,49.376220703125,1.0,49.376220703125,79.19999694824219,0.0,0.059388190507888794,79.19999694824219,0.10000000149011612,299.24981689453125,0.0,0.0,0.0
231,30.60140037536621,-93.18406677246094,8420.099609375,11.038625717163086,0.8124655485153198,37.0,49.04940414428711,1.0,49.04940414428711,79.19999694824219,0.0,0.07078318297863007,79.19999694824219,0.10000000149011612,297.2691345214844,0.0,0.0,0.045514609664678574
232,30.605234146118164,-93.17154693603516,8441.2666015625,11.060029029846191,0.8002310395240784,37.0,49.00035095214844,1.0,49.00035095214844,79.19999694824219,0.0,0.058376286178827286,79.19999694824219,0.10000000149011612,296.9718017578125,0.0,0.0,0.050469785928726196
233,30.609066009521484,-93.15902709960938,8462.43359375,10.737561225891113,0.7840710282325745,37.0,48.951385498046875,1.0,48.951385498046875,79.19999694824219,0.0,0.06002271920442581,79.19999694824219,0.10000000149011612,296.6750793457031,0.0,0.0,0.05541542172431946
234,30.612899780273438,-93.14651489257812,8483.599609375,10.347847938537598,0.7808603644371033,37.0,48.90251922607422,1.0,48.90251922607422,79.19999694824219,0.0,0.06149761751294136,79.19999694824219,0.10000000149011612,296.37890625,0.0,0.0,0.060351550579071045
235,30.616233825683594,-93.13383483886719,8504.7666015625,10.227996826171875,0.7932823896408081,37.0,48.75544738769531,1.0,48.75544738769531,79.19999694824219,0.0,0.05638682469725609,79.19999694824219,0.10000000149011612,295.4875793457031,0.0,0.0,0.0
236,30.618816375732422,-93.12091827392578,8525.93359375,11.145279884338379,0.8394407629966736,38.0,48.75587463378906,1.0,48.75587463378906,79.19999694824219,0.0,0.055872850120067596,79.19999694824219,0.10000000149011612,295.4901428222656,0.0,0.07516412436962128,0.0
237,30.621400833129883,-93.10800170898438,8547.099609375,11.45651912689209,0.828665554523468,38.0,48.731201171875,1.0,48.731201171875,79.19999694824219,0.0,0.057319387793540955,79.19999694824219,0.10000000149011612,295.34063720703125,0.0,0.0,0.0
238,30.62398338317871,-93.09508514404297,8568.2666015625,11.108234405517578,0.831413209438324,38.0,48.7065544128418,1.0,48.7065544128418,79.19999694824219,0.0,0.05788392946124077,79.19999694824219,0.10000000149011612,295.1912536621094,0.0,0.0,0.08014600723981857
239,30.626367568969727,-93.08177947998047,8590.7880859375,11.109018325805664,0.8364570140838623,38.0,49.90634536743164,1.0,49.90634536743164,79.19999694824219,7.177199212078937e-16,0.06213805824518204,79.19999694824219,0.10000000149011612,302.46270751953125,0.0,0.0,0.0
240,30.628700256347656,-93.0683822631836,8613.6484375,11.41982364654541,0.8344933986663818,39.0,50.21059036254883,1.0,50.21059036254883,79.19999694824219,0.0,0.06273723393678665,79.19999694824219,0.10000000149011612,304.3066101074219,0.0,0.0,0.0
241,30.631032943725586,-93.05497741699219,8636.5078125,11.161796569824219,0.8216038942337036,39.0,50.20943069458008,1.0,50.20943069458008,79.19999694824219,0.0,0.056993935257196426,79.19999694824219,0.10000000149011612,304.2995910644531,0.0,0.0,0.0
242,30.63336753845215,-93.04158020019531,8659.3681640625,10.911823272705078,0.8132833242416382,39.0,36.95886993408203,1.0,36.95886993408203,58.29999923706055,0.0,0.060245878994464874,58.29999923706055,0.0,304.2925720214844,0.0,0.0,0.0
243,30.635700225830078,-93.02818298339844,8682.2275390625,10.786399841308594,0.8082689046859741,39.0,37.59194564819336,1.0,37.59194564819336,59.29999923706055,0.0,0.06832992285490036,59.29999923706055,0.0,304.2855529785156,0.0,0.0,0.0
244,30.638032913208008,-93.01477813720703,8705.087890625,10.740497589111328,0.8215234279632568,39.0,38.16160202026367,1.0,38.16160202026367,60.20000076293945,0.0,0.0625883936882019,60.20000076293945,0.0,304.2785339355469,0.0,0.0,0.0
245,30.640525817871094,-93.00173950195312,8726.931640625,25.71062469482422,0.9425933957099915,40.0,43.48748016357422,1.0,43.48748016357422,70.19999694824219,0.0,0.05772789567708969,70.19999694824219,0.10000000149011612,297.35028076171875,0.0,0.04416191205382347,0.0
246,30.6430606842041,-92.9887924194336,8748.5224609375,16.104005813598633,0.9330710768699646,40.0,43.24577331542969,1.0,43.24577331542969,70.19999694824219,0.0,0.059898123145103455,70.19999694824219,0.10000000149011612,295.6976013183594,0.0,0.0,0.0
247,30.645593643188477,-92.97583770751953,8770.1123046875,15.493988037109375,0.9413425922393799,40.0,43.25718307495117,1.0,43.25718307495117,70.19999694824219,8.097353337296149e-16,0.0559513159096241,70.19999694824219,0.10000000149011612,295.7756042480469,0.0,0.0,0.07040663808584213
248,30.64812660217285,-92.962890625,8791.7021484375,16.119585037231445,0.9503109455108643,40.0,41.26637649536133,0.9537258148193359,43.26859664916992,70.19999694824219,0.23924404382705688,0.056771595031023026,66.95155334472656,0.10000000149011612,295.8536376953125,0.0,0.0,0.0
249,30.650659561157227,-92.94994354248047,8813.2919921875,16.888935089111328,0.9425470232963562,40.0,43.2800178527832,1.0,43.2800178527832,70.19999694824219,0.0,0.05501776188611984,70.19999694824219,0.10000000149011612,295.9317321777344,0.0,0.0,0.0678042322397232
250,30.6531925201416,-92.9369888305664,8834.8818359375,16.30303192138672,0.9296426773071289,40.0,43.291446685791016,1.0,43.291446685791016,70.19999694824219,0.0,0.05783746764063835,70.19999694824219,0.10000000149011612,296.0098876953125,0.0,0.0,0.0
251,30.65571403503418,-92.92415618896484,8854.4404296875,13.054505348205566,0.8744211196899414,41.0,42.880348205566406,1.0,42.880348205566406,70.19999694824219,0.0,0.05920979753136635,70.19999694824219,0.10000000149011612,293.1989440917969,0.0,0.11335078626871109,0.0
252,30.65822982788086,-92.91136169433594,8873.490234375,12.98302173614502,0.8829706311225891,41.0,42.75647735595703,1.0,42.75647735595703,70.19999694824219,0.0,0.05717781186103821,70.19999694824219,0.10000000149011612,292.35198974609375,0.0,0.0,0.0
253,30.660747528076172,-92.8985595703125,8892.5400390625,13.320384979248047,0.8682125806808472,41.0,42.73076248168945,1.0,42.73076248168945,70.19999694824219,0.0,0.058985840529203415,70.19999694824219,0.10000000149011612,292.1761779785156,0.0,0.0,0.130397230386734
254,30.66326332092285,-92.88575744628906,8911.58984375,12.831239700317383,0.8542364239692688,41.0,42.705081939697266,1.0,42.705081939697266,70.19999694824219,0.0,0.057931918650865555,70.19999694824219,0.10000000149011612,292.00054931640625,0.0,0.0,0.1333240419626236
255,30.66577911376953,-92.87296295166016,8930.6396484375,12.415555953979492,0.8678141832351685,41.0,42.67942810058594,1.0,42.67942810058594,70.19999694824219,0.0,0.05495382472872734,70.19999694824219,0.10000000149011612,291.8251647949219,0.0,0.0,0.0
256,30.668296813964844,-92.86016082763672,8949.6904296875,20.371116638183594,0.7519941329956055,42.0,42.653804779052734,1.0,42.653804779052734,70.19999694824219,0.0,0.0553852804005146,70.19999694824219,0.10000000149011612,291.6499328613281,0.0,0.13916759192943573,0.0
257,30.67086410522461,-92.84695434570312,8972.181640625,10.137528419494629,0.7618284821510315,42.0,43.974159240722656,1.0,43.974159240722656,70.19999694824219,0.0,0.062343351542949677,70.19999694824219,0.10000000149011612,300.6780090332031,0.0,0.0,0.0
258,30.673444747924805,-92.83364868164062,8995.533203125,10.321446418762207,0.7809435725212097,42.0,44.30466079711914,1.0,44.30466079711914,70.19999694824219,0.0,0.0551685132086277,70.19999694824219,0.10000000149011612,302.9378356933594,0.0,0.0,0.0
259,30.676025390625,-92.82034301757812,9018.884765625,23.679054260253906,0.9170355796813965,43.0,44.30353927612305,1.0,44.30353927612305,70.19999694824219,0.0,0.06233404204249382,70.19999694824219,0.10000000149011612,302.93017578125,0.0,0.0,0.0
260,30.678606033325195,-92.80703735351562,9042.236328125,14.902644157409668,0.900846540927887,43.0,44.30241775512695,1.0,44.30241775512695,70.19999694824219,0.0,0.05791524052619934,70.19999694824219,0.10000000149011612,302.9225158691406,0.0,0.0,0.0
261,30.68118667602539,-92.79373168945312,9065.587890625,22.501312255859375,0.7363383173942566,44.0,44.301300048828125,1.0,44.301300048828125,70.19999694824219,8.097353337296149e-16,0.05685596168041229,70.19999694824219,0.10000000149011612,302.91485595703125,0.0,0.0,0.0
262,30.683767318725586,-92.78042602539062,9088.939453125,9.86182689666748,0.7348005771636963,44.0,44.30017852783203,1.0,44.30017852783203,70.19999694824219,8.097353337296149e-16,0.06299791485071182,70.19999694824219,0.10000000149011612,302.9071960449219,0.0,0.0,0.0
263,30.686309814453125,-92.76719665527344,9114.2822265625,9.819356918334961,0.7365505695343018,44.0,44.00931930541992,1.0,44.00931930541992,70.19999694824219,0.0,0.05744946748018265,70.19999694824219,0.10000000149011612,300.9184265136719,0.0,0.0,0.0
264,30.688827514648438,-92.75403594970703,9140.9521484375,21.17172622680664,0.7507036924362183,45.0,43.82266616821289,1.0,43.82266616821289,70.19999694824219,8.097353337296149e-16,0.054233353585004807,70.19999694824219,0.10000000149011612,299.64215087890625,0.0,0.005964086856693029,0.0
265,30.691343307495117,-92.7408676147461,9167.6220703125,10.03907585144043,0.7595522403717041,45.0,43.834205627441406,1.0,43.834205627441406,70.19999694824219,0.0,0.057880498468875885,70.19999694824219,0.10000000149011612,299.7210693359375,0.0,0.0,0.0
266,30.693859100341797,-92.72769927978516,9194.2919921875,10.16448974609375,0.7566694021224976,45.0,43.84575271606445,1.0,43.84575271606445,70.19999694824219,0.0,0.05627134442329407,70.19999694824219,0.10000000149011612,299.8000183105469,0.0,0.0,0.003332981839776039
267,30.69637680053711,-92.71453094482422,9220.9619140625,10.076552391052246,0.7578920722007751,45.0,43.85730743408203,1.0,43.85730743408203,70.19999694824219,0.0,0.05716338008642197,70.19999694824219,0.10000000149011612,299.8790283203125,0.0,0.0,0.0
268,30.69889259338379,-92.70137023925781,9247.6318359375,10.057724952697754,0.7429762482643127,45.0,43.868865966796875,1.0,43.868865966796875,70.19999694824219,0.0,0.05437638610601425,70.19999694824219,0.10000000149011612,299.95806884765625,0.0,0.0,0.0006988784298300743
269,30.70142936706543,-92.68804931640625,9273.5400390625,9.752943992614746,0.7417466640472412,45.0,44.373294830322266,1.0,44.373294830322266,70.19999694824219,0.0,0.0572335384786129,70.19999694824219,0.10000000149011612,303.4071350097656,0.0,0.0,0.0
270,30.7039794921875,-92.67463684082031,9298.9404296875,14.897726058959961,0.9251009225845337,46.0,44.713661193847656,1.0,44.713661193847656,70.19999694824219,0.0,0.06440766155719757,70.19999694824219,0.10000000149011612,305.73443603515625,0.0,0.0,0.0
271,30.70652961730957,-92.66121673583984,9324.33984375,15.00333023071289,0.9089148044586182,46.0,44.725440979003906,1.0,44.725440979003906,70.19999694824219,0.0,0.06398504972457886,70.19999694824219,0.10000000149011612,305.8149719238281,0.0,0.0,0.0
272,30.70907974243164,-92.64779663085938,9349.740234375,14.094903945922852,0.9050915241241455,46.0,44.73722839355469,1.0,44.73722839355469,70.19999694824219,0.0,0.05809281766414642,70.19999694824219,0.10000000149011612,305.8955993652344,0.0,0.0,0.0
273,30.71162986755371,-92.63438415527344,9375.1396484375,13.853671073913574,0.90084308385849,46.0,44.7490234375,1.0,44.7490234375,70.19999694824219,0.0,0.060575082898139954,70.19999694824219,0.10000000149011612,305.9762268066406,0.0,0.0,0.0
274,30.71417999267578,-92.62096405029297,9400.5400390625,13.597062110900879,0.8977989554405212,46.0,44.760826110839844,1.0,44.760826110839844,70.19999694824219,0.0,0.05813252925872803,70.19999694824219,0.10000000149011612,306.05694580078125,0.0,0.0,0.0
275,30.71666145324707,-92.60782623291016,9421.76171875,13.395729064941406,0.9076768755912781,46.0,43.81388473510742,1.0,43.81388473510742,70.19999694824219,0.0,0.058220818638801575,70.19999694824219,0.10000000149011612,299.58209228515625,0.0,0.0,0.006964880041778088
276,30.719097137451172,-92.59487915039062,9440.1962890625,13.765335083007812,0.909214198589325,46.0,43.17181396484375,1.0,43.17181396484375,70.19999694824219,0.0,0.057436078786849976,70.19999694824219,0.10000000149011612,295.19189453125,0.0,0.0,0.08013501018285751
277,30.721532821655273,-92.58192443847656,9458.6318359375,13.764443397521973,0.9091987013816833,46.0,43.158721923828125,1.0,43.158721923828125,70.19999694824219,0.0,0.05369002744555473,70.19999694824219,0.10000000149011612,295.10235595703125,0.0,0.0,0.08162721246480942
278,30.723968505859375,-92.56897735595703,9477.0673828125,13.687098503112793,0.9078772068023682,46.0,43.145633697509766,1.0,43.145633697509766,70.19999694824219,0.0,0.058671656996011734,70.19999694824219,0.10000000149011612,295.01287841796875,0.0,0.0,0.08311858773231506
279,30.726402282714844,-92.55602264404297,9495.5029296875,13.545124053955078,0.9132267236709595,46.0,43.13255310058594,1.0,43.13255310058594,70.19999694824219,0.0,0.056993890553712845,70.19999694824219,0.10000000149011612,294.9234619140625,0.0,0.0,0.08460914343595505
280,30.728837966918945,-92.5430679321289,9513.9384765625,13.72326374053955,0.9134532809257507,46.0,43.119483947753906,1.0,43.119483947753906,70.19999694824219,0.0,0.058001577854156494,70.19999694824219,0.10000000149011612,294.8340759277344,0.0,0.0,0.08609887957572937
281,30.731273651123047,-92.53011322021484,9537.7001953125,13.650681495666504,0.9095755815505981,46.0,43.164527893066406,1.0,43.164527893066406,70.19999694824219,0.0,0.054663222283124924,70.19999694824219,0.10000000149011612,295.1420593261719,0.0,0.0,0.08096551895141602
282,30.733707427978516,-92.51714324951172,9569.4501953125,13.37419605255127,0.9069148898124695,46.0,43.83346939086914,1.0,43.83346939086914,71.0999984741211,0.0,0.05678629130125046,71.0999984741211,0.10000000149011612,295.9221496582031,0.0,0.0,0.0
283,30.73613929748535,-92.50418090820312,9601.2001953125,13.159884452819824,0.9127829074859619,46.0,43.921321868896484,1.0,43.921321868896484,71.0999984741211,0.0,0.05368930846452713,71.0999984741211,0.10000000149011612,296.5152587890625,0.0,0.0,0.05807897448539734
284,30.73857307434082,-92.4912109375,9632.9501953125,13.352266311645508,0.899131178855896,46.0,44.0095329284668,1.0,44.0095329284668,71.0999984741211,0.0,0.055068980902433395,71.0999984741211,0.10000000149011612,297.11077880859375,0.0,0.0,0.0
285,30.74100685119629,-92.4782485961914,9664.7001953125,18.018903732299805,0.7623577117919922,47.0,44.09810256958008,1.0,44.09810256958008,71.0999984741211,0.0,0.05632615089416504,71.0999984741211,0.10000000149011612,297.7087097167969,0.0,0.03818809241056442,0.0
286,30.743440628051758,-92.46527862548828,9696.4501953125,10.149992942810059,0.7573454976081848,47.0,44.187034606933594,1.0,44.187034606933594,71.0999984741211,7.99485493914009e-16,0.05556666478514671,71.0999984741211,0.10000000149011612,298.30908203125,0.0,0.0,0.0
287,30.745893478393555,-92.45219421386719,9718.5478515625,10.104880332946777,0.775498628616333,47.0,44.668357849121094,1.0,44.668357849121094,71.0999984741211,0.0,0.055034320801496506,71.0999984741211,0.10000000149011612,301.55853271484375,0.0,0.0,0.0
288,30.748376846313477,-92.43892669677734,9726.16796875,9.42466926574707,0.7183492183685303,48.0,45.3315315246582,1.0,45.3315315246582,71.0999984741211,0.0,0.054549116641283035,71.0999984741211,0.10000000149011612,306.03564453125,0.0,0.0,0.0
289,30.7508602142334,-92.4256591796875,9733.7880859375,9.53652572631836,0.708198070526123,48.0,45.38349533081055,1.0,45.38349533081055,71.0999984741211,0.0,0.05757688358426094,71.0999984741211,0.10000000149011612,306.3864440917969,0.0,0.0,0.0
290,30.75334358215332,-92.41239166259766,9741.408203125,20.42725944519043,0.6665182113647461,49.0,45.435577392578125,1.0,45.435577392578125,71.0999984741211,0.0,0.059176597744226456,71.0999984741211,0.10000000149011612,306.73809814453125,0.0,0.0,0.0
291,30.755826950073242,-92.39912414550781,9749.0283203125,8.863044738769531,0.6573231220245361,49.0,45.48778533935547,1.0,45.48778533935547,71.0999984741211,0.0,0.06532196700572968,71.0999984741211,0.10000000149011612,307.0905456542969,0.0,0.0,0.0
292,30.758310317993164,-92.38585662841797,9756.6484375,24.963733673095703,0.8222486972808838,50.0,45.54011535644531,1.0,45.54011535644531,71.0999984741211,0.0,0.05679422616958618,71.0999984741211,0.10000000149011612,307.4438171386719,0.0,0.0,0.0
293,30.760732650756836,-92.37286376953125,9760.7119140625,19.82379150390625,0.8165222406387329,50.0,44.6416015625,1.0,44.6416015625,71.0999984741211,0.0,0.05482633784413338,71.0999984741211,0.10000000149011612,301.3778991699219,0.0,0.0,0.0
294,30.7630672454834,-92.36026000976562,9759.4423828125,11.509565353393555,0.8023492693901062,50.0,43.241668701171875,1.0,43.241668701171875,71.0999984741211,0.0,0.06369029730558395,71.0999984741211,0.10000000149011612,291.9268798828125,0.0,0.0,0.13455185294151306
295,30.765399932861328,-92.34765625,9758.171875,11.192913055419922,0.8105565905570984,50.0,43.22797393798828,1.0,43.22797393798828,71.0999984741211,0.0,0.057207703590393066,71.0999984741211,0.10000000149011612,291.83441162109375,0.0,0.0,0.0
296,30.767732620239258,-92.3350601196289,9756.90234375,10.712677955627441,0.7773151993751526,51.0,43.21428298950195,1.0,43.21428298950195,71.0999984741211,0.0,0.05493684113025665,71.0999984741211,0.10000000149011612,291.74200439453125,0.0,0.13763345777988434,0.0
297,30.77006721496582,-92.32245635986328,9755.6318359375,10.67348575592041,0.7697655558586121,51.0,43.200599670410156,1.0,43.200599670410156,71.0999984741211,0.0,0.05418168753385544,71.0999984741211,0.10000000149011612,291.6496276855469,0.0,0.0,0.0
298,30.77239990234375,-92.30986022949219,9754.3623046875,10.520697593688965,0.7773680090904236,51.0,43.186927795410156,1.0,43.186927795410156,71.0999984741211,0.0,0.055399175733327866,71.0999984741211,0.10000000149011612,291.55731201171875,0.0,0.0,0.1407114714384079
299,30.774799346923828,-92.2968978881836,9753.599609375,10.653684616088867,0.7619684934616089,51.0,44.40220642089844,1.0,44.40220642089844,71.0999984741211,0.0,0.05750511214137077,71.0999984741211,0.10000000149011612,299.7617492675781,0.0,0.0,0.0
300,30.777299880981445,-92.28340148925781,9753.599609375,10.345041275024414,0.7564699053764343,51.0,46.22575378417969,1.0,46.22575378417969,71.0999984741211,0.0,0.061179593205451965,71.0999984741211,0.10000000149011612,312.0726013183594,0.0,0.0,0.0
301,30.779800415039062,-92.2698974609375,9753.599609375,19.877840042114258,0.6945698857307434,52.0,46.199214935302734,1.0,46.199214935302734,71.0999984741211,0.0,0.05322916433215141,71.0999984741211,0.10000000149011612,311.8934326171875,0.0,0.0,0.0
302,30.78230094909668,-92.25640106201172,9753.599609375,9.208822250366211,0.6840840578079224,52.0,46.17270278930664,1.0,46.17270278930664,71.0999984741211,0.0,0.05402297526597977,71.0999984741211,0.10000000149011612,311.7144470214844,0.0,0.0,0.0
303,30.784799575805664,-92.2428970336914,9753.599609375,20.42270851135254,0.5326210856437683,53.0,46.08131790161133,1.0,46.08131790161133,71.0,0.0,0.05472392216324806,71.0,0.0,311.5356750488281,0.0,0.0,0.0
304,30.78730010986328,-92.22940063476562,9753.599609375,13.38210391998291,0.5111750960350037,53.0,45.40624237060547,1.0,45.40624237060547,70.0,0.0,0.05503397062420845,70.0,0.0,311.3570861816406,0.0,0.0,0.0
305,30.7898006439209,-92.21589660644531,9753.599609375,7.047969818115234,0.5069649815559387,53.0,46.02851486206055,1.0,46.02851486206055,71.0,0.0,0.053361646831035614,71.0,0.0,311.1786804199219,0.0,0.0,0.0
306,30.79218292236328,-92.2030029296875,9753.599609375,23.323802947998047,0.83636075258255,54.0,44.00297927856445,1.0,44.00297927856445,71.0,0.0,0.05628684535622597,71.0,0.0,297.48492431640625,0.0,0.04191778227686882,0.0
307,30.794567108154297,-92.19010162353516,9753.599609375,11.700366020202637,0.8492867946624756,54.0,44.33776092529297,1.0,44.33776092529297,71.5,0.0,0.05556797236204147,71.5,0.15000000596046448,297.652099609375,0.0,0.0,0.0
308,30.79694938659668,-92.17720031738281,9753.599609375,12.002431869506836,0.8425136804580688,54.0,44.36268615722656,1.0,44.36268615722656,71.5,7.950128423151511e-16,0.057322289794683456,71.5,0.15000000596046448,297.8194274902344,0.0,0.0,0.036342669278383255
309,30.799333572387695,-92.16429901123047,9753.599609375,11.752315521240234,0.8410712480545044,54.0,44.38764572143555,1.0,44.38764572143555,71.5,0.0,0.057390108704566956,71.5,0.15000000596046448,297.98699951171875,0.0,0.0,0.0
310,30.801715850830078,-92.15139770507812,9753.599609375,11.649771690368652,0.8269276022911072,54.0,44.41263198852539,1.0,44.41263198852539,71.5,0.0,0.054625753313302994,71.5,0.15000000596046448,298.15472412109375,0.0,0.0,0.030754508450627327
311,30.804100036621094,-92.13849639892578,9753.599609375,11.212984085083008,0.8189874887466431,54.0,44.43764877319336,1.0,44.43764877319336,71.5,0.0,0.0586266964673996,71.5,0.15000000596046448,298.3226623535156,0.0,0.0,0.0
312,30.80638313293457,-92.12613677978516,9779.0,15.91325569152832,0.6673830151557922,55.0,42.63578414916992,1.0,42.63578414916992,71.5,0.0,0.0534173846244812,71.5,0.15000000596046448,286.22625732421875,0.0,0.22956256568431854,0.0
313,30.808666229248047,-92.11376953125,9804.400390625,8.236095428466797,0.6557037234306335,55.0,42.67241668701172,1.0,42.67241668701172,71.5,0.0,0.05548415705561638,71.5,0.15000000596046448,286.47216796875,0.0,0.0,0.0
314,30.810949325561523,-92.10140228271484,9829.7998046875,8.013370513916016,0.6334859728813171,55.0,42.7091178894043,1.0,42.7091178894043,71.5,0.0,0.05360039696097374,71.5,0.15000000596046448,286.7185363769531,0.0,0.0,0.22135762870311737
315,30.813232421875,-92.08903503417969,9855.2001953125,7.666232585906982,0.6345760226249695,55.0,42.745880126953125,1.0,42.745880126953125,71.5,0.0,0.05421454831957817,71.5,0.15000000596046448,286.96533203125,0.0,0.0,0.21724429726600647
316,30.81551742553711,-92.07666778564453,9880.599609375,7.601051330566406,0.6333636045455933,55.0,42.78270721435547,1.0,42.78270721435547,71.5,0.0,0.06392251700162888,71.5,0.15000000596046448,287.21258544921875,0.0,0.0,0.21312369406223297
317,30.817800521850586,-92.06430053710938,9906.0,7.506137371063232,0.6459991931915283,55.0,42.81959915161133,1.0,42.81959915161133,71.5,0.0,0.05691099166870117,71.5,0.15000000596046448,287.46026611328125,0.0,0.0,0.20899581909179688
318,30.82015037536621,-92.0514144897461,9930.1298828125,7.575592994689941,0.6515381336212158,55.0,44.62358474731445,1.0,44.62358474731445,71.5,0.0,0.05701783671975136,71.5,0.15000000596046448,299.5709228515625,0.0,0.0,0.0071513839066028595
319,30.822500228881836,-92.03853607177734,9954.259765625,7.555606365203857,0.6410765647888184,55.0,44.662105560302734,1.0,44.662105560302734,71.5,0.0,0.057236406952142715,71.5,0.15000000596046448,299.8294982910156,0.0,0.0,0.0
320,30.82485008239746,-92.02565002441406,9978.3896484375,7.3365302085876465,0.6364424228668213,55.0,44.70069122314453,1.0,44.70069122314453,71.5,0.0,0.05802980065345764,71.5,0.15000000596046448,300.08856201171875,0.0,0.0,0.0
321,30.827199935913086,-92.01276397705078,10002.51953125,25.227575302124023,0.7940183877944946,56.0,44.739349365234375,1.0,44.739349365234375,71.5,0.0,0.06043897569179535,71.5,0.15000000596046448,300.34808349609375,0.0,0.0,0.0
322,30.82954978942871,-91.99988555908203,10026.650390625,17.778207778930664,0.7942094206809998,56.0,44.778072357177734,1.0,44.778072357177734,71.5,0.0,0.05490795150399208,71.5,0.15000000596046448,300.6080322265625,0.0,0.0,0.0
323,30.831899642944336,-91.98699951171875,10050.7802734375,10.831461906433105,0.8104869723320007,56.0,44.81686782836914,1.0,44.81686782836914,71.5,7.950128423151511e-16,0.05492214113473892,71.5,0.15000000596046448,300.86846923828125,0.0,0.0,0.0
324,30.8342342376709,-91.97423553466797,10072.3701171875,24.581071853637695,0.7947331666946411,57.0,44.44011688232422,1.0,44.44011688232422,71.5,0.0,0.05729806423187256,71.5,0.15000000596046448,298.3392333984375,0.0,0.02767924964427948,0.0
325,30.836566925048828,-91.96146392822266,10093.9599609375,10.929911613464355,0.8003886342048645,57.0,44.465476989746094,1.0,44.465476989746094,71.5,0.0,0.055970486253499985,71.5,0.15000000596046448,298.5094909667969,0.0,0.0,0.0
326,30.838899612426758,-91.94869995117188,10115.5498046875,11.087935447692871,0.8029938340187073,57.0,44.490867614746094,1.0,44.490867614746094,71.5,0.0,0.05457039922475815,71.5,0.15000000596046448,298.6799621582031,0.0,0.0,0.02200072444975376
327,30.84123420715332,-91.9359359741211,10137.1396484375,11.176982879638672,0.7936025261878967,57.0,44.51628875732422,1.0,44.51628875732422,71.5,0.0,0.05753684416413307,71.5,0.15000000596046448,298.8506164550781,0.0,0.0,0.0
328,30.84356689453125,-91.92316436767578,10158.73046875,11.001923561096191,0.7926490306854248,57.0,44.54174041748047,1.0,44.54174041748047,71.5,0.0,0.06073257327079773,71.5,0.15000000596046448,299.021484375,0.0,0.0,0.01630871556699276
329,30.84589958190918,-91.910400390625,10180.3203125,11.004179954528809,0.7935406565666199,57.0,44.567222595214844,1.0,44.567222595214844,71.5,0.0,0.05697866901755333,71.5,0.15000000596046448,299.1925354003906,0.0,0.0,0.0
330,30.848234176635742,-91.8975830078125,10198.099609375,16.764575958251953,0.561586856842041,58.0,44.73324966430664,1.0,44.73324966430664,71.5,0.0,0.055608510971069336,71.5,0.15000000596046448,300.30712890625,0.0,0.0,0.0
331,30.850566864013672,-91.884765625,10215.8798828125,7.781857967376709,0.5561798810958862,58.0,44.732215881347656,1.0,44.732215881347656,71.5,7.950128423151511e-16,0.05951303988695145,71.5,0.15000000596046448,300.3001708984375,0.0,0.0,0.0
332,30.8528995513916,-91.8719482421875,10233.66015625,24.131792068481445,0.7561970949172974,59.0,44.731178283691406,1.0,44.731178283691406,71.5,0.0,0.056659042835235596,71.5,0.15000000596046448,300.293212890625,0.0,0.0,0.0
333,30.855234146118164,-91.859130859375,10251.4404296875,10.3392333984375,0.7539551258087158,59.0,44.73014450073242,1.0,44.73014450073242,71.5,0.0,0.0559203177690506,71.5,0.15000000596046448,300.2862854003906,0.0,0.0,0.0
334,30.857566833496094,-91.8463134765625,10269.2197265625,10.296164512634277,0.7573308944702148,59.0,44.72910690307617,1.0,44.72910690307617,71.5,0.0,0.0535893440246582,71.5,0.15000000596046448,300.2793273925781,0.0,0.0,0.0
335,30.859899520874023,-91.83350372314453,10287.0,21.94943618774414,0.6789519786834717,60.0,44.72806930541992,1.0,44.72806930541992,71.5,0.0,0.056700922548770905,71.5,0.15000000596046448,300.2723693847656,0.0,0.0,0.0
336,30.86221694946289,-91.82063293457031,10309.8603515625,9.118498802185059,0.6967964172363281,60.0,44.90730667114258,1.0,44.90730667114258,71.5,0.0,0.05668941140174866,71.5,0.15000000596046448,301.4756164550781,0.0,0.0,0.0
337,30.864532470703125,-91.80776977539062,10332.7197265625,22.09126853942871,0.6332005262374878,61.0,44.93303298950195,1.0,44.93303298950195,71.5,0.0,0.05289082229137421,71.5,0.15000000596046448,301.6483459472656,0.0,0.0,0.0
338,30.866849899291992,-91.7948989868164,10355.580078125,18.895360946655273,0.6157053709030151,61.0,44.95879364013672,1.0,44.95879364013672,71.5,0.0,0.052943918853998184,71.5,0.15000000596046448,301.8212585449219,0.0,0.0,0.0
339,30.86916732788086,-91.78203582763672,10378.4404296875,8.26597785949707,0.604097843170166,61.0,44.984580993652344,1.0,44.984580993652344,71.5,7.950128423151511e-16,0.05299439653754234,71.5,0.15000000596046448,301.994384765625,0.0,0.0,0.0
340,30.871482849121094,-91.7691650390625,10401.2998046875,23.015125274658203,0.6907154321670532,62.0,45.01040267944336,1.0,45.01040267944336,71.5,0.0,0.054502133280038834,71.5,0.15000000596046448,302.167724609375,0.0,0.0,0.0
341,30.87380027770996,-91.75630187988281,10424.16015625,16.00223159790039,0.6943207383155823,62.0,45.036251068115234,1.0,45.036251068115234,71.5,0.0,0.055163074284791946,71.5,0.15000000596046448,302.3412780761719,0.0,0.0,0.0
342,30.87605094909668,-91.74382019042969,10448.2900390625,9.14421272277832,0.6924980878829956,62.0,43.721534729003906,1.0,43.721534729003906,71.5,0.0,0.05294887349009514,71.5,0.15000000596046448,293.51519775390625,0.0,0.0,0.1080799549818039
343,30.878299713134766,-91.73133087158203,10472.419921875,9.07198715209961,0.693566083908081,62.0,43.7467041015625,1.0,43.7467041015625,71.5,0.0,0.06370454281568527,71.5,0.15000000596046448,293.6841735839844,0.0,0.0,0.0
344,30.880550384521484,-91.7188491821289,10496.5498046875,7.595627784729004,0.5733104944229126,63.0,49.58775329589844,1.0,49.58775329589844,81.0,0.0,0.05544586107134819,81.0,0.15000000596046448,293.8533630371094,0.0,0.10244402289390564,0.0
345,30.88279914855957,-91.70636749267578,10520.6796875,7.544174671173096,0.5842684507369995,63.0,49.616336822509766,1.0,49.616336822509766,81.0,0.0,0.053273431956768036,81.0,0.15000000596046448,294.0227355957031,0.0,0.0,0.0
346,30.88504981994629,-91.69388580322266,10544.8095703125,7.598689556121826,0.5907568335533142,63.0,49.644954681396484,1.0,49.644954681396484,81.0,0.0,0.05383559316396713,81.0,0.15000000596046448,294.19232177734375,0.0,0.0,0.09679462015628815
347,30.887300491333008,-91.681396484375,10568.9404296875,7.604809284210205,0.5836543440818787,63.0,49.673606872558594,1.0,49.673606872558594,81.0,0.0,0.05557665228843689,81.0,0.15000000596046448,294.36212158203125,0.0,0.0,0.0939648449420929
348,30.889686584472656,-91.6681900024414,10583.6884765625,7.464189052581787,0.5769169330596924,63.0,52.56837463378906,1.0,52.56837463378906,81.0,0.0,0.056905657052993774,81.0,0.15000000596046448,311.51629638671875,0.0,0.0,0.0
349,30.892074584960938,-91.65498352050781,10598.4365234375,16.821945190429688,0.6007696986198425,64.0,52.5671272277832,1.0,52.5671272277832,81.0,0.0,0.05865953862667084,81.0,0.15000000596046448,311.5089111328125,0.0,0.0,0.0
350,30.894460678100586,-91.64176940917969,10613.185546875,7.49635124206543,0.6046001315116882,64.0,52.565879821777344,1.0,52.565879821777344,81.0,0.0,0.05641663447022438,81.0,0.15000000596046448,311.5014953613281,0.0,0.0,0.0
351,30.896848678588867,-91.6285629272461,10627.93359375,7.45803165435791,0.6083073019981384,64.0,52.56462860107422,1.0,52.56462860107422,81.0,0.0,0.060365788638591766,81.0,0.15000000596046448,311.4941101074219,0.0,0.0,0.0
352,30.899234771728516,-91.61534881591797,10642.681640625,7.35243034362793,0.6052051782608032,65.0,52.56338119506836,1.0,52.56338119506836,81.0,0.0,0.06219197437167168,81.0,0.15000000596046448,311.4866943359375,0.0,0.0,0.0
353,30.901622772216797,-91.60214233398438,10657.4306640625,7.295099258422852,0.5994954705238342,65.0,52.5621337890625,1.0,52.5621337890625,81.0,0.0,0.05646558478474617,81.0,0.15000000596046448,311.47930908203125,0.0,0.0,0.0
354,30.903913497924805,-91.58941650390625,10661.396484375,7.143734931945801,0.6062961220741272,65.0,50.624752044677734,1.0,50.624752044677734,81.0,0.0,0.060958534479141235,81.0,0.15000000596046448,299.99853515625,0.0,0.0,2.4484770619892515e-05
355,30.906179428100586,-91.57682037353516,10662.666015625,7.129945755004883,0.6051180958747864,65.0,50.151466369628906,1.0,50.151466369628906,81.0,0.0,0.05317200347781181,81.0,0.15000000596046448,297.1938781738281,0.0,0.0,0.046768929809331894
356,30.908447265625,-91.56421661376953,10663.935546875,7.0274739265441895,0.5978690385818481,65.0,50.16537857055664,1.0,50.16537857055664,81.0,7.017706084484505e-16,0.05803368240594864,81.0,0.15000000596046448,297.27630615234375,0.0,0.0,0.0
357,30.91071319580078,-91.55162048339844,10665.2060546875,6.856980800628662,0.5730838179588318,65.0,50.17930221557617,1.0,50.17930221557617,81.0,0.0,0.05384228751063347,81.0,0.15000000596046448,297.35882568359375,0.0,0.0,0.04401968792080879
358,30.912979125976562,-91.53901672363281,10666.4755859375,6.503902435302734,0.5535256266593933,65.0,50.19322967529297,1.0,50.19322967529297,81.0,0.0,0.05480550602078438,81.0,0.15000000596046448,297.4413757324219,0.0,0.0,0.0
359,30.915246963500977,-91.52642059326172,10667.74609375,6.214351654052734,0.5576686859130859,65.0,50.20716857910156,1.0,50.20716857910156,81.0,0.0,0.05742999538779259,81.0,0.15000000596046448,297.5239562988281,0.0,0.0,0.04126717522740364
360,30.91749382019043,-91.51388549804688,10668.0,6.158288478851318,0.5572724938392639,65.0,49.9229621887207,1.0,49.9229621887207,81.0,0.0,0.053343262523412704,81.0,0.15000000596046448,295.83978271484375,0.0,0.0,0.0
361,30.919734954833984,-91.50137329101562,10668.0,22.649913787841797,0.7505496144294739,66.0,49.83876419067383,1.0,49.83876419067383,81.0,0.0,0.06062363088130951,81.0,0.15000000596046448,295.3408203125,0.0,0.07765289396047592,0.0
362,30.921977996826172,-91.48885345458984,10668.0,10.145307540893555,0.7385776042938232,66.0,49.82318115234375,1.0,49.82318115234375,81.0,0.0,0.058481618762016296,81.0,0.15000000596046448,295.24847412109375,0.0,0.0,0.0
363,30.924219131469727,-91.4763412475586,10668.0,9.977140426635742,0.734897792339325,66.0,49.19269561767578,1.0,49.19269561767578,80.0,0.0,0.0538928359746933,80.0,0.0,295.1561584472656,0.0,0.0,0.08073055744171143
364,30.926462173461914,-91.46382141113281,10668.0,9.947148323059082,0.7366153001785278,66.0,50.40675354003906,1.0,50.40675354003906,82.0,0.0,0.054668277502059937,82.0,0.15000000596046448,295.06390380859375,0.0,0.0,0.0
365,30.92870330810547,-91.45130920410156,10668.0,10.001288414001465,0.7441039085388184,66.0,50.083740234375,1.0,50.083740234375,81.5,0.0,0.06340846419334412,81.5,0.15000000596046448,294.9717102050781,0.0,0.0,0.0838046744465828
366,30.93096923828125,-91.43856048583984,10668.0,10.147544860839844,0.7281570434570312,66.0,50.983192443847656,1.0,50.983192443847656,81.5,0.0,0.05733219161629677,81.5,0.15000000596046448,300.26910400390625,0.0,0.0,0.0
367,30.93325424194336,-91.4256591796875,10668.0,18.037240982055664,0.8013413548469543,67.0,51.586341857910156,1.0,51.586341857910156,81.5,6.974652458566753e-16,0.05334167182445526,81.5,0.15000000596046448,303.8213806152344,0.0,0.0,0.0
368,30.935537338256836,-91.41275787353516,10668.0,11.274635314941406,0.8004972338676453,67.0,51.58516311645508,1.0,51.58516311645508,81.5,0.0,0.055136099457740784,81.5,0.15000000596046448,303.814453125,0.0,0.0,0.0
369,30.937820434570312,-91.39985656738281,10668.0,23.79099464416504,0.7452228665351868,68.0,51.583988189697266,1.0,51.583988189697266,81.5,0.0,0.05484698712825775,81.5,0.15000000596046448,303.80755615234375,0.0,0.0,0.0
370,30.94010353088379,-91.386962890625,10668.0,10.20048999786377,0.7396364212036133,68.0,51.58281326293945,1.0,51.58281326293945,81.5,0.0,0.06089118868112564,81.5,0.15000000596046448,303.8006286621094,0.0,0.0,0.0
371,30.942386627197266,-91.37406158447266,10668.0,21.835134506225586,0.5299428701400757,69.0,51.58163833618164,1.0,51.58163833618164,81.5,0.0,0.059112198650836945,81.5,0.15000000596046448,303.793701171875,0.0,0.0,0.0
372,30.944610595703125,-91.36152648925781,10668.0,18.644575119018555,0.5420640110969543,69.0,50.09705352783203,1.0,50.09705352783203,81.5,0.0,0.05750231444835663,81.5,0.15000000596046448,295.05010986328125,0.0,0.0,0.0
373,30.946792602539062,-91.3492431640625,10668.0,7.623998641967773,0.53695148229599,69.0,49.09849548339844,1.0,49.09849548339844,81.5,0.0,0.05843987315893173,81.5,0.15000000596046448,289.1690673828125,0.0,0.0,0.1805156171321869
374,30.948976516723633,-91.33695983886719,10668.0,7.5562214851379395,0.5303017497062683,69.0,49.08272171020508,1.0,49.08272171020508,81.5,0.0,0.05971996858716011,81.5,0.15000000596046448,289.0761413574219,0.0,0.0,0.0
375,30.951160430908203,-91.32467651367188,10668.0,17.6920108795166,0.6485852599143982,70.0,49.06695556640625,1.0,49.06695556640625,81.5,0.0,0.05254179984331131,81.5,0.15000000596046448,288.9832763671875,0.0,0.18361184000968933,0.0
376,30.95334243774414,-91.31239318847656,10668.0,8.701143264770508,0.62739497423172,70.0,49.05119705200195,1.0,49.05119705200195,81.5,0.0,0.05727006867527962,81.5,0.15000000596046448,288.8904724121094,0.0,0.0,0.0
377,30.95552635192871,-91.30010986328125,10668.0,8.4134521484375,0.6193509101867676,70.0,49.03544998168945,1.0,49.03544998168945,81.5,0.0,0.05678918957710266,81.5,0.15000000596046448,288.7977294921875,0.0,0.0,0.1867043823003769
378,30.957763671875,-91.2874984741211,10668.0,8.282830238342285,0.6239194869995117,70.0,50.34549331665039,1.0,50.34549331665039,81.5,0.0,0.05245944857597351,81.5,0.15000000596046448,296.5133361816406,0.0,0.0,0.0
379,30.960039138793945,-91.274658203125,10668.0,8.2919340133667,0.6325951814651489,70.0,51.21319580078125,1.0,51.21319580078125,81.5,0.0,0.05876481905579567,81.5,0.15000000596046448,301.62371826171875,0.0,0.0,0.0
380,30.962312698364258,-91.2618179321289,10668.0,21.69559669494629,0.619789183139801,71.0,51.19721221923828,1.0,51.19721221923828,81.5,0.0,0.05884040147066116,81.5,0.15000000596046448,301.52960205078125,0.0,0.0,0.0
381,30.96458625793457,-91.24897766113281,10668.0,8.142972946166992,0.6092420220375061,71.0,51.18124008178711,1.0,51.18124008178711,81.5,0.0,0.056795891374349594,81.5,0.15000000596046448,301.4355163574219,0.0,0.0,0.0
382,30.966861724853516,-91.23614501953125,10668.0,22.476028442382812,0.6748847961425781,72.0,51.16527557373047,1.0,51.16527557373047,81.5,0.0,0.056682899594306946,81.5,0.15000000596046448,301.34149169921875,0.0,0.0,0.0
383,30.969135284423828,-91.22330474853516,10668.0,20.158512115478516,0.6739923357963562,72.0,51.149322509765625,1.0,51.149322509765625,81.5,0.0,0.05643151327967644,81.5,0.15000000596046448,301.2475280761719,0.0,0.0,0.0
384,30.971433639526367,-91.2103271484375,10668.0,8.627488136291504,0.6654767990112305,72.0,51.675323486328125,1.0,51.675323486328125,81.5,6.974652458566753e-16,0.05814530327916145,81.5,0.15000000596046448,304.345458984375,0.0,0.0,0.0
385,30.973766326904297,-91.1971435546875,10668.0,21.74441909790039,0.5938711166381836,73.0,52.46516036987305,1.0,52.46516036987305,81.5,0.0,0.05661087483167648,81.5,0.15000000596046448,308.9972839355469,0.0,0.0,0.0
386,30.97610092163086,-91.1839599609375,10668.0,15.380331039428711,0.5861502885818481,73.0,52.43264389038086,1.0,52.43264389038086,81.5,6.974652458566753e-16,0.05208754539489746,81.5,0.15000000596046448,308.8057556152344,0.0,0.0,0.0
387,30.97843360900879,-91.1707763671875,10668.0,21.457258224487305,0.648719310760498,74.0,52.40016174316406,1.0,52.40016174316406,81.5,6.974652458566753e-16,0.055477406829595566,81.5,0.15000000596046448,308.61444091796875,0.0,0.0,0.0
388,30.98076629638672,-91.1575927734375,10668.0,8.03269100189209,0.6552450060844421,74.0,52.36771774291992,1.0,52.36771774291992,81.5,0.0,0.062060512602329254,81.5,0.15000000596046448,308.4233703613281,0.0,0.0,0.0
389,30.98310089111328,-91.1444091796875,10668.0,8.195737838745117,0.6478841304779053,74.0,52.3353157043457,1.0,52.3353157043457,81.5,0.0,0.06163943186402321,81.5,0.15000000596046448,308.2325439453125,0.0,0.0,0.0
390,30.985366821289062,-91.13152313232422,10668.0,16.446590423583984,0.533957839012146,75.0,51.10047912597656,1.0,51.10047912597656,81.5,0.0,0.05828535556793213,81.5,0.15000000596046448,300.95989990234375,0.0,0.0,0.0
391,30.987533569335938,-91.11909484863281,10668.0,7.0381927490234375,0.5433380603790283,75.0,49.266475677490234,1.0,49.266475677490234,81.5,0.0,0.05844004452228546,81.5,0.15000000596046448,290.15838623046875,0.0,0.0,0.1640269011259079
392,30.989700317382812,-91.10665893554688,10668.0,7.193728923797607,0.5453512072563171,75.0,49.23612594604492,1.0,49.23612594604492,81.5,0.0,0.05753656104207039,81.5,0.15000000596046448,289.9796142578125,0.0,0.0,0.0
393,30.991867065429688,-91.09422302246094,10668.0,14.150504112243652,0.595737099647522,76.0,49.205806732177734,1.0,49.205806732177734,81.5,0.0,0.05923420190811157,81.5,0.15000000596046448,289.80108642578125,0.0,0.16998200118541718,0.0
394,30.994033813476562,-91.08179473876953,10668.0,7.847007751464844,0.5894742012023926,76.0,49.17552947998047,1.0,49.17552947998047,81.5,0.0,0.057847026735544205,81.5,0.15000000596046448,289.62274169921875,0.0,0.0,0.0
395,30.996200561523438,-91.0693588256836,10668.0,7.8366618156433105,0.5888435244560242,76.0,49.14528274536133,1.0,49.14528274536133,81.5,0.0,0.05365953594446182,81.5,0.15000000596046448,289.4446105957031,0.0,0.0,0.17592297494411469
396,30.9984130859375,-91.05665588378906,10668.5078125,7.882458686828613,0.5862101316452026,76.0,50.19990158081055,1.0,50.19990158081055,81.5,0.0,0.056731607764959335,81.5,0.15000000596046448,295.6558532714844,0.0,0.0,0.0724024623632431
397,31.000696182250977,-91.04353332519531,10669.7783203125,7.904143333435059,0.5844518542289734,76.0,51.80188751220703,1.0,51.80188751220703,81.5,0.0,0.05450969934463501,81.5,0.15000000596046448,305.09088134765625,0.0,0.0,0.0
398,31.002979278564453,-91.0304183959961,10671.0478515625,21.627975463867188,0.660216748714447,77.0,51.78535079956055,1.0,51.78535079956055,81.5,0.0,0.05452366918325424,81.5,0.15000000596046448,304.99346923828125,0.0,0.0,0.0
399,31.005264282226562,-91.01730346679688,10672.318359375,8.848097801208496,0.6596747636795044,77.0,51.76882553100586,1.0,51.76882553100586,81.5,0.0,0.05424584820866585,81.5,0.15000000596046448,304.8961486816406,0.0,0.0,0.0
400,31.00754737854004,-91.00418853759766,10673.587890625,22.50973129272461,0.4739310145378113,78.0,51.7523078918457,1.0,51.7523078918457,81.5,6.974652458566753e-16,0.057326532900333405,81.5,0.15000000596046448,304.7988586425781,0.0,0.0,0.0
401,31.009830474853516,-90.99107360839844,10674.8583984375,16.25120735168457,0.4734671115875244,78.0,51.735801696777344,1.0,51.735801696777344,81.5,0.0,0.05338267609477043,81.5,0.15000000596046448,304.7016296386719,0.0,0.0,0.0
402,31.0120792388916,-90.9781723022461,10675.1123046875,7.040767669677734,0.4733507037162781,78.0,51.82908630371094,1.0,51.82908630371094,83.0,0.0,0.05656162276864052,83.0,0.15000000596046448,299.7344970703125,0.0,0.0,0.004425281658768654
403,31.014280319213867,-90.96560668945312,10673.841796875,7.0607500076293945,0.48624491691589355,78.0,49.97412109375,1.0,49.97412109375,82.0,0.0,0.063452810049057,82.0,0.0,292.53143310546875,0.0,0.0,0.0
404,31.0164794921875,-90.95304107666016,10672.572265625,7.111926555633545,0.48265355825424194,79.0,50.0472526550293,1.0,50.0472526550293,82.0,0.0,0.061403997242450714,82.0,0.0,292.95953369140625,0.0,0.11734132468700409,0.0
405,31.018680572509766,-90.94047546386719,10671.3017578125,7.163990020751953,0.4674769937992096,79.0,50.12059783935547,1.0,50.12059783935547,82.0,0.0,0.05282266065478325,82.0,0.0,293.3888854980469,0.0,0.0,0.0
406,31.0208797454834,-90.92790985107422,10670.0322265625,7.043831825256348,0.4815472364425659,79.0,50.50022888183594,1.0,50.50022888183594,82.5,0.0,0.05312089994549751,82.5,0.15000000596046448,293.81951904296875,0.0,0.0,0.1030082255601883
407,31.023080825805664,-90.91533660888672,10668.76171875,7.160467147827148,0.46749594807624817,79.0,50.574462890625,1.0,50.574462890625,82.5,0.0,0.053171128034591675,82.5,0.15000000596046448,294.2514343261719,0.0,0.0,0.09580960869789124
408,31.025299072265625,-90.90263366699219,10666.984375,7.039557456970215,0.46331241726875305,79.0,51.19681930541992,1.0,51.19681930541992,82.5,0.0,0.060381826013326645,82.5,0.15000000596046448,297.8724060058594,0.0,0.0,0.0
409,31.027549743652344,-90.88971710205078,10664.4443359375,19.159761428833008,0.4982544779777527,80.0,52.08236312866211,1.0,52.08236312866211,82.5,0.0,0.057949673384428024,82.5,0.15000000596046448,303.024658203125,0.0,0.0,0.0
410,31.029800415039062,-90.87680053710938,10661.904296875,7.272462368011475,0.5047521591186523,80.0,52.12795639038086,1.0,52.12795639038086,82.5,6.890111158892485e-16,0.05616830661892891,82.5,0.15000000596046448,303.2899475097656,0.0,0.0,0.0
411,31.03204917907715,-90.86388397216797,10659.3642578125,23.487586975097656,0.6057294607162476,81.0,52.17363357543945,1.0,52.17363357543945,82.5,0.0,0.052648238837718964,82.5,0.15000000596046448,303.5556945800781,0.0,0.0,0.0
412,31.034299850463867,-90.85096740722656,10656.82421875,16.596240997314453,0.6163843870162964,81.0,52.219390869140625,1.0,52.219390869140625,82.5,0.0,0.05638270825147629,82.5,0.15000000596046448,303.8218994140625,0.0,0.0,0.0
413,31.036550521850586,-90.83805084228516,10654.2841796875,8.360288619995117,0.6135178208351135,81.0,52.265228271484375,1.0,52.265228271484375,82.5,0.0,0.06908299773931503,82.5,0.15000000596046448,304.0885925292969,0.0,0.0,0.0
414,31.03878402709961,-90.82516479492188,10652.759765625,20.68754768371582,0.3997219204902649,82.0,52.15631103515625,1.0,52.15631103515625,82.5,0.0,0.06441492587327957,82.5,0.15000000596046448,303.45489501953125,0.0,0.0,0.0
415,31.040992736816406,-90.81232452392578,10652.759765625,6.338323593139648,0.4030208885669708,82.0,51.95124435424805,1.0,51.95124435424805,82.5,0.0,0.05472589656710625,82.5,0.15000000596046448,302.26177978515625,0.0,0.0,0.0
416,31.043203353881836,-90.79948425292969,10652.759765625,6.316556453704834,0.3985348641872406,82.0,51.95009231567383,1.0,51.95009231567383,82.5,0.0,0.05398816615343094,82.5,0.15000000596046448,302.25506591796875,0.0,0.0,0.0
417,31.045412063598633,-90.78665161132812,10652.759765625,20.780380249023438,0.6296032667160034,83.0,51.94894027709961,1.0,51.94894027709961,82.5,0.0,0.0530724823474884,82.5,0.15000000596046448,302.2483825683594,0.0,0.0,0.0
418,31.047622680664062,-90.77381134033203,10652.759765625,8.284500122070312,0.626167893409729,83.0,51.947784423828125,1.0,51.947784423828125,82.5,0.0,0.052756041288375854,82.5,0.15000000596046448,302.2416687011719,0.0,0.0,0.0
419,31.04983139038086,-90.76097106933594,10652.759765625,21.9958553314209,0.5199486613273621,84.0,51.946632385253906,1.0,51.946632385253906,82.5,0.0,0.055128663778305054,82.5,0.15000000596046448,302.2349548339844,0.0,0.0,0.0
420,31.05202293395996,-90.74824523925781,10653.005859375,16.218303680419922,0.5178771018981934,84.0,51.491737365722656,1.0,51.491737365722656,82.5,0.0,0.052880316972732544,82.5,0.15000000596046448,299.5882873535156,0.0,0.0,0.0
421,31.054136276245117,-90.73596954345703,10654.234375,6.9514265060424805,0.518136203289032,84.0,49.67804718017578,1.0,49.67804718017578,82.5,0.0,0.0550713948905468,82.5,0.15000000596046448,289.0359191894531,0.0,0.0,0.18273480236530304
422,31.05624771118164,-90.72369384765625,10655.4638671875,6.886375904083252,0.5125932693481445,84.0,49.691436767578125,1.0,49.691436767578125,82.5,0.0,0.05532288923859596,82.5,0.15000000596046448,289.11383056640625,0.0,0.0,0.18143627047538757
423,31.058361053466797,-90.71142578125,10656.693359375,6.7660908699035645,0.5176790356636047,84.0,49.704837799072266,1.0,49.704837799072266,82.5,0.0,0.055981751531362534,82.5,0.15000000596046448,289.1917724609375,0.0,0.0,0.18013697862625122
424,31.060474395751953,-90.69915008544922,10657.921875,6.737972259521484,0.5263593196868896,84.0,49.71824264526367,1.0,49.71824264526367,82.5,0.0,0.0558026023209095,82.5,0.15000000596046448,289.269775390625,0.0,0.0,0.0
425,31.06258773803711,-90.68687438964844,10659.1513671875,6.740279674530029,0.5249927639961243,84.0,49.731658935546875,1.0,49.731658935546875,82.5,0.0,0.05404633656144142,82.5,0.15000000596046448,289.34783935546875,0.0,0.0,0.17753615975379944
426,31.064699172973633,-90.67459869384766,10660.3798828125,6.648480415344238,0.5194063186645508,84.0,49.745079040527344,1.0,49.745079040527344,82.5,0.0,0.0525466725230217,82.5,0.15000000596046448,289.4259338378906,0.0,0.0,0.17623461782932281
427,31.06698989868164,-90.6612319946289,10661.609375,6.515776634216309,0.5304112434387207,84.0,54.16286087036133,1.0,54.16286087036133,82.5,0.0,0.06503400206565857,82.5,0.15000000596046448,315.1293640136719,0.0,0.0,0.0
428,31.06928062438965,-90.64785766601562,10662.837890625,6.524580478668213,0.5231475830078125,84.0,54.145851135253906,1.0,54.145851135253906,82.5,0.0,0.05478968843817711,82.5,0.15000000596046448,315.0304260253906,0.0,0.0,0.0
429,31.071571350097656,-90.63448333740234,10664.0673828125,6.363551139831543,0.5136959552764893,84.0,54.12885665893555,1.0,54.12885665893555,82.5,0.0,0.05620597302913666,82.5,0.15000000596046448,314.9315185546875,0.0,0.0,0.0
430,31.073862075805664,-90.6211166381836,10665.2958984375,6.542464256286621,0.4457341432571411,85.0,54.11186981201172,1.0,54.11186981201172,82.5,0.0,0.06135092303156853,82.5,0.15000000596046448,314.83270263671875,0.0,0.0,0.0
431,31.07615089416504,-90.60774230957031,10666.525390625,6.524759292602539,0.44212135672569275,85.0,54.09489059448242,1.0,54.09489059448242,82.5,0.0,0.05879073590040207,82.5,0.15000000596046448,314.7339172363281,0.0,0.0,0.0
432,31.078441619873047,-90.59437561035156,10667.75390625,19.366703033447266,0.42998796701431274,86.0,54.07792282104492,1.0,54.07792282104492,82.5,0.0,0.059588704258203506,82.5,0.15000000596046448,314.63519287109375,0.0,0.0,0.0
433,31.080659866333008,-90.58136749267578,10668.0,6.520352840423584,0.44469600915908813,86.0,52.594783782958984,1.0,52.594783782958984,82.5,0.0,0.05590346083045006,82.5,0.15000000596046448,306.0060119628906,0.0,0.0,0.0
434,31.082860946655273,-90.56845092773438,10668.0,23.54027557373047,0.5195929408073425,87.0,52.223934173583984,1.0,52.223934173583984,82.5,0.0,0.05730823427438736,82.5,0.15000000596046448,303.8483581542969,0.0,0.0,0.0
435,31.085060119628906,-90.55553436279297,10668.0,16.236568450927734,0.49779701232910156,87.0,52.2227783203125,1.0,52.2227783203125,82.5,0.0,0.05285964161157608,82.5,0.15000000596046448,303.84161376953125,0.0,0.0,0.0
436,31.08725929260254,-90.54261779785156,10668.0,7.205564498901367,0.4904749095439911,87.0,52.22161865234375,1.0,52.22161865234375,82.5,0.0,0.05471174418926239,82.5,0.15000000596046448,303.8348693847656,0.0,0.0,0.0
437,31.089460372924805,-90.52970123291016,10668.0,22.626163482666016,0.5139168500900269,88.0,52.220462799072266,1.0,52.220462799072266,82.5,0.0,0.05411363020539284,82.5,0.15000000596046448,303.8281555175781,0.0,0.0,0.0
438,31.091659545898438,-90.51678466796875,10668.0,7.412391185760498,0.5146435499191284,88.0,52.21930694580078,1.0,52.21930694580078,82.5,0.0,0.053741611540317535,82.5,0.15000000596046448,303.8214111328125,0.0,0.0,0.0
439,31.093793869018555,-90.50428009033203,10668.0,24.419700622558594,0.6753011345863342,89.0,50.538387298583984,1.0,50.538387298583984,82.5,0.0,0.053151968866586685,82.5,0.15000000596046448,294.0415344238281,0.0,0.09930793941020966,0.0
440,31.095909118652344,-90.49188232421875,10668.0,22.46949005126953,0.6854270696640015,89.0,50.10546112060547,1.0,50.10546112060547,82.5,0.0,0.061474934220314026,82.5,0.15000000596046448,291.522705078125,0.0,0.0,0.0
441,31.098026275634766,-90.47947692871094,10668.0,9.359825134277344,0.6833695769309998,89.0,50.089359283447266,1.0,50.089359283447266,82.5,0.0,0.05618168041110039,82.5,0.15000000596046448,291.42901611328125,0.0,0.0,0.1428498774766922
442,31.100143432617188,-90.46707916259766,10668.0,9.340267181396484,0.6820999979972839,89.0,50.37674331665039,1.0,50.37674331665039,83.0,0.0,0.06126902624964714,83.0,0.15000000596046448,291.33538818359375,0.0,0.0,0.0
443,31.10226058959961,-90.45468139648438,10668.0,18.976511001586914,0.5294063091278076,90.0,50.36056137084961,1.0,50.36056137084961,83.0,0.0,0.05643400549888611,83.0,0.15000000596046448,291.2418212890625,0.0,0.14596989750862122,0.0
444,31.1043758392334,-90.4422836303711,10668.0,7.621714115142822,0.5357743501663208,90.0,50.344390869140625,1.0,50.344390869140625,83.0,0.0,0.057427000254392624,83.0,0.15000000596046448,291.1482849121094,0.0,0.0,0.0
445,31.10650634765625,-90.42971801757812,10668.0,7.674489498138428,0.5204297304153442,90.0,50.9650764465332,1.0,50.9650764465332,83.0,0.0,0.05268080532550812,83.0,0.15000000596046448,294.73779296875,0.0,0.0,0.08770333975553513
446,31.108640670776367,-90.41712188720703,10668.0,7.521689414978027,0.506891667842865,90.0,51.107887268066406,1.0,51.107887268066406,83.0,0.0,0.05387863889336586,83.0,0.15000000596046448,295.5636901855469,0.0,0.0,0.0
447,31.11077308654785,-90.4045181274414,10668.0,7.384067535400391,0.4983592629432678,90.0,51.09148025512695,1.0,51.09148025512695,83.0,0.0,0.05483550950884819,83.0,0.15000000596046448,295.46881103515625,0.0,0.0,0.07551989704370499
448,31.11290740966797,-90.39192199707031,10668.0,7.287777423858643,0.48257580399513245,90.0,51.0750846862793,1.0,51.0750846862793,83.0,0.0,0.05135555937886238,83.0,0.15000000596046448,295.3739929199219,0.0,0.0,0.0
449,31.115039825439453,-90.37931823730469,10668.0,7.868070125579834,0.5513763427734375,91.0,51.05869674682617,1.0,51.05869674682617,83.0,0.0,0.05913447588682175,83.0,0.15000000596046448,295.2792053222656,0.0,0.07867975533008575,0.0
450,31.11717414855957,-90.3667221069336,10668.0,7.7144551277160645,0.5489224791526794,91.0,51.042320251464844,1.0,51.042320251464844,83.0,0.0,0.05583864450454712,83.0,0.15000000596046448,295.18450927734375,0.0,0.0,0.0
451,31.119413375854492,-90.3534927368164,10668.0,7.654262065887451,0.5509300231933594,91.0,53.577049255371094,1.0,53.577049255371094,83.0,6.848604426894656e-16,0.05786718428134918,83.0,0.15000000596046448,309.8431701660156,0.0,0.0,0.0
452,31.121679306030273,-90.3401107788086,10668.0,7.630359649658203,0.5411825776100159,91.0,54.21054458618164,1.0,54.21054458618164,83.0,0.0,0.0582369901239872,83.0,0.15000000596046448,313.5067443847656,0.0,0.0,0.0
453,31.123947143554688,-90.32672882080078,10668.0,21.59592056274414,0.36678794026374817,92.0,54.20930480957031,1.0,54.20930480957031,83.0,6.848604426894656e-16,0.052960898727178574,83.0,0.15000000596046448,313.49957275390625,0.0,0.0,0.0
454,31.12621307373047,-90.31334686279297,10668.0,16.073469161987305,0.37249428033828735,92.0,54.208065032958984,1.0,54.208065032958984,83.0,0.0,0.0546564906835556,83.0,0.15000000596046448,313.492431640625,0.0,0.0,0.0
455,31.128480911254883,-90.29995727539062,10668.0,6.0162034034729,0.36763402819633484,92.0,54.206825256347656,1.0,54.206825256347656,83.0,0.0,0.05625029653310776,83.0,0.15000000596046448,313.4852600097656,0.0,0.0,0.0
456,31.130746841430664,-90.28657531738281,10668.0,21.93243408203125,0.4954689145088196,93.0,54.20558547973633,1.0,54.20558547973633,83.0,0.0,0.06018238142132759,83.0,0.15000000596046448,313.47808837890625,0.0,0.0,0.0
457,31.1328125,-90.27433776855469,10668.0,6.833156108856201,0.4875746965408325,93.0,49.543212890625,1.0,49.543212890625,83.0,0.0,0.05201949551701546,83.0,0.15000000596046448,286.51495361328125,0.0,0.0,0.0
458,31.134830474853516,-90.26239013671875,10668.0,6.700540542602539,0.4820626378059387,93.0,48.36569595336914,1.0,48.36569595336914,83.0,6.848604426894656e-16,0.05278730392456055,83.0,0.15000000596046448,279.7052307128906,0.0,0.0,0.33824625611305237
459,31.1368465423584,-90.25044250488281,10668.0,6.58724308013916,0.471566379070282,93.0,48.350250244140625,1.0,48.350250244140625,83.0,0.0,0.05994361639022827,83.0,0.15000000596046448,279.61590576171875,0.0,0.0,0.0
460,31.13886260986328,-90.23848724365234,10668.0,6.430332183837891,0.4793398976325989,93.0,48.334815979003906,1.0,48.334815979003906,83.0,0.0,0.05253951624035835,83.0,0.15000000596046448,279.5266418457031,0.0,0.0,0.3412226140499115
461,31.140880584716797,-90.2265396118164,10668.0,6.422125816345215,0.46655935049057007,93.0,48.31938934326172,1.0,48.31938934326172,83.0,0.0,0.05634145438671112,83.0,0.15000000596046448,279.43743896484375,0.0,0.0,0.342709481716156
462,31.14289665222168,-90.21459197998047,10668.0,6.241610050201416,0.4634472131729126,93.0,48.30397033691406,1.0,48.30397033691406,83.0,0.0,0.055306658148765564,83.0,0.15000000596046448,279.3482666015625,0.0,0.0,0.3441954553127289
463,31.14504623413086,-90.20173645019531,10668.0,6.138613700866699,0.4653186798095703,93.0,51.9224739074707,1.0,51.9224739074707,83.0,0.0,0.05538936331868172,83.0,0.15000000596046448,300.2745361328125,0.0,0.0,0.0
464,31.14723014831543,-90.18865203857422,10668.0,15.390223503112793,0.5041092038154602,94.0,52.801177978515625,1.0,52.801177978515625,83.0,0.0,0.05847189947962761,83.0,0.15000000596046448,305.356201171875,0.0,0.0,0.0
465,31.1494140625,-90.17556762695312,10668.0,6.844079971313477,0.5162883400917053,94.0,52.768524169921875,1.0,52.768524169921875,83.0,0.0,0.055131904780864716,83.0,0.15000000596046448,305.1673583984375,0.0,0.0,0.0
466,31.151596069335938,-90.16248321533203,10668.0,22.60798454284668,0.539712131023407,95.0,52.73590850830078,1.0,52.73590850830078,83.0,0.0,0.057288818061351776,83.0,0.15000000596046448,304.978759765625,0.0,0.0,0.0
467,31.153779983520508,-90.14939880371094,10668.0,7.306587219238281,0.5424843430519104,95.0,52.70333480834961,1.0,52.70333480834961,83.0,0.0,0.060281213372945786,83.0,0.15000000596046448,304.7903747558594,0.0,0.0,0.0
468,31.155963897705078,-90.13631439208984,10668.0,22.191640853881836,0.373067170381546,96.0,52.67079544067383,1.0,52.67079544067383,83.0,0.0,0.05796735733747482,83.0,0.15000000596046448,304.6022033691406,0.0,0.0,0.0
469,31.158172607421875,-90.12313842773438,10669.015625,18.95162010192871,0.37275272607803345,96.0,53.04877471923828,1.0,53.04877471923828,83.0,0.0,0.05332253500819206,83.0,0.15000000596046448,306.7880859375,0.0,0.0,0.0
470,31.160390853881836,-90.10993957519531,10670.2861328125,6.14028787612915,0.3624992072582245,96.0,53.14394760131836,1.0,53.14394760131836,83.0,0.0,0.05350051447749138,83.0,0.15000000596046448,307.3385009765625,0.0,0.0,0.0
471,31.162607192993164,-90.09674072265625,10671.5556640625,22.864238739013672,0.3940550982952118,97.0,53.142757415771484,1.0,53.142757415771484,83.0,0.0,0.05493249371647835,83.0,0.15000000596046448,307.33160400390625,0.0,0.0,0.0
472,31.164823532104492,-90.08354187011719,10672.826171875,14.942583084106445,0.38273581862449646,97.0,53.14156723022461,1.0,53.14156723022461,83.0,0.0,0.0555129274725914,83.0,0.15000000596046448,307.32470703125,0.0,0.0,0.0
473,31.16703987121582,-90.07034301757812,10674.095703125,6.347038269042969,0.38169246912002563,97.0,53.14037322998047,1.0,53.14037322998047,83.0,0.0,0.05724581331014633,83.0,0.15000000596046448,307.3178405761719,0.0,0.0,0.0
474,31.16925621032715,-90.05713653564453,10675.3662109375,21.29375457763672,0.3316875398159027,98.0,53.139183044433594,1.0,53.139183044433594,83.0,0.0,0.0532594658434391,83.0,0.15000000596046448,307.3109436035156,0.0,0.0,0.0
475,31.171459197998047,-90.04398345947266,10675.6201171875,6.067827224731445,0.3351529836654663,98.0,52.971153259277344,1.0,52.971153259277344,83.0,0.0,0.0570928230881691,83.0,0.15000000596046448,306.3392028808594,0.0,0.0,0.0
476,31.173660278320312,-90.03083038330078,10675.6201171875,23.140186309814453,0.4519682824611664,99.0,52.92826461791992,1.0,52.92826461791992,83.0,0.0,0.05180932581424713,83.0,0.15000000596046448,306.0911865234375,0.0,0.0,0.0
477,31.175859451293945,-90.0176773071289,10675.6201171875,19.413497924804688,0.4527754485607147,99.0,52.927085876464844,1.0,52.927085876464844,83.0,0.0,0.057593636214733124,83.0,0.15000000596046448,306.0843505859375,0.0,0.0,0.0
478,31.17806053161621,-90.00453186035156,10675.6201171875,6.9939422607421875,0.4376909136772156,99.0,52.925907135009766,1.0,52.925907135009766,83.0,0.0,0.05819295346736908,83.0,0.15000000596046448,306.0775451660156,0.0,0.0,0.0
479,31.180259704589844,-89.99137878417969,10675.6201171875,22.895055770874023,0.391890287399292,100.0,52.92473220825195,1.0,52.92473220825195,83.0,0.0,0.05559846758842468,83.0,0.15000000596046448,306.07073974609375,0.0,0.0,0.0
480,31.18246078491211,-89.97823333740234,10675.6201171875,14.71566390991211,0.39615339040756226,100.0,52.923553466796875,1.0,52.923553466796875,83.0,0.0,0.05739845335483551,83.0,0.15000000596046448,306.06390380859375,0.0,0.0,0.0
481,31.184539794921875,-89.96574401855469,10674.603515625,6.5742669105529785,0.3834207355976105,100.0,50.26788330078125,1.0,50.26788330078125,83.0,0.0,0.06137040629982948,83.0,0.15000000596046448,290.7058410644531,0.0,0.0,0.15490280091762543
482,31.18659019470215,-89.95343017578125,10673.333984375,6.475609302520752,0.38415709137916565,100.0,49.63811492919922,1.0,49.63811492919922,83.0,0.0,0.054432932287454605,83.0,0.15000000596046448,287.0638122558594,0.0,0.0,0.0
483,31.188640594482422,-89.94111633300781,10672.064453125,8.116342544555664,0.5817356705665588,101.0,49.681514739990234,1.0,49.681514739990234,83.0,6.848604426894656e-16,0.05714099109172821,83.0,0.15000000596046448,287.3147888183594,0.0,0.21142031252384186,0.0
484,31.190689086914062,-89.92879486083984,10670.7939453125,8.130319595336914,0.5731011033058167,101.0,49.72499084472656,1.0,49.72499084472656,83.0,0.0,0.053535979241132736,83.0,0.15000000596046448,287.56622314453125,0.0,0.0,0.0
485,31.192739486694336,-89.9164810180664,10669.5244140625,8.018962860107422,0.5606382489204407,101.0,49.76854705810547,1.0,49.76854705810547,83.0,0.0,0.05335410684347153,83.0,0.15000000596046448,287.8180847167969,0.0,0.0,0.20303167402744293
486,31.19478988647461,-89.90415954589844,10668.25390625,7.86660099029541,0.5596272945404053,101.0,49.81217956542969,1.0,49.81217956542969,83.0,0.0,0.05694200098514557,83.0,0.15000000596046448,288.0704345703125,0.0,0.0,0.19882607460021973
487,31.196853637695312,-89.8915786743164,10668.0,7.824508190155029,0.561614453792572,101.0,50.969268798828125,1.0,50.969268798828125,83.0,0.0,0.053054019808769226,83.0,0.15000000596046448,294.76202392578125,0.0,0.0,0.0
488,31.19891929626465,-89.8789291381836,10668.0,19.60308837890625,0.45169344544410706,102.0,51.354820251464844,1.0,51.354820251464844,83.0,0.0,0.055700596421957016,83.0,0.15000000596046448,296.9917297363281,0.0,0.050137851387262344,0.0
489,31.200986862182617,-89.86627960205078,10668.0,6.792349338531494,0.44987034797668457,102.0,51.477500915527344,1.0,51.477500915527344,83.0,0.0,0.055459264665842056,83.0,0.15000000596046448,297.7012023925781,0.0,0.0,0.0
490,31.203052520751953,-89.85363006591797,10668.0,6.730660438537598,0.4513985514640808,102.0,51.60077667236328,1.0,51.60077667236328,83.0,0.0,0.051820311695337296,83.0,0.15000000596046448,298.41412353515625,0.0,0.0,0.026431169360876083
491,31.205120086669922,-89.84098052978516,10668.0,6.690877437591553,0.44520431756973267,102.0,51.724647521972656,1.0,51.724647521972656,83.0,0.0,0.06014011427760124,83.0,0.15000000596046448,299.1304931640625,0.0,0.0,0.0
492,31.207185745239258,-89.82833099365234,10668.0,6.585792064666748,0.4451002776622772,102.0,51.84912109375,1.0,51.84912109375,83.0,0.0,0.05415147542953491,83.0,0.15000000596046448,299.850341796875,0.0,0.0,0.0024943191092461348
493,31.209306716918945,-89.81536102294922,10665.9677734375,6.524298191070557,0.44969916343688965,102.0,53.23805236816406,1.0,53.23805236816406,83.0,0.0,0.05201973393559456,83.0,0.15000000596046448,307.8827209472656,0.0,0.0,0.0
494,31.21143913269043,-89.80230712890625,10663.427734375,5.6386284828186035,0.3242552578449249,103.0,53.63068771362305,1.0,53.63068771362305,83.0,0.0,0.0515698604285717,83.0,0.15000000596046448,310.15338134765625,0.0,0.0,0.0
495,31.213573455810547,-89.78926086425781,10660.8876953125,5.53116512298584,0.32721057534217834,103.0,53.69487380981445,1.0,53.69487380981445,83.0,0.0,0.05501420423388481,83.0,0.15000000596046448,310.5245666503906,0.0,0.0,0.0
496,31.21570587158203,-89.77620697021484,10658.34765625,19.04084014892578,0.363317608833313,104.0,53.759212493896484,1.0,53.759212493896484,83.0,0.0,0.05176423117518425,83.0,0.15000000596046448,310.89666748046875,0.0,0.0,0.0
497,31.21784019470215,-89.7631607055664,10655.8076171875,5.6360955238342285,0.3649446666240692,104.0,53.82371139526367,1.0,53.82371139526367,83.0,0.0,0.05821149796247482,83.0,0.15000000596046448,311.2696533203125,0.0,0.0,0.0
498,31.219972610473633,-89.75010681152344,10653.267578125,5.564947128295898,0.3428996205329895,104.0,53.88836669921875,1.0,53.88836669921875,83.0,0.0,0.0523599311709404,83.0,0.15000000596046448,311.6435852050781,0.0,0.0,0.0
499,31.222000122070312,-89.73788452148438,10638.5361328125,5.331124782562256,0.36361896991729736,104.0,50.523685455322266,1.0,50.523685455322266,83.0,0.0,0.054936815053224564,83.0,0.15000000596046448,292.1851806640625,0.0,0.0,0.13024714589118958
500,31.224000930786133,-89.72586822509766,10620.755859375,5.387188911437988,0.3545461893081665,104.0,49.69044876098633,1.0,49.69044876098633,83.0,0.0,0.056965816766023636,83.0,0.15000000596046448,287.366455078125,0.0,0.0,0.0
501,31.22599983215332,-89.71385192871094,10602.9755859375,5.241565227508545,0.35202810168266296,104.0,49.70465087890625,1.0,49.70465087890625,83.0,0.0,0.05749095231294632,83.0,0.15000000596046448,287.4485778808594,0.0,0.0,0.2091902643442154
502,31.22800064086914,-89.70183563232422,10585.1962890625,5.138251304626465,0.34715282917022705,104.0,49.7188606262207,1.0,49.7188606262207,83.0,0.0,0.055707987397909164,83.0,0.15000000596046448,287.53076171875,0.0,0.0,0.20782069861888885
503,31.229999542236328,-89.6898193359375,10567.416015625,5.0171942710876465,0.33506500720977783,104.0,49.73307800292969,1.0,49.73307800292969,83.0,0.0,0.05584818869829178,83.0,0.15000000596046448,287.61297607421875,0.0,0.0,0.0
504,31.23200035095215,-89.67780303955078,10549.6357421875,4.847072124481201,0.3248749375343323,104.0,49.7473030090332,1.0,49.7473030090332,83.0,0.0,0.05887633562088013,83.0,0.15000000596046448,287.69525146484375,0.0,0.0,0.20507904887199402
505,31.234039306640625,-89.66532135009766,10528.8076171875,4.688738822937012,0.3320063650608063,104.0,51.68576431274414,1.0,51.68576431274414,83.0,0.0,0.056469324976205826,83.0,0.15000000596046448,298.9056091308594,0.0,0.0,0.0
506,31.2360897064209,-89.65271759033203,10507.2177734375,17.124217987060547,0.3708166182041168,105.0,52.20774459838867,1.0,52.20774459838867,83.0,0.0,0.057015419006347656,83.0,0.15000000596046448,301.92431640625,0.0,0.0,0.0
507,31.238140106201172,-89.64012145996094,10485.6279296875,6.1646647453308105,0.37824365496635437,105.0,52.254764556884766,1.0,52.254764556884766,83.0,0.0,0.053806886076927185,83.0,0.15000000596046448,302.19622802734375,0.0,0.0,0.0
508,31.240190505981445,-89.62751770019531,10464.0380859375,22.770708084106445,0.37401440739631653,106.0,52.30187225341797,1.0,52.30187225341797,83.0,0.0,0.05479735881090164,83.0,0.15000000596046448,302.4686584472656,0.0,0.0,0.0
509,31.24224090576172,-89.61492156982422,10442.4482421875,12.912367820739746,0.3822546601295471,106.0,52.349063873291016,1.0,52.349063873291016,83.0,0.0,0.05930209532380104,83.0,0.15000000596046448,302.7415771484375,0.0,0.0,0.0
510,31.24428939819336,-89.6023178100586,10420.8583984375,6.378013610839844,0.3696119785308838,106.0,52.39634704589844,1.0,52.39634704589844,83.0,0.0,0.06307700276374817,83.0,0.15000000596046448,303.0150146484375,0.0,0.0,0.0
511,31.246313095092773,-89.5898666381836,10397.236328125,21.380596160888672,0.40297073125839233,107.0,51.79246139526367,1.0,51.79246139526367,83.0,0.0,0.05289601907134056,83.0,0.15000000596046448,299.5226745605469,0.0,0.007955505512654781,0.0
512,31.248329162597656,-89.57745361328125,10373.1064453125,6.590071678161621,0.40544039011001587,107.0,51.63827896118164,1.0,51.63827896118164,83.0,0.0,0.053449634462594986,83.0,0.15000000596046448,298.6310119628906,0.0,0.0,0.0
513,31.250347137451172,-89.56503295898438,10348.9755859375,6.632027626037598,0.4127991497516632,107.0,51.63722229003906,1.0,51.63722229003906,83.0,0.0,0.054131291806697845,83.0,0.15000000596046448,298.6249084472656,0.0,0.0,0.022918427363038063
514,31.252363204956055,-89.55261993408203,10324.845703125,6.704834461212158,0.40741655230522156,107.0,51.63616180419922,1.0,51.63616180419922,83.0,0.0,0.05202450230717659,83.0,0.15000000596046448,298.6187744140625,0.0,0.0,0.0
515,31.254379272460938,-89.54019927978516,10300.7158203125,6.678622245788574,0.40027186274528503,107.0,51.635101318359375,1.0,51.635101318359375,83.0,0.0,0.052022211253643036,83.0,0.15000000596046448,298.6126403808594,0.0,0.0,0.02312258817255497
516,31.256397247314453,-89.52778625488281,10276.5859375,6.634636402130127,0.38284239172935486,107.0,51.6340446472168,1.0,51.6340446472168,83.0,0.0,0.053594302386045456,83.0,0.15000000596046448,298.60650634765625,0.0,0.0,0.0
517,31.258426666259766,-89.51527404785156,10251.4404296875,15.25551986694336,0.3444909155368805,108.0,51.9682502746582,1.0,51.9682502746582,83.0,0.0,0.052754949778318405,83.0,0.15000000596046448,300.5392761230469,0.0,0.0,0.0
518,31.260459899902344,-89.50273895263672,10226.0400390625,6.248295783996582,0.34932181239128113,108.0,51.999691009521484,1.0,51.999691009521484,83.0,0.0,0.05722583457827568,83.0,0.15000000596046448,300.7210998535156,0.0,0.0,0.0
519,31.262493133544922,-89.49020385742188,10200.6396484375,21.821928024291992,0.3141672611236572,109.0,51.934757232666016,1.0,51.934757232666016,83.0,0.0,0.0542297326028347,83.0,0.15000000596046448,300.3455810546875,0.0,0.0,0.0
520,31.2645263671875,-89.47767639160156,10175.240234375,6.0300493240356445,0.3160908818244934,109.0,51.8699836730957,1.0,51.8699836730957,83.0,0.0,0.054632026702165604,83.0,0.15000000596046448,299.9709777832031,0.0,0.0,0.00048350924043916166
521,31.266559600830078,-89.46514129638672,10149.83984375,6.0232744216918945,0.3130159080028534,109.0,51.80537033081055,1.0,51.80537033081055,83.0,0.0,0.051070041954517365,83.0,0.15000000596046448,299.5973205566406,0.0,0.0,0.0
522,31.268592834472656,-89.45260620117188,10124.4404296875,19.441740036010742,0.24319717288017273,110.0,51.74091339111328,1.0,51.74091339111328,83.0,0.0,0.05571466311812401,83.0,0.15000000596046448,299.22454833984375,0.0,0.012924134731292725,0.0
523,31.270612716674805,-89.44007110595703,10110.2158203125,5.529912948608398,0.2233113795518875,110.0,51.62712478637695,1.0,51.62712478637695,83.0,0.0,0.05301104113459587,83.0,0.15000000596046448,298.5665283203125,0.0,0.0,0.0
524,31.27263069152832,-89.42754364013672,10098.7861328125,5.383008003234863,0.2334803193807602,110.0,51.513084411621094,1.0,51.513084411621094,83.0,0.0,0.05611570179462433,83.0,0.15000000596046448,297.9070129394531,0.0,0.0,0.03488326445221901
525,31.274646759033203,-89.41500854492188,10087.3564453125,5.401144981384277,0.23741738498210907,110.0,51.40241622924805,1.0,51.40241622924805,83.0,0.0,0.05382239818572998,83.0,0.15000000596046448,297.2669677734375,0.0,0.0,0.0
526,31.276662826538086,-89.40247344970703,10075.92578125,5.379735469818115,0.2310514748096466,110.0,51.292213439941406,1.0,51.292213439941406,83.0,0.0,0.05578999221324921,83.0,0.15000000596046448,296.6296691894531,0.0,0.0,0.05617223307490349
527,31.2786808013916,-89.38993835449219,10064.49609375,5.295359134674072,0.2510927617549896,110.0,51.18247985839844,1.0,51.18247985839844,83.0,0.0,0.06178583204746246,83.0,0.15000000596046448,295.99505615234375,0.0,0.0,0.0
528,31.280696868896484,-89.37740325927734,10053.06640625,13.530491828918457,0.3714648485183716,111.0,51.07320785522461,1.0,51.07320785522461,83.0,0.0,0.05103008821606636,83.0,0.15000000596046448,295.3631286621094,0.0,0.0772811695933342,0.0
529,31.282779693603516,-89.36444854736328,10051.7958984375,6.061777114868164,0.3772159814834595,111.0,52.82501983642578,1.0,52.82501983642578,83.0,0.0,0.055657222867012024,83.0,0.15000000596046448,305.49407958984375,0.0,0.0,0.0
530,31.284879684448242,-89.35137939453125,10053.06640625,6.038855075836182,0.378074586391449,111.0,53.30656433105469,1.0,53.30656433105469,83.0,0.0,0.05473863705992699,83.0,0.15000000596046448,308.2789306640625,0.0,0.0,0.0
531,31.28697967529297,-89.33831024169922,10054.3359375,5.977235794067383,0.3783313035964966,111.0,53.35383224487305,1.0,53.35383224487305,83.0,0.0,0.0556318573653698,83.0,0.15000000596046448,308.5522766113281,0.0,0.0,0.0
532,31.289079666137695,-89.32524871826172,10055.6064453125,20.75400161743164,0.16426420211791992,112.0,53.40118408203125,1.0,53.40118408203125,83.0,0.0,0.05707385018467903,83.0,0.15000000596046448,308.82611083984375,0.0,0.0,0.0
533,31.291179656982422,-89.31217956542969,10056.8759765625,16.553232192993164,0.16279056668281555,112.0,53.4486198425293,1.0,53.4486198425293,83.0,0.0,0.05682164058089256,83.0,0.15000000596046448,309.1004638671875,0.0,0.0,0.0
534,31.29327964782715,-89.29911041259766,10058.146484375,4.459783554077148,0.15710246562957764,112.0,53.49614334106445,1.0,53.49614334106445,83.0,6.848604426894656e-16,0.05285743996500969,83.0,0.15000000596046448,309.37530517578125,0.0,0.0,0.0
535,31.295272827148438,-89.28665924072266,10058.400390625,4.347694396972656,0.1510666310787201,112.0,50.986358642578125,1.0,50.986358642578125,83.0,0.0,0.05753963440656662,83.0,0.15000000596046448,294.8608703613281,0.0,0.0,0.08565225452184677
536,31.297239303588867,-89.27436065673828,10058.400390625,4.234916687011719,0.14637960493564606,112.0,50.355743408203125,1.0,50.355743408203125,83.0,6.848604426894656e-16,0.052669182419776917,83.0,0.15000000596046448,291.21392822265625,0.0,0.0,0.14643453061580658
537,31.299205780029297,-89.2620620727539,10058.400390625,4.127567291259766,0.13830183446407318,112.0,50.354732513427734,1.0,50.354732513427734,83.0,0.0,0.057194486260414124,83.0,0.15000000596046448,291.2080993652344,0.0,0.0,0.146531879901886
538,31.30117416381836,-89.24976348876953,10058.400390625,4.000770092010498,0.13188789784908295,112.0,50.353721618652344,1.0,50.353721618652344,83.0,0.0,0.05741443485021591,83.0,0.15000000596046448,291.2022399902344,0.0,0.0,0.1466292440891266
539,31.30314064025879,-89.23745727539062,10058.400390625,3.880387544631958,0.1562204360961914,112.0,50.35271072387695,1.0,50.35271072387695,83.0,6.848604426894656e-16,0.05555089935660362,83.0,0.15000000596046448,291.1964111328125,0.0,0.0,0.14672662317752838
540,31.30510711669922,-89.22515869140625,10058.400390625,3.9135665893554688,0.16241207718849182,112.0,50.35169982910156,1.0,50.35169982910156,83.0,0.0,0.0514659620821476,83.0,0.15000000596046448,291.1905517578125,0.0,0.0,0.0
541,31.307140350341797,-89.21259307861328,10058.400390625,3.85331654548645,0.15497462451457977,112.0,49.6029167175293,1.0,49.6029167175293,80.0,0.0,0.0529191680252552,80.0,0.0,297.61749267578125,0.0,0.0,0.039708416908979416
542,31.30919075012207,-89.19995880126953,10058.400390625,3.718812942504883,0.14133936166763306,112.0,52.36344528198242,1.0,52.36344528198242,84.0,0.0,0.056240878999233246,84.0,0.0,299.2196960449219,0.0,0.0,0.0
543,31.31123924255371,-89.18732452392578,10058.400390625,13.50963020324707,0.16000089049339294,113.0,55.47916030883789,1.0,55.47916030883789,89.0,0.0,0.05445972457528114,89.0,0.15000000596046448,299.21343994140625,0.0,0.013109276071190834,0.0
544,31.313289642333984,-89.17469024658203,10058.400390625,4.942130088806152,0.16544173657894135,113.0,55.47800064086914,1.0,55.47800064086914,89.0,0.0,0.05512382462620735,89.0,0.15000000596046448,299.2071838378906,0.0,0.0,0.0
545,31.315340042114258,-89.16206359863281,10058.400390625,5.018855094909668,0.1395919919013977,113.0,55.47684097290039,1.0,55.47684097290039,89.0,0.0,0.05793333426117897,89.0,0.15000000596046448,299.200927734375,0.0,0.0,0.013317723758518696
546,31.31739044189453,-89.14942932128906,10058.400390625,4.9301862716674805,0.1365470141172409,113.0,55.47568130493164,1.0,55.47568130493164,89.0,0.0,0.053079284727573395,89.0,0.15000000596046448,299.1946716308594,0.0,0.0,0.01342195738106966
547,31.319427490234375,-89.1365966796875,10058.400390625,4.953793525695801,0.1286628097295761,113.0,55.664241790771484,1.0,55.664241790771484,88.0,0.0,0.05890803039073944,88.0,0.0,303.6231384277344,0.0,0.0,0.0
548,31.321460723876953,-89.12371063232422,10058.400390625,19.04111671447754,0.18987500667572021,114.0,59.026309967041016,1.0,59.026309967041016,93.0,6.112195570738544e-16,0.05579341575503349,93.0,0.15000000596046448,304.65191650390625,0.0,0.0,0.0
549,31.32349395751953,-89.11082458496094,10058.400390625,5.294400215148926,0.1835690438747406,114.0,59.007179260253906,1.0,59.007179260253906,93.0,0.0,0.05272877216339111,93.0,0.15000000596046448,304.5531921386719,0.0,0.0,0.0
550,31.32552719116211,-89.09794616699219,10058.400390625,23.020366668701172,0.2626838982105255,115.0,58.98806381225586,1.0,58.98806381225586,93.0,0.0,0.05357927456498146,93.0,0.15000000596046448,304.4544982910156,0.0,0.0,0.0
551,31.327560424804688,-89.0850601196289,10058.400390625,15.794822692871094,0.25470224022865295,115.0,58.968955993652344,1.0,58.968955993652344,93.0,0.0,0.055569469928741455,93.0,0.15000000596046448,304.35589599609375,0.0,0.0,0.0
552,31.329593658447266,-89.07217407226562,10058.400390625,5.711714744567871,0.2519596219062805,115.0,58.949859619140625,1.0,58.949859619140625,93.0,0.0,0.05546603351831436,93.0,0.15000000596046448,304.25732421875,0.0,0.0,0.0
553,31.331586837768555,-89.05961608886719,10045.1923828125,21.64693260192871,0.19703203439712524,116.0,57.51884841918945,1.0,57.51884841918945,93.0,0.0,0.055487047880887985,93.0,0.15000000596046448,296.8714904785156,0.0,0.05214192345738411,0.0
554,31.33357048034668,-89.04712677001953,10028.681640625,5.396693706512451,0.21205708384513855,116.0,57.18867111206055,1.0,57.18867111206055,93.0,0.0,0.05085470899939537,93.0,0.15000000596046448,295.1673278808594,0.0,0.0,0.0
555,31.335554122924805,-89.0346450805664,10012.171875,5.474902629852295,0.20609420537948608,116.0,57.22222900390625,1.0,57.22222900390625,93.0,0.0,0.05324189364910126,93.0,0.15000000596046448,295.3405456542969,0.0,0.0,0.07765775173902512
556,31.337535858154297,-89.02216339111328,9995.662109375,5.433038711547852,0.19702580571174622,116.0,57.255828857421875,1.0,57.255828857421875,93.0,0.0,0.051896173506975174,93.0,0.15000000596046448,295.5139465332031,0.0,0.0,0.0
557,31.339519500732422,-89.00968170166016,9979.15234375,5.369318008422852,0.19232098758220673,116.0,57.28947067260742,1.0,57.28947067260742,93.0,0.0,0.056135646998882294,93.0,0.15000000596046448,295.6875915527344,0.0,0.0,0.07187364250421524
558,31.341503143310547,-88.99720001220703,9962.6416015625,5.324321269989014,0.19226022064685822,116.0,57.323150634765625,1.0,57.323150634765625,93.0,0.0,0.054758470505476,93.0,0.15000000596046448,295.8614196777344,0.0,0.0,0.0
559,31.34351348876953,-88.98440551757812,9942.068359375,17.250913619995117,0.07881427556276321,117.0,58.6734619140625,1.0,58.6734619140625,93.0,0.0,0.05608604848384857,93.0,0.15000000596046448,302.8307800292969,0.0,0.0,0.0
560,31.345529556274414,-88.97154235839844,9920.4775390625,4.697716236114502,0.06751114875078201,117.0,58.9650993347168,1.0,58.9650993347168,93.0,0.0,0.053064920008182526,93.0,0.15000000596046448,304.33599853515625,0.0,0.0,0.0
561,31.34754753112793,-88.95867156982422,9898.8876953125,23.279029846191406,0.3757745027542114,118.0,58.910221099853516,1.0,58.910221099853516,93.0,0.0,0.05601010099053383,93.0,0.15000000596046448,304.0527648925781,0.0,0.0,0.0
562,31.349563598632812,-88.94580841064453,9877.2978515625,14.674671173095703,0.36493876576423645,118.0,58.85544204711914,1.0,58.85544204711914,93.0,0.0,0.05102546140551567,93.0,0.15000000596046448,303.77001953125,0.0,0.0,0.0
563,31.351579666137695,-88.93293762207031,9855.7080078125,6.189757823944092,0.35359013080596924,118.0,58.23172378540039,1.0,58.23172378540039,92.0999984741211,6.171924099014181e-16,0.052048422396183014,92.0999984741211,0.10000000149011612,303.4878234863281,0.0,0.0,0.0
564,31.353595733642578,-88.92007446289062,9834.1181640625,21.270475387573242,0.2884167730808258,119.0,58.177669525146484,1.0,58.177669525146484,92.0999984741211,0.0,0.05832638591527939,92.0999984741211,0.10000000149011612,303.20611572265625,0.0,0.0,0.0
565,31.355587005615234,-88.90741729736328,9809.48046875,5.589446067810059,0.2807987928390503,119.0,57.19398498535156,1.0,57.19398498535156,92.0999984741211,0.0,0.05614716559648514,92.0999984741211,0.10000000149011612,298.07940673828125,0.0,0.0,0.03201001510024071
566,31.35757064819336,-88.89482116699219,9784.080078125,5.484408855438232,0.2770364582538605,119.0,56.9361457824707,1.0,56.9361457824707,92.0999984741211,0.0,0.05051187798380852,92.0999984741211,0.10000000149011612,296.7356262207031,0.0,0.0,0.0
567,31.35955238342285,-88.88221740722656,9758.6796875,18.069726943969727,0.1246955543756485,120.0,56.917781829833984,1.0,56.917781829833984,92.0999984741211,0.0,0.05086679384112358,92.0999984741211,0.10000000149011612,296.6399230957031,0.0,0.05600142478942871,0.0
568,31.361536026000977,-88.86962127685547,9733.2802734375,4.50226354598999,0.11632873862981796,120.0,56.89943313598633,1.0,56.89943313598633,92.0999984741211,0.0,0.05705289542675018,92.0999984741211,0.10000000149011612,296.5442810058594,0.0,0.0,0.0
569,31.3635196685791,-88.85701751708984,9707.8798828125,4.3908257484436035,0.12924724817276,120.0,56.8810920715332,1.0,56.8810920715332,92.0999984741211,0.0,0.054558493196964264,92.0999984741211,0.10000000149011612,296.44866943359375,0.0,0.0,0.059188615530729294
570,31.365503311157227,-88.84442138671875,9682.48046875,4.381192684173584,0.11823125928640366,120.0,56.862762451171875,1.0,56.862762451171875,92.0999984741211,0.0,0.050837453454732895,92.0999984741211,0.10000000149011612,296.3531494140625,0.0,0.0,0.06078077480196953
571,31.367446899414062,-88.83197021484375,9657.080078125,4.249729633331299,0.11895801872015,120.0,56.11285400390625,1.0,56.11285400390625,92.0999984741211,0.0,0.05669230595231056,92.0999984741211,0.10000000149011612,292.4448547363281,0.0,0.0,0.0
572,31.369380950927734,-88.81954956054688,9631.6796875,4.174407958984375,0.1336483508348465,120.0,55.85835266113281,1.0,55.85835266113281,92.0999984741211,0.0,0.05289328098297119,92.0999984741211,0.10000000149011612,291.1184387207031,0.0,0.0,0.14802587032318115
573,31.371313095092773,-88.80713653564453,9606.2802734375,4.1660661697387695,0.13853611052036285,120.0,55.77327346801758,1.0,55.77327346801758,92.0999984741211,0.0,0.059580717235803604,92.0999984741211,0.10000000149011612,290.675048828125,0.0,0.0,0.1554158478975296
574,31.373247146606445,-88.79471588134766,9580.8798828125,4.106770038604736,0.14068801701068878,120.0,55.688453674316406,1.0,55.688453674316406,92.0999984741211,0.0,0.05572304129600525,92.0999984741211,0.10000000149011612,290.23297119140625,0.0,0.0,0.1627836376428604
575,31.375179290771484,-88.78230285644531,9555.48046875,4.031452178955078,0.1330375373363495,120.0,55.603885650634766,1.0,55.603885650634766,92.0999984741211,0.0,0.051480602473020554,92.0999984741211,0.10000000149011612,289.792236328125,0.0,0.0,0.17012935876846313
576,31.377113342285156,-88.76988220214844,9530.080078125,3.904649019241333,0.12076187133789062,120.0,55.519569396972656,1.0,55.519569396972656,92.0999984741211,0.0,0.06363122165203094,92.0999984741211,0.10000000149011612,289.3528137207031,0.0,0.0,0.17745310068130493
577,31.379140853881836,-88.75688171386719,9514.83984375,3.753369092941284,0.11299045383930206,120.0,58.05653381347656,1.0,58.05653381347656,92.0999984741211,0.0,0.05351131036877632,92.0999984741211,0.10000000149011612,302.57476806640625,0.0,0.0,0.0
578,31.381189346313477,-88.74372863769531,9502.1396484375,3.6187872886657715,0.10180612653493881,120.0,58.62296676635742,1.0,58.62296676635742,92.0999984741211,0.0,0.055469810962677,92.0999984741211,0.10000000149011612,305.52685546875,0.0,0.0,0.0
579,31.38323974609375,-88.73058319091797,9489.4404296875,22.04844093322754,0.16160839796066284,121.0,58.53439712524414,1.0,58.53439712524414,92.0999984741211,0.0,0.05259348824620247,92.0999984741211,0.10000000149011612,305.0652770996094,0.0,0.0,0.0
580,31.385290145874023,-88.7174301147461,9476.740234375,12.023568153381348,0.1656867265701294,121.0,58.44609069824219,1.0,58.44609069824219,92.0999984741211,0.0,0.05971542373299599,92.0999984741211,0.10000000149011612,304.60504150390625,0.0,0.0,0.0
581,31.387340545654297,-88.70427703857422,9464.0400390625,4.994725704193115,0.15695402026176453,121.0,58.3580436706543,1.0,58.3580436706543,92.0999984741211,6.171924099014181e-16,0.05563562363386154,92.0999984741211,0.10000000149011612,304.14617919921875,0.0,0.0,0.0
582,31.38939094543457,-88.69113159179688,9451.33984375,20.612979888916016,0.19693250954151154,122.0,58.270259857177734,1.0,58.270259857177734,92.0999984741211,0.0,0.057796578854322433,92.0999984741211,0.10000000149011612,303.68865966796875,0.0,0.0,0.0
583,31.39146614074707,-88.67774200439453,9448.7998046875,5.2534098625183105,0.18953225016593933,122.0,59.3474006652832,1.0,59.3474006652832,92.0999984741211,0.0,0.051860421895980835,92.0999984741211,0.10000000149011612,309.3023986816406,0.0,0.0,0.0
584,31.393550872802734,-88.66429138183594,9448.7998046875,22.605981826782227,0.17609938979148865,123.0,59.66279220581055,1.0,59.66279220581055,92.0999984741211,6.171924099014181e-16,0.053740646690130234,92.0999984741211,0.10000000149011612,310.9461669921875,0.0,0.0,0.0
585,31.395633697509766,-88.65084075927734,9448.7998046875,16.969730377197266,0.175001859664917,123.0,59.71472930908203,1.0,59.71472930908203,92.0999984741211,0.0,0.05340692400932312,92.0999984741211,0.10000000149011612,311.2168273925781,0.0,0.0,0.0
586,31.397716522216797,-88.63739013671875,9448.7998046875,5.23952579498291,0.17866870760917664,123.0,53.34231948852539,1.0,53.34231948852539,82.19999694824219,0.0,0.05187973752617836,82.19999694824219,0.10000000149011612,311.4880065917969,0.0,0.0,0.0
587,31.399799346923828,-88.62393951416016,9448.7998046875,23.177082061767578,0.34111255407333374,124.0,53.38883972167969,1.0,53.38883972167969,82.19999694824219,6.915257978909689e-16,0.05169852077960968,82.19999694824219,0.10000000149011612,311.7596435546875,0.0,0.0,0.0
588,31.401884078979492,-88.61048889160156,9448.7998046875,6.256753921508789,0.34103673696517944,124.0,53.43544387817383,1.0,53.43544387817383,82.19999694824219,0.0,0.05334636569023132,82.19999694824219,0.10000000149011612,312.0317687988281,0.0,0.0,0.0
589,31.40382194519043,-88.59791564941406,9448.7998046875,6.267982482910156,0.34548571705818176,124.0,49.978878021240234,1.0,49.978878021240234,82.19999694824219,6.915257978909689e-16,0.053648076951503754,82.19999694824219,0.10000000149011612,291.84747314453125,0.0,0.0,0.1358756124973297
590,31.405725479125977,-88.58556365966797,9448.7998046875,6.302961349487305,0.3586195111274719,124.0,49.133853912353516,1.0,49.133853912353516,82.19999694824219,0.0,0.05791283771395683,82.19999694824219,0.10000000149011612,286.91302490234375,0.0,0.0,0.0
591,31.407629013061523,-88.57320404052734,9448.7998046875,6.391369342803955,0.34198954701423645,124.0,49.161293029785156,1.0,49.161293029785156,82.19999694824219,6.915257978909689e-16,0.05299071967601776,82.19999694824219,0.10000000149011612,287.0732421875,0.0,0.0,0.2154458910226822
592,31.40953254699707,-88.56085205078125,9448.7998046875,6.27553653717041,0.3551780581474304,124.0,49.18876266479492,1.0,49.18876266479492,82.19999694824219,0.0,0.05590803176164627,82.19999694824219,0.10000000149011612,287.2336730957031,0.0,0.0,0.0
593,31.411436080932617,-88.54850006103516,9448.7998046875,18.60224151611328,0.15952329337596893,125.0,49.21626663208008,1.0,49.21626663208008,82.19999694824219,0.0,0.050147101283073425,82.19999694824219,0.10000000149011612,287.3942565917969,0.0,0.21009576320648193,0.0
594,31.413339614868164,-88.53614044189453,9448.7998046875,5.1882195472717285,0.1608126014471054,125.0,49.24380111694336,1.0,49.24380111694336,82.19999694824219,0.0,0.06236029416322708,82.19999694824219,0.10000000149011612,287.5550231933594,0.0,0.0,0.0
595,31.41533088684082,-88.52317810058594,9448.7998046875,5.17518949508667,0.16003721952438354,125.0,51.66081237792969,1.0,51.66081237792969,82.19999694824219,0.0,0.05580088868737221,82.19999694824219,0.10000000149011612,301.6689758300781,0.0,0.0,0.0
596,31.41737937927246,-88.50981140136719,9448.7998046875,16.375024795532227,0.19456440210342407,126.0,53.254066467285156,1.0,53.254066467285156,82.19999694824219,0.0,0.06289451569318771,82.19999694824219,0.10000000149011612,310.97265625,0.0,0.0,0.0
597,31.419429779052734,-88.49644470214844,9448.7998046875,5.2953596115112305,0.18951073288917542,126.0,53.237022399902344,1.0,53.237022399902344,82.19999694824219,0.0,0.05034872144460678,82.19999694824219,0.10000000149011612,310.8731384277344,0.0,0.0,0.0
598,31.421480178833008,-88.48307800292969,9448.7998046875,21.473665237426758,0.14951010048389435,127.0,53.21998977661133,1.0,53.21998977661133,82.19999694824219,6.915257978909689e-16,0.04979667067527771,82.19999694824219,0.10000000149011612,310.7736511230469,0.0,0.0,0.0
599,31.42353057861328,-88.46971130371094,9448.7998046875,4.978265285491943,0.1336362659931183,127.0,53.20296859741211,1.0,53.20296859741211,82.19999694824219,0.0,0.052355676889419556,82.19999694824219,0.10000000149011612,310.67425537109375,0.0,0.0,0.0
600,31.425579071044922,-88.45634460449219,9448.7998046875,21.90632438659668,0.20171137154102325,128.0,53.18595504760742,1.0,53.18595504760742,82.19999694824219,0.0,0.05359378829598427,82.19999694824219,0.10000000149011612,310.5749206542969,0.0,0.0,0.0
601,31.427534103393555,-88.44365692138672,9448.7998046875,18.97028350830078,0.2068617194890976,128.0,50.440181732177734,1.0,50.440181732177734,82.19999694824219,0.0,0.052897095680236816,82.19999694824219,0.10000000149011612,294.54119873046875,0.0,0.0,0.0
602,31.429424285888672,-88.43142700195312,9448.7998046875,5.125269889831543,0.20040760934352875,128.0,48.575496673583984,1.0,48.575496673583984,82.19999694824219,0.0,0.05610952526330948,82.19999694824219,0.10000000149011612,283.65252685546875,0.0,0.0,0.2724578380584717
603,31.431316375732422,-88.419189453125,9448.7998046875,5.0332818031311035,0.1896226406097412,128.0,48.50679016113281,1.0,48.50679016113281,82.19999694824219,0.0,0.05055224150419235,82.19999694824219,0.10000000149011612,283.2513427734375,0.0,0.0,0.0
604,31.43320655822754,-88.4069595336914,9448.7998046875,16.331153869628906,0.03215010091662407,129.0,48.43827438354492,1.0,48.43827438354492,82.19999694824219,0.0,0.054937105625867844,82.19999694824219,0.10000000149011612,282.85125732421875,0.0,0.2858125865459442,0.0
605,31.435096740722656,-88.39472198486328,9448.7998046875,4.079640865325928,0.03411589935421944,129.0,48.36995315551758,1.0,48.36995315551758,82.19999694824219,0.0,0.05302570015192032,82.19999694824219,0.10000000149011612,282.4522705078125,0.0,0.0,0.0
606,31.436986923217773,-88.38248443603516,9448.7998046875,4.021369934082031,0.021171197295188904,129.0,48.30181884765625,1.0,48.30181884765625,82.19999694824219,6.915257978909689e-16,0.05436350032687187,82.19999694824219,0.10000000149011612,282.0544128417969,0.0,0.0,0.2990931272506714
607,31.438899993896484,-88.37007141113281,9448.7998046875,3.893366575241089,0.020794235169887543,129.0,48.945743560791016,1.0,48.945743560791016,82.19999694824219,0.0,0.05276533216238022,82.19999694824219,0.10000000149011612,285.8145751953125,0.0,0.0,0.23642393946647644
608,31.440900802612305,-88.35694122314453,9448.7998046875,3.817490577697754,0.030350228771567345,129.0,51.73101806640625,1.0,51.73101806640625,82.19999694824219,0.0,0.05629996955394745,82.19999694824219,0.10000000149011612,302.0789489746094,0.0,0.0,0.0
609,31.442899703979492,-88.34380340576172,9448.7998046875,3.778517961502075,0.03673014044761658,129.0,48.55463790893555,1.0,48.55463790893555,77.19999694824219,7.363137237682241e-16,0.054972149431705475,77.19999694824219,0.0,301.89410400390625,0.0,0.0,0.0
610,31.444900512695312,-88.33067321777344,9448.7998046875,3.7226319313049316,0.046348363161087036,129.0,48.52494430541992,1.0,48.52494430541992,77.19999694824219,0.0,0.055723898112773895,77.19999694824219,0.0,301.7095031738281,0.0,0.0,0.0
611,31.4468994140625,-88.31754302978516,9448.7998046875,18.183874130249023,0.23378480970859528,130.0,49.12346649169922,1.0,49.12346649169922,78.19999694824219,0.0,0.057846881449222565,78.19999694824219,0.10000000149011612,301.5251159667969,0.0,0.0,0.0
612,31.44890022277832,-88.30440521240234,9448.7998046875,5.006917953491211,0.22720877826213837,130.0,49.09346008300781,1.0,49.09346008300781,78.19999694824219,0.0,0.05293930694460869,78.19999694824219,0.10000000149011612,301.3409423828125,0.0,0.0,0.0
613,31.450912475585938,-88.29116821289062,9449.0537109375,5.0432281494140625,0.23421454429626465,130.0,49.46562576293945,1.0,49.46562576293945,78.19999694824219,0.0,0.05345694720745087,78.19999694824219,0.10000000149011612,303.62530517578125,0.0,0.0,0.0
614,31.452980041503906,-88.27749633789062,9450.32421875,13.851412773132324,0.12126072496175766,131.0,51.04998016357422,1.0,51.04998016357422,78.19999694824219,0.0,0.051997046917676926,78.19999694824219,0.10000000149011612,313.3502502441406,0.0,0.0,0.0
615,31.455047607421875,-88.26383209228516,9451.59375,4.623766899108887,0.11171188950538635,131.0,49.74329376220703,1.0,49.74329376220703,76.19999694824219,0.0,0.0563691072165966,76.19999694824219,0.0,313.3435974121094,0.0,0.0,0.0
616,31.45711326599121,-88.25016784667969,9452.8642578125,21.25309181213379,0.221915602684021,132.0,49.74223709106445,1.0,49.74223709106445,76.19999694824219,7.45976622690942e-16,0.05233049765229225,76.19999694824219,0.0,313.3369140625,0.0,0.0,0.0
617,31.45918083190918,-88.23650360107422,9454.1337890625,5.275120735168457,0.20334656536579132,132.0,49.74117660522461,1.0,49.74117660522461,76.19999694824219,0.0,0.05366174876689911,76.19999694824219,0.0,313.33026123046875,0.0,0.0,0.0
618,31.461246490478516,-88.22283172607422,9455.404296875,22.77664566040039,0.18892283737659454,133.0,50.39287567138672,1.0,50.39287567138672,77.19999694824219,0.0,0.06421098113059998,77.19999694824219,0.10000000149011612,313.3235778808594,0.0,0.0,0.0
619,31.46328353881836,-88.20936584472656,9456.419921875,17.313547134399414,0.17798364162445068,133.0,49.66646957397461,1.0,49.66646957397461,77.19999694824219,0.0,0.058116067200899124,77.19999694824219,0.10000000149011612,308.80706787109375,0.0,0.0,0.0
620,31.465200424194336,-88.1966781616211,9456.419921875,5.1834797859191895,0.18413566052913666,133.0,46.7641487121582,1.0,46.7641487121582,77.19999694824219,0.0,0.05306416377425194,77.19999694824219,0.10000000149011612,290.76153564453125,0.0,0.0,0.15397417545318604
621,31.467117309570312,-88.18399810791016,9456.419921875,5.252091884613037,0.18763501942157745,133.0,46.76322555541992,1.0,46.76322555541992,77.19999694824219,7.363137237682241e-16,0.058169927448034286,77.19999694824219,0.10000000149011612,290.75579833984375,0.0,0.0,0.0
622,31.46903419494629,-88.17131042480469,9456.419921875,13.187928199768066,0.024614909663796425,134.0,46.76230239868164,1.0,46.76230239868164,77.19999694824219,0.0,0.05363360419869423,77.19999694824219,0.10000000149011612,290.75006103515625,0.0,0.154165580868721,0.0
623,31.470949172973633,-88.15863037109375,9456.419921875,4.533990383148193,0.023408127948641777,134.0,46.76137924194336,1.0,46.76137924194336,77.19999694824219,0.0,0.05381004512310028,77.19999694824219,0.10000000149011612,290.74432373046875,0.0,0.0,0.0
624,31.47286605834961,-88.14595031738281,9456.419921875,4.5499162673950195,0.02905254065990448,134.0,46.69988250732422,1.0,46.69988250732422,77.0999984741211,0.0,0.057242631912231445,77.0999984741211,0.0,290.73858642578125,0.0,0.0,0.15435701608657837
625,31.474790573120117,-88.13320922851562,9456.419921875,4.591314792633057,0.021413730457425117,134.0,48.124969482421875,1.0,48.124969482421875,79.0999984741211,0.0,0.05085384100675583,79.0999984741211,0.10000000149011612,292.03521728515625,0.0,0.0,0.13274645805358887
626,31.476743698120117,-88.1202392578125,9456.419921875,4.5684075355529785,0.019186118617653847,134.0,48.982486724853516,1.0,48.982486724853516,79.0999984741211,0.0,0.05120626091957092,79.0999984741211,0.10000000149011612,297.2388610839844,0.0,0.0,0.0
627,31.478696823120117,-88.10726928710938,9456.419921875,19.75553321838379,0.018750306218862534,135.0,48.981502532958984,1.0,48.981502532958984,79.0999984741211,0.0,0.05381329730153084,79.0999984741211,0.10000000149011612,297.2328796386719,0.0,0.04611876606941223,0.0
628,31.480649948120117,-88.09429931640625,9456.419921875,4.563155651092529,0.014683256857097149,135.0,48.98051452636719,1.0,48.98051452636719,79.0999984741211,0.0,0.05380219593644142,79.0999984741211,0.10000000149011612,297.2268981933594,0.0,0.0,0.0
629,31.482603073120117,-88.08132934570312,9456.419921875,4.540332317352295,0.018352210521697998,135.0,48.97952651977539,1.0,48.97952651977539,79.0999984741211,0.0,0.053635455667972565,79.0999984741211,0.10000000149011612,297.2209167480469,0.0,0.0,0.04631830379366875
630,31.484556198120117,-88.068359375,9456.419921875,4.546267032623291,0.018204163759946823,135.0,48.97854232788086,1.0,48.97854232788086,79.0999984741211,0.0,0.05845758691430092,79.0999984741211,0.10000000149011612,297.21490478515625,0.0,0.0,0.0
631,31.486509323120117,-88.0553970336914,9456.419921875,4.529975891113281,0.02363884262740612,135.0,48.97755432128906,1.0,48.97755432128906,79.0999984741211,0.0,0.05826633796095848,79.0999984741211,0.10000000149011612,297.20892333984375,0.0,0.0,0.046517860144376755
632,31.488513946533203,-88.04203796386719,9456.419921875,4.533115863800049,0.014799647033214569,135.0,50.44895935058594,1.0,50.44895935058594,79.0999984741211,0.0,0.053748078644275665,79.0999984741211,0.10000000149011612,306.1378173828125,0.0,0.0,0.0
633,31.490530014038086,-88.0285873413086,9456.419921875,14.068593978881836,0.1315225213766098,136.0,50.84023666381836,1.0,50.84023666381836,79.0999984741211,7.186273052526399e-16,0.053739793598651886,79.0999984741211,0.10000000149011612,308.5121765136719,0.0,0.0,0.0
634,31.49254608154297,-88.01513671875,9456.419921875,4.981804847717285,0.1405380219221115,136.0,50.86922073364258,1.0,50.86922073364258,79.0999984741211,0.0,0.05540827661752701,79.0999984741211,0.10000000149011612,308.6880798339844,0.0,0.0,0.0
635,31.494564056396484,-88.00169372558594,9456.419921875,20.326034545898438,0.0,137.0,50.89823913574219,1.0,50.89823913574219,79.0999984741211,0.0,0.05825464800000191,79.0999984741211,0.10000000149011612,308.8641662597656,0.0,0.0,0.0
636,31.496580123901367,-87.98824310302734,9456.419921875,4.2876667976379395,0.0,137.0,50.92729568481445,1.0,50.92729568481445,79.0999984741211,0.0,0.05822798237204552,79.0999984741211,0.10000000149011612,309.04046630859375,0.0,0.0,0.0
637,31.49859619140625,-87.97479248046875,9456.419921875,22.331819534301758,0.17587614059448242,138.0,50.956382751464844,1.0,50.956382751464844,79.0999984741211,0.0,0.052090298384428024,79.0999984741211,0.10000000149011612,309.21697998046875,0.0,0.0,0.0
638,31.50077247619629,-87.96150970458984,9455.404296875,17.7374267578125,0.165572389960289,138.0,50.450523376464844,1.0,50.450523376464844,79.0999984741211,0.0,0.05278558284044266,79.0999984741211,0.10000000149011612,306.1473083496094,0.0,0.0,0.0
639,31.50299072265625,-87.94828033447266,9454.1337890625,4.913735389709473,0.15483464300632477,138.0,47.14267349243164,1.0,47.14267349243164,74.0999984741211,0.0,0.052453599870204926,74.0999984741211,0.0,305.3776550292969,0.0,0.0,0.0
640,31.505207061767578,-87.93504333496094,9452.8642578125,21.60490608215332,0.060953445732593536,139.0,47.777793884277344,1.0,47.777793884277344,75.0999984741211,0.0,0.05087234824895859,75.0999984741211,0.10000000149011612,305.3706970214844,0.0,0.0,0.0
641,31.507423400878906,-87.92181396484375,9451.59375,12.48134708404541,0.05235324427485466,139.0,47.77670669555664,1.0,47.77670669555664,75.0999984741211,0.0,0.055525895208120346,75.0999984741211,0.10000000149011612,305.36376953125,0.0,0.0,0.0
642,31.509639739990234,-87.90857696533203,9450.32421875,4.1623406410217285,0.037885431200265884,139.0,47.7756233215332,1.0,47.7756233215332,75.0999984741211,0.0,0.05128414183855057,75.0999984741211,0.10000000149011612,305.3568420410156,0.0,0.0,0.0
643,31.511856079101562,-87.89534759521484,9449.0537109375,4.022308349609375,0.024437734857201576,139.0,47.7745361328125,1.0,47.7745361328125,75.0999984741211,0.0,0.05015663802623749,75.0999984741211,0.10000000149011612,305.34991455078125,0.0,0.0,0.0
644,31.514873504638672,-87.88292694091797,9448.7998046875,3.8844518661499023,0.022363020107150078,139.0,45.77070999145508,1.0,45.77070999145508,75.0999984741211,0.0,0.04958907514810562,75.0999984741211,0.10000000149011612,292.54248046875,0.0,0.0,0.12429185956716537
645,31.518089294433594,-87.87071228027344,9448.7998046875,3.7977960109710693,0.025140367448329926,139.0,45.352718353271484,1.0,45.352718353271484,75.0999984741211,0.0,0.05472709238529205,75.0999984741211,0.10000000149011612,289.87091064453125,0.0,0.0,0.1688183695077896
646,31.52130699157715,-87.85848999023438,9448.7998046875,3.730545997619629,0.013673379085958004,139.0,45.39167785644531,1.0,45.39167785644531,75.0999984741211,0.0,0.050027139484882355,75.0999984741211,0.10000000149011612,290.1199035644531,0.0,0.0,0.1646682620048523
647,31.52452278137207,-87.84627532958984,9448.7998046875,3.5973901748657227,0.010154304094612598,139.0,45.37021255493164,1.0,45.37021255493164,75.0,0.0,0.050139170140028,75.0,0.0,290.3693542480469,0.0,0.0,0.0
648,31.527740478515625,-87.83406066894531,9448.7998046875,11.802268028259277,0.09384189546108246,140.0,45.40925598144531,1.0,45.40925598144531,75.0,0.0,0.053853943943977356,75.0,0.0,290.6192626953125,0.0,0.15634585916996002,0.0
649,31.530956268310547,-87.82184600830078,9448.7998046875,4.316408634185791,0.08775963634252548,140.0,45.44837188720703,1.0,45.44837188720703,75.0,0.0,0.05365980789065361,75.0,0.0,290.8695983886719,0.0,0.0,0.0
650,31.535200119018555,-87.80988311767578,9447.7841796875,4.356682777404785,0.0810927003622055,140.0,46.062171936035156,1.0,46.062171936035156,75.0,0.0,0.05600973963737488,75.0,0.0,294.79791259765625,0.0,0.0,0.08670157194137573
651,31.53969955444336,-87.79798126220703,9446.513671875,4.39174222946167,0.0789744108915329,140.0,46.2862548828125,1.0,46.2862548828125,75.0,0.0,0.05399749055504799,75.0,0.0,296.2320251464844,0.0,0.0,0.062799371778965
652,31.544200897216797,-87.78607940673828,9445.244140625,4.444992542266846,0.08399515599012375,140.0,46.29819107055664,1.0,46.29819107055664,75.0,0.0,0.05589723587036133,75.0,0.0,296.30841064453125,0.0,0.0,0.0
653,31.5487003326416,-87.77417755126953,9443.9736328125,19.277297973632812,0.052077457308769226,141.0,46.37187576293945,1.0,46.37187576293945,75.0999984741211,0.0,0.05617859587073326,75.0999984741211,0.10000000149011612,296.38482666015625,0.0,0.06025274097919464,0.0
654,31.553199768066406,-87.76228332519531,9442.7041015625,4.434476852416992,0.05881434679031372,141.0,46.38384246826172,1.0,46.38384246826172,75.0999984741211,0.0,0.051370732486248016,75.0999984741211,0.10000000149011612,296.4613037109375,0.0,0.0,0.0
655,31.55769920349121,-87.75038146972656,9441.43359375,4.51634407043457,0.05983535200357437,141.0,46.39581298828125,1.0,46.39581298828125,75.0999984741211,0.0,0.05830666422843933,75.0999984741211,0.10000000149011612,296.5378112792969,0.0,0.0,0.0577031709253788
656,31.56307029724121,-87.73888397216797,9441.1796875,4.567363262176514,0.0651172548532486,141.0,46.73880386352539,1.0,46.73880386352539,75.0999984741211,0.0,0.05981564521789551,75.0999984741211,0.10000000149011612,298.73004150390625,0.0,0.0,0.0
657,31.56865692138672,-87.72749328613281,9441.1796875,4.633813858032227,0.05480390787124634,141.0,46.91685485839844,1.0,46.91685485839844,75.0999984741211,0.0,0.053611963987350464,75.0999984741211,0.10000000149011612,299.8680419921875,0.0,0.0,0.0021992181427776814
658,31.574243545532227,-87.71610260009766,9441.1796875,4.6234869956970215,0.06192602589726448,141.0,46.96967315673828,1.0,46.96967315673828,75.0999984741211,0.0,0.05269927904009819,75.0999984741211,0.10000000149011612,300.20562744140625,0.0,0.0,0.0
659,31.579830169677734,-87.7047119140625,9441.1796875,13.940025329589844,0.015786634758114815,142.0,47.022613525390625,1.0,47.022613525390625,75.0999984741211,0.0,0.05194230005145073,75.0999984741211,0.10000000149011612,300.54400634765625,0.0,0.0,0.0
660,31.585594177246094,-87.69340515136719,9441.1796875,4.507518768310547,0.02635146677494049,142.0,47.18136978149414,1.0,47.18136978149414,75.0999984741211,0.0,0.05459638312458992,75.0999984741211,0.10000000149011612,301.5586853027344,0.0,0.0,0.0
661,31.592069625854492,-87.68243408203125,9441.1796875,21.388919830322266,0.01254357397556305,143.0,47.777984619140625,1.0,47.777984619140625,75.0999984741211,0.0,0.05367574468255043,75.0999984741211,0.10000000149011612,305.3719482421875,0.0,0.0,0.0
662,31.598543167114258,-87.67145538330078,9441.1796875,4.5324320793151855,0.022783061489462852,143.0,47.13959884643555,1.0,47.13959884643555,74.0999984741211,0.0,0.05918536335229874,74.0999984741211,0.0,305.35772705078125,0.0,0.0,0.0
663,31.605018615722656,-87.66048431396484,9441.1796875,21.643041610717773,0.0,144.0,44.27480697631836,1.0,44.27480697631836,69.5999984741211,0.0,0.05611911416053772,69.5999984741211,0.0,305.343505859375,0.0,0.0,0.0
664,31.611492156982422,-87.64950561523438,9441.1796875,19.31446075439453,0.0,144.0,44.590797424316406,1.0,44.590797424316406,70.0999984741211,8.108904219718738e-16,0.0530385822057724,70.0999984741211,0.0,305.32928466796875,0.0,0.0,0.0
665,31.61796760559082,-87.63853454589844,9441.1796875,4.495689392089844,0.0,144.0,50.9494514465332,1.0,50.9494514465332,80.0999984741211,0.0,0.05969621241092682,80.0999984741211,0.10000000149011612,305.3150634765625,0.0,0.0,0.0
666,31.624441146850586,-87.62755584716797,9441.1796875,22.818424224853516,0.13210155069828033,145.0,50.94707489013672,1.0,50.94707489013672,80.0999984741211,0.0,0.05492845177650452,80.0999984741211,0.10000000149011612,305.30084228515625,0.0,0.0,0.0
667,31.63091468811035,-87.61658477783203,9441.1796875,16.849945068359375,0.14606457948684692,145.0,50.9447021484375,1.0,50.9447021484375,80.0999984741211,0.0,0.054422423243522644,80.0999984741211,0.10000000149011612,305.2865905761719,0.0,0.0,0.0
668,31.637327194213867,-87.60576629638672,9441.1796875,5.1496405601501465,0.1284569352865219,145.0,50.29043960571289,1.0,50.29043960571289,80.0999984741211,0.0,0.05143843963742256,80.0999984741211,0.10000000149011612,301.3659362792969,0.0,0.0,0.0
669,31.64364242553711,-87.59518432617188,9441.1796875,22.269245147705078,0.08389090746641159,146.0,49.310791015625,1.0,49.310791015625,80.0999984741211,0.0,0.05084561929106712,80.0999984741211,0.10000000149011612,295.495361328125,0.0,0.07507722079753876,0.0
670,31.649959564208984,-87.58460235595703,9441.1796875,13.149676322937012,0.08238666504621506,146.0,49.308563232421875,1.0,49.308563232421875,80.0999984741211,0.0,0.04962627589702606,80.0999984741211,0.10000000149011612,295.4820251464844,0.0,0.0,0.0
671,31.65627670288086,-87.57402038574219,9441.1796875,4.759361267089844,0.08444135636091232,146.0,49.30633544921875,1.0,49.30633544921875,80.0999984741211,0.0,0.060319431126117706,80.0999984741211,0.10000000149011612,295.46868896484375,0.0,0.0,0.07552197575569153
672,31.662593841552734,-87.56343078613281,9441.1796875,4.733462333679199,0.09536000341176987,146.0,49.304107666015625,1.0,49.304107666015625,80.0999984741211,0.0,0.0538606271147728,80.0999984741211,0.10000000149011612,295.455322265625,0.0,0.0,0.0
673,31.668909072875977,-87.55284881591797,9441.1796875,4.745229721069336,0.08885456621646881,146.0,49.3018798828125,1.0,49.3018798828125,80.0999984741211,0.0,0.05649295076727867,80.0999984741211,0.10000000149011612,295.4419860839844,0.0,0.0,0.07596686482429504
674,31.6752872467041,-87.54217529296875,9441.1796875,4.669211387634277,0.09067443013191223,146.0,49.745391845703125,1.0,49.745391845703125,80.0999984741211,0.0,0.05499507486820221,80.0999984741211,0.10000000149011612,298.0997314453125,0.0,0.0,0.0
675,31.681753158569336,-87.53135681152344,9441.1796875,19.672157287597656,0.0432417169213295,147.0,50.41170883178711,1.0,50.41170883178711,80.0999984741211,0.0,0.049619462341070175,80.0999984741211,0.10000000149011612,302.0926208496094,0.0,0.0,0.0
676,31.68821907043457,-87.52053833007812,9441.1796875,4.35238790512085,0.04737342521548271,147.0,50.40937805175781,1.0,50.40937805175781,80.0999984741211,0.0,0.05381568893790245,80.0999984741211,0.10000000149011612,302.07867431640625,0.0,0.0,0.0
677,31.694686889648438,-87.50971984863281,9441.1796875,21.72075080871582,0.0,148.0,50.407047271728516,1.0,50.407047271728516,80.0999984741211,0.0,0.05535231530666351,80.0999984741211,0.10000000149011612,302.064697265625,0.0,0.0,0.0
678,31.701152801513672,-87.49890899658203,9441.1796875,16.824420928955078,0.0,148.0,50.40471649169922,1.0,50.40471649169922,80.0999984741211,0.0,0.051703136414289474,80.0999984741211,0.10000000149011612,302.05072021484375,0.0,0.0,0.0
679,31.70762062072754,-87.48809051513672,9441.1796875,3.9707248210906982,0.001541921985335648,148.0,50.402381896972656,1.0,50.402381896972656,80.0999984741211,0.0,0.05301094427704811,80.0999984741211,0.10000000149011612,302.0367431640625,0.0,0.0,0.0
680,31.713993072509766,-87.4774169921875,9442.1962890625,21.47386360168457,0.004276014398783445,149.0,49.72904968261719,1.0,49.72904968261719,80.0999984741211,0.0,0.05284643918275833,80.0999984741211,0.10000000149011612,298.0018005371094,0.0,0.03330323472619057,0.0
681,31.720226287841797,-87.46694946289062,9444.736328125,13.528739929199219,0.00528934458270669,149.0,48.725914001464844,1.0,48.725914001464844,80.0999984741211,0.0,0.050433795899152756,80.0999984741211,0.10000000149011612,291.990478515625,0.0,0.0,0.0
682,31.726459503173828,-87.45648193359375,9447.2763671875,3.7742323875427246,0.0,149.0,48.73834991455078,1.0,48.73834991455078,80.0999984741211,0.0,0.04917743057012558,80.0999984741211,0.10000000149011612,292.06500244140625,0.0,0.0,0.13224974274635315
683,31.73269271850586,-87.44601440429688,9449.81640625,3.6731271743774414,0.0,149.0,48.75079345703125,1.0,48.75079345703125,80.0999984741211,0.0,0.05037831887602806,80.0999984741211,0.10000000149011612,292.13958740234375,0.0,0.0,0.13100692629814148
684,31.73892593383789,-87.435546875,9452.3564453125,3.5922694206237793,0.0,149.0,48.76324462890625,1.0,48.76324462890625,80.0999984741211,0.0,0.05321991816163063,80.0999984741211,0.10000000149011612,292.2142028808594,0.0,0.0,0.1297634094953537
685,31.745159149169922,-87.42507934570312,9454.896484375,3.5088019371032715,0.0,149.0,48.77570343017578,1.0,48.77570343017578,80.0999984741211,0.0,0.05016815662384033,80.0999984741211,0.10000000149011612,292.2888488769531,0.0,0.0,0.1285191774368286
686,31.75153923034668,-87.41436004638672,9455.912109375,3.4229259490966797,0.0,149.0,49.95824432373047,1.0,49.95824432373047,80.0999984741211,0.0,0.05214330181479454,80.0999984741211,0.10000000149011612,299.375244140625,0.0,0.0,0.0
687,31.758140563964844,-87.40325927734375,9454.6416015625,3.3326497077941895,0.0,149.0,51.726531982421875,1.0,51.726531982421875,80.0999984741211,0.0,0.05321480706334114,80.0999984741211,0.10000000149011612,309.97174072265625,0.0,0.0,0.0
688,31.764739990234375,-87.39215850830078,9453.3720703125,14.904590606689453,0.0598466694355011,150.0,51.7396240234375,1.0,51.7396240234375,80.0999984741211,0.0,0.054146695882081985,80.0999984741211,0.10000000149011612,310.0501708984375,0.0,0.0,0.0
689,31.771339416503906,-87.38105773925781,9452.1015625,4.341020107269287,0.06710071116685867,150.0,51.75271987915039,1.0,51.75271987915039,80.0999984741211,0.0,0.060841407626867294,80.0999984741211,0.10000000149011612,310.128662109375,0.0,0.0,0.0
690,31.77794075012207,-87.36995697021484,9450.83203125,22.32902717590332,0.22200405597686768,151.0,51.76582336425781,1.0,51.76582336425781,80.0999984741211,0.0,0.05301792547106743,80.0999984741211,0.10000000149011612,310.2071838378906,0.0,0.0,0.0
691,31.7845401763916,-87.35885620117188,9449.5615234375,5.285611629486084,0.21104615926742554,151.0,51.778934478759766,1.0,51.778934478759766,80.0999984741211,0.0,0.057825736701488495,80.0999984741211,0.10000000149011612,310.2857360839844,0.0,0.0,0.0
692,31.791046142578125,-87.34793853759766,9448.2919921875,21.90744972229004,0.0623277872800827,152.0,50.97502899169922,1.0,50.97502899169922,80.0999984741211,0.0,0.05686211585998535,80.0999984741211,0.10000000149011612,305.46832275390625,0.0,0.0,0.0
693,31.797412872314453,-87.33728790283203,9447.0224609375,19.38458824157715,0.07078766822814941,152.0,49.75099563598633,1.0,49.75099563598633,80.0999984741211,0.0,0.05133013427257538,80.0999984741211,0.10000000149011612,298.1333312988281,0.0,0.0,0.0
694,31.80377960205078,-87.3266372680664,9445.751953125,4.660613536834717,0.08368895202875137,152.0,49.733768463134766,1.0,49.733768463134766,80.0999984741211,7.09655691094e-16,0.053792163729667664,80.0999984741211,0.10000000149011612,298.03009033203125,0.0,0.0,0.0328320637345314
695,31.81014633178711,-87.31598663330078,9444.482421875,4.7596516609191895,0.0831589624285698,152.0,49.716548919677734,1.0,49.716548919677734,80.0999984741211,0.0,0.05356376990675926,80.0999984741211,0.10000000149011612,297.9268798828125,0.0,0.0,0.0
696,31.816513061523438,-87.30534362792969,9443.2119140625,16.986183166503906,0.0,153.0,49.6993408203125,1.0,49.6993408203125,80.0999984741211,0.0,0.05046148970723152,80.0999984741211,0.10000000149011612,297.8237609863281,0.0,0.03627045825123787,0.0
697,31.822879791259766,-87.29469299316406,9441.9423828125,4.442015647888184,0.0008406381821259856,153.0,49.68214416503906,1.0,49.68214416503906,80.0999984741211,0.0,0.05309119448065758,80.0999984741211,0.10000000149011612,297.720703125,0.0,0.0,0.0
698,31.829267501831055,-87.28399658203125,9441.1796875,4.469079971313477,0.0,153.0,49.84144973754883,1.0,49.84144973754883,80.0999984741211,0.0,0.05767633393406868,80.0999984741211,0.10000000149011612,298.67535400390625,0.0,0.0,0.022077564150094986
699,31.835683822631836,-87.27324676513672,9441.1796875,4.483753204345703,0.0,153.0,49.77619171142578,1.0,49.77619171142578,79.5999984741211,0.0,0.05143394321203232,79.5999984741211,0.0,300.1579284667969,0.0,0.0,0.0
700,31.842100143432617,-87.26249694824219,9441.1796875,4.496891975402832,0.0,153.0,50.696624755859375,1.0,50.696624755859375,81.0999984741211,0.0,0.05486572906374931,81.0999984741211,0.0,300.05401611328125,0.0,0.0,0.0
701,31.8485164642334,-87.25174713134766,9441.1796875,21.549650192260742,0.0,154.0,50.6790771484375,1.0,50.6790771484375,81.0999984741211,0.0,0.052754588425159454,81.0999984741211,0.0,299.9501647949219,0.0,0.000830723496619612,0.0
702,31.85493278503418,-87.24099731445312,9441.1796875,4.507111072540283,0.0,154.0,50.66154098510742,1.0,50.66154098510742,81.0999984741211,0.0,0.055379562079906464,81.0999984741211,0.0,299.8463439941406,0.0,0.0,0.0
703,31.86134910583496,-87.2302474975586,9441.1796875,4.5041632652282715,0.0,154.0,50.644012451171875,1.0,50.644012451171875,81.0999984741211,0.0,0.0598432682454586,81.0999984741211,0.0,299.74261474609375,0.0,0.0,0.004289679694920778
704,31.867727279663086,-87.21954345703125,9441.1796875,4.4958577156066895,0.0,154.0,50.70100021362305,1.0,50.70100021362305,81.5999984741211,0.0,0.051594920456409454,81.5999984741211,0.10000000149011612,298.2411804199219,0.0,0.0,0.0
705,31.874042510986328,-87.20889282226562,9441.1796875,4.482304096221924,0.0,154.0,50.32137680053711,1.0,50.32137680053711,81.5999984741211,6.966105366733365e-16,0.059202760457992554,81.5999984741211,0.10000000149011612,296.00811767578125,0.0,0.0,0.06653156131505966
706,31.880359649658203,-87.1982421875,9441.1796875,4.463684558868408,0.0,154.0,50.28895568847656,1.0,50.28895568847656,81.5999984741211,0.0,0.0532570518553257,81.5999984741211,0.10000000149011612,295.8173828125,0.0,0.0,0.0
707,31.886676788330078,-87.18759155273438,9441.1796875,19.477588653564453,0.25459492206573486,155.0,50.25657272338867,1.0,50.25657272338867,81.5999984741211,0.0,0.05328855663537979,81.5999984741211,0.10000000149011612,295.62689208984375,0.0,0.07288511842489243,0.0
708,31.892993927001953,-87.17694091796875,9441.1796875,5.687417507171631,0.2717489004135132,155.0,50.22422790527344,1.0,50.22422790527344,81.5999984741211,0.0,0.051239337772130966,81.5999984741211,0.10000000149011612,295.4366149902344,0.0,0.0,0.0
709,31.899309158325195,-87.16629028320312,9441.1796875,5.755006313323975,0.27059561014175415,155.0,50.191917419433594,1.0,50.191917419433594,81.5999984741211,0.0,0.051034875214099884,81.5999984741211,0.10000000149011612,295.24658203125,0.0,0.0,0.0792236328125
710,31.90559959411621,-87.15567016601562,9441.6884765625,5.709868431091309,0.26499736309051514,155.0,50.01469039916992,1.0,50.01469039916992,81.5999984741211,0.0,0.04926066845655441,81.5999984741211,0.10000000149011612,294.2040710449219,0.0,0.0,0.0
711,31.911849975585938,-87.14510345458984,9442.9580078125,5.633922576904297,0.27889564633369446,155.0,49.79468536376953,1.0,49.79468536376953,81.5999984741211,0.0,0.05542329326272011,81.5999984741211,0.10000000149011612,292.909912109375,0.0,0.0,0.11816824972629547
712,31.918100357055664,-87.13453674316406,9444.2275390625,5.669842720031738,0.27576419711112976,155.0,49.83713912963867,1.0,49.83713912963867,81.5999984741211,0.0,0.05570317059755325,81.5999984741211,0.10000000149011612,293.1596374511719,0.0,0.0,0.0
713,31.92435073852539,-87.12397003173828,9445.498046875,13.683572769165039,0.07037130743265152,156.0,49.87967300415039,1.0,49.87967300415039,81.5999984741211,0.0,0.0535002164542675,81.5999984741211,0.10000000149011612,293.4098205566406,0.0,0.10983613133430481,0.0
714,31.930599212646484,-87.1134033203125,9446.767578125,4.45991325378418,0.07050080597400665,156.0,50.47289276123047,1.0,50.47289276123047,82.5,0.0,0.05305476859211922,82.5,0.15000000596046448,293.66046142578125,0.0,0.0,0.0
715,31.93684959411621,-87.10283660888672,9448.0380859375,4.400988578796387,0.07500341534614563,156.0,50.516048431396484,1.0,50.516048431396484,82.5,0.0,0.0523117333650589,82.5,0.15000000596046448,293.91156005859375,0.0,0.0,0.10147413611412048
716,31.943220138549805,-87.09207153320312,9447.7841796875,4.358692646026611,0.07258258014917374,156.0,51.50212860107422,1.0,51.50212860107422,82.5,0.0,0.04944072663784027,82.5,0.15000000596046448,299.64874267578125,0.0,0.0,0.0
717,31.949769973754883,-87.08100891113281,9445.244140625,4.278970241546631,0.07670316845178604,156.0,52.94127655029297,1.0,52.94127655029297,82.5,0.0,0.05599415302276611,82.5,0.15000000596046448,308.02197265625,0.0,0.0,0.0
718,31.95631980895996,-87.06993865966797,9442.7041015625,4.224245071411133,0.07846299558877945,156.0,52.93876266479492,1.0,52.93876266479492,82.5,0.0,0.0515253059566021,82.5,0.15000000596046448,308.00732421875,0.0,0.0,0.0
719,31.96286964416504,-87.05887603759766,9440.1640625,4.154880523681641,0.07181120663881302,156.0,52.93624496459961,1.0,52.93624496459961,82.5,0.0,0.05018870532512665,82.5,0.15000000596046448,307.9927062988281,0.0,0.0,0.0
720,31.969419479370117,-87.04780578613281,9437.6240234375,12.023330688476562,0.040432702749967575,157.0,52.9337272644043,1.0,52.9337272644043,82.5,0.0,0.057268399745225906,82.5,0.15000000596046448,307.9780578613281,0.0,0.0,0.0
721,31.975969314575195,-87.0367431640625,9435.083984375,3.859410524368286,0.03042491525411606,157.0,52.931209564208984,1.0,52.931209564208984,82.5,0.0,0.057077180594205856,82.5,0.15000000596046448,307.96337890625,0.0,0.0,0.0
722,31.98241424560547,-87.02584075927734,9433.5595703125,20.170988082885742,0.053712598979473114,158.0,52.110511779785156,1.0,52.110511779785156,82.5,0.0,0.055923208594322205,82.5,0.15000000596046448,303.18841552734375,0.0,0.0,0.0
723,31.988697052001953,-87.01519012451172,9433.5595703125,4.080654144287109,0.05222942680120468,158.0,50.880889892578125,1.0,50.880889892578125,82.5,0.0,0.05190211161971092,82.5,0.15000000596046448,296.0342712402344,0.0,0.0,0.0660955160856247
724,31.994979858398438,-87.0045394897461,9433.5595703125,4.146870136260986,0.04652656242251396,158.0,50.878562927246094,1.0,50.878562927246094,82.5,0.0,0.054235056042671204,82.5,0.15000000596046448,296.0207214355469,0.0,0.0,0.06632129102945328
725,32.00126266479492,-86.99388885498047,9433.5595703125,4.190441608428955,0.044274888932704926,158.0,50.8762321472168,1.0,50.8762321472168,82.5,0.0,0.061821140348911285,82.5,0.15000000596046448,296.0071716308594,0.0,0.0,0.0
726,32.007545471191406,-86.98323822021484,9433.5595703125,4.246246337890625,0.03413228318095207,158.0,50.873905181884766,1.0,50.873905181884766,82.5,0.0,0.052187252789735794,82.5,0.0,295.9936218261719,0.0,0.0,0.0667729452252388
727,32.01382827758789,-86.97258758544922,9433.5595703125,4.262688636779785,0.044278934597969055,158.0,50.87157440185547,1.0,50.87157440185547,82.5,0.0,0.05770595371723175,82.5,0.0,295.9800720214844,0.0,0.0,0.0
728,32.02010726928711,-86.96195220947266,9433.5595703125,17.587261199951172,0.24383193254470825,159.0,53.888023376464844,1.0,53.888023376464844,87.5,0.0,0.05450258031487465,87.5,0.15000000596046448,295.6142883300781,0.0,0.07309494912624359,0.0
729,32.02637481689453,-86.95133972167969,9433.5595703125,5.438215732574463,0.24914148449897766,159.0,53.78925704956055,1.0,53.78925704956055,87.5,0.0,0.054558418691158295,87.5,0.15000000596046448,295.0724792480469,0.0,0.0,0.0
730,32.03263854980469,-86.94071960449219,9433.5595703125,5.518645763397217,0.2333563268184662,159.0,53.786800384521484,1.0,53.786800384521484,87.5,6.496390657371781e-16,0.05257277935743332,87.5,0.15000000596046448,295.05902099609375,0.0,0.0,0.08234979212284088
731,32.03890609741211,-86.93010711669922,9433.5595703125,5.473714828491211,0.23215770721435547,159.0,53.784339904785156,1.0,53.784339904785156,87.5,0.0,0.05512641370296478,87.5,0.15000000596046448,295.0455322265625,0.0,0.0,0.0
732,32.04517364501953,-86.91948699951172,9433.5595703125,5.507802486419678,0.21196170151233673,159.0,53.47455978393555,1.0,53.47455978393555,87.0,0.0,0.051979973912239075,87.0,0.15000000596046448,295.03204345703125,0.0,0.0,0.08279918134212494
733,32.05144119262695,-86.90886688232422,9433.5595703125,5.431238651275635,0.207742840051651,159.0,53.47211456298828,1.0,53.47211456298828,87.0,0.0,0.051483966410160065,87.0,0.15000000596046448,295.0185546875,0.0,0.0,0.0
734,32.05772018432617,-86.8982162475586,9434.576171875,11.756653785705566,0.11040251702070236,160.0,53.66847229003906,1.0,53.66847229003906,87.0,0.0,0.05153331160545349,87.0,0.15000000596046448,296.1018981933594,0.0,0.06496822088956833,0.0
735,32.06401824951172,-86.88749694824219,9437.1162109375,4.962744235992432,0.1121843084692955,160.0,53.99058151245117,1.0,53.99058151245117,87.0,0.0,0.05322382599115372,87.0,0.15000000596046448,297.8790588378906,0.0,0.0,0.0
736,32.07032012939453,-86.87677764892578,9439.65625,4.993107318878174,0.1032666340470314,160.0,54.053131103515625,1.0,54.053131103515625,87.0,0.0,0.05604598671197891,87.0,0.15000000596046448,298.22418212890625,0.0,0.0,0.029597211629152298
737,32.07661819458008,-86.8660659790039,9442.1962890625,4.9661946296691895,0.08908414840698242,160.0,54.11582946777344,1.0,54.11582946777344,87.0,0.0,0.058125946670770645,87.0,0.15000000596046448,298.5700988769531,0.0,0.0,0.02383173629641533
738,32.08292007446289,-86.8553466796875,9444.736328125,4.909295558929443,0.08225494623184204,160.0,54.178680419921875,1.0,54.178680419921875,87.0,0.0,0.05840568244457245,87.0,0.15000000596046448,298.9168701171875,0.0,0.0,0.0
739,32.08921813964844,-86.8446273803711,9447.2763671875,19.163923263549805,0.08641139417886734,161.0,59.85289001464844,1.0,59.85289001464844,96.0,0.0,0.050527557730674744,96.0,0.15000000596046448,299.26446533203125,0.0,0.012259065173566341,0.0
740,32.09549331665039,-86.83396911621094,9448.7998046875,4.903115749359131,0.07960160821676254,161.0,59.624332427978516,1.0,59.624332427978516,96.0,0.0,0.053833045065402985,96.0,0.15000000596046448,298.12164306640625,0.0,0.0,0.0
741,32.10172653198242,-86.8233871459961,9448.7998046875,4.866119384765625,0.08165276050567627,161.0,58.92335510253906,1.0,58.92335510253906,95.5,0.0,0.05091443657875061,95.5,0.0,296.1592712402344,0.0,0.0,0.06401221454143524
742,32.10795974731445,-86.81279754638672,9448.7998046875,4.865847587585449,0.07715209573507309,161.0,59.573707580566406,1.0,59.573707580566406,96.5,0.0,0.052070003002882004,96.5,0.15000000596046448,296.3251647949219,0.0,0.0,0.0
743,32.114192962646484,-86.80221557617188,9448.7998046875,4.829449653625488,0.08361570537090302,161.0,59.60710144042969,1.0,59.60710144042969,96.5,0.0,0.049701936542987823,96.5,0.15000000596046448,296.49127197265625,0.0,0.0,0.058478593826293945
744,32.120426177978516,-86.79163360595703,9448.7998046875,4.839648723602295,0.07814948260784149,161.0,59.64053726196289,1.0,59.64053726196289,96.5,0.0,0.05775318667292595,96.5,0.15000000596046448,296.6575927734375,0.0,0.0,0.0
745,32.12665939331055,-86.78105163574219,9448.7998046875,14.500961303710938,0.19925913214683533,162.0,59.67401123046875,1.0,59.67401123046875,96.5,0.0,0.05048030987381935,96.5,0.15000000596046448,296.8240966796875,0.0,0.05293168127536774,0.0
746,32.1329460144043,-86.77035522460938,9448.2919921875,5.369643211364746,0.19640855491161346,162.0,60.29798126220703,1.0,60.29798126220703,96.5,0.0,0.05488559231162071,96.5,0.15000000596046448,299.9277648925781,0.0,0.0,0.0
747,32.139312744140625,-86.75948333740234,9447.0224609375,5.318475723266602,0.1851237416267395,162.0,61.21040344238281,1.0,61.21040344238281,96.5,0.0,0.05804811045527458,96.5,0.15000000596046448,304.4662780761719,0.0,0.0,0.0
748,32.14567947387695,-86.74861907958984,9445.751953125,5.2166361808776855,0.1826268434524536,162.0,61.22613525390625,1.0,61.22613525390625,96.5,0.0,0.05150458961725235,96.5,0.15000000596046448,304.54449462890625,0.0,0.0,0.0
749,32.15204620361328,-86.73775482177734,9444.482421875,21.850099563598633,0.04825315251946449,163.0,61.24187469482422,1.0,61.24187469482422,96.5,0.0,0.056149378418922424,96.5,0.15000000596046448,304.622802734375,0.0,0.0,0.0
750,32.15841293334961,-86.72688293457031,9443.2119140625,19.38559913635254,0.049991317093372345,163.0,61.25762176513672,1.0,61.25762176513672,96.5,0.0,0.05208379775285721,96.5,0.15000000596046448,304.7011413574219,0.0,0.0,0.0
751,32.16477966308594,-86.71601867675781,9441.9423828125,4.397695064544678,0.049413640052080154,163.0,61.273380279541016,1.0,61.273380279541016,96.5,0.0,0.04929177463054657,96.5,0.15000000596046448,304.7795104980469,0.0,0.0,0.0
752,32.17105484008789,-86.70530700683594,9433.5595703125,22.416059494018555,0.06073473021388054,164.0,60.39882278442383,1.0,60.39882278442383,96.5,0.0,0.04915712773799896,96.5,0.15000000596046448,300.42938232421875,0.0,0.0,0.0
753,32.17718505859375,-86.69482421875,9414.509765625,16.42593002319336,0.059537746012210846,164.0,59.06502151489258,1.0,59.06502151489258,96.5,0.0,0.050884734839200974,96.5,0.15000000596046448,293.794921875,0.0,0.0,0.0
754,32.183319091796875,-86.68434143066406,9395.4599609375,4.252661228179932,0.0757768452167511,164.0,59.04439926147461,1.0,59.04439926147461,96.5,0.0,0.052234429866075516,96.5,0.15000000596046448,293.6923522949219,0.0,0.0,0.10512737184762955
755,32.189453125,-86.67385864257812,9376.41015625,4.259153842926025,0.07254058122634888,164.0,59.02379608154297,1.0,59.02379608154297,96.5,0.0,0.0499839149415493,96.5,0.15000000596046448,293.58984375,0.0,0.0,0.10683569312095642
756,32.195587158203125,-86.66337585449219,9357.3603515625,4.171490669250488,0.07399231195449829,164.0,59.00320053100586,1.0,59.00320053100586,96.5,5.890509578387556e-16,0.05108414962887764,96.5,0.15000000596046448,293.4874267578125,0.0,0.0,0.10854300856590271
757,32.20172119140625,-86.65289306640625,9338.3095703125,4.102667331695557,0.08334537595510483,164.0,58.98261642456055,1.0,58.98261642456055,96.5,0.0,0.052187949419021606,96.5,0.15000000596046448,293.3850402832031,0.0,0.0,0.11024931818246841
758,32.20787811279297,-86.6423568725586,9318.244140625,4.068172931671143,0.08753080666065216,164.0,59.219234466552734,1.0,59.219234466552734,96.5,0.0,0.04953764006495476,96.5,0.15000000596046448,294.56201171875,0.0,0.0,0.09063327312469482
759,32.214080810546875,-86.6317367553711,9296.654296875,4.006328105926514,0.08728098124265671,164.0,59.554908752441406,1.0,59.554908752441406,96.5,0.0,0.04988005757331848,96.5,0.15000000596046448,296.2316589355469,0.0,0.0,0.06280548870563507
760,32.220279693603516,-86.6211166381836,9275.064453125,3.920283555984497,0.07865770161151886,164.0,59.46211624145508,1.0,59.46211624145508,96.5,0.0,0.05045624077320099,96.5,0.15000000596046448,295.7701110839844,0.0,0.0,0.07049821317195892
761,32.226478576660156,-86.61050415039062,9253.4736328125,3.792241096496582,0.07962794601917267,164.0,58.754371643066406,1.0,58.754371643066406,95.5,0.0,0.05338244512677193,95.5,0.0,295.3099365234375,0.0,0.0,0.0
762,32.23268127441406,-86.59988403320312,9231.8837890625,3.707455635070801,0.09456217288970947,164.0,58.66309356689453,1.0,58.66309356689453,95.5,0.0,0.05168626829981804,95.5,0.0,294.85113525390625,0.0,0.0,0.08581417053937912
763,32.2388801574707,-86.58927154541016,9210.2939453125,3.6871678829193115,0.11684047430753708,164.0,58.57209014892578,1.0,58.57209014892578,95.5,0.0,0.0542735680937767,95.5,0.0,294.39373779296875,0.0,0.0,0.0
764,32.24522018432617,-86.57843017578125,9186.671875,3.7022652626037598,0.11811678111553192,164.0,59.756813049316406,1.0,59.756813049316406,95.5,0.0,0.05265439674258232,95.5,0.0,300.348388671875,0.0,0.0,0.0
765,32.25177001953125,-86.56726837158203,9160.001953125,22.6221866607666,0.2454511821269989,165.0,60.96134567260742,1.0,60.96134567260742,94.5,0.0,0.05718759819865227,94.5,0.0,309.6449279785156,0.0,0.0,0.0
766,32.25831985473633,-86.55609893798828,9133.33203125,12.210573196411133,0.24294663965702057,165.0,64.16442108154297,1.0,64.16442108154297,99.5,0.0,0.05235369876027107,99.5,0.15000000596046448,309.5368957519531,0.0,0.0,0.0
767,32.264869689941406,-86.54493713378906,9106.662109375,5.447187900543213,0.24322156608104706,165.0,64.14203643798828,1.0,64.14203643798828,99.5,0.0,0.052811454981565475,99.5,0.15000000596046448,309.4289245605469,0.0,0.0,0.0
768,32.271419525146484,-86.53376770019531,9079.9921875,19.722148895263672,0.0,166.0,64.11966705322266,1.0,64.11966705322266,99.5,0.0,0.05399330332875252,99.5,0.15000000596046448,309.3210144042969,0.0,0.0,0.0
769,32.27796936035156,-86.52259826660156,9053.322265625,4.3338942527771,0.0,166.0,66.99618530273438,1.0,66.99618530273438,104.0,0.0,0.053733039647340775,104.0,0.15000000596046448,309.2131652832031,0.0,0.0,0.0
770,32.28440856933594,-86.5115966796875,9027.66796875,22.277996063232422,0.0,167.0,65.91398620605469,1.0,65.91398620605469,104.0,0.0,0.055614084005355835,104.0,0.15000000596046448,304.2183837890625,0.0,0.0,0.0
771,32.290672302246094,-86.50084686279297,9003.5380859375,16.750089645385742,0.0,167.0,64.29627227783203,1.0,64.29627227783203,104.0,0.0,0.05334283411502838,104.0,0.15000000596046448,296.75201416015625,0.0,0.0,0.0
772,32.296939849853516,-86.49009704589844,8979.408203125,4.437189102172852,0.0,167.0,64.25472259521484,1.0,64.25472259521484,104.0,0.0,0.05663002282381058,104.0,0.15000000596046448,296.5602722167969,0.0,0.0,0.057328883558511734
773,32.30320739746094,-86.4793472290039,8955.2783203125,4.460783958435059,0.0,167.0,64.21322631835938,1.0,64.21322631835938,104.0,0.0,0.05615464225411415,104.0,0.15000000596046448,296.3687438964844,0.0,0.0,0.0
774,32.30947494506836,-86.46859741210938,8931.1484375,14.624568939208984,0.08939926326274872,168.0,64.17178344726562,1.0,64.17178344726562,104.0,0.0,0.052944719791412354,104.0,0.15000000596046448,296.1774597167969,0.0,0.06370905786752701,0.0
775,32.315738677978516,-86.45784759521484,8907.017578125,4.899319648742676,0.08347198367118835,168.0,64.13038635253906,1.0,64.13038635253906,104.0,0.0,0.0554736852645874,104.0,0.15000000596046448,295.98638916015625,0.0,0.0,0.0
776,32.32210159301758,-86.4469223022461,8881.8720703125,4.879263401031494,0.08873726427555084,168.0,65.0852279663086,1.0,65.0852279663086,104.0,0.0,0.05055144056677818,104.0,0.15000000596046448,300.3933410644531,0.0,0.0,0.0
777,32.3286018371582,-86.43572235107422,8855.2021484375,10.887029647827148,0.011942102573812008,169.0,66.49475860595703,1.0,66.49475860595703,104.0,0.0,0.05060072988271713,104.0,0.15000000596046448,306.8988952636719,0.0,0.0,0.0
778,32.33509826660156,-86.42452239990234,8828.5322265625,4.553202152252197,0.024558600038290024,169.0,66.35297393798828,1.0,66.35297393798828,104.0,0.0,0.053461115807294846,104.0,0.15000000596046448,306.2444763183594,0.0,0.0,0.0
779,32.34159851074219,-86.41332244873047,8801.8623046875,19.906278610229492,0.0,170.0,66.2117691040039,1.0,66.2117691040039,104.0,0.0,0.05737878754734993,104.0,0.15000000596046448,305.5927734375,0.0,0.0,0.0
780,32.34809875488281,-86.4021224975586,8775.1923828125,4.479129314422607,0.0,170.0,66.07115173339844,1.0,66.07115173339844,104.0,0.0,0.05495554581284523,104.0,0.15000000596046448,304.94378662109375,0.0,0.0,0.0
781,32.35459899902344,-86.39092254638672,8748.5224609375,22.879671096801758,0.10472626239061356,171.0,65.93112182617188,1.0,65.93112182617188,104.0,0.0,0.05055328831076622,104.0,0.15000000596046448,304.2974853515625,0.0,0.0,0.0
782,32.361053466796875,-86.37982940673828,8722.3603515625,17.53839683532715,0.10373303294181824,171.0,65.22196960449219,1.0,65.22196960449219,104.0,0.0,0.05109933763742447,104.0,0.15000000596046448,301.02447509765625,0.0,0.0,0.0
783,32.367435455322266,-86.368896484375,8696.9599609375,4.881731033325195,0.08888968825340271,171.0,64.23902130126953,1.0,64.23902130126953,104.0,0.0,0.048559144139289856,104.0,0.15000000596046448,296.4877624511719,0.0,0.0,0.058537039905786514
784,32.37382125854492,-86.35796356201172,8671.5595703125,4.77650260925293,0.08905721455812454,171.0,59.190059661865234,1.0,59.190059661865234,96.0,0.0,0.057026948779821396,96.0,0.15000000596046448,295.9502868652344,0.0,0.0,0.0
785,32.38020324707031,-86.3470230102539,8646.16015625,14.868751525878906,0.1386372596025467,172.0,57.852046966552734,1.0,57.852046966552734,94.0,0.0,0.0632254034280777,94.0,0.0,295.4147033691406,0.0,0.07642154395580292,0.0
786,32.3865852355957,-86.33609008789062,8620.759765625,4.938579082489014,0.1428230106830597,172.0,60.81920623779297,1.0,60.81920623779297,99.0,0.0,0.048691947013139725,99.0,0.0,294.8810119628906,0.0,0.0,0.0
787,32.39297103881836,-86.32515716552734,8595.3603515625,4.912173748016357,0.12597088515758514,172.0,61.3227424621582,1.0,61.3227424621582,100.0,0.0,0.05835963040590286,100.0,0.15000000596046448,294.3491516113281,0.0,0.0,0.09418055415153503
788,32.39934539794922,-86.314208984375,8569.9599609375,4.775835037231445,0.1352359652519226,172.0,61.30365753173828,1.0,61.30365753173828,100.0,0.0,0.05440160632133484,100.0,0.15000000596046448,294.257568359375,0.0,0.0,0.0
789,32.40571212768555,-86.30322265625,8544.5595703125,4.766201972961426,0.13972097635269165,172.0,61.366302490234375,1.0,61.366302490234375,100.0,0.0,0.05013122782111168,100.0,0.15000000596046448,294.5582580566406,0.0,0.0,0.09069590270519257
790,32.412078857421875,-86.292236328125,8519.16015625,4.728823661804199,0.14404083788394928,172.0,61.345455169677734,1.0,61.345455169677734,100.0,0.0,0.05395597591996193,100.0,0.15000000596046448,294.45819091796875,0.0,0.0,0.0
791,32.4184455871582,-86.28125762939453,8493.759765625,4.686932563781738,0.15722335875034332,172.0,61.32461929321289,1.0,61.32461929321289,100.0,0.0,0.04934518784284592,100.0,0.15000000596046448,294.3581848144531,0.0,0.0,0.09403043985366821
792,32.42481231689453,-86.27027130126953,8468.3603515625,4.686971664428711,0.1587509661912918,172.0,61.303794860839844,1.0,61.303794860839844,100.0,0.0,0.058775395154953,100.0,0.15000000596046448,294.2582092285156,0.0,0.0,0.0
793,32.43117904663086,-86.25929260253906,8442.9599609375,19.24441146850586,0.07734866440296173,173.0,61.28298568725586,1.0,61.28298568725586,100.0,0.0,0.05135336518287659,100.0,0.15000000596046448,294.1583251953125,0.0,0.09736122190952301,0.0
794,32.437713623046875,-86.24799346923828,8417.5595703125,4.148936748504639,0.07940161973237991,173.0,62.964027404785156,1.0,62.964027404785156,100.0,0.0,0.05116106942296028,100.0,0.15000000596046448,302.2273254394531,0.0,0.0,0.0
795,32.444496154785156,-86.2362289428711,8392.16015625,4.079412460327148,0.08769973367452621,173.0,65.49459075927734,1.0,65.49459075927734,100.0,0.0,0.048736222088336945,100.0,0.15000000596046448,314.3740234375,0.0,0.0,0.0
796,32.45127868652344,-86.22445678710938,8366.759765625,4.033040523529053,0.093409962952137,173.0,65.47215270996094,1.0,65.47215270996094,100.0,0.0,0.049213699996471405,100.0,0.15000000596046448,314.266357421875,0.0,0.0,0.0
797,32.458065032958984,-86.21269226074219,8341.3603515625,19.82186508178711,0.13200829923152924,174.0,65.4497299194336,1.0,65.4497299194336,100.0,0.0,0.05231797322630882,100.0,0.15000000596046448,314.1587219238281,0.0,0.0,0.0
798,32.464847564697266,-86.200927734375,8315.9599609375,4.437139987945557,0.1293189972639084,174.0,65.42732238769531,1.0,65.42732238769531,100.0,0.0,0.05763336643576622,100.0,0.15000000596046448,314.0511474609375,0.0,0.0,0.0
799,32.47163009643555,-86.18916320800781,8290.5595703125,4.500593662261963,0.12496035546064377,174.0,65.40492248535156,1.0,65.40492248535156,100.0,0.0,0.052312225103378296,100.0,0.15000000596046448,313.9436340332031,0.0,0.0,0.0
800,32.47830581665039,-86.1775894165039,8265.16015625,16.51584815979004,0.16733931005001068,175.0,64.33038330078125,1.0,64.33038330078125,100.0,0.0,0.05349630489945412,100.0,0.15000000596046448,308.7858581542969,0.0,0.0,0.0
801,32.484825134277344,-86.16630554199219,8239.759765625,4.835509300231934,0.17519870400428772,175.0,62.73759460449219,1.0,62.73759460449219,100.0,0.0,0.0525016225874424,100.0,0.15000000596046448,301.14044189453125,0.0,0.0,0.0
802,32.49134063720703,-86.15502166748047,8214.3603515625,21.754833221435547,0.06782481074333191,176.0,62.734527587890625,1.0,62.734527587890625,100.0,0.0,0.05272969976067543,100.0,0.15000000596046448,301.125732421875,0.0,0.0,0.0
803,32.49785614013672,-86.14373779296875,8188.9599609375,12.469993591308594,0.0672110766172409,176.0,62.73146057128906,1.0,62.73146057128906,100.0,0.0,0.05795512720942497,100.0,0.15000000596046448,301.1109924316406,0.0,0.0,0.0
804,32.504371643066406,-86.13245391845703,8163.56005859375,4.516715049743652,0.07001864165067673,176.0,62.728389739990234,1.0,62.728389739990234,100.0,0.0,0.057329289615154266,100.0,0.15000000596046448,301.0962829589844,0.0,0.0,0.0
805,32.51089096069336,-86.12117004394531,8138.16015625,21.86164093017578,0.27557995915412903,177.0,62.72532272338867,1.0,62.72532272338867,100.0,0.0,0.051475949585437775,100.0,0.15000000596046448,301.08154296875,0.0,0.0,0.0
806,32.51735305786133,-86.10995483398438,8113.77587890625,5.708992958068848,0.2658069431781769,177.0,62.31369400024414,1.0,62.31369400024414,100.0,0.0,0.049370404332876205,100.0,0.15000000596046448,299.1057434082031,0.0,0.0,0.014904487878084183
807,32.52373504638672,-86.09883880615234,8090.916015625,5.690690994262695,0.25797078013420105,177.0,61.70499801635742,1.0,61.70499801635742,100.0,0.0,0.04989903047680855,100.0,0.15000000596046448,296.1839904785156,0.0,0.0,0.0
808,32.530120849609375,-86.08772277832031,8068.05615234375,19.873336791992188,0.18964560329914093,178.0,61.72002029418945,1.0,61.72002029418945,100.0,0.0,0.05540619418025017,100.0,0.15000000596046448,296.256103515625,0.0,0.06239844113588333,0.0
809,32.536502838134766,-86.07660675048828,8045.19580078125,5.3267011642456055,0.2076934576034546,178.0,61.735050201416016,1.0,61.735050201416016,100.0,0.0,0.050198834389448166,100.0,0.15000000596046448,296.3282470703125,0.0,0.0,0.0
810,32.542884826660156,-86.06548309326172,8022.3359375,5.44948148727417,0.2184412181377411,178.0,61.75008773803711,1.0,61.75008773803711,100.0,0.0,0.06167476624250412,100.0,0.15000000596046448,296.4004211425781,0.0,0.0,0.059993017464876175
811,32.54927062988281,-86.05436706542969,7999.47607421875,5.528723239898682,0.2233061045408249,178.0,61.765132904052734,1.0,61.765132904052734,100.0,0.0,0.05913892760872841,100.0,0.15000000596046448,296.47265625,0.0,0.0,0.0
812,32.55571365356445,-86.04317474365234,7975.091796875,5.570643901824951,0.2261178344488144,178.0,62.29676055908203,1.0,62.29676055908203,100.0,0.0,0.05806583911180496,100.0,0.15000000596046448,299.0244445800781,0.0,0.0,0.01625918783247471
813,32.56224822998047,-86.0318603515625,7948.421875,5.596073627471924,0.22135654091835022,178.0,63.11754608154297,1.0,63.11754608154297,100.0,0.0,0.05632093921303749,100.0,0.15000000596046448,302.9642333984375,0.0,0.0,0.0
814,32.56877899169922,-86.02053833007812,7921.751953125,14.994942665100098,0.1766083538532257,179.0,63.206878662109375,1.0,63.206878662109375,100.0,0.0,0.04879054054617882,100.0,0.15000000596046448,303.3930358886719,0.0,0.0,0.0
815,32.575313568115234,-86.00922393798828,7895.08203125,5.330110549926758,0.17665909230709076,179.0,63.29647445678711,1.0,63.29647445678711,100.0,0.0,0.05331895127892494,100.0,0.15000000596046448,303.8230895996094,0.0,0.0,0.0
816,32.58184814453125,-85.99790954589844,7868.412109375,21.777042388916016,0.10718661546707153,180.0,63.386329650878906,1.0,63.386329650878906,100.0,0.0,0.05141810327768326,100.0,0.15000000596046448,304.25439453125,0.0,0.0,0.0
817,32.58837890625,-85.98658752441406,7841.7421875,4.960022926330566,0.11290127784013748,180.0,63.4764518737793,1.0,63.4764518737793,100.0,0.0,0.05001728609204292,100.0,0.15000000596046448,304.6869812011719,0.0,0.0,0.0
818,32.59479904174805,-85.97544860839844,7816.087890625,22.92041778564453,0.25892001390457153,181.0,62.544921875,1.0,62.544921875,100.0,0.0,0.048332579433918,100.0,0.15000000596046448,300.21563720703125,0.0,0.0,0.0
819,32.601051330566406,-85.96456146240234,7791.9580078125,20.796987533569336,0.24146926403045654,181.0,61.092430114746094,1.0,61.092430114746094,100.0,0.0,0.05379069969058037,100.0,0.15000000596046448,293.2436828613281,0.0,0.0,0.0
820,32.6072998046875,-85.95368194580078,7767.828125,5.601007461547852,0.2394505888223648,181.0,61.161705017089844,1.0,61.161705017089844,100.0,0.0,0.04925965145230293,100.0,0.15000000596046448,293.576171875,0.0,0.0,0.1070636436343193
821,32.613548278808594,-85.94279479980469,7743.6982421875,5.557686805725098,0.24140040576457977,181.0,61.23114013671875,1.0,61.23114013671875,100.0,0.0,0.051893748342990875,100.0,0.15000000596046448,293.90948486328125,0.0,0.0,0.0
822,32.61980056762695,-85.93191528320312,7719.56787109375,18.63964080810547,0.17648285627365112,182.0,61.300743103027344,1.0,61.300743103027344,100.0,0.0,0.049585793167352676,100.0,0.15000000596046448,294.2435607910156,0.0,0.09594067931175232,0.0
823,32.62604904174805,-85.92102813720703,7695.43798828125,5.134476661682129,0.1736907958984375,182.0,61.370506286621094,1.0,61.370506286621094,100.0,0.0,0.0483587346971035,100.0,0.15000000596046448,294.57843017578125,0.0,0.0,0.0
824,32.632293701171875,-85.91014862060547,7671.30810546875,5.074016571044922,0.17789135873317719,182.0,61.40520477294922,1.0,61.40520477294922,100.0,0.0,0.05497419834136963,100.0,0.15000000596046448,294.7449951171875,0.0,0.0,0.08758358657360077
825,32.638526916503906,-85.89926147460938,7647.17822265625,5.045999050140381,0.17323073744773865,182.0,61.40778350830078,1.0,61.40778350830078,100.0,0.0,0.05071116238832474,100.0,0.15000000596046448,294.7573547363281,0.0,0.0,0.0
826,32.64476013183594,-85.88838195800781,7623.0478515625,4.967084884643555,0.16501624882221222,182.0,61.44135284423828,1.0,61.44135284423828,100.0,0.0,0.051373191177845,100.0,0.15000000596046448,294.9184875488281,0.0,0.0,0.08469164371490479
827,32.65099334716797,-85.87749481201172,7598.91796875,4.865704536437988,0.17880189418792725,182.0,61.4749641418457,1.0,61.4749641418457,100.0,0.0,0.05563008040189743,100.0,0.15000000596046448,295.079833984375,0.0,0.0,0.0
828,32.6572265625,-85.86661529541016,7574.7880859375,13.400599479675293,0.13392648100852966,183.0,61.50861358642578,1.0,61.50861358642578,100.0,0.0,0.05091438442468643,100.0,0.15000000596046448,295.2413635253906,0.0,0.07931075990200043,0.0
829,32.66345977783203,-85.85572814941406,7550.658203125,4.57846736907959,0.13667692244052887,183.0,61.54230499267578,1.0,61.54230499267578,100.0,0.0,0.05209334194660187,100.0,0.15000000596046448,295.403076171875,0.0,0.0,0.0
830,32.66973876953125,-85.84475708007812,7526.52783203125,4.522613525390625,0.13489800691604614,183.0,62.05714416503906,1.0,62.05714416503906,100.0,0.0,0.04882776737213135,100.0,0.15000000596046448,297.8742980957031,0.0,0.0,0.03542841970920563
831,32.676090240478516,-85.83365631103516,7502.39794921875,4.440033912658691,0.138954296708107,183.0,62.81321716308594,1.0,62.81321716308594,100.0,0.0,0.04990376904606819,100.0,0.15000000596046448,301.5034484863281,0.0,0.0,0.0
832,32.68244171142578,-85.82256317138672,7478.26806640625,4.382606029510498,0.14301016926765442,183.0,62.84762954711914,1.0,62.84762954711914,100.0,0.0,0.05347253009676933,100.0,0.15000000596046448,301.66864013671875,0.0,0.0,0.0
833,32.68878936767578,-85.81146240234375,7454.13818359375,19.820009231567383,0.16549350321292877,184.0,62.882083892822266,1.0,62.882083892822266,100.0,5.684341759025859e-16,0.053912706673145294,100.0,0.15000000596046448,301.833984375,0.0,0.0,0.0
834,32.69514083862305,-85.80036163330078,7430.0078125,4.3536295890808105,0.1632753312587738,184.0,62.91657638549805,1.0,62.91657638549805,100.0,0.0,0.056075166910886765,100.0,0.15000000596046448,301.99957275390625,0.0,0.0,0.0
835,32.70148849487305,-85.78926086425781,7405.8779296875,12.112006187438965,0.1454019844532013,185.0,65.46915435791016,1.0,65.46915435791016,104.0,0.0,0.0511290580034256,104.0,0.15000000596046448,302.1653137207031,0.0,0.0,0.0
836,32.707847595214844,-85.77813720703125,7381.240234375,4.526704788208008,0.14072579145431519,185.0,65.59199523925781,1.0,65.59199523925781,104.0,0.0,0.055033810436725616,104.0,0.15000000596046448,302.7322998046875,0.0,0.0,0.0
837,32.71421432495117,-85.7669906616211,7355.83984375,20.657146453857422,0.17725124955177307,186.0,65.74263763427734,1.0,65.74263763427734,104.0,0.0,0.053581129759550095,104.0,0.15000000596046448,303.42755126953125,0.0,0.0,0.0
838,32.7205810546875,-85.7558364868164,7330.43994140625,4.832095146179199,0.18184348940849304,186.0,65.73944854736328,1.0,65.73944854736328,104.0,0.0,0.051690809428691864,104.0,0.15000000596046448,303.412841796875,0.0,0.0,0.0
839,32.72694778442383,-85.74468994140625,7305.0400390625,22.74526596069336,0.2966679632663727,187.0,65.73625946044922,1.0,65.73625946044922,104.0,0.0,0.05174647644162178,104.0,0.15000000596046448,303.39813232421875,0.0,0.0,0.0
840,32.733314514160156,-85.7335433959961,7279.64013671875,19.386943817138672,0.3057723045349121,187.0,65.73307800292969,1.0,65.73307800292969,104.0,0.0,0.05059052258729935,104.0,0.15000000596046448,303.3834228515625,0.0,0.0,0.0
841,32.739681243896484,-85.7223892211914,7254.240234375,5.751307487487793,0.31805405020713806,187.0,65.72988891601562,1.0,65.72988891601562,104.0,0.0,0.05732442066073418,104.0,0.15000000596046448,303.36871337890625,0.0,0.0,0.0
842,32.74603271484375,-85.71125030517578,7229.34814453125,22.967336654663086,0.24189431965351105,188.0,65.6452865600586,1.0,65.6452865600586,104.0,0.0,0.049721501767635345,104.0,0.15000000596046448,302.978271484375,0.0,0.0,0.0
843,32.75236511230469,-85.70013427734375,7205.2177734375,16.160194396972656,0.24766184389591217,188.0,65.53561401367188,1.0,65.53561401367188,104.0,0.0,0.052954982966184616,104.0,0.15000000596046448,302.4720764160156,0.0,0.0,0.0
844,32.75870132446289,-85.68901824951172,7181.087890625,5.544013023376465,0.25400200486183167,188.0,65.5716552734375,1.0,65.5716552734375,104.0,0.0,0.05284423008561134,104.0,0.15000000596046448,302.6383972167969,0.0,0.0,0.0
845,32.76503372192383,-85.67790222167969,7156.9580078125,22.562137603759766,0.24598294496536255,189.0,65.60772705078125,1.0,65.60772705078125,104.0,0.0,0.051196467131376266,104.0,0.15000000596046448,302.8049011230469,0.0,0.0,0.0
846,32.771366119384766,-85.66678619384766,7132.828125,12.423410415649414,0.24289502203464508,189.0,65.64385223388672,1.0,65.64385223388672,104.0,0.0,0.05071607232093811,104.0,0.15000000596046448,302.97161865234375,0.0,0.0,0.0
847,32.7776985168457,-85.65567016601562,7108.6982421875,5.614686012268066,0.23575203120708466,189.0,59.364627838134766,1.0,59.364627838134766,94.0,0.0,0.05176785588264465,94.0,0.0,303.1385192871094,0.0,0.0,0.0
848,32.78392028808594,-85.64476013183594,7084.56787109375,20.98229217529297,0.21545645594596863,190.0,59.58950424194336,1.0,59.58950424194336,96.0,0.0,0.05520687624812126,96.0,0.15000000596046448,297.947509765625,0.0,0.03420807421207428,0.0
849,32.78997039794922,-85.63416290283203,7060.43798828125,5.499401569366455,0.21330231428146362,190.0,58.05315399169922,1.0,58.05315399169922,96.0,0.0,0.04979244992136955,96.0,0.15000000596046448,290.2657775878906,0.0,0.0,0.0
850,32.7960205078125,-85.6235580444336,7036.30810546875,5.498956203460693,0.2224513441324234,190.0,58.190486907958984,1.0,58.190486907958984,96.0,0.0,0.05351945757865906,96.0,0.15000000596046448,290.95245361328125,0.0,0.0,0.15079262852668762
851,32.80207061767578,-85.61296081542969,7012.17822265625,5.556270599365234,0.2334166020154953,190.0,58.328487396240234,1.0,58.328487396240234,96.0,5.921189641132699e-16,0.05350818112492561,96.0,0.15000000596046448,291.6424255371094,0.0,0.0,0.0
852,32.80812072753906,-85.60236358642578,6988.0478515625,5.619454383850098,0.23849979043006897,190.0,58.46715545654297,1.0,58.46715545654297,96.0,0.0,0.054856400936841965,96.0,0.15000000596046448,292.3357849121094,0.0,0.0,0.1277371346950531
853,32.814170837402344,-85.59175872802734,6963.91796875,5.6447978019714355,0.2335292100906372,190.0,58.60649490356445,1.0,58.60649490356445,96.0,0.0,0.055764105170965195,96.0,0.15000000596046448,293.032470703125,0.0,0.0,0.0
854,32.82033157348633,-85.58096313476562,6939.7880859375,18.182905197143555,0.21741381287574768,191.0,59.812496185302734,1.0,59.812496185302734,96.0,0.0,0.05034444481134415,96.0,0.15000000596046448,299.0624694824219,0.0,0.015625258907675743,0.0
855,32.82666778564453,-85.56988525390625,6915.658203125,5.503586769104004,0.22444254159927368,191.0,61.54242706298828,1.0,61.54242706298828,96.0,0.0,0.05221658945083618,96.0,0.15000000596046448,307.7121276855469,0.0,0.0,0.0
856,32.83300018310547,-85.55879974365234,6891.52783203125,5.52293586730957,0.2169855237007141,191.0,61.65224075317383,1.0,61.65224075317383,96.0,0.0,0.049896903336048126,96.0,0.15000000596046448,308.2611999511719,0.0,0.0,0.0
857,32.839332580566406,-85.54771423339844,6867.39794921875,13.929312705993652,0.1401669979095459,192.0,61.7624626159668,1.0,61.7624626159668,96.0,0.0,0.04807289317250252,96.0,0.15000000596046448,308.81231689453125,0.0,0.0,0.0
858,32.845664978027344,-85.53663635253906,6843.26806640625,5.018871784210205,0.13752932846546173,192.0,61.873085021972656,1.0,61.873085021972656,96.0,0.0,0.054205700755119324,96.0,0.15000000596046448,309.36541748046875,0.0,0.0,0.0
859,32.85200119018555,-85.52555084228516,6819.13818359375,21.555526733398438,0.20860975980758667,193.0,55.85027313232422,1.0,55.85027313232422,86.5,6.571493363035676e-16,0.05454293638467789,86.5,0.15000000596046448,309.92059326171875,0.0,0.0,0.0
860,32.85814666748047,-85.51477813720703,6795.0078125,5.301666259765625,0.19103886187076569,193.0,54.321067810058594,1.0,54.321067810058594,86.5,0.0,0.05912725254893303,86.5,0.15000000596046448,301.4348449707031,0.0,0.0,0.0
861,32.864013671875,-85.50447845458984,6770.8779296875,21.616384506225586,0.0067599378526210785,194.0,51.94749069213867,1.0,51.94749069213867,86.5,0.0,0.05379783734679222,86.5,0.15000000596046448,288.2635192871094,0.0,0.19560788571834564,0.0
862,32.86988067626953,-85.49417877197266,6746.748046875,18.690217971801758,0.01389788743108511,194.0,51.376258850097656,1.0,51.376258850097656,85.5,0.0,0.05238059535622597,85.5,0.0,288.4281005859375,0.0,0.0,0.0
863,32.87574768066406,-85.48387908935547,6722.6181640625,4.202427864074707,0.024527493864297867,194.0,51.405609130859375,1.0,51.405609130859375,85.5,0.0,0.04783766716718674,85.5,0.0,288.5928955078125,0.0,0.0,0.19011841714382172
864,32.881614685058594,-85.47357940673828,6698.48779296875,4.194066047668457,0.014100429601967335,194.0,54.442893981933594,1.0,54.442893981933594,90.5,0.0,0.04813766852021217,90.5,0.15000000596046448,288.75787353515625,0.0,0.0,0.0
865,32.887481689453125,-85.4632797241211,6674.35791015625,17.789152145385742,0.09731655567884445,195.0,54.474037170410156,1.0,54.474037170410156,90.5,0.0,0.060290779918432236,90.5,0.15000000596046448,288.9230651855469,0.0,0.18461550772190094,0.0
866,32.89340591430664,-85.4528579711914,6650.22802734375,4.4087443351745605,0.09182967990636826,195.0,55.12275314331055,1.0,55.12275314331055,90.5,0.0,0.05452348291873932,90.5,0.15000000596046448,292.36376953125,0.0,0.0,0.0
867,32.89942169189453,-85.4422607421875,6626.09814453125,4.3152947425842285,0.09332417696714401,195.0,56.08839797973633,1.0,56.08839797973633,90.5,0.0,0.048769038170576096,90.5,0.15000000596046448,297.48541259765625,0.0,0.0,0.04190962761640549
868,32.90544128417969,-85.4316635131836,6601.9677734375,4.2506585121154785,0.09426956623792648,195.0,56.13785171508789,1.0,56.13785171508789,90.5,0.0,0.05444648489356041,90.5,0.15000000596046448,297.7477111816406,0.0,0.0,0.037538059055805206
869,32.91145706176758,-85.42105865478516,6577.837890625,4.180035591125488,0.09799722582101822,195.0,56.18739700317383,1.0,56.18739700317383,90.5,0.0,0.05163996294140816,90.5,0.15000000596046448,298.010498046875,0.0,0.0,0.0
870,32.91747283935547,-85.41046142578125,6553.7080078125,4.119607925415039,0.11294574290513992,195.0,56.23703384399414,1.0,56.23703384399414,90.5,6.281041000861848e-16,0.05347959324717522,90.5,0.15000000596046448,298.2737731933594,0.0,0.0,0.028770627453923225
871,32.92348861694336,-85.39985656738281,6529.578125,4.110841751098633,0.12073508650064468,195.0,56.28676223754883,1.0,56.28676223754883,90.5,0.0,0.055396854877471924,90.5,0.15000000596046448,298.5375061035156,0.0,0.0,0.024374723434448242
872,32.92953872680664,-85.3891830444336,6504.43212890625,4.0649847984313965,0.11901476979255676,195.0,56.726531982421875,1.0,56.726531982421875,90.5,0.0,0.05072912946343422,90.5,0.15000000596046448,300.8699951171875,0.0,0.0,0.0
873,32.935638427734375,-85.37837982177734,6477.76220703125,3.9690752029418945,0.11016163229942322,195.0,57.36229705810547,1.0,57.36229705810547,90.5,0.0,0.05150098726153374,90.5,0.15000000596046448,304.24200439453125,0.0,0.0,0.0
874,32.94173812866211,-85.3675765991211,6451.091796875,3.8347649574279785,0.11319030821323395,195.0,57.413124084472656,1.0,57.413124084472656,90.5,6.281041000861848e-16,0.055351290851831436,90.5,0.15000000596046448,304.5115966796875,0.0,0.0,0.0
875,32.94784164428711,-85.35678100585938,6424.421875,14.922884941101074,0.26356104016304016,196.0,57.46404266357422,1.0,57.46404266357422,90.5,0.0,0.05240515246987343,90.5,0.15000000596046448,304.78167724609375,0.0,0.0,0.0
876,32.953941345214844,-85.34597778320312,6397.751953125,5.321363925933838,0.26422297954559326,196.0,57.51506042480469,1.0,57.51506042480469,90.5,0.0,0.05332140997052193,90.5,0.15000000596046448,305.05224609375,0.0,0.0,0.0
877,32.96004104614258,-85.3351821899414,6371.08203125,21.55830955505371,0.2477484792470932,197.0,57.56616973876953,1.0,57.56616973876953,90.5,0.0,0.05108856409788132,90.5,0.15000000596046448,305.3233337402344,0.0,0.0,0.0
878,32.9660530090332,-85.32453155517578,6345.42822265625,5.350018501281738,0.2410980463027954,197.0,56.799190521240234,1.0,56.799190521240234,90.5,0.0,0.049440737813711166,90.5,0.15000000596046448,301.25537109375,0.0,0.0,0.0
879,32.9719352722168,-85.31411743164062,6321.2978515625,5.365149021148682,0.256424218416214,197.0,55.621429443359375,1.0,55.621429443359375,90.5,0.0,0.05174070969223976,90.5,0.15000000596046448,295.0086669921875,0.0,0.0,0.08318866789340973
880,32.977821350097656,-85.30370330810547,6297.16796875,5.501712799072266,0.2409379482269287,197.0,55.67109298706055,1.0,55.67109298706055,90.5,0.0,0.04932029917836189,90.5,0.15000000596046448,295.2720947265625,0.0,0.0,0.0
881,32.98370361328125,-85.29328155517578,6273.0380859375,5.455804347991943,0.24662499129772186,197.0,55.72085189819336,1.0,55.72085189819336,90.5,0.0,0.04954828321933746,90.5,0.15000000596046448,295.5360107421875,0.0,0.0,0.0743996724486351
882,32.989585876464844,-85.28286743164062,6248.908203125,5.5275774002075195,0.25501036643981934,197.0,55.77070617675781,1.0,55.77070617675781,90.5,0.0,0.054410915821790695,90.5,0.15000000596046448,295.8004150390625,0.0,0.0,0.0
883,32.99546813964844,-85.27245330810547,6224.77783203125,18.747211456298828,0.25779521465301514,198.0,55.82065200805664,1.0,55.82065200805664,90.5,0.0,0.052027348428964615,90.5,0.15000000596046448,296.0653381347656,0.0,0.06557771563529968,0.0
884,33.00143814086914,-85.26200103759766,6200.77490234375,5.656623840332031,0.2553533613681793,198.0,56.27434158325195,1.0,56.27434158325195,90.5,0.0,0.05475270375609398,90.5,0.15000000596046448,298.4716491699219,0.0,0.0,0.0
885,33.007530212402344,-85.25150299072266,6176.96240234375,5.667334079742432,0.2819035053253174,198.0,56.96677780151367,1.0,56.96677780151367,90.5,6.281041000861848e-16,0.05157993733882904,90.5,0.15000000596046448,302.1442565917969,0.0,0.0,0.0
886,33.01362609863281,-85.24099731445312,6153.14990234375,16.511629104614258,0.28391268849372864,199.0,59.622711181640625,1.0,59.622711181640625,94.5,0.0,0.05331900715827942,94.5,0.15000000596046448,302.84552001953125,0.0,0.0,0.0
887,33.0198860168457,-85.230712890625,6129.28759765625,5.872154712677002,0.2766435146331787,199.0,59.47673034667969,1.0,59.47673034667969,94.5,6.015176416960036e-16,0.04990573972463608,94.5,0.15000000596046448,302.1040344238281,0.0,0.0,0.0
888,33.02682113647461,-85.22127532958984,6105.22412109375,21.860050201416016,0.14050792157649994,200.0,58.77504348754883,1.0,58.77504348754883,94.5,0.0,0.05150088667869568,94.5,0.15000000596046448,298.5398864746094,0.0,0.02433498203754425,0.0
889,33.033756256103516,-85.21184539794922,6081.1611328125,12.182561874389648,0.1352640837430954,200.0,58.875572204589844,1.0,58.875572204589844,94.5,0.0,0.052464619278907776,94.5,0.15000000596046448,299.050537109375,0.0,0.0,0.0
890,33.04069137573242,-85.20240783691406,6057.09765625,5.065372467041016,0.1261461228132248,200.0,58.97645568847656,1.0,58.97645568847656,94.5,0.0,0.051063280552625656,94.5,0.15000000596046448,299.5629577636719,0.0,0.0,0.007284138351678848
891,33.04762268066406,-85.19297790527344,6033.03466796875,5.013456344604492,0.12444772571325302,200.0,59.077693939208984,1.0,59.077693939208984,94.5,0.0,0.05153241381049156,94.5,0.15000000596046448,300.0771789550781,0.0,0.0,0.0
892,33.05455780029297,-85.18354034423828,6008.9716796875,4.993415832519531,0.12130696326494217,200.0,59.17928695678711,1.0,59.17928695678711,94.5,0.0,0.05115818604826927,94.5,0.15000000596046448,300.59320068359375,0.0,0.0,0.0
893,33.061492919921875,-85.17411041259766,5984.908203125,23.739215850830078,0.4252479076385498,201.0,59.28124237060547,1.0,59.28124237060547,94.5,0.0,0.05516233667731285,94.5,0.15000000596046448,301.111083984375,0.0,0.0,0.0
894,33.06842803955078,-85.1646728515625,5960.84521484375,20.73982810974121,0.4171585440635681,201.0,59.3835563659668,1.0,59.3835563659668,94.5,0.0,0.0487915575504303,94.5,0.15000000596046448,301.6307678222656,0.0,0.0,0.0
895,33.07548904418945,-85.15534210205078,5932.93212890625,6.694651126861572,0.4174407124519348,201.0,59.58415222167969,1.0,59.58415222167969,94.5,0.0,0.048708654940128326,94.5,0.15000000596046448,302.649658203125,0.0,0.0,0.0
896,33.0826416015625,-85.14607238769531,5902.4521484375,24.239843368530273,0.4565424919128418,202.0,60.04658508300781,1.0,60.04658508300781,95.0,0.0,0.049853838980197906,95.0,0.15000000596046448,303.3932800292969,0.0,0.0,0.0
897,33.08979034423828,-85.13681030273438,5871.97216796875,18.161367416381836,0.4505731165409088,202.0,60.10185623168945,1.0,60.10185623168945,95.0,0.0,0.048387471586465836,95.0,0.15000000596046448,303.6725158691406,0.0,0.0,0.0
898,33.09693908691406,-85.1275405883789,5841.4921875,6.839078426361084,0.45648667216300964,202.0,60.157230377197266,1.0,60.157230377197266,95.0,0.0,0.05592396855354309,95.0,0.15000000596046448,303.95233154296875,0.0,0.0,0.0
899,33.10409164428711,-85.11827087402344,5811.01220703125,23.31642723083496,0.3749074339866638,203.0,60.21271514892578,1.0,60.21271514892578,95.0,0.0,0.051654864102602005,95.0,0.15000000596046448,304.232666015625,0.0,0.0,0.0
900,33.11124038696289,-85.1090087890625,5780.5322265625,13.662962913513184,0.35504984855651855,203.0,60.26830291748047,1.0,60.26830291748047,95.0,5.983518031160815e-16,0.04742712900042534,95.0,0.15000000596046448,304.5135498046875,0.0,0.0,0.0
901,33.118228912353516,-85.09993743896484,5729.47802734375,5.988121032714844,0.3571697473526001,203.0,59.091670989990234,1.0,59.091670989990234,95.0,5.983518031160815e-16,0.051426962018013,95.0,0.15000000596046448,298.56842041015625,0.0,0.0,0.02385943941771984
902,33.12511444091797,-85.09100341796875,5664.7080078125,5.943111896514893,0.3671306371688843,203.0,58.41285705566406,1.0,58.41285705566406,95.0,0.0,0.05006908252835274,95.0,0.15000000596046448,295.1386413574219,0.0,0.0,0.0
903,33.131996154785156,-85.08207702636719,5599.93798828125,5.94851016998291,0.3563607335090637,203.0,58.61946487426758,1.0,58.61946487426758,95.0,0.0,0.05141511559486389,95.0,0.15000000596046448,296.18255615234375,0.0,0.0,0.06362397223711014
904,33.13888168334961,-85.0731430053711,5535.16796875,5.808934211730957,0.3670406937599182,203.0,58.82755661010742,1.0,58.82755661010742,95.0,0.0,0.0484125092625618,95.0,0.15000000596046448,297.2339782714844,0.0,0.0,0.0
905,33.1457633972168,-85.064208984375,5470.39794921875,19.27362632751465,0.1990402787923813,204.0,57.79426193237305,1.0,57.79426193237305,93.0,0.0,0.04818166419863701,93.0,0.0,298.29296875,0.0,0.0284507405012846,0.0
906,33.152645111083984,-85.0552749633789,5405.6279296875,4.71562385559082,0.19209252297878265,204.0,58.00092315673828,1.0,58.00092315673828,93.0,0.0,0.05385217070579529,93.0,0.0,299.3595886230469,0.0,0.0,0.0
907,33.15943145751953,-85.04644775390625,5337.0478515625,4.601010322570801,0.1900109499692917,204.0,51.23762512207031,1.0,51.23762512207031,83.0,0.0,0.04910781979560852,83.0,0.0,296.31396484375,0.0,0.0,0.06143379211425781
908,33.16614532470703,-85.0376968383789,5265.92822265625,4.510554313659668,0.19721537828445435,204.0,50.31199264526367,1.0,50.31199264526367,82.0,0.0,0.047921959310770035,82.0,0.0,294.50921630859375,0.0,0.0,0.09151291102170944
909,33.1728630065918,-85.0289535522461,5194.80810546875,4.467849254608154,0.19542188942432404,204.0,51.69095993041992,1.0,51.69095993041992,84.0,0.0,0.04821256548166275,84.0,0.0,295.3769226074219,0.0,0.0,0.0
910,33.17958068847656,-85.02020263671875,5123.68798828125,4.373858451843262,0.2002750039100647,204.0,53.69527816772461,1.0,53.69527816772461,87.0,0.0,0.05349293723702431,87.0,0.15000000596046448,296.24981689453125,0.0,0.0,0.06250328570604324
911,33.18629837036133,-85.0114517211914,5052.56787109375,4.313192367553711,0.2184177190065384,204.0,53.85443878173828,1.0,53.85443878173828,87.0,6.533726281499974e-16,0.05011026933789253,87.0,0.15000000596046448,297.1279296875,0.0,0.0,0.04786774143576622
912,33.19301223754883,-85.00270080566406,4981.4482421875,4.323418617248535,0.22101621329784393,204.0,54.01456069946289,1.0,54.01456069946289,87.0,0.0,0.0491352304816246,87.0,0.15000000596046448,298.0113525390625,0.0,0.0,0.0
913,33.199710845947266,-84.99397277832031,4908.80419921875,4.246088027954102,0.20454299449920654,204.0,54.02389144897461,1.0,54.02389144897461,87.0,0.0,0.05918058007955551,87.0,0.15000000596046448,298.0628662109375,0.0,0.0,0.03228578343987465
914,33.20639419555664,-84.9852523803711,4835.14404296875,4.061477184295654,0.21198128163814545,204.0,54.073089599609375,1.0,54.073089599609375,87.0,0.0,0.04873628541827202,87.0,0.15000000596046448,298.33428955078125,0.0,0.0,0.0
915,33.213077545166016,-84.9765396118164,4761.48388671875,17.071762084960938,0.24381767213344574,205.0,54.216949462890625,1.0,54.216949462890625,87.0,0.0,0.054170362651348114,87.0,0.15000000596046448,299.12799072265625,0.0,0.014533343724906445,0.0
916,33.21976089477539,-84.96781921386719,4687.82421875,5.3079962730407715,0.2469182014465332,205.0,54.36159133911133,1.0,54.36159133911133,87.0,0.0,0.053765542805194855,87.0,0.15000000596046448,299.926025390625,0.0,0.0,0.0
917,33.226444244384766,-84.9591064453125,4614.1640625,5.376016616821289,0.24174709618091583,205.0,54.507015228271484,1.0,54.507015228271484,87.0,0.0,0.05180533602833748,87.0,0.15000000596046448,300.7283630371094,0.0,0.0,0.0
918,33.23312759399414,-84.95038604736328,4540.50390625,15.127971649169922,0.3510540723800659,206.0,54.653236389160156,1.0,54.653236389160156,87.0,0.0,0.0620226189494133,87.0,0.15000000596046448,301.53509521484375,0.0,0.0,0.0
919,33.239810943603516,-84.94168090820312,4466.84423828125,6.1097092628479,0.3609386682510376,206.0,54.765953063964844,1.0,54.765953063964844,87.0,6.533726281499974e-16,0.05071470886468887,87.0,0.15000000596046448,302.156982421875,0.0,0.0,0.0
920,33.24649429321289,-84.9329833984375,4393.18408203125,22.501543045043945,0.4047001004219055,207.0,54.89076614379883,1.0,54.89076614379883,87.0,0.0,0.050756800919771194,87.0,0.15000000596046448,302.8456115722656,0.0,0.0,0.0
921,33.253177642822266,-84.92427825927734,4319.52392578125,6.553232192993164,0.3994773328304291,207.0,55.039249420166016,1.0,55.039249420166016,87.0,0.0,0.06077953428030014,87.0,0.15000000596046448,303.6648254394531,0.0,0.0,0.0
922,33.25986099243164,-84.91558074951172,4245.86376953125,6.542357444763184,0.4097367525100708,207.0,55.18854904174805,1.0,55.18854904174805,87.0,0.0,0.049670618027448654,87.0,0.15000000596046448,304.488525390625,0.0,0.0,0.0
923,33.266544342041016,-84.9068832397461,4172.2041015625,21.89826202392578,0.5250673890113831,208.0,55.33867263793945,1.0,55.33867263793945,87.0,0.0,0.05355735123157501,87.0,0.15000000596046448,305.3168029785156,0.0,0.0,0.0
924,33.27322769165039,-84.89817810058594,4098.5439453125,7.6001081466674805,0.537898600101471,208.0,55.4896240234375,1.0,55.4896240234375,87.0,0.0,0.05059700459241867,87.0,0.15000000596046448,306.149658203125,0.0,0.0,0.0
925,33.27973937988281,-84.88967895507812,4031.741943359375,22.71012306213379,0.3104829788208008,209.0,54.277732849121094,1.0,54.277732849121094,87.0,0.0,0.054732587188482285,87.0,0.15000000596046448,299.4633483886719,0.0,0.00894403550773859,0.0
926,33.28614044189453,-84.88131713867188,3969.511962890625,17.763526916503906,0.30914533138275146,209.0,53.49331283569336,1.0,53.49331283569336,87.0,6.533726281499974e-16,0.048546191304922104,87.0,0.15000000596046448,295.1355285644531,0.0,0.0,0.0
927,33.29254150390625,-84.8729476928711,3907.281982421875,5.9910478591918945,0.30998513102531433,209.0,53.6030158996582,1.0,53.6030158996582,87.0,0.0,0.0505591556429863,87.0,0.15000000596046448,295.74078369140625,0.0,0.0,0.07098708301782608
928,33.2989387512207,-84.86457824707031,3845.052001953125,5.992171287536621,0.3167894184589386,209.0,53.71317672729492,1.0,53.71317672729492,87.0,6.533726281499974e-16,0.058748312294483185,87.0,0.15000000596046448,296.34857177734375,0.0,0.0,0.0
929,33.30533981323242,-84.85621643066406,3782.822021484375,15.066943168640137,0.2632240951061249,210.0,53.82380294799805,1.0,53.82380294799805,87.0,0.0,0.04970378056168556,87.0,0.15000000596046448,296.95892333984375,0.0,0.050684742629528046,0.0
930,33.31174087524414,-84.84784698486328,3720.592041015625,5.683847904205322,0.2655809819698334,210.0,53.93489456176758,1.0,53.93489456176758,87.0,0.0,0.051857247948646545,87.0,0.15000000596046448,297.57183837890625,0.0,0.0,0.0
931,33.318519592285156,-84.83953094482422,3685.031982421875,5.678602695465088,0.27323710918426514,210.0,55.40006637573242,1.0,55.40006637573242,87.0,0.0,0.04966316372156143,87.0,0.15000000596046448,305.655517578125,0.0,0.0,0.0
932,33.32555389404297,-84.83124542236328,3667.251953125,6.709610939025879,0.41868674755096436,211.0,56.49845886230469,1.0,56.49845886230469,87.0,0.0,0.0497034527361393,87.0,0.15000000596046448,311.71563720703125,0.0,0.0,0.0
933,33.33258819580078,-84.82295989990234,3649.471923828125,6.638679504394531,0.42601823806762695,211.0,56.69630432128906,1.0,56.69630432128906,87.0,6.533726281499974e-16,0.05400892347097397,87.0,0.15000000596046448,312.80718994140625,0.0,0.0,0.0
934,33.33961868286133,-84.81468200683594,3631.69189453125,20.9047908782959,0.41942867636680603,212.0,56.89555740356445,1.0,56.89555740356445,87.0,6.533726281499974e-16,0.05375295132398605,87.0,0.15000000596046448,313.9065246582031,0.0,0.0,0.0
935,33.34665298461914,-84.806396484375,3613.912109375,6.567098617553711,0.40936964750289917,212.0,57.096229553222656,1.0,57.096229553222656,87.0,0.0,0.05458188056945801,87.0,0.15000000596046448,315.013671875,0.0,0.0,0.0
936,33.35368728637695,-84.79811096191406,3596.132080078125,23.258737564086914,0.39122191071510315,213.0,57.29833984375,1.0,57.29833984375,87.0,0.0,0.04887154698371887,87.0,0.15000000596046448,316.1287841796875,0.0,0.0,0.0
937,33.360321044921875,-84.79035949707031,3590.5439453125,16.71636390686035,0.3983631432056427,213.0,54.49985122680664,1.0,54.49985122680664,87.0,6.533726281499974e-16,0.052404701709747314,87.0,0.15000000596046448,300.6888427734375,0.0,0.0,0.0
938,33.3666877746582,-84.782958984375,3593.083984375,6.260905742645264,0.3995290994644165,213.0,53.12614440917969,1.0,53.12614440917969,87.0,0.0,0.0520000196993351,87.0,0.15000000596046448,293.1097717285156,0.0,0.0,0.11483720690011978
939,33.37305450439453,-84.77555847167969,3595.6240234375,6.213313102722168,0.40317654609680176,213.0,54.12286376953125,1.0,54.12286376953125,87.0,0.0,0.05030249059200287,87.0,0.15000000596046448,298.6089172363281,0.0,0.0,0.0
940,33.37942123413086,-84.76815795898438,3598.1640625,13.070809364318848,0.29732248187065125,214.0,55.157772064208984,1.0,55.157772064208984,87.0,0.0,0.05676325038075447,87.0,0.15000000596046448,304.3187255859375,0.0,0.0,0.0
941,33.38578796386719,-84.76075744628906,3600.7041015625,5.403600692749023,0.321138471364975,214.0,56.23310470581055,1.0,56.23310470581055,87.0,0.0,0.04877845570445061,87.0,0.15000000596046448,310.2516174316406,0.0,0.0,0.0
942,33.392154693603516,-84.75335693359375,3603.243896484375,22.40441131591797,0.5094072818756104,215.0,57.35127639770508,1.0,57.35127639770508,87.0,0.0,0.053453631699085236,87.0,0.15000000596046448,316.42083740234375,0.0,0.0,0.0
943,33.3980712890625,-84.7464828491211,3604.260009765625,6.8160834312438965,0.5110441446304321,215.0,53.036956787109375,1.0,53.036956787109375,85.0,0.0,0.049470916390419006,85.0,0.0,299.5028076171875,0.0,0.0,0.0082865534350276
944,33.4036865234375,-84.73994445800781,3604.260009765625,6.754735946655273,0.5178736448287964,215.0,51.227256774902344,1.0,51.227256774902344,85.0,0.0,0.04916375130414963,85.0,0.0,289.2833251953125,0.0,0.0,0.17861118912696838
945,33.4093017578125,-84.73341369628906,3604.260009765625,6.739734172821045,0.5245663523674011,215.0,55.19578170776367,1.0,55.19578170776367,90.0,0.0,0.05461810156702995,90.0,0.15000000596046448,294.37750244140625,0.0,0.0,0.09370812773704529
946,33.414920806884766,-84.72688293457031,3604.260009765625,6.720239639282227,0.5120729804039001,215.0,56.18524932861328,1.0,56.18524932861328,90.0,0.0,0.057688213884830475,90.0,0.15000000596046448,299.6546630859375,0.0,0.0,0.0057557113468647
947,33.420536041259766,-84.72034454345703,3604.260009765625,6.523252010345459,0.5115175247192383,215.0,57.210899353027344,1.0,57.210899353027344,90.0,0.0,0.05613172799348831,90.0,0.15000000596046448,305.1247863769531,0.0,0.0,0.0
948,33.42615509033203,-84.71381378173828,3604.260009765625,15.872758865356445,0.3582201600074768,216.0,58.27476119995117,1.0,58.27476119995117,90.0,0.0,0.05722304433584213,90.0,0.15000000596046448,310.7987365722656,0.0,0.0,0.0
949,33.43138885498047,-84.70771026611328,3604.260009765625,5.151652812957764,0.3514889180660248,216.0,55.3549690246582,1.0,55.3549690246582,90.0,0.0,0.05219098553061485,90.0,0.15000000596046448,295.22650146484375,0.0,0.0,0.07955826073884964
950,33.43637466430664,-84.70189666748047,3604.260009765625,5.016053676605225,0.3628532886505127,216.0,53.63371276855469,1.0,53.63371276855469,90.0,0.0,0.051413651555776596,90.0,0.15000000596046448,286.0464782714844,0.0,0.0,0.23255881667137146
951,33.44135665893555,-84.69607543945312,3604.260009765625,5.003589153289795,0.3605405390262604,216.0,54.584938049316406,1.0,54.584938049316406,90.0,0.0,0.05603455379605293,90.0,0.15000000596046448,291.11968994140625,0.0,0.0,0.0
952,33.44633865356445,-84.69026184082031,3604.260009765625,17.52812385559082,0.3180980086326599,217.0,55.57057189941406,1.0,55.57057189941406,90.0,0.0,0.051836103200912476,90.0,0.15000000596046448,296.3763732910156,0.0,0.060393597930669785,0.0
953,33.451324462890625,-84.68444061279297,3604.260009765625,5.695356845855713,0.32306969165802,217.0,56.59251022338867,1.0,56.59251022338867,90.0,6.315935581915173e-16,0.054546058177948,90.0,0.15000000596046448,301.82672119140625,0.0,0.0,0.0
954,33.45630645751953,-84.67862701416016,3604.260009765625,5.778136253356934,0.3291095793247223,217.0,57.652801513671875,1.0,57.652801513671875,90.0,0.0,0.05475975573062897,90.0,0.15000000596046448,307.4815979003906,0.0,0.0,0.0
955,33.46112060546875,-84.67302703857422,3603.498046875,15.37877082824707,0.43182316422462463,218.0,56.286014556884766,1.0,56.286014556884766,90.0,0.0,0.05510542169213295,90.0,0.15000000596046448,300.19207763671875,0.0,0.0,0.0
956,33.4658203125,-84.6675796508789,3602.22802734375,6.627832889556885,0.44511234760284424,218.0,55.356971740722656,1.0,55.356971740722656,90.0,6.315935581915173e-16,0.05117449536919594,90.0,0.15000000596046448,295.2371826171875,0.0,0.0,0.07938018441200256
957,33.47052001953125,-84.6621322631836,3600.9580078125,6.767063617706299,0.4604707658290863,218.0,55.834251403808594,1.0,55.834251403808594,90.0,0.0,0.05440467968583107,90.0,0.15000000596046448,297.7826843261719,0.0,0.0,0.0
958,33.4752197265625,-84.65667724609375,3599.68798828125,6.46368932723999,0.4092579782009125,219.0,56.319854736328125,1.0,56.319854736328125,90.0,0.0,0.05315098166465759,90.0,0.15000000596046448,300.37255859375,0.0,0.0,0.0
959,33.47991943359375,-84.65122985839844,3598.41796875,6.554656505584717,0.42109906673431396,219.0,56.81400680541992,1.0,56.81400680541992,90.0,0.0,0.04795901104807854,90.0,0.15000000596046448,303.008056640625,0.0,0.0,0.0
960,33.484619140625,-84.64578247070312,3597.14794921875,21.910547256469727,0.5646845102310181,220.0,57.316932678222656,1.0,57.316932678222656,90.0,6.315935581915173e-16,0.0551137700676918,90.0,0.15000000596046448,305.6903076171875,0.0,0.0,0.0
961,33.48918914794922,-84.64047241210938,3597.402099609375,7.920793056488037,0.5746890902519226,220.0,56.03673553466797,1.0,56.03673553466797,90.0,6.315935581915173e-16,0.04927299544215202,90.0,0.15000000596046448,298.8625793457031,0.0,0.0,0.018957005813717842
962,33.493675231933594,-84.63525390625,3598.672119140625,8.033802032470703,0.5787062644958496,220.0,55.09722137451172,1.0,55.09722137451172,90.0,0.0,0.05051519349217415,90.0,0.15000000596046448,293.85186767578125,0.0,0.0,0.0
963,33.4981575012207,-84.63003540039062,3599.94189453125,19.205562591552734,0.5064343214035034,221.0,55.18284225463867,1.0,55.18284225463867,90.0,0.0,0.04866040125489235,90.0,0.15000000596046448,294.3085021972656,0.0,0.0948583260178566,0.0
964,33.50263977050781,-84.62481689453125,3601.2119140625,7.3960676193237305,0.49991828203201294,221.0,55.268733978271484,1.0,55.268733978271484,90.0,0.0,0.057278070598840714,90.0,0.15000000596046448,294.7666015625,0.0,0.0,0.0
965,33.50712203979492,-84.6196060180664,3602.48193359375,7.3359055519104,0.4999205470085144,221.0,55.35490036010742,1.0,55.35490036010742,90.0,0.0,0.04905533418059349,90.0,0.15000000596046448,295.22613525390625,0.0,0.0,0.07956451177597046
966,33.5116081237793,-84.61438751220703,3603.751953125,7.327682018280029,0.49226245284080505,221.0,55.44133758544922,1.0,55.44133758544922,90.0,0.0,0.05217016860842705,90.0,0.15000000596046448,295.6871337890625,0.0,0.0,0.0
967,33.51595687866211,-84.60909271240234,3600.650634765625,7.248368263244629,0.5031733512878418,221.0,55.06789016723633,1.0,55.06789016723633,90.0,0.0,0.05380856618285179,90.0,0.15000000596046448,293.6954345703125,0.0,0.0,0.10507634282112122
968,33.52022171020508,-84.60375213623047,3594.634765625,7.324537754058838,0.5182095170021057,221.0,54.83740234375,1.0,54.83740234375,90.0,0.0,0.04966477304697037,90.0,0.15000000596046448,292.4661560058594,0.0,0.0,0.0
969,33.52448272705078,-84.5984115600586,3588.618896484375,13.884221076965332,0.4764481782913208,222.0,54.881919860839844,1.0,54.881919860839844,90.0,0.0,0.048473428934812546,90.0,0.15000000596046448,292.7035827636719,0.0,0.1216069832444191,0.0
970,33.52874755859375,-84.59307098388672,3582.603271484375,7.04637336730957,0.484210342168808,222.0,54.926513671875,1.0,54.926513671875,90.0,0.0,0.051413726061582565,90.0,0.15000000596046448,292.94140625,0.0,0.0,0.0
971,33.5315055847168,-84.58604431152344,3549.126953125,7.078646183013916,0.5012925863265991,222.0,57.78105163574219,1.0,57.78105163574219,90.0,0.0,0.05295771732926369,90.0,0.15000000596046448,308.1656188964844,0.0,0.0,0.0
972,33.53388977050781,-84.57860565185547,3508.785888671875,7.185529708862305,0.49432557821273804,222.0,59.40591049194336,1.0,59.40591049194336,90.0,0.0,0.05019013211131096,90.0,0.15000000596046448,316.8315124511719,0.0,0.0,0.0
973,33.53627014160156,-84.5711669921875,3468.44482421875,24.780397415161133,0.6649318933486938,223.0,59.46028137207031,1.0,59.46028137207031,90.0,0.0,0.04747467115521431,90.0,0.15000000596046448,317.1214904785156,0.0,0.0,0.0
974,33.537662506103516,-84.5637435913086,3426.51904296875,20.474149703979492,0.6527049541473389,223.0,56.84857177734375,1.0,56.84857177734375,90.0,0.0,0.05091113597154617,90.0,0.15000000596046448,303.1923828125,0.0,0.0,0.0
975,33.53757095336914,-84.55636596679688,3382.216796875,8.606424331665039,0.6550880074501038,223.0,55.40616226196289,1.0,55.40616226196289,90.0,0.0,0.05048385262489319,90.0,0.15000000596046448,295.4995422363281,0.0,0.0,0.075007863342762
976,33.5374755859375,-84.54898071289062,3337.914306640625,8.579675674438477,0.6613528728485107,223.0,55.59296798706055,1.0,55.59296798706055,90.0,0.0,0.05055587738752365,90.0,0.15000000596046448,296.495849609375,0.0,0.0,0.0
977,33.537384033203125,-84.54159545898438,3293.612060546875,13.97868537902832,0.3797975778579712,224.0,55.78104019165039,1.0,55.78104019165039,90.0,0.0,0.04970361664891243,90.0,0.15000000596046448,297.4988708496094,0.0,0.041685257107019424,0.0
978,33.53729248046875,-84.53421020507812,3249.309814453125,5.905550956726074,0.38706472516059875,224.0,55.97039031982422,1.0,55.97039031982422,90.0,0.0,0.048698604106903076,90.0,0.15000000596046448,298.50872802734375,0.0,0.0,0.0
979,33.53719711303711,-84.52682495117188,3205.00732421875,5.8877997398376465,0.3952357769012451,224.0,56.16102600097656,1.0,56.16102600097656,90.0,0.0,0.049097608774900436,90.0,0.15000000596046448,299.5254821777344,0.0,0.0,0.007908801548182964
980,33.537105560302734,-84.51944732666016,3160.705078125,5.873342990875244,0.3950667679309845,224.0,56.35296630859375,1.0,56.35296630859375,90.0,0.0,0.047359973192214966,90.0,0.15000000596046448,300.5491638183594,0.0,0.0,0.0
981,33.537010192871094,-84.5120620727539,3116.40283203125,15.77574348449707,0.6525278687477112,225.0,56.54622268676758,1.0,56.54622268676758,90.0,0.0,0.05521390214562416,90.0,0.15000000596046448,301.5798645019531,0.0,0.0,0.0
982,33.53691864013672,-84.50467681884766,3072.1005859375,8.017009735107422,0.6517404317855835,225.0,56.740806579589844,1.0,56.740806579589844,90.0,0.0,0.05549243092536926,90.0,0.15000000596046448,302.6176452636719,0.0,0.0,0.0
983,33.536861419677734,-84.49755859375,3028.696044921875,8.087660789489746,0.6576867699623108,225.0,54.891883850097656,1.0,54.891883850097656,90.0,0.0,0.05043609440326691,90.0,0.15000000596046448,292.7567138671875,0.0,0.0,0.12072131782770157
984,33.53681182861328,-84.49050903320312,2985.51611328125,8.237380027770996,0.6658998131752014,225.0,54.586570739746094,1.0,54.586570739746094,90.0,0.0,0.057184021919965744,90.0,0.15000000596046448,291.1283874511719,0.0,0.0,0.1478603184223175
985,33.53675842285156,-84.48345947265625,2942.3359375,8.414308547973633,0.6859011054039001,225.0,54.79836654663086,1.0,54.79836654663086,90.0,0.0,0.05415858328342438,90.0,0.15000000596046448,292.2579650878906,0.0,0.0,0.1290341019630432
986,33.53670883178711,-84.47640991210938,2899.156005859375,8.750907897949219,0.690452516078949,225.0,55.011810302734375,1.0,55.011810302734375,90.0,0.0,0.05301794409751892,90.0,0.15000000596046448,293.3963317871094,0.0,0.0,0.0
987,33.536659240722656,-84.4693603515625,2855.97607421875,8.879620552062988,0.6965824961662292,225.0,55.226924896240234,1.0,55.226924896240234,90.0,0.0,0.05029769986867905,90.0,0.15000000596046448,294.5436096191406,0.0,0.0,0.09094001352787018
988,33.5366096496582,-84.46231079101562,2812.7958984375,9.028419494628906,0.6894094944000244,225.0,55.4437255859375,1.0,55.4437255859375,90.0,0.0,0.053362879902124405,90.0,0.15000000596046448,295.69989013671875,0.0,0.0,0.0
989,33.53661346435547,-84.45523071289062,2767.583984375,18.67729377746582,0.6196454763412476,226.0,55.845619201660156,1.0,55.845619201660156,90.0,0.0,0.049765411764383316,90.0,0.15000000596046448,297.8432922363281,0.0,0.035944968461990356,0.0
990,33.53662872314453,-84.44815063476562,2721.864013671875,8.159908294677734,0.6221744418144226,226.0,56.087791442871094,1.0,56.087791442871094,90.0,0.0,0.05217531695961952,90.0,0.15000000596046448,299.1348876953125,0.0,0.0,0.0
991,33.53664779663086,-84.4410629272461,2676.14404296875,8.239502906799316,0.6300492882728577,226.0,56.27842712402344,1.0,56.27842712402344,90.0,0.0,0.050343871116638184,90.0,0.15000000596046448,300.151611328125,0.0,0.0,0.0
992,33.53666305541992,-84.4339828491211,2630.424072265625,13.797224998474121,0.46135786175727844,227.0,56.470359802246094,1.0,56.470359802246094,90.0,0.0,0.050246529281139374,90.0,0.15000000596046448,301.1752624511719,0.0,0.0,0.0
993,33.536678314208984,-84.4269027709961,2584.7041015625,6.787580966949463,0.47148630023002625,227.0,56.66360855102539,1.0,56.66360855102539,90.0,0.0,0.04827054217457771,90.0,0.15000000596046448,302.2059326171875,0.0,0.0,0.0
994,33.53669738769531,-84.41981506347656,2538.98388671875,21.620471954345703,0.5554297566413879,228.0,56.858184814453125,1.0,56.858184814453125,90.0,0.0,0.050800129771232605,90.0,0.15000000596046448,303.24365234375,0.0,0.0,0.0
995,33.536712646484375,-84.41255950927734,2493.263916015625,7.690672874450684,0.547676682472229,228.0,58.530914306640625,1.0,58.530914306640625,90.0,0.0,0.05222067981958389,90.0,0.15000000596046448,312.1648864746094,0.0,0.0,0.0
996,33.5367317199707,-84.40525817871094,2447.5439453125,22.172574996948242,0.5238458514213562,229.0,59.186771392822266,1.0,59.186771392822266,90.0,0.0,0.05025041475892067,90.0,0.15000000596046448,315.66278076171875,0.0,0.0,0.0
997,33.536746978759766,-84.39795684814453,2401.823974609375,18.123502731323242,0.5167585015296936,229.0,59.49631118774414,1.0,59.49631118774414,90.0,0.0,0.047798506915569305,90.0,0.15000000596046448,317.31365966796875,0.0,0.0,0.0
998,33.53676223754883,-84.39066314697266,2356.10400390625,7.395969390869141,0.5247310996055603,229.0,59.80910873413086,1.0,59.80910873413086,90.0,0.0,0.05886589735746384,90.0,0.15000000596046448,318.98193359375,0.0,0.0,0.0
999,33.536781311035156,-84.38336181640625,2310.384033203125,21.552032470703125,0.4514131546020508,230.0,60.125213623046875,1.0,60.125213623046875,90.0,0.0,0.05971239507198334,90.0,0.15000000596046448,320.6678161621094,0.0,0.0,0.0
1000,33.53679656982422,-84.37606048583984,2264.6640625,6.86149787902832,0.4460909068584442,230.0,60.444679260253906,1.0,60.444679260253906,90.0,0.0,0.05258185788989067,90.0,0.15000000596046448,322.3716125488281,0.0,0.0,0.0
1001,33.53681182861328,-84.36947631835938,2221.991943359375,6.818600177764893,0.4576011002063751,230.0,54.67025375366211,1.0,54.67025375366211,90.0,0.0,0.05385944992303848,90.0,0.15000000596046448,291.5746765136719,0.0,0.0,0.1404220312833786
1002,33.53683090209961,-84.36308288574219,2180.08203125,6.903697967529297,0.4640827775001526,230.0,53.33269119262695,1.0,53.33269119262695,90.0,0.0,0.051554229110479355,90.0,0.15000000596046448,284.4410400390625,0.0,0.0,0.0
1003,33.53684616088867,-84.35668182373047,2138.172119140625,6.945173263549805,0.4736461639404297,230.0,53.491600036621094,1.0,53.491600036621094,90.0,0.0,0.05724090337753296,90.0,0.15000000596046448,285.2885437011719,0.0,0.0,0.24519109725952148
1004,33.536865234375,-84.35028076171875,2096.261962890625,7.007876873016357,0.4925694465637207,230.0,53.651458740234375,1.0,53.651458740234375,90.0,0.0,0.0545819066464901,90.0,0.15000000596046448,286.14111328125,0.0,0.0,0.0
1005,33.53688049316406,-84.34387969970703,2054.35205078125,19.607563018798828,0.6406794190406799,231.0,53.81227111816406,1.0,53.81227111816406,90.0,0.0,0.048959460109472275,90.0,0.15000000596046448,286.998779296875,0.0,0.21668687462806702,0.0
1006,33.536895751953125,-84.33747863769531,2012.4420166015625,8.620607376098633,0.643660843372345,231.0,53.974056243896484,1.0,53.974056243896484,90.0,0.0,0.05035120248794556,90.0,0.15000000596046448,287.86163330078125,0.0,0.0,0.0
1007,33.53689956665039,-84.33084106445312,1967.4840087890625,8.6271333694458,0.6407355666160583,231.0,56.1125373840332,1.0,56.1125373840332,90.0,0.0,0.050022076815366745,90.0,0.15000000596046448,299.2668762207031,0.0,0.0,0.012218942865729332
1008,33.53689956665039,-84.32414245605469,1921.7640380859375,8.5559720993042,0.641671895980835,231.0,56.72209930419922,1.0,56.72209930419922,90.0,0.0,0.050497300922870636,90.0,0.15000000596046448,302.51788330078125,0.0,0.0,0.0
1009,33.53689956665039,-84.31743621826172,1876.0439453125,8.526409149169922,0.6534228324890137,231.0,56.825008392333984,1.0,56.825008392333984,90.0,0.0,0.04844916984438896,90.0,0.15000000596046448,303.06671142578125,0.0,0.0,0.0
1010,33.53689956665039,-84.31073760986328,1830.323974609375,22.660564422607422,0.5898157358169556,232.0,56.928287506103516,1.0,56.928287506103516,90.0,0.0,0.05179886147379875,90.0,0.15000000596046448,303.6175231933594,0.0,0.0,0.0
1011,33.53689956665039,-84.30403900146484,1784.60400390625,7.843282699584961,0.599684476852417,232.0,57.031944274902344,1.0,57.031944274902344,90.0,0.0,0.05715576186776161,90.0,0.15000000596046448,304.1703796386719,0.0,0.0,0.0
1012,33.53689956665039,-84.2973403930664,1738.884033203125,21.917905807495117,0.5166733264923096,233.0,57.13597869873047,1.0,57.13597869873047,90.0,6.315935581915173e-16,0.0512356236577034,90.0,0.15000000596046448,304.7252197265625,0.0,0.0,0.0
1013,33.53689956665039,-84.290771484375,1699.260009765625,19.39898109436035,0.5266457796096802,233.0,55.99213790893555,1.0,55.99213790893555,90.0,0.0,0.05127750709652901,90.0,0.15000000596046448,298.6247253417969,0.0,0.0,0.0
1014,33.53689956665039,-84.28424072265625,1661.1600341796875,7.044691562652588,0.5232465267181396,233.0,55.67406463623047,1.0,55.67406463623047,90.0,0.0,0.04812800511717796,90.0,0.15000000596046448,296.9283447265625,0.0,0.0,0.05119432508945465
1015,33.53689956665039,-84.2777099609375,1623.06005859375,6.94804573059082,0.5222724676132202,233.0,55.640254974365234,1.0,55.640254974365234,90.0,0.0,0.049295924603939056,90.0,0.15000000596046448,296.748046875,0.0,0.0,0.0
1016,33.53689956665039,-84.27117156982422,1584.9599609375,6.870090484619141,0.5183889269828796,233.0,55.60649108886719,1.0,55.60649108886719,90.0,0.0,0.060937002301216125,90.0,0.15000000596046448,296.56793212890625,0.0,0.0,0.05720088630914688
1017,33.53689956665039,-84.26464080810547,1546.8599853515625,6.762505531311035,0.5157426595687866,233.0,55.5727653503418,1.0,55.5727653503418,90.0,0.0,0.05063401162624359,90.0,0.15000000596046448,296.3880920410156,0.0,0.0,0.06019870191812515
1018,33.53689956665039,-84.25811004638672,1508.760009765625,6.66314172744751,0.5337316989898682,233.0,55.53908157348633,1.0,55.53908157348633,90.0,0.0,0.05631541088223457,90.0,0.15000000596046448,296.20843505859375,0.0,0.0,0.06319288164377213
1019,33.537899017333984,-84.25140380859375,1464.9449462890625,6.749312877655029,0.5466079115867615,233.0,58.21944046020508,1.0,58.21944046020508,90.0,0.0,0.0513850674033165,90.0,0.15000000596046448,310.503662109375,0.0,0.0,0.0
1020,33.53915023803711,-84.2446517944336,1419.7012939453125,15.695666313171387,0.5650394558906555,234.0,59.48908996582031,1.0,59.48908996582031,90.0,0.0,0.0519120916724205,90.0,0.15000000596046448,317.275146484375,0.0,0.0,0.0
1021,33.540401458740234,-84.23789978027344,1374.45751953125,7.15800142288208,0.5555704832077026,234.0,59.901771545410156,1.0,59.901771545410156,90.0,0.0,0.05466290935873985,90.0,0.15000000596046448,319.4761047363281,0.0,0.0,0.0
1022,33.542869567871094,-84.232666015625,1330.6424560546875,7.138538837432861,0.5487722754478455,234.0,52.28481674194336,1.0,52.28481674194336,90.0,0.0,0.05570589751005173,90.0,0.15000000596046448,278.85235595703125,0.0,0.0,0.35246074199676514
1023,33.54615020751953,-84.22844696044922,1287.780029296875,7.1337456703186035,0.5582183599472046,234.0,50.30878829956055,1.0,50.30878829956055,90.0,0.0,0.05047708749771118,90.0,0.15000000596046448,268.31353759765625,0.0,0.0,0.0
1024,33.54943084716797,-84.22422790527344,1244.91748046875,7.281536102294922,0.5503805875778198,234.0,48.240943908691406,1.0,48.240943908691406,86.0,0.0,0.049802541732788086,86.0,0.15000000596046448,269.2518005371094,0.0,0.0,0.5124701857566833
1025,33.553504943847656,-84.22109985351562,1201.5537109375,7.257944107055664,0.5507863759994507,234.0,48.67403030395508,1.0,48.67403030395508,86.0,6.609699842912765e-16,0.049350909888744354,86.0,0.15000000596046448,271.66900634765625,0.0,0.0,0.0
1026,33.55876922607422,-84.21959686279297,1157.4378662109375,8.235224723815918,0.6474109888076782,235.0,54.633426666259766,1.0,54.633426666259766,86.0,0.0,0.05590571090579033,86.0,0.15000000596046448,304.9307556152344,0.0,0.0,0.0
1027,33.564029693603516,-84.21810150146484,1113.3221435546875,8.415299415588379,0.6533400416374207,235.0,54.90678787231445,1.0,54.90678787231445,86.0,6.609699842912765e-16,0.051049698144197464,86.0,0.15000000596046448,306.45648193359375,0.0,0.0,0.0
1028,33.56929397583008,-84.21659851074219,1069.206298828125,20.479509353637695,0.6173732280731201,236.0,55.18289566040039,1.0,55.18289566040039,86.0,0.0,0.06252016872167587,86.0,0.15000000596046448,307.99755859375,0.0,0.0,0.0
1029,33.57436752319336,-84.21614837646484,1038.8599853515625,8.15181827545166,0.6228873133659363,236.0,49.4249153137207,1.0,49.4249153137207,81.0,0.0,0.048508960753679276,81.0,0.0,292.88836669921875,0.0,0.0,0.11852698773145676
1030,33.57931137084961,-84.21640014648438,1017.693359375,8.25197982788086,0.6425544023513794,236.0,48.88120651245117,1.0,48.88120651245117,81.0,0.0,0.04910457134246826,81.0,0.0,289.6664123535156,0.0,0.0,0.0
1031,33.58425521850586,-84.2166519165039,996.5266723632812,17.266952514648438,0.4211047887802124,237.0,49.08186340332031,1.0,49.08186340332031,80.0,0.0,0.0596211701631546,80.0,0.0,294.4911804199219,0.0,0.091813825070858,0.0
1032,33.58919906616211,-84.21690368652344,975.3599853515625,6.451756000518799,0.4350820481777191,237.0,49.91322708129883,1.0,49.91322708129883,80.0,0.0,0.04924984648823738,80.0,0.0,299.4793701171875,0.0,0.0,0.0
1033,33.59388732910156,-84.21893310546875,958.6912231445312,6.582080364227295,0.42855098843574524,237.0,51.923583984375,1.0,51.923583984375,80.5,0.0,0.04946264624595642,80.5,0.0,309.6064453125,0.0,0.0,0.0
1034,33.598575592041016,-84.22096252441406,942.0225219726562,16.503103256225586,0.6215157508850098,238.0,53.97537612915039,1.0,53.97537612915039,81.5,0.0,0.048290420323610306,81.5,0.15000000596046448,317.89178466796875,0.0,0.0,0.0
1035,33.60326385498047,-84.22299194335938,925.353759765625,8.356544494628906,0.6279544830322266,238.0,55.45953369140625,1.0,55.45953369140625,81.5,0.0,0.04802490398287773,81.5,0.15000000596046448,326.6328430175781,0.0,0.0,0.0
1036,33.605899810791016,-84.22675323486328,910.5900268554688,21.569183349609375,0.6464231014251709,239.0,46.403480529785156,1.0,46.403480529785156,81.5,0.0,0.04964936152100563,81.5,0.15000000596046448,273.29656982421875,0.0,0.4450572729110718,0.0
1037,33.60802459716797,-84.2309341430664,896.302490234375,8.664876937866211,0.6512537002563477,239.0,47.00164031982422,1.0,47.00164031982422,81.5,0.0,0.04905036836862564,81.5,0.15000000596046448,276.8194885253906,0.0,0.0,0.0
1038,33.61014938354492,-84.23512268066406,882.0150146484375,8.723562240600586,0.6476567983627319,239.0,47.6768798828125,1.0,47.6768798828125,81.5,0.0,0.050097040832042694,81.5,0.15000000596046448,280.79632568359375,0.0,0.0,0.32006099820137024
1039,33.61176681518555,-84.23993682861328,873.760009765625,8.673454284667969,0.6530329585075378,239.0,50.58193588256836,1.0,50.58193588256836,81.5,0.0,0.04735099524259567,81.5,0.15000000596046448,297.9058837890625,0.0,0.0,0.0
1040,33.61304473876953,-84.24515533447266,869.5266723632812,8.729483604431152,0.6599284410476685,239.0,52.8374137878418,1.0,52.8374137878418,81.5,0.0,0.05041655898094177,81.5,0.15000000596046448,311.1896667480469,0.0,0.0,0.0
1041,33.614322662353516,-84.25038146972656,865.2933349609375,23.08868980407715,0.7086024284362793,240.0,52.56848907470703,1.0,52.56848907470703,81.5,0.0,0.04714638739824295,81.5,0.15000000596046448,309.6058349609375,0.0,0.0,0.0
1042,33.6156005859375,-84.25559997558594,861.0599975585938,19.63624382019043,0.7106268405914307,240.0,52.302284240722656,1.0,52.302284240722656,81.5,6.974652458566753e-16,0.04815582558512688,81.5,0.15000000596046448,308.0379943847656,0.0,0.0,0.0
1043,33.616878509521484,-84.26081848144531,856.82666015625,9.45271110534668,0.7111831903457642,240.0,52.03874969482422,1.0,52.03874969482422,81.5,0.0,0.05020992085337639,81.5,0.15000000596046448,306.48590087890625,0.0,0.0,0.0
1044,33.61800003051758,-84.2660140991211,853.4400024414062,23.009319305419922,0.6974702477455139,241.0,51.130062103271484,1.0,51.130062103271484,81.5,0.0,0.04850846901535988,81.5,0.15000000596046448,301.1341247558594,0.0,0.0,0.0
1045,33.618499755859375,-84.27110290527344,853.4400024414062,15.23112678527832,0.7012892961502075,241.0,48.90285110473633,1.0,48.90285110473633,81.5,0.0,0.04830849915742874,81.5,0.15000000596046448,288.01678466796875,0.0,0.0,0.0
1046,33.61899948120117,-84.27618408203125,853.4400024414062,9.208090782165527,0.7103294134140015,241.0,49.025630950927734,1.0,49.025630950927734,81.5,0.0,0.04938610643148422,81.5,0.15000000596046448,288.7398986816406,0.0,0.0,0.18766821920871735
1047,33.61949920654297,-84.28126525878906,853.4400024414062,9.298418998718262,0.7178643345832825,241.0,49.14902877807617,1.0,49.14902877807617,81.5,0.0,0.05331949144601822,81.5,0.15000000596046448,289.4666748046875,0.0,0.0,0.0
1048,33.61975860595703,-84.2863998413086,844.7314453125,8.381957054138184,0.6402703523635864,242.0,49.43090057373047,1.0,49.43090057373047,81.5,0.0,0.057663824409246445,81.5,0.15000000596046448,291.1268005371094,0.0,0.14788690209388733,0.0
1049,33.61985397338867,-84.29156494140625,830.2171630859375,8.258583068847656,0.6281410455703735,242.0,49.67489242553711,1.0,49.67489242553711,81.5,0.0,0.04736272990703583,81.5,0.15000000596046448,292.56378173828125,0.0,0.0,0.0
1050,33.61994934082031,-84.2967300415039,815.702880859375,8.058741569519043,0.6210616827011108,242.0,49.67483901977539,1.0,49.67483901977539,81.5,0.0,0.05363968387246132,81.5,0.15000000596046448,292.5634765625,0.0,0.0,0.1239422932267189
1051,33.62004470825195,-84.3019027709961,801.1885986328125,7.917303085327148,0.6235965490341187,242.0,49.674781799316406,1.0,49.674781799316406,81.5,0.0,0.048860061913728714,81.5,0.15000000596046448,292.5631408691406,0.0,0.0,0.12394765764474869
1052,33.62010955810547,-84.30706024169922,783.1015625,7.883335113525391,0.6253113746643066,242.0,50.144981384277344,1.0,50.144981384277344,81.5,0.0,0.0503682903945446,81.5,0.15000000596046448,295.3323974609375,0.0,0.0,0.0
1053,33.6201286315918,-84.31221771240234,759.6553955078125,7.835978031158447,0.6355684399604797,242.0,51.42801284790039,1.0,51.42801284790039,81.5,0.0,0.052111949771642685,81.5,0.15000000596046448,302.888916015625,0.0,0.0,0.0
1054,33.620147705078125,-84.31736755371094,736.209228515625,7.884230613708496,0.6301655173301697,242.0,52.867218017578125,1.0,52.867218017578125,81.5,0.0,0.04984996095299721,81.5,0.15000000596046448,311.3652038574219,0.0,0.0,0.0
1055,33.62016677856445,-84.32252502441406,712.7630615234375,7.742620468139648,0.6441153883934021,242.0,54.3892936706543,1.0,54.3892936706543,81.5,0.0,0.049824025481939316,81.5,0.15000000596046448,320.32958984375,0.0,0.0,0.0
1056,33.62018585205078,-84.32767486572266,689.31689453125,7.826306343078613,0.6433287858963013,242.0,56.00161361694336,1.0,56.00161361694336,81.5,0.0,0.051353637129068375,81.5,0.15000000596046448,329.825439453125,0.0,0.0,0.0
1057,33.620208740234375,-84.33263397216797,666.75,13.068724632263184,0.562254786491394,243.0,55.525264739990234,1.0,55.525264739990234,81.5,0.0,0.056873761117458344,81.5,0.15000000596046448,327.01995849609375,0.0,0.0,0.0
1058,33.620243072509766,-84.3368148803711,647.7000122070312,6.983086585998535,0.5625817179679871,243.0,48.25054168701172,1.0,48.25054168701172,81.5,0.0,0.05712825059890747,81.5,0.15000000596046448,284.1749572753906,0.0,0.0,0.2637506127357483
1059,33.620277404785156,-84.34099578857422,628.6500244140625,7.049561500549316,0.5617022514343262,243.0,49.804481506347656,1.0,49.804481506347656,81.5,0.0,0.05291742458939552,81.5,0.15000000596046448,293.3270263671875,0.0,0.0,0.11121641099452972
1060,33.62030029296875,-84.34429931640625,609.5999755859375,7.103097438812256,0.5545169711112976,243.0,40.898860931396484,1.0,40.898860931396484,81.5,0.0,0.053622934967279434,81.5,0.15000000596046448,240.87673950195312,0.0,0.0,0.0
1061,33.62030029296875,-84.3486099243164,588.1687622070312,7.080724716186523,0.5551475286483765,243.0,50.58619689941406,1.0,50.58619689941406,76.5999984741211,0.0,0.058221474289894104,76.5999984741211,0.10000000149011612,316.9892272949219,0.0,0.0,0.0
1062,33.62030029296875,-84.3529281616211,566.7374877929688,18.948551177978516,0.6537168025970459,244.0,51.057029724121094,1.0,51.057029724121094,76.5999984741211,0.0,0.050893399864435196,76.5999984741211,0.10000000149011612,319.9396057128906,0.0,0.0,0.0
1063,33.62030029296875,-84.35723876953125,545.3062744140625,8.291200637817383,0.6552814841270447,244.0,51.53670883178711,1.0,51.53670883178711,76.5999984741211,7.420811711060786e-16,0.05104484781622887,76.5999984741211,0.10000000149011612,322.9454345703125,0.0,0.0,0.0
1064,33.62030029296875,-84.36112213134766,529.5900268554688,15.423580169677734,0.6844246983528137,245.0,46.54518508911133,1.0,46.54518508911133,76.5999984741211,0.0,0.054098960012197495,76.5999984741211,0.10000000149011612,291.6669616699219,0.0,0.13888390362262726,0.0
1065,33.62030029296875,-84.36490631103516,515.302490234375,8.512208938598633,0.6842623949050903,245.0,45.27305221557617,1.0,45.27305221557617,76.5999984741211,0.0,0.05643248185515404,76.5999984741211,0.10000000149011612,283.69537353515625,0.0,0.0,0.0
1066,33.62030029296875,-84.36869049072266,501.0150146484375,8.546842575073242,0.6816195845603943,245.0,45.27305221557617,1.0,45.27305221557617,76.5999984741211,0.0,0.05978403612971306,76.5999984741211,0.10000000149011612,283.69537353515625,0.0,0.0,0.2717439830303192
1067,33.62030029296875,-84.37256622314453,483.8699951171875,8.54374885559082,0.6885296106338501,245.0,46.55327224731445,1.0,46.55327224731445,76.5999984741211,0.0,0.05167765915393829,76.5999984741211,0.10000000149011612,291.7176208496094,0.0,0.0,0.1380394846200943
1068,33.62030029296875,-84.37650299072266,464.82000732421875,8.669044494628906,0.6923100352287292,245.0,47.57372283935547,1.0,47.57372283935547,76.5999984741211,0.0,0.057828389108181,76.5999984741211,0.10000000149011612,298.1120910644531,0.0,0.0,0.031465113162994385
1069,33.62030029296875,-84.38043975830078,445.7699890136719,8.748414993286133,0.7016818523406982,245.0,47.84640121459961,1.0,47.84640121459961,76.5999984741211,0.0,0.05378526821732521,76.5999984741211,0.10000000149011612,299.82080078125,0.0,0.0,0.0029866949189454317
1070,33.62030029296875,-84.38436126708984,426.7200012207031,8.904760360717773,0.708233654499054,245.0,47.54670333862305,1.0,47.54670333862305,76.0999984741211,0.0,0.052711356431245804,76.0999984741211,0.0,299.9003601074219,0.0,0.0,0.001660678768530488
1071,33.62030029296875,-84.38826751708984,407.6700134277344,9.018661499023438,0.713710367679596,245.0,50.42860794067383,1.0,50.42860794067383,81.0999984741211,7.00905311353271e-16,0.05257774516940117,81.0999984741211,0.10000000149011612,298.46771240234375,0.0,0.0,0.025538096204400063
1072,33.62030029296875,-84.39217376708984,388.6199951171875,9.113755226135254,0.7212749719619751,245.0,50.42860794067383,1.0,50.42860794067383,81.0999984741211,7.00905311353271e-16,0.05485806241631508,81.0999984741211,0.10000000149011612,298.46771240234375,0.0,0.0,0.025538096204400063
1073,33.62030029296875,-84.39612579345703,369.57000732421875,9.238253593444824,0.7286032438278198,245.0,50.993408203125,1.0,50.993408203125,81.0999984741211,0.0,0.05707442760467529,81.0999984741211,0.10000000149011612,301.810546875,0.0,0.0,0.0
1074,33.62030029296875,-84.40025329589844,350.5199890136719,9.35758113861084,0.741554856300354,245.0,53.25260925292969,1.0,53.25260925292969,81.0999984741211,0.0,0.05810854956507683,81.0999984741211,0.10000000149011612,315.1819152832031,0.0,0.0,0.0
1075,33.62030029296875,-84.40437316894531,331.4700012207031,21.247873306274414,0.7430131435394287,246.0,53.25260925292969,1.0,53.25260925292969,81.0999984741211,0.0,0.04811304062604904,81.0999984741211,0.10000000149011612,315.1819152832031,0.0,0.0,0.0
1076,33.62030029296875,-84.40850067138672,312.4200134277344,9.864096641540527,0.7364997863769531,246.0,53.25260925292969,1.0,53.25260925292969,81.0999984741211,0.0,0.058405209332704544,81.0999984741211,0.10000000149011612,315.1819152832031,0.0,0.0,0.0
1077,33.62030029296875,-84.41265869140625,293.3699951171875,9.742204666137695,0.7282307147979736,246.0,53.65604019165039,1.0,53.65604019165039,81.0999984741211,0.0,0.04901985451579094,81.0999984741211,0.10000000149011612,317.56964111328125,0.0,0.0,0.0
1078,33.62030029296875,-84.41680908203125,274.32000732421875,9.589302062988281,0.7371589541435242,246.0,53.65604019165039,1.0,53.65604019165039,81.0999984741211,0.0,0.04732590541243553,81.0999984741211,0.10000000149011612,317.56964111328125,0.0,0.0,0.0
1079,33.62030029296875,-84.42096710205078,255.27000427246094,9.71028995513916,0.744269609451294,246.0,53.65604019165039,1.0,53.65604019165039,81.0999984741211,0.0,0.04741939157247543,81.0999984741211,0.10000000149011612,317.56964111328125,0.0,0.0,0.0
1080,33.62030029296875,-84.42440032958984,247.64999389648438,14.377985000610352,0.6062108874320984,247.0,47.424156188964844,1.0,47.424156188964844,81.0999984741211,0.0,0.054080333560705185,81.0999984741211,0.10000000149011612,280.6855163574219,0.0,0.32190820574760437,0.0
1081,33.62030029296875,-84.42765045166016,242.8874969482422,7.627127170562744,0.6136994957923889,247.0,49.267364501953125,1.0,49.267364501953125,81.0999984741211,0.0,0.05108823999762535,81.0999984741211,0.10000000149011612,291.5947570800781,0.0,0.0,0.0
