step, lat, lon, alt, snr, load, handovers, allocated_bw, allocation_ratio, demand_MB, throughput_req, queing_delay_s, propagation_latency_s, transmission_rate_mbps, latency_req_s, beam_capacity, service_drop_s, dwell_remaining_s, ttt_remaining_s
0,29.956899642944336,-95.33689880371094,327.6600036621094,18.503131866455078,0.6591103076934814,0.0,0.5625,1.0,0.5625,4.5,0.0,0.05268693342804909,4.5,0.20000000298023224,60.0,0.0,4.0,0.0
1,29.954181671142578,-95.33330535888672,365.760009765625,8.830511093139648,0.6599059104919434,0.0,3.0705339908599854,1.0,3.0705339908599854,4.5,0.0,0.053876351565122604,4.5,0.20000000298023224,327.52362060546875,0.0,0.0,0.0
2,29.951461791992188,-95.3297119140625,403.8599853515625,8.838869094848633,0.6774901747703552,0.0,2.9863333702087402,1.0,2.9863333702087402,4.5,0.0,0.05309506505727768,4.5,0.20000000298023224,318.542236328125,0.0,0.0,0.0
3,29.94874382019043,-95.32611846923828,441.9599914550781,17.595094680786133,0.6968622207641602,1.0,2.906629800796509,1.0,2.906629800796509,4.5,0.0,0.0528242327272892,4.5,0.20000000298023224,310.04052734375,0.0,0.0,0.0
4,29.945999145507812,-95.32227325439453,472.44000244140625,9.317548751831055,0.6896368265151978,1.0,2.934174060821533,1.0,2.934174060821533,4.5,0.0,0.05241655930876732,4.5,0.20000000298023224,312.97857666015625,0.0,0.0,0.0
5,29.94325065612793,-95.31836700439453,501.0150146484375,22.819997787475586,0.7035772800445557,2.0,2.8654162883758545,1.0,2.8654162883758545,4.5,0.0,0.05590791255235672,4.5,0.20000000298023224,305.6444091796875,0.0,0.0,0.0
6,29.940500259399414,-95.31446075439453,529.5900268554688,9.372036933898926,0.7011088728904724,2.0,2.7719006538391113,1.0,2.7719006538391113,4.5,0.0,0.05247863382101059,4.5,0.20000000298023224,295.6694030761719,0.0,0.0,0.07217676192522049
7,29.937694549560547,-95.31027221679688,553.8787231445312,9.307987213134766,0.6970107555389404,2.0,2.812102794647217,1.0,2.812102794647217,4.5,0.0,0.053171224892139435,4.5,0.20000000298023224,299.9576416015625,0.0,0.0,0.0
8,29.934850692749023,-95.30590057373047,575.3099975585938,21.2067813873291,0.7568557858467102,3.0,2.7982611656188965,1.0,2.7982611656188965,4.5,0.0,0.05371840298175812,4.5,0.20000000298023224,298.481201171875,0.0,0.025313377380371094,0.0
9,29.9320068359375,-95.30152130126953,596.7412719726562,10.133139610290527,0.7654076814651489,3.0,2.6986773014068604,1.0,2.6986773014068604,4.5,0.0,0.05366066098213196,4.5,0.20000000298023224,287.85888671875,0.0,0.0,0.0
10,29.928987503051758,-95.29693603515625,620.0775146484375,10.247618675231934,0.7764357328414917,3.0,2.741957902908325,1.0,2.741957902908325,4.5,0.0,0.055123161524534225,4.5,0.20000000298023224,292.4754943847656,0.0,0.0,0.12540817260742188
11,29.92570686340332,-95.29203033447266,646.271240234375,10.410743713378906,0.7663045525550842,3.0,2.845323324203491,1.0,2.845323324203491,4.5,0.0,0.05125507339835167,4.5,0.20000000298023224,303.50115966796875,0.0,0.0,0.0
12,29.92242431640625,-95.28712463378906,672.4650268554688,10.166068077087402,0.7666729092597961,3.0,2.74784779548645,1.0,2.74784779548645,4.5,0.0,0.05151308327913284,4.5,0.20000000298023224,293.103759765625,0.0,0.0,0.11493728309869766
13,29.919055938720703,-95.28216552734375,704.8499755859375,10.118388175964355,0.7690003514289856,3.0,2.7104668617248535,1.0,2.7104668617248535,4.5,0.0,0.0531807616353035,4.5,0.20000000298023224,289.116455078125,0.0,0.0,0.0
14,29.915340423583984,-95.2770004272461,762.0,10.19863224029541,0.7867673635482788,4.0,2.8447391986846924,1.0,2.8447391986846924,4.5,0.0,0.052034761756658554,4.5,0.20000000298023224,303.4388427734375,0.0,0.0,0.0
15,29.911623001098633,-95.27183532714844,819.1500244140625,10.387611389160156,0.783126175403595,4.0,2.80237078666687,1.0,2.80237078666687,4.5,0.0,0.05275510251522064,4.5,0.20000000298023224,298.9195556640625,0.0,0.0,0.018007362261414528
16,29.907907485961914,-95.26667022705078,876.2999877929688,10.246908187866211,0.7832584977149963,4.0,2.7612478733062744,1.0,2.7612478733062744,4.5,0.0,0.05229954048991203,4.5,0.20000000298023224,294.5331115722656,0.0,0.0,0.0
17,29.904190063476562,-95.2614974975586,933.4500122070312,10.179892539978027,0.7902520298957825,4.0,2.721315860748291,1.0,2.721315860748291,4.5,0.0,0.05339660495519638,4.5,0.20000000298023224,290.2737121582031,0.0,0.0,0.1621050238609314
18,29.90047264099121,-95.25633239746094,990.5999755859375,10.250463485717773,0.7871193289756775,4.0,2.6825242042541504,1.0,2.6825242042541504,4.5,0.0,0.056233394891023636,4.5,0.20000000298023224,286.13592529296875,0.0,0.0,0.23106810450553894
19,29.896745681762695,-95.25103759765625,1042.579345703125,10.112264633178711,0.7886561155319214,4.0,2.693821430206299,1.0,2.693821430206299,4.5,0.0,0.05308754742145538,4.5,0.20000000298023224,287.3409423828125,0.0,0.0,0.21098415553569794
20,29.89297866821289,-95.2452163696289,1073.875732421875,10.066761016845703,0.7786755561828613,4.0,2.860830068588257,1.0,2.860830068588257,4.5,0.0,0.052528657019138336,4.5,0.20000000298023224,305.15521240234375,0.0,0.0,0.0
21,29.889211654663086,-95.23939514160156,1105.172119140625,9.78177547454834,0.793026328086853,4.0,2.8526313304901123,1.0,2.8526313304901123,4.5,0.0,0.05687133967876434,4.5,0.20000000298023224,304.2806701660156,0.0,0.0,0.0
22,29.88544273376465,-95.23357391357422,1136.4686279296875,9.985832214355469,0.7999855875968933,4.0,2.84447979927063,1.0,2.84447979927063,4.5,0.0,0.058264248073101044,4.5,0.20000000298023224,303.4111633300781,0.0,0.0,0.0
23,29.881675720214844,-95.22775268554688,1167.7650146484375,19.047876358032227,0.8062639832496643,5.0,2.8363749980926514,1.0,2.8363749980926514,4.5,0.0,0.06476540118455887,4.5,0.20000000298023224,302.5466613769531,0.0,0.0,0.0
24,29.877906799316406,-95.22193145751953,1199.0614013671875,10.744222640991211,0.8104739785194397,5.0,2.8283166885375977,1.0,2.8283166885375977,4.5,0.0,0.0551302433013916,4.5,0.20000000298023224,301.6871337890625,0.0,0.0,0.0
25,29.874122619628906,-95.21601867675781,1212.9246826171875,23.211685180664062,0.8136685490608215,6.0,2.858996868133545,1.0,2.858996868133545,4.5,0.0,0.056992072612047195,4.5,0.20000000298023224,304.95965576171875,0.0,0.0,0.0
26,29.870328903198242,-95.21004486083984,1215.1658935546875,11.032160758972168,0.8043628931045532,6.0,2.883331298828125,1.0,2.883331298828125,4.5,0.0,0.05503769963979721,4.5,0.20000000298023224,307.5553283691406,0.0,0.0,0.0
27,29.866535186767578,-95.2040786743164,1217.4071044921875,10.874267578125,0.8195491433143616,6.0,2.886126756668091,1.0,2.886126756668091,4.5,0.0,0.057597361505031586,4.5,0.20000000298023224,307.853515625,0.0,0.0,0.0
28,29.862592697143555,-95.1982192993164,1230.7711181640625,25.75960350036621,0.9096179604530334,7.0,2.891329050064087,1.0,2.891329050064087,4.5,0.0,0.06022433936595917,4.5,0.20000000298023224,308.4084167480469,0.0,0.0,0.0
29,29.858055114746094,-95.19283294677734,1288.626708984375,14.322330474853516,0.9226158857345581,7.0,2.9247047901153564,1.0,2.9247047901153564,4.5,0.0,0.05775132775306702,4.5,0.20000000298023224,311.968505859375,0.0,0.0,0.0
30,29.853519439697266,-95.18744659423828,1346.482177734375,24.362764358520508,0.8354805707931519,8.0,2.9212982654571533,1.0,2.9212982654571533,4.5,0.0,0.060093607753515244,4.5,0.20000000298023224,311.6051330566406,0.0,0.0,0.0
31,29.848981857299805,-95.18205261230469,1404.3377685546875,17.97817039489746,0.8424758315086365,8.0,2.9178998470306396,1.0,2.9178998470306396,4.5,0.0,0.05428911745548248,4.5,0.20000000298023224,311.2426452636719,0.0,0.0,0.0
32,29.844444274902344,-95.17666625976562,1462.193359375,12.015717506408691,0.8612446784973145,8.0,2.9145092964172363,1.0,2.9145092964172363,4.5,0.0,0.058909833431243896,4.5,0.20000000298023224,310.8809814453125,0.0,0.0,0.0
33,29.839906692504883,-95.17127990722656,1520.048828125,25.214414596557617,0.8800246119499207,9.0,2.9111268520355225,1.0,2.9111268520355225,4.5,0.0,0.061141643673181534,4.5,0.20000000298023224,310.52020263671875,0.0,0.0,0.0
34,29.835636138916016,-95.16615295410156,1587.201171875,13.242279052734375,0.8926705718040466,9.0,2.7505979537963867,1.0,2.7505979537963867,4.5,0.0,0.05358714237809181,4.5,0.20000000298023224,293.3971252441406,0.0,0.0,0.11004813760519028
35,29.83142852783203,-95.16109466552734,1656.6776123046875,13.739282608032227,0.8899322152137756,9.0,2.706705093383789,1.0,2.706705093383789,4.5,0.0,0.05393949896097183,4.5,0.20000000298023224,288.7152099609375,0.0,0.0,0.0
36,29.82722282409668,-95.15603637695312,1726.1541748046875,18.89063262939453,0.7287582159042358,10.0,2.461552143096924,1.0,2.461552143096924,4.099999904632568,0.0,0.056443292647600174,4.099999904632568,0.10000000149011612,288.18170166015625,0.0,0.19697165489196777,0.0
37,29.823307037353516,-95.15071105957031,1797.73388671875,9.724668502807617,0.7286504507064819,10.0,2.447528839111328,1.0,2.447528839111328,4.099999904632568,0.0,0.05244464799761772,4.099999904632568,0.10000000149011612,286.53997802734375,0.0,0.0,0.0
38,29.819826126098633,-95.14497375488281,1872.468505859375,9.72179126739502,0.7106233835220337,10.0,2.4443323612213135,1.0,2.4443323612213135,4.099999904632568,0.0,0.05757692828774452,4.099999904632568,0.10000000149011612,286.1657409667969,0.0,0.0,0.23057113587856293
39,29.81634521484375,-95.13924407958984,1947.203125,9.436578750610352,0.709871768951416,10.0,2.4355130195617676,1.0,2.4355130195617676,4.099999904632568,0.0,0.05437582731246948,4.099999904632568,0.10000000149011612,285.13323974609375,0.0,0.0,0.0
40,29.8128662109375,-95.13351440429688,2021.937744140625,9.414793968200684,0.7017921805381775,10.0,2.4267578125,1.0,2.4267578125,4.099999904632568,0.0,0.05799754336476326,4.099999904632568,0.10000000149011612,284.10821533203125,0.0,0.0,0.26486292481422424
41,29.809385299682617,-95.1277847290039,2096.67236328125,9.280421257019043,0.7056793570518494,10.0,2.4180655479431152,1.0,2.4180655479431152,4.099999904632568,0.0,0.05663558095693588,4.099999904632568,0.10000000149011612,283.0906066894531,0.0,0.0,0.0
42,29.805763244628906,-95.12190246582031,2170.571044921875,11.756043434143066,0.8331200480461121,11.0,2.4827704429626465,1.0,2.4827704429626465,4.099999904632568,0.0,0.06041118875145912,4.099999904632568,0.10000000149011612,290.6658020019531,0.0,0.15557008981704712,0.0
43,29.801578521728516,-95.11542510986328,2241.126708984375,11.75731086730957,0.8226616382598877,11.0,2.7653322219848633,1.0,2.7653322219848633,4.099999904632568,8.665155520740965e-16,0.05864401161670685,4.099999904632568,0.10000000149011612,323.7462158203125,0.0,0.0,0.0
44,29.797391891479492,-95.10894012451172,2311.68212890625,11.460206985473633,0.8182688355445862,11.0,2.749652147293091,1.0,2.749652147293091,4.099999904632568,0.0,0.05182834714651108,4.099999904632568,0.10000000149011612,321.9104919433594,0.0,0.0,0.0
45,29.7932071685791,-95.10246276855469,2382.23779296875,11.31545639038086,0.8091657757759094,11.0,2.734149932861328,1.0,2.734149932861328,4.099999904632568,0.0,0.052027035504579544,4.099999904632568,0.10000000149011612,320.0956115722656,0.0,0.0,0.0
46,29.78902244567871,-95.09597778320312,2452.793212890625,25.377601623535156,0.862699568271637,12.0,2.7188222408294678,1.0,2.7188222408294678,4.099999904632568,0.0,0.0519893616437912,4.099999904632568,0.10000000149011612,318.3011169433594,0.0,0.0,0.0
47,29.78483772277832,-95.08949279785156,2523.348876953125,12.440917015075684,0.8584086298942566,12.0,2.7036662101745605,1.0,2.7036662101745605,4.099999904632568,8.665155520740965e-16,0.05113552510738373,4.099999904632568,0.10000000149011612,316.5267639160156,0.0,0.0,0.0
48,29.781906127929688,-95.08250427246094,2593.041259765625,12.254478454589844,0.863530695438385,12.0,2.5828843116760254,1.0,2.5828843116760254,4.099999904632568,0.0,0.05418974906206131,4.099999904632568,0.10000000149011612,302.3864440917969,0.0,0.0,0.0
49,29.779287338256836,-95.07538604736328,2662.517578125,29.498104095458984,0.9521266222000122,13.0,2.5543246269226074,1.0,2.5543246269226074,4.099999904632568,0.0,0.05573200434446335,4.099999904632568,0.10000000149011612,299.0428771972656,0.0,0.015952032059431076,0.0
50,29.776670455932617,-95.06826782226562,2731.994140625,16.851165771484375,0.9506422281265259,13.0,2.5365772247314453,1.0,2.5365772247314453,4.099999904632568,0.0,0.061004478484392166,4.099999904632568,0.10000000149011612,296.9651184082031,0.0,0.0,0.0
51,29.775362014770508,-95.06090545654297,2794.0,16.65740203857422,0.954098641872406,13.0,2.4486515522003174,1.0,2.4486515522003174,4.099999904632568,0.0,0.05265962332487106,4.099999904632568,0.10000000149011612,286.67138671875,0.0,0.0,0.2221435308456421
52,29.776016235351562,-95.05316925048828,2844.800048828125,16.910810470581055,0.9396461844444275,13.0,2.5079355239868164,1.0,2.5079355239868164,4.099999904632568,0.0,0.05355210602283478,4.099999904632568,0.10000000149011612,293.6119689941406,0.0,0.0,0.0
53,29.77667236328125,-95.04542541503906,2895.60009765625,15.6553316116333,0.9283123016357422,13.0,2.483828067779541,1.0,2.483828067779541,4.099999904632568,8.665155520740965e-16,0.053589094430208206,4.099999904632568,0.10000000149011612,290.78961181640625,0.0,0.0,0.15350636839866638
54,29.777326583862305,-95.03768920898438,2946.39990234375,14.838811874389648,0.9191460013389587,13.0,2.460179090499878,1.0,2.460179090499878,4.099999904632568,0.0,0.05527317523956299,4.099999904632568,0.10000000149011612,288.0209655761719,0.0,0.0,0.19965048134326935
55,29.77798080444336,-95.02995300292969,2997.199951171875,14.244919776916504,0.9090232849121094,13.0,2.4369759559631348,1.0,2.4369759559631348,4.099999904632568,0.0,0.05598529428243637,4.099999904632568,0.10000000149011612,285.30450439453125,0.0,0.0,0.24492475390434265
56,29.778635025024414,-95.022216796875,3048.0,13.659327507019043,0.9105098843574524,13.0,2.4142062664031982,1.0,2.4142062664031982,4.099999904632568,0.0,0.053518205881118774,4.099999904632568,0.10000000149011612,282.6387939453125,0.0,0.0,0.2893535792827606
57,29.7792911529541,-95.01447296142578,3098.800048828125,13.655805587768555,0.9006350636482239,13.0,2.391857862472534,1.0,2.391857862472534,4.099999904632568,0.0,0.055151477456092834,4.099999904632568,0.10000000149011612,280.0223693847656,0.0,0.0,0.3329603970050812
58,29.779945373535156,-95.0067367553711,3149.60009765625,13.124581336975098,0.9015802145004272,13.0,2.3699190616607666,1.0,2.3699190616607666,4.099999904632568,0.0,0.053141459822654724,4.099999904632568,0.10000000149011612,277.45391845703125,0.0,0.0,0.3757678270339966
59,29.78059959411621,-94.9990005493164,3200.39990234375,13.088059425354004,0.914205014705658,13.0,2.3483786582946777,1.0,2.3483786582946777,4.099999904632568,0.0,0.05197891220450401,4.099999904632568,0.10000000149011612,274.93212890625,0.0,0.0,0.41779765486717224
60,29.7817325592041,-94.98989868164062,3223.260009765625,13.605224609375,0.8953452706336975,13.0,2.727102041244507,1.0,2.727102041244507,4.099999904632568,0.0,0.05322593078017235,4.099999904632568,0.10000000149011612,319.2704772949219,0.0,0.0,0.0
61,29.782867431640625,-94.98079681396484,3246.1201171875,20.966888427734375,0.7550216317176819,14.0,2.6792705059051514,1.0,2.6792705059051514,4.099999904632568,0.0,0.053955886512994766,4.099999904632568,0.10000000149011612,313.6706848144531,0.0,0.0,0.0
62,29.784000396728516,-94.9717025756836,3268.97998046875,16.025667190551758,0.7427224516868591,14.0,2.633086919784546,1.0,2.633086919784546,4.099999904632568,0.0,0.05378955975174904,4.099999904632568,0.10000000149011612,308.2638244628906,0.0,0.0,0.0
63,29.785133361816406,-94.96260070800781,3291.840087890625,9.574913024902344,0.7183201313018799,14.0,2.588467597961426,1.0,2.588467597961426,4.099999904632568,0.0,0.05518418550491333,4.099999904632568,0.10000000149011612,303.04010009765625,0.0,0.0,0.0
64,29.786266326904297,-94.95349884033203,3314.699951171875,19.73640251159668,0.6678100824356079,15.0,2.5453343391418457,1.0,2.5453343391418457,4.099999904632568,0.0,0.05574991926550865,4.099999904632568,0.10000000149011612,297.9903564453125,0.0,0.03349408879876137,0.0
65,29.787399291992188,-94.94439697265625,3337.56005859375,8.55885124206543,0.6460828185081482,15.0,2.5036139488220215,1.0,2.5036139488220215,4.099999904632568,0.0,0.06055208295583725,4.099999904632568,0.10000000149011612,293.10601806640625,0.0,0.0,0.0
66,29.78853416442871,-94.93478393554688,3357.8798828125,8.323424339294434,0.6393607258796692,15.0,2.604569911956787,1.0,2.604569911956787,4.099999904632568,8.665155520740965e-16,0.054132744669914246,4.099999904632568,0.10000000149011612,304.92523193359375,0.0,0.0,0.0
67,29.7896671295166,-94.92516326904297,3378.199951171875,18.890657424926758,0.6861166954040527,16.0,2.567244529724121,1.0,2.567244529724121,4.099999904632568,0.0,0.058381397277116776,4.099999904632568,0.10000000149011612,300.5554504394531,0.0,0.0,0.0
68,29.790800094604492,-94.9155502319336,3398.52001953125,8.913277626037598,0.679099440574646,16.0,2.530972957611084,1.0,2.530972957611084,4.099999904632568,0.0,0.05608675256371498,4.099999904632568,0.10000000149011612,296.3090515136719,0.0,0.0,0.061516035348176956
69,29.791933059692383,-94.90592956542969,3418.840087890625,8.844034194946289,0.6782276630401611,16.0,2.4957115650177,1.0,2.4957115650177,4.099999904632568,0.0,0.06497226655483246,4.099999904632568,0.10000000149011612,292.18084716796875,0.0,0.0,0.13031910359859467
70,29.793066024780273,-94.89631652832031,3439.159912109375,8.854198455810547,0.6694169640541077,16.0,2.4614181518554688,1.0,2.4614181518554688,4.099999904632568,0.0,0.052629224956035614,4.099999904632568,0.10000000149011612,288.166015625,0.0,0.0,0.0
71,29.794200897216797,-94.88670349121094,3459.47998046875,8.754118919372559,0.6511651277542114,16.0,2.428053855895996,1.0,2.428053855895996,4.099999904632568,0.0,0.05433855578303337,4.099999904632568,0.10000000149011612,284.25994873046875,0.0,0.0,0.26233401894569397
72,29.79538345336914,-94.87628173828125,3489.9599609375,8.533634185791016,0.6446013450622559,16.0,2.606764554977417,1.0,2.606764554977417,4.099999904632568,0.0,0.0543765164911747,4.099999904632568,0.10000000149011612,305.18218994140625,0.0,0.0,0.0
73,29.796566009521484,-94.8658676147461,3520.43994140625,7.87067985534668,0.578612744808197,17.0,2.585510015487671,1.0,2.585510015487671,4.099999904632568,0.0,0.05471426248550415,4.099999904632568,0.10000000149011612,302.69384765625,0.0,0.0,0.0
74,29.79775047302246,-94.85545349121094,3550.919921875,7.725569248199463,0.5591160655021667,17.0,2.564598798751831,1.0,2.564598798751831,4.099999904632568,0.0,0.05181360989809036,4.099999904632568,0.10000000149011612,300.2457275390625,0.0,0.0,0.0
75,29.798933029174805,-94.84503173828125,3581.39990234375,19.86249351501465,0.6450669765472412,18.0,2.544022798538208,1.0,2.544022798538208,4.099999904632568,0.0,0.056811004877090454,4.099999904632568,0.10000000149011612,297.8368225097656,0.0,0.03605308011174202,0.0
76,29.80011749267578,-94.8346176147461,3611.8798828125,8.463658332824707,0.6458986401557922,18.0,2.523773670196533,1.0,2.523773670196533,4.099999904632568,0.0,0.05157793313264847,4.099999904632568,0.10000000149011612,295.4661865234375,0.0,0.0,0.0
77,29.801300048828125,-94.82420349121094,3642.360107421875,8.463101387023926,0.6490815281867981,18.0,2.5038440227508545,1.0,2.5038440227508545,4.099999904632568,0.0,0.05123501271009445,4.099999904632568,0.10000000149011612,293.1329650878906,0.0,0.0,0.11445058882236481
78,29.802650451660156,-94.81311798095703,3694.429931640625,8.487311363220215,0.6273705959320068,18.0,2.660705089569092,1.0,2.660705089569092,4.099999904632568,0.0,0.05263897404074669,4.099999904632568,0.10000000149011612,311.4971923828125,0.0,0.0,0.0
79,29.804000854492188,-94.80203247070312,3746.5,8.20545768737793,0.6151981353759766,18.0,2.6540279388427734,1.0,2.6540279388427734,4.099999904632568,0.0,0.05323284491896629,4.099999904632568,0.10000000149011612,310.7154541015625,0.0,0.0,0.0
80,29.805349349975586,-94.79094696044922,3798.570068359375,8.039685249328613,0.5920074582099915,18.0,2.64738392829895,1.0,2.64738392829895,4.099999904632568,0.0,0.05344902351498604,4.099999904632568,0.10000000149011612,309.9376525878906,0.0,0.0,0.0
81,29.806699752807617,-94.77986907958984,3850.639892578125,14.417177200317383,0.5667921304702759,19.0,2.640773057937622,1.0,2.640773057937622,4.099999904632568,0.0,0.05112249404191971,4.099999904632568,0.10000000149011612,309.1636657714844,0.0,0.0,0.0
82,29.80805015563965,-94.76878356933594,3902.7099609375,7.458200454711914,0.5532711744308472,19.0,2.634194850921631,1.0,2.634194850921631,4.099999904632568,0.0,0.055539388209581375,4.099999904632568,0.10000000149011612,308.3935546875,0.0,0.0,0.0
83,29.80940055847168,-94.75769805908203,3954.780029296875,19.645788192749023,0.6041505932807922,20.0,2.6276490688323975,1.0,2.6276490688323975,4.099999904632568,0.0,0.051574647426605225,4.099999904632568,0.10000000149011612,307.6272277832031,0.0,0.0,0.0
84,29.810749053955078,-94.74681854248047,3996.68994140625,7.7644805908203125,0.5987958908081055,20.0,2.5711276531219482,1.0,2.5711276531219482,4.099999904632568,8.665155520740965e-16,0.05609266832470894,4.099999904632568,0.10000000149011612,301.01007080078125,0.0,0.0,0.0
85,29.81209945678711,-94.73593139648438,4038.60009765625,7.65794038772583,0.5767759084701538,20.0,2.5611841678619385,1.0,2.5611841678619385,4.099999904632568,0.0,0.05288231000304222,4.099999904632568,0.10000000149011612,299.845947265625,0.0,0.0,0.0025673415511846542
86,29.81344985961914,-94.72505187988281,4080.510009765625,7.373862266540527,0.5639161467552185,20.0,2.5513172149658203,1.0,2.5513172149658203,4.099999904632568,0.0,0.051908303052186966,4.099999904632568,0.10000000149011612,298.6907958984375,0.0,0.0,0.0
87,29.814800262451172,-94.71416473388672,4122.419921875,7.188189506530762,0.539128303527832,20.0,2.5415256023406982,1.0,2.5415256023406982,4.099999904632568,0.0,0.055069610476493835,4.099999904632568,0.10000000149011612,297.5444641113281,0.0,0.0,0.04092581570148468
88,29.816150665283203,-94.70328521728516,4164.330078125,6.8889594078063965,0.5311140418052673,20.0,2.531808614730835,1.0,2.531808614730835,4.099999904632568,0.0,0.0525328703224659,4.099999904632568,0.10000000149011612,296.4068603515625,0.0,0.0,0.05988582968711853
89,29.8174991607666,-94.69239807128906,4206.240234375,6.751700401306152,0.5302004218101501,20.0,2.522165298461914,1.0,2.522165298461914,4.099999904632568,0.0,0.05525835603475571,4.099999904632568,0.10000000149011612,295.27789306640625,0.0,0.0,0.0
90,29.819286346435547,-94.6814193725586,4266.111328125,6.678035259246826,0.5230814218521118,20.0,2.56593656539917,1.0,2.56593656539917,4.099999904632568,0.0,0.05356593430042267,4.099999904632568,0.10000000149011612,300.4023132324219,0.0,0.0,0.0
91,29.82107162475586,-94.6704330444336,4325.98291015625,6.543112277984619,0.49662187695503235,20.0,2.568744659423828,1.0,2.568744659423828,4.099999904632568,0.0,0.056945156306028366,4.099999904632568,0.10000000149011612,300.7310791015625,0.0,0.0,0.0
92,29.822856903076172,-94.65945434570312,4385.8544921875,6.235844612121582,0.4936896562576294,20.0,2.571559190750122,1.0,2.571559190750122,4.099999904632568,0.0,0.05111389979720116,4.099999904632568,0.10000000149011612,301.0605773925781,0.0,0.0,0.0
93,29.824642181396484,-94.64846801757812,4445.7255859375,6.134854793548584,0.48162907361984253,20.0,2.5743799209594727,1.0,2.5743799209594727,4.099999904632568,0.0,0.057700056582689285,4.099999904632568,0.10000000149011612,301.39080810546875,0.0,0.0,0.0
94,29.82642936706543,-94.63748931884766,4505.59716796875,16.664648056030273,0.360878050327301,21.0,2.57720685005188,1.0,2.57720685005188,4.099999904632568,0.0,0.054273173213005066,4.099999904632568,0.10000000149011612,301.7217712402344,0.0,0.0,0.0
95,29.82863426208496,-94.62677764892578,4552.7685546875,4.963329792022705,0.3462541699409485,21.0,2.5362420082092285,1.0,2.5362420082092285,4.099999904632568,0.0,0.06286341696977615,4.099999904632568,0.10000000149011612,296.9259033203125,0.0,0.0,0.05123503878712654
96,29.831466674804688,-94.61647033691406,4580.89013671875,4.782853603363037,0.33181604743003845,21.0,2.4789159297943115,1.0,2.4789159297943115,4.099999904632568,0.0,0.05915991961956024,4.099999904632568,0.10000000149011612,290.21453857421875,0.0,0.0,0.16309106349945068
97,29.834299087524414,-94.60615539550781,4609.01123046875,4.605586528778076,0.3231527507305145,21.0,2.4071238040924072,1.0,2.4071238040924072,4.0,0.0,0.0514301061630249,4.0,0.0,288.8548583984375,0.0,0.0,0.1857525110244751
98,29.837133407592773,-94.5958480834961,4637.1328125,4.465733528137207,0.30426502227783203,21.0,5.39077091217041,1.0,5.39077091217041,9.0,0.0,0.05668114125728607,9.0,0.30000001192092896,287.5077819824219,0.0,0.0,0.0
99,29.8399658203125,-94.58554077148438,4665.25439453125,6.893141746520996,0.5320232510566711,22.0,5.36574649810791,1.0,5.36574649810791,9.0,0.0,0.05716909095644951,9.0,0.30000001192092896,286.1731262207031,0.0,0.23044772446155548,0.0
100,29.84280014038086,-94.57522583007812,4693.37548828125,6.816001892089844,0.524662971496582,22.0,5.340951919555664,1.0,5.340951919555664,9.0,0.0,0.06151464208960533,9.0,0.30000001192092896,284.85076904296875,0.0,0.0,0.0
101,29.845632553100586,-94.5649185180664,4721.4970703125,6.7878336906433105,0.5105428695678711,22.0,5.316384315490723,1.0,5.316384315490723,9.0,0.0,0.06099585443735123,9.0,0.30000001192092896,283.5404968261719,0.0,0.0,0.2743251621723175
102,29.848466873168945,-94.55461120605469,4749.61865234375,6.696476936340332,0.5058654546737671,22.0,5.2920403480529785,1.0,5.2920403480529785,9.0,0.0,0.06254298239946365,9.0,0.30000001192092896,282.2421569824219,0.0,0.0,0.29596421122550964
103,29.851299285888672,-94.54429626464844,4777.740234375,6.687071800231934,0.49023255705833435,22.0,5.267917156219482,1.0,5.267917156219482,9.0,0.0,0.06678453087806702,9.0,0.30000001192092896,280.95556640625,0.0,0.0,0.31740710139274597
104,29.85449981689453,-94.53268432617188,4800.60009765625,6.579401969909668,0.46674948930740356,22.0,5.907327651977539,1.0,5.907327651977539,9.0,0.0,0.05842310190200806,9.0,0.30000001192092896,315.0574645996094,0.0,0.0,0.0
105,29.85770034790039,-94.52106475830078,4823.4599609375,6.410599708557129,0.45969638228416443,22.0,5.87785530090332,1.0,5.87785530090332,9.0,0.0,0.06327418982982635,9.0,0.30000001192092896,313.485595703125,0.0,0.0,0.0
106,29.86090087890625,-94.50945281982422,4846.31982421875,13.891265869140625,0.3633253276348114,23.0,5.8486738204956055,1.0,5.8486738204956055,9.0,0.0,0.06007914990186691,9.0,0.30000001192092896,311.92926025390625,0.0,0.0,0.0
107,29.864099502563477,-94.49783325195312,4869.18017578125,5.679324626922607,0.3474405109882355,23.0,5.819778919219971,1.0,5.819778919219971,9.0,0.0,0.05817049369215965,9.0,0.30000001192092896,310.3882141113281,0.0,0.0,0.0
108,29.867300033569336,-94.48621368408203,4892.0400390625,5.584114074707031,0.33564236760139465,23.0,5.791166305541992,1.0,5.791166305541992,9.0,0.0,0.06033511087298393,9.0,0.30000001192092896,308.8622131347656,0.0,0.0,0.0
109,29.870500564575195,-94.47460174560547,4914.89990234375,13.886680603027344,0.361453652381897,24.0,5.762832164764404,1.0,5.762832164764404,9.0,0.0,0.056072574108839035,9.0,0.30000001192092896,307.3510437011719,0.0,0.0,0.0
110,29.873699188232422,-94.46302032470703,4949.18994140625,5.687304973602295,0.3439826965332031,24.0,5.736473083496094,1.0,5.736473083496094,9.0,0.0,0.057799555361270905,9.0,0.30000001192092896,305.9452209472656,0.0,0.0,0.0
111,29.87689971923828,-94.45143127441406,4983.47998046875,5.56728982925415,0.3330923318862915,24.0,5.725190162658691,1.0,5.725190162658691,9.0,0.0,0.05694422125816345,9.0,0.30000001192092896,305.3434753417969,0.0,0.0,0.0
112,29.88010025024414,-94.43984985351562,5017.77001953125,14.508386611938477,0.2774530351161957,25.0,5.7139506340026855,1.0,5.7139506340026855,9.0,0.0,0.05231204256415367,9.0,0.30000001192092896,304.7440490722656,0.0,0.0,0.0
113,29.88330078125,-94.42826843261719,5052.06005859375,5.3052873611450195,0.25944432616233826,25.0,5.702754497528076,1.0,5.702754497528076,9.0,0.0,0.05720127001404762,9.0,0.30000001192092896,304.14691162109375,0.0,0.0,0.0
114,29.886499404907227,-94.41668701171875,5086.35009765625,15.660250663757324,0.27958595752716064,26.0,5.691601753234863,1.0,5.691601753234863,9.0,0.0,0.05167493596673012,9.0,0.30000001192092896,303.5520935058594,0.0,0.0,0.0
115,29.889699935913086,-94.40509796142578,5120.64013671875,12.094229698181152,0.27671152353286743,26.0,5.680491924285889,1.0,5.680491924285889,9.0,0.0,0.05530243739485741,9.0,0.30000001192092896,302.9595642089844,0.0,0.0,0.0
116,29.893842697143555,-94.39424133300781,5154.65771484375,5.252569198608398,0.26450347900390625,26.0,5.531027317047119,1.0,5.531027317047119,9.0,0.0,0.05659954994916916,9.0,0.30000001192092896,294.9881286621094,0.0,0.0,0.08353130519390106
117,29.897985458374023,-94.38338470458984,5188.67578125,5.15517520904541,0.2485823929309845,26.0,5.521371841430664,1.0,5.521371841430664,9.0,0.0,0.05820142850279808,9.0,0.30000001192092896,294.4731750488281,0.0,0.0,0.09211397916078568
118,29.902128219604492,-94.37252807617188,5222.693359375,5.03319787979126,0.2514216899871826,26.0,5.511749267578125,1.0,5.511749267578125,9.0,0.0,0.055040888488292694,9.0,0.30000001192092896,293.9599609375,0.0,0.0,0.10066734999418259
119,29.90627098083496,-94.3616714477539,5256.71142578125,5.016510963439941,0.24402011930942535,26.0,5.502159595489502,1.0,5.502159595489502,9.0,0.0,0.052621692419052124,9.0,0.30000001192092896,293.4485168457031,0.0,0.0,0.10919156670570374
120,29.91041374206543,-94.35081481933594,5290.7294921875,4.936613082885742,0.22845003008842468,26.0,5.492602348327637,1.0,5.492602348327637,9.0,7.894919345045068e-16,0.0522497221827507,9.0,0.30000001192092896,292.93878173828125,0.0,0.0,0.0
121,29.914899826049805,-94.33988952636719,5325.8720703125,4.54875373840332,0.18614068627357483,27.0,3.7886154651641846,1.0,3.7886154651641846,6.099999904632568,0.0,0.056504640728235245,6.099999904632568,0.0,298.12054443359375,0.0,0.0313241109251976,0.0
122,29.91990089416504,-94.32884979248047,5362.7021484375,4.529623985290527,0.17919613420963287,27.0,7.729492664337158,1.0,7.729492664337158,12.100000381469727,0.0,0.05146222561597824,12.100000381469727,0.10000000149011612,306.62451171875,0.0,0.0,0.0
123,29.92490005493164,-94.31781768798828,5399.5322265625,4.441702842712402,0.17639124393463135,27.0,7.721845626831055,1.0,7.721845626831055,12.100000381469727,0.0,0.056671153753995895,12.100000381469727,0.10000000149011612,306.3211364746094,0.0,0.0,0.0
124,29.929899215698242,-94.3067855834961,5436.36181640625,4.371997356414795,0.17005160450935364,27.0,7.714212894439697,1.0,7.714212894439697,12.100000381469727,0.0,0.05702488496899605,12.100000381469727,0.10000000149011612,306.01837158203125,0.0,0.0,0.0
125,29.934900283813477,-94.2957534790039,5473.19189453125,11.206277847290039,0.16116301715373993,28.0,7.706594944000244,1.0,7.706594944000244,12.100000381469727,0.0,0.0565360002219677,12.100000381469727,0.10000000149011612,305.7161560058594,0.0,0.0,0.0
126,29.939899444580078,-94.28472137451172,5510.02197265625,3.9432475566864014,0.13924843072891235,28.0,7.698991298675537,1.0,7.698991298675537,12.100000381469727,0.0,0.056367602199316025,12.100000381469727,0.10000000149011612,305.4145202636719,0.0,0.0,0.0
127,29.94512367248535,-94.27400207519531,5544.22216796875,3.7638051509857178,0.1390819400548935,28.0,7.594062328338623,1.0,7.594062328338623,12.100000381469727,5.872253900791858e-16,0.06008831039071083,12.100000381469727,0.10000000149011612,301.2520751953125,0.0,0.0,0.0
128,29.950681686401367,-94.26374816894531,5574.47802734375,3.693666696548462,0.12891632318496704,28.0,7.452158451080322,1.0,7.452158451080322,12.100000381469727,0.0,0.060836490243673325,12.100000381469727,0.10000000149011612,295.6228332519531,0.0,0.0,0.0729529932141304
129,29.956241607666016,-94.25350189208984,5604.73388671875,3.5719926357269287,0.13413497805595398,28.0,7.43945837020874,1.0,7.43945837020874,12.100000381469727,0.0,0.06118448078632355,12.100000381469727,0.10000000149011612,295.1190185546875,0.0,0.0,0.08134977519512177
130,29.96179962158203,-94.24324798583984,5634.990234375,3.525014877319336,0.1232997477054596,28.0,7.426800727844238,1.0,7.426800727844238,12.100000381469727,0.0,0.06349711865186691,12.100000381469727,0.10000000149011612,294.61688232421875,0.0,0.0,0.08971868455410004
131,29.96735954284668,-94.23300170898438,5665.24609375,3.395704984664917,0.114418625831604,28.0,7.4141845703125,1.0,7.4141845703125,12.100000381469727,0.0,0.05619662255048752,12.100000381469727,0.10000000149011612,294.11639404296875,0.0,0.0,0.09805985540151596
132,29.972917556762695,-94.22274780273438,5695.501953125,3.274556875228882,0.11287868022918701,28.0,7.401610374450684,1.0,7.401610374450684,12.100000381469727,0.0,0.06937266886234283,12.100000381469727,0.10000000149011612,293.6175842285156,0.0,0.0,0.10637342929840088
133,29.97847557067871,-94.2125015258789,5725.7578125,3.187711715698242,0.10357194393873215,28.0,7.389077663421631,1.0,7.389077663421631,12.100000381469727,0.0,0.057500194758176804,12.100000381469727,0.10000000149011612,293.12042236328125,0.0,0.0,0.0
134,29.984420776367188,-94.20246124267578,5756.14794921875,3.061469554901123,0.11162256449460983,28.0,7.419555187225342,1.0,7.419555187225342,12.100000381469727,0.0,0.059191007167100906,12.100000381469727,0.10000000149011612,294.3294677734375,0.0,0.0,0.09450900554656982
135,29.990619659423828,-94.19255828857422,5786.6279296875,3.017716646194458,0.11216311156749725,28.0,7.445381164550781,1.0,7.445381164550781,12.100000381469727,0.0,0.05584277957677841,12.100000381469727,0.10000000149011612,295.3539733886719,0.0,0.0,0.07743392884731293
136,29.9968204498291,-94.18266296386719,5817.10791015625,2.935467004776001,0.10928358882665634,28.0,7.438124656677246,1.0,7.438124656677246,12.100000381469727,0.0,0.0567593090236187,12.100000381469727,0.10000000149011612,295.06610107421875,0.0,0.0,0.08223166316747665
137,30.003019332885742,-94.17276000976562,5847.587890625,2.8350484371185303,0.10358910262584686,28.0,7.430881500244141,1.0,7.430881500244141,12.100000381469727,0.0,0.06570549309253693,12.100000381469727,0.10000000149011612,294.7787780761719,0.0,0.0,0.08702047169208527
138,30.009220123291016,-94.16285705566406,5878.06787109375,2.719679355621338,0.11105728894472122,28.0,7.423651695251465,1.0,7.423651695251465,12.100000381469727,0.0,0.057116392999887466,12.100000381469727,0.10000000149011612,294.4919738769531,0.0,0.0,0.09180038422346115
139,30.01542091369629,-94.15296173095703,5908.5478515625,2.6671056747436523,0.10475596785545349,28.0,7.416435718536377,1.0,7.416435718536377,12.100000381469727,0.0,0.05853336676955223,12.100000381469727,0.10000000149011612,294.2057189941406,0.0,0.0,0.0965714305639267
140,30.02195930480957,-94.14290618896484,5937.50390625,2.5465099811553955,0.09591901302337646,28.0,7.618834018707275,1.0,7.618834018707275,12.100000381469727,0.0,0.05616505444049835,12.100000381469727,0.10000000149011612,302.2347412109375,0.0,0.0,0.0
141,30.02872657775879,-94.13275909423828,5965.44384765625,12.733302116394043,0.2043643742799759,29.0,7.747945308685303,1.0,7.747945308685303,12.100000381469727,0.0,0.05818529054522514,12.100000381469727,0.10000000149011612,307.35650634765625,0.0,0.0,0.0
142,30.035493850708008,-94.12261199951172,5993.3837890625,4.719900608062744,0.19124078750610352,29.0,7.733258247375488,1.0,7.733258247375488,12.100000381469727,0.0,0.05175834521651268,12.100000381469727,0.10000000149011612,306.7738952636719,0.0,0.0,0.0
143,30.042259216308594,-94.11245727539062,6021.32421875,12.956462860107422,0.17160502076148987,30.0,7.718626022338867,1.0,7.718626022338867,12.100000381469727,5.872253900791858e-16,0.05880183354020119,12.100000381469727,0.10000000149011612,306.19342041015625,0.0,0.0,0.0
144,30.049026489257812,-94.10231018066406,6049.26416015625,10.71749496459961,0.18718206882476807,30.0,7.704047679901123,1.0,7.704047679901123,12.100000381469727,0.0,0.05922674387693405,12.100000381469727,0.10000000149011612,305.6151123046875,0.0,0.0,0.0
145,30.05579376220703,-94.0921630859375,6077.2041015625,4.696407794952393,0.1911739557981491,30.0,7.689522743225098,1.0,7.689522743225098,12.100000381469727,0.0,0.053471870720386505,12.100000381469727,0.10000000149011612,305.0389099121094,0.0,0.0,0.0
146,30.062480926513672,-94.08195495605469,6104.63623046875,4.731637001037598,0.19029416143894196,30.0,7.669683456420898,1.0,7.669683456420898,12.100000381469727,5.872253900791858e-16,0.054572757333517075,12.100000381469727,0.10000000149011612,304.2519226074219,0.0,0.0,0.0
147,30.06911277770996,-94.07170867919922,6131.7294921875,4.736090183258057,0.19634780287742615,30.0,7.652935028076172,1.0,7.652935028076172,12.100000381469727,0.0,0.054462358355522156,12.100000381469727,0.10000000149011612,303.5875244140625,0.0,0.0,0.0
148,30.075746536254883,-94.06146240234375,6158.82275390625,4.773181438446045,0.19719764590263367,30.0,7.640135288238525,1.0,7.640135288238525,12.100000381469727,0.0,0.05111723393201828,12.100000381469727,0.10000000149011612,303.0797424316406,0.0,0.0,0.0
149,30.082380294799805,-94.05122375488281,6185.916015625,4.777615070343018,0.19777794182300568,30.0,7.627377033233643,1.0,7.627377033233643,12.100000381469727,0.0,0.05308471992611885,12.100000381469727,0.10000000149011612,302.5736389160156,0.0,0.0,0.0
150,30.089014053344727,-94.04097747802734,6213.00927734375,4.775956153869629,0.1955816149711609,30.0,7.614660263061523,1.0,7.614660263061523,12.100000381469727,0.0,0.05531562492251396,12.100000381469727,0.10000000149011612,302.0691833496094,0.0,0.0,0.0
151,30.095645904541016,-94.03073120117188,6240.1025390625,4.754683971405029,0.1913069486618042,30.0,7.60198450088501,1.0,7.60198450088501,12.100000381469727,0.0,0.052590299397706985,12.100000381469727,0.10000000149011612,301.56634521484375,0.0,0.0,0.0
152,30.102279663085938,-94.0204849243164,6267.19580078125,4.717721939086914,0.18783195316791534,30.0,7.58935022354126,1.0,7.58935022354126,12.100000381469727,0.0,0.051388274878263474,12.100000381469727,0.10000000149011612,301.06512451171875,0.0,0.0,0.0
153,30.10891342163086,-94.01023864746094,6294.28955078125,4.680675983428955,0.18386496603488922,30.0,7.576756477355957,1.0,7.576756477355957,12.100000381469727,0.0,0.051628228276968,12.100000381469727,0.10000000149011612,300.5655517578125,0.0,0.0,0.0
154,30.11554718017578,-94.0,6321.3828125,4.63668966293335,0.18347541987895966,30.0,7.564203262329102,1.0,7.564203262329102,12.100000381469727,0.0,0.05362556502223015,12.100000381469727,0.10000000149011612,300.06756591796875,0.0,0.0,0.0
155,30.122295379638672,-93.99024200439453,6347.666015625,4.607382297515869,0.17686346173286438,30.0,7.371598243713379,1.0,7.371598243713379,12.100000381469727,0.0,0.06093233823776245,12.100000381469727,0.10000000149011612,292.4270324707031,0.0,0.0,0.12621618807315826
156,30.129117965698242,-93.98080444335938,6373.4091796875,4.54173469543457,0.18539509177207947,30.0,7.244488716125488,1.0,7.244488716125488,12.100000381469727,0.0,0.05067609250545502,12.100000381469727,0.10000000149011612,287.3846740722656,0.0,0.0,0.21025554835796356
157,30.135942459106445,-93.97137451171875,6399.15234375,4.553097248077393,0.18530841171741486,30.0,7.233577728271484,1.0,7.233577728271484,12.100000381469727,0.0,0.05253477394580841,12.100000381469727,0.10000000149011612,286.95184326171875,0.0,0.0,0.0
158,30.14276695251465,-93.96194458007812,6424.8955078125,4.466325759887695,0.1942244917154312,31.0,7.222699165344238,1.0,7.222699165344238,12.100000381469727,0.0,0.056336212903261185,12.100000381469727,0.10000000149011612,286.5202941894531,0.0,0.22466178238391876,0.0
159,30.14959144592285,-93.95250701904297,6450.63916015625,4.521786212921143,0.19094404578208923,31.0,7.211852073669434,1.0,7.211852073669434,12.100000381469727,0.0,0.05400662124156952,12.100000381469727,0.10000000149011612,286.0899963378906,0.0,0.0,0.0
160,30.156415939331055,-93.94307708740234,6476.38232421875,4.459621906280518,0.19972462952136993,31.0,7.20103645324707,1.0,7.20103645324707,12.100000381469727,0.0,0.0524500273168087,12.100000381469727,0.10000000149011612,285.66094970703125,0.0,0.0,0.23898403346538544
161,30.163240432739258,-93.93364715576172,6502.12548828125,4.459192276000977,0.20735646784305573,31.0,7.190252780914307,1.0,7.190252780914307,12.100000381469727,0.0,0.05357237160205841,12.100000381469727,0.10000000149011612,285.233154296875,0.0,0.0,0.0
162,30.170190811157227,-93.92407989501953,6528.30810546875,4.449875354766846,0.21648946404457092,31.0,7.29486608505249,1.0,7.29486608505249,12.100000381469727,0.0,0.05541486293077469,12.100000381469727,0.10000000149011612,289.38311767578125,0.0,0.0,0.17694813013076782
163,30.177640914916992,-93.9139633178711,6556.248046875,4.44552755355835,0.21225060522556305,31.0,7.7448954582214355,1.0,7.7448954582214355,12.100000381469727,0.0,0.05840660259127617,12.100000381469727,0.10000000149011612,307.23553466796875,0.0,0.0,0.0
164,30.185089111328125,-93.90384674072266,6584.18798828125,3.680619478225708,0.08475329726934433,32.0,7.733011722564697,1.0,7.733011722564697,12.100000381469727,0.0,0.0540977343916893,12.100000381469727,0.10000000149011612,306.76409912109375,0.0,0.0,0.0
165,30.19253921508789,-93.89373016357422,6612.1279296875,3.644031524658203,0.10406067967414856,32.0,7.721162796020508,1.0,7.721162796020508,12.100000381469727,0.0,0.058780260384082794,12.100000381469727,0.10000000149011612,306.2940673828125,0.0,0.0,0.0
166,30.199989318847656,-93.88361358642578,6640.06787109375,3.6686959266662598,0.09853728860616684,32.0,7.709349155426025,1.0,7.709349155426025,12.100000381469727,0.0,0.05208916962146759,12.100000381469727,0.10000000149011612,305.8254089355469,0.0,0.0,0.0
167,30.207439422607422,-93.87349700927734,6668.0078125,3.571204423904419,0.10222224146127701,32.0,7.69757080078125,1.0,7.69757080078125,12.100000381469727,5.872253900791858e-16,0.05829803645610809,12.100000381469727,0.10000000149011612,305.3581848144531,0.0,0.0,0.0
168,30.21489715576172,-93.86338806152344,6697.47216796875,3.5155069828033447,0.09613756090402603,32.0,7.68610954284668,1.0,7.68610954284668,12.100000381469727,0.0,0.051087431609630585,12.100000381469727,0.10000000149011612,304.9035339355469,0.0,0.0,0.0
169,30.222379684448242,-93.85331726074219,6733.0322265625,11.153716087341309,0.12183530628681183,33.0,7.6774067878723145,1.0,7.6774067878723145,12.100000381469727,0.0,0.0509602390229702,12.100000381469727,0.10000000149011612,304.55828857421875,0.0,0.0,0.0
170,30.2298641204834,-93.84325408935547,6768.591796875,3.4570844173431396,0.12403634935617447,33.0,7.674799919128418,1.0,7.674799919128418,12.100000381469727,0.0,0.054153695702552795,12.100000381469727,0.10000000149011612,304.4548645019531,0.0,0.0,0.0
171,30.237346649169922,-93.83318328857422,6804.15185546875,4.427696704864502,0.1912747472524643,34.0,7.672194480895996,1.0,7.672194480895996,12.100000381469727,0.0,0.059774283319711685,12.100000381469727,0.10000000149011612,304.3515319824219,0.0,0.0,0.0
172,30.244829177856445,-93.8231201171875,6839.7119140625,4.497852325439453,0.19706062972545624,34.0,7.669590473175049,1.0,7.669590473175049,12.100000381469727,0.0,0.06203767657279968,12.100000381469727,0.10000000149011612,304.24822998046875,0.0,0.0,0.0
173,30.2523136138916,-93.81305694580078,6875.27197265625,13.477879524230957,0.0740417018532753,35.0,7.666987895965576,1.0,7.666987895965576,12.100000381469727,0.0,0.061173029243946075,12.100000381469727,0.10000000149011612,304.1449890136719,0.0,0.0,0.0
174,30.259777069091797,-93.80303192138672,6910.578125,4.013778209686279,0.08150312304496765,35.0,7.638950824737549,1.0,7.638950824737549,12.100000381469727,0.0,0.05645056813955307,12.100000381469727,0.10000000149011612,303.0327453613281,0.0,0.0,0.0
175,30.267160415649414,-93.79318237304688,6944.8681640625,15.236567497253418,0.164265975356102,36.0,7.536782264709473,1.0,7.536782264709473,12.100000381469727,0.0,0.05681569129228592,12.100000381469727,0.10000000149011612,298.97979736328125,0.0,0.017003612592816353,0.0
176,30.27454376220703,-93.78333282470703,6979.158203125,12.072854042053223,0.18037359416484833,36.0,7.54541015625,1.0,7.54541015625,12.100000381469727,0.0,0.061536435037851334,12.100000381469727,0.10000000149011612,299.3220520019531,0.0,0.0,0.0
177,30.28192710876465,-93.77348327636719,7013.4482421875,4.667672157287598,0.19774171710014343,36.0,7.55405855178833,1.0,7.55405855178833,12.100000381469727,0.0,0.06055965647101402,12.100000381469727,0.10000000149011612,299.6651306152344,0.0,0.0,0.005581074394285679
178,30.289310455322266,-93.76363372802734,7047.73779296875,4.793601989746094,0.2180391252040863,36.0,7.562727451324463,1.0,7.562727451324463,12.100000381469727,0.0,0.060495588928461075,12.100000381469727,0.10000000149011612,300.009033203125,0.0,0.0,0.0
179,30.296693801879883,-93.75377655029297,7082.02783203125,4.614295482635498,0.1678057760000229,37.0,7.571417331695557,1.0,7.571417331695557,12.100000381469727,0.0,0.06241024658083916,12.100000381469727,0.10000000149011612,300.3537292480469,0.0,0.0,0.0
180,30.30401611328125,-93.7440185546875,7125.2080078125,4.687367916107178,0.17223410308361053,37.0,7.525486946105957,1.0,7.525486946105957,12.100000381469727,0.0,0.060468073934316635,12.100000381469727,0.10000000149011612,298.5317077636719,0.0,0.0,0.024471541866660118
181,30.311100006103516,-93.7345962524414,7203.9482421875,4.7304768562316895,0.17883558571338654,37.0,7.3236494064331055,1.0,7.3236494064331055,12.100000381469727,5.872253900791858e-16,0.05960192531347275,12.100000381469727,0.10000000149011612,290.5249328613281,0.0,0.0,0.0
182,30.31818389892578,-93.72518157958984,7282.68798828125,5.727537155151367,0.35865071415901184,38.0,10.370150566101074,1.0,10.370150566101074,17.0,0.0,0.05867455154657364,17.0,0.30000001192092896,292.80426025390625,0.0,0.11992892622947693,0.0
183,30.325265884399414,-93.71576690673828,7361.42822265625,5.864322662353516,0.3818858861923218,38.0,10.452159881591797,1.0,10.452159881591797,17.0,0.0,0.05572785064578056,17.0,0.30000001192092896,295.11981201171875,0.0,0.0,0.0
184,30.33234977722168,-93.70635223388672,7440.16796875,6.030910015106201,0.4023672044277191,38.0,10.535483360290527,1.0,10.535483360290527,17.0,0.0,0.05718614161014557,17.0,0.30000001192092896,297.47247314453125,0.0,0.0,0.042125288397073746
185,30.339433670043945,-93.69692993164062,7518.908203125,6.179050445556641,0.40131986141204834,38.0,10.620153427124023,1.0,10.620153427124023,17.0,0.0,0.06409870088100433,17.0,0.30000001192092896,299.8631591796875,0.0,0.0,0.0022808308713138103
186,30.34645652770996,-93.68753814697266,7591.2978515625,6.168558597564697,0.4218044579029083,38.0,10.639517784118652,1.0,10.639517784118652,17.0,8.359326334200919e-16,0.05782278627157211,17.0,0.30000001192092896,300.409912109375,0.0,0.0,0.0
187,30.353239059448242,-93.67823791503906,7638.2880859375,13.406596183776855,0.1841384619474411,39.0,10.447107315063477,1.0,10.447107315063477,17.0,8.359326334200919e-16,0.05933492258191109,17.0,0.30000001192092896,294.9771423339844,0.0,0.08371414244174957,0.0
188,30.360023498535156,-93.66893768310547,7685.27783203125,4.804405689239502,0.204555943608284,39.0,10.469666481018066,1.0,10.469666481018066,17.0,0.0,0.06013411283493042,17.0,0.30000001192092896,295.6141357421875,0.0,0.0,0.0
189,30.366806030273438,-93.65963745117188,7732.26806640625,4.897762298583984,0.2203999161720276,39.0,10.492325782775879,1.0,10.492325782775879,17.0,0.0,0.058538682758808136,17.0,0.30000001192092896,296.25390625,0.0,0.0,0.06243493780493736
190,30.37359046936035,-93.65033721923828,7779.2578125,4.963930606842041,0.2396383434534073,39.0,10.515084266662598,1.0,10.515084266662598,17.0,0.0,0.05659214034676552,17.0,0.30000001192092896,296.8965148925781,0.0,0.0,0.0517248697578907
191,30.380373001098633,-93.64103698730469,7826.248046875,5.0467753410339355,0.2548190951347351,39.0,10.537943840026855,1.0,10.537943840026855,17.0,0.0,0.05487401783466339,17.0,0.30000001192092896,297.5419616699219,0.0,0.0,0.040967412292957306
192,30.38719940185547,-93.63162231445312,7865.2685546875,5.1042046546936035,0.27242299914360046,39.0,10.647994995117188,1.0,10.647994995117188,17.0,0.0,0.05879351869225502,17.0,0.30000001192092896,300.6492919921875,0.0,0.0,0.0
193,30.39419937133789,-93.62174987792969,7872.41259765625,6.069377899169922,0.41196808218955994,40.0,11.000336647033691,1.0,11.000336647033691,17.0,8.359326334200919e-16,0.054425470530986786,17.0,0.30000001192092896,310.5977478027344,0.0,0.0,0.0
194,30.401199340820312,-93.61187744140625,7879.55615234375,6.057075500488281,0.42840784788131714,40.0,10.93536376953125,1.0,10.93536376953125,17.0,0.0,0.06344248354434967,17.0,0.30000001192092896,308.7632141113281,0.0,0.0,0.0
195,30.408199310302734,-93.60199737548828,7886.7001953125,6.13541841506958,0.4440515637397766,40.0,10.871148109436035,1.0,10.871148109436035,17.0,0.0,0.05995667725801468,17.0,0.30000001192092896,306.9500732421875,0.0,0.0,0.0
196,30.414339065551758,-93.5915298461914,7890.93310546875,6.2068986892700195,0.4539632797241211,40.0,10.714822769165039,1.0,10.714822769165039,17.0,0.0,0.0666055679321289,17.0,0.30000001192092896,302.5361633300781,0.0,0.0,0.0
197,30.42047691345215,-93.5810546875,7895.16650390625,6.2327141761779785,0.46412551403045654,40.0,10.65669059753418,1.0,10.65669059753418,17.0,0.0,0.05890974402427673,17.0,0.30000001192092896,300.8948059082031,0.0,0.0,0.0
198,30.426616668701172,-93.5705795288086,7899.39990234375,6.258514881134033,0.46626970171928406,40.0,10.599181175231934,1.0,10.599181175231934,17.0,8.359326334200919e-16,0.05610290542244911,17.0,0.30000001192092896,299.27099609375,0.0,0.0,0.01214996725320816
199,30.432756423950195,-93.56011199951172,7903.63330078125,6.216871738433838,0.48135244846343994,40.0,10.54228401184082,1.0,10.54228401184082,17.0,0.0,0.06352950632572174,17.0,0.30000001192092896,297.66448974609375,0.0,0.0,0.038925036787986755
200,30.438894271850586,-93.54963684082031,7907.86669921875,6.279250144958496,0.49001365900039673,40.0,10.485989570617676,1.0,10.485989570617676,17.0,0.0,0.05416393652558327,17.0,0.30000001192092896,296.07501220703125,0.0,0.0,0.06541646271944046
201,30.44503402709961,-93.53916931152344,7912.10009765625,6.287414073944092,0.49346452951431274,40.0,10.430289268493652,1.0,10.430289268493652,17.0,0.0,0.05705999210476875,17.0,0.30000001192092896,294.5022888183594,0.0,0.0,0.09162872284650803
202,30.451171875,-93.52869415283203,7916.33349609375,6.249270439147949,0.5026395916938782,40.0,10.375171661376953,1.0,10.375171661376953,17.0,8.359326334200919e-16,0.05987044423818588,17.0,0.30000001192092896,292.9460144042969,0.0,0.0,0.11756622046232224
203,30.456880569458008,-93.51756286621094,7922.259765625,6.258330345153809,0.517711877822876,40.0,10.571410179138184,1.0,10.571410179138184,17.0,0.0,0.0618472620844841,17.0,0.30000001192092896,298.48687744140625,0.0,0.0,0.025218741968274117
204,30.462480545043945,-93.50626373291016,7928.60986328125,6.317532062530518,0.5345147252082825,40.0,10.595669746398926,1.0,10.595669746398926,17.0,0.0,0.06253083050251007,17.0,0.30000001192092896,299.1718444824219,0.0,0.0,0.013802624307572842
205,30.468080520629883,-93.49495697021484,7934.9599609375,6.39430570602417,0.5503036379814148,40.0,10.554445266723633,1.0,10.554445266723633,17.0,0.0,0.057095546275377274,17.0,0.30000001192092896,298.0078430175781,0.0,0.0,0.0
206,30.47368049621582,-93.48365783691406,7941.31005859375,6.4647908210754395,0.5565354228019714,40.0,10.51353645324707,1.0,10.51353645324707,17.0,0.0,0.05704748257994652,17.0,0.30000001192092896,296.852783203125,0.0,0.0,0.052453458309173584
207,30.479280471801758,-93.47235870361328,7947.66015625,6.444046497344971,0.5675244331359863,40.0,10.472940444946289,1.0,10.472940444946289,17.0,0.0,0.05624109506607056,17.0,0.30000001192092896,295.70654296875,0.0,0.0,0.07155753672122955
208,30.484880447387695,-93.4610595703125,7954.009765625,6.469880104064941,0.5803837180137634,40.0,10.432652473449707,1.0,10.432652473449707,17.0,0.0,0.05841716751456261,17.0,0.30000001192092896,294.56903076171875,0.0,0.0,0.0
209,30.490211486816406,-93.44940948486328,7958.86572265625,6.516054153442383,0.5988467931747437,40.0,10.527328491210938,1.0,10.527328491210938,17.0,0.0,0.05601580813527107,17.0,0.30000001192092896,297.2422180175781,0.0,0.0,0.04596296697854996
210,30.49547576904297,-93.43767547607422,7963.34814453125,6.623927116394043,0.619271993637085,40.0,10.532712936401367,1.0,10.532712936401367,17.0,8.359326334200919e-16,0.055114150047302246,17.0,0.30000001192092896,297.39422607421875,0.0,0.0,0.0
211,30.500741958618164,-93.42594146728516,7967.83056640625,14.258749961853027,0.6324066519737244,41.0,10.505289077758789,1.0,10.505289077758789,17.0,0.0,0.05739269405603409,17.0,0.30000001192092896,296.61993408203125,0.0,0.05633457750082016,0.0
212,30.506032943725586,-93.41398620605469,7981.18798828125,8.133535385131836,0.6429060101509094,41.0,10.656156539916992,1.0,10.656156539916992,17.0,0.0,0.05695298686623573,17.0,0.30000001192092896,300.87969970703125,0.0,0.0,0.0
213,30.51136589050293,-93.40170288085938,8007.85791015625,8.303788185119629,0.649653971195221,41.0,10.908734321594238,1.0,10.908734321594238,17.0,0.0,0.06676073372364044,17.0,0.30000001192092896,308.0113220214844,0.0,0.0,0.0
214,30.516700744628906,-93.38941955566406,8034.52783203125,7.880617618560791,0.6175556182861328,42.0,10.91142463684082,1.0,10.91142463684082,17.0,0.0,0.06084093451499939,17.0,0.30000001192092896,308.0872802734375,0.0,0.0,0.0
215,30.52203369140625,-93.37713623046875,8061.1982421875,8.083592414855957,0.6099953055381775,42.0,10.914115905761719,1.0,10.914115905761719,17.0,0.0,0.05823764577507973,17.0,0.30000001192092896,308.16326904296875,0.0,0.0,0.0
216,30.527366638183594,-93.36485290527344,8087.8681640625,18.28437042236328,0.6094256639480591,43.0,10.91680908203125,1.0,10.91680908203125,17.0,0.0,0.06127532944083214,17.0,0.30000001192092896,308.23931884765625,0.0,0.0,0.0
217,30.532699584960938,-93.35256958007812,8114.5380859375,8.051084518432617,0.625679075717926,43.0,10.919503211975098,1.0,10.919503211975098,17.0,0.0,0.05525149032473564,17.0,0.30000001192092896,308.3153991699219,0.0,0.0,0.0
218,30.537939071655273,-93.34058380126953,8139.880859375,19.52259635925293,0.5884689092636108,44.0,10.668612480163574,1.0,10.668612480163574,17.0,0.0,0.05994844064116478,17.0,0.30000001192092896,301.2314147949219,0.0,0.0,0.0
219,30.54303550720215,-93.32905578613281,8163.232421875,15.330924987792969,0.6063410043716431,44.0,10.2898588180542,1.0,10.2898588180542,17.0,0.0,0.057894185185432434,17.0,0.30000001192092896,290.5372009277344,0.0,0.0,0.0
220,30.548131942749023,-93.31752014160156,8186.583984375,8.067520141601562,0.615794837474823,44.0,10.289434432983398,1.0,10.289434432983398,17.0,0.0,0.056031592190265656,17.0,0.30000001192092896,290.52520751953125,0.0,0.0,0.1579131931066513
221,30.5532283782959,-93.30599212646484,8209.935546875,8.180150985717773,0.6302381157875061,44.0,10.289010047912598,1.0,10.289010047912598,17.0,8.359326334200919e-16,0.05644994601607323,17.0,0.30000001192092896,290.5132141113281,0.0,0.0,0.0
222,30.558326721191406,-93.2944564819336,8233.287109375,9.350252151489258,0.7062968015670776,45.0,10.28858470916748,1.0,10.28858470916748,17.0,0.0,0.05969565361738205,17.0,0.30000001192092896,290.501220703125,0.0,0.15831290185451508,0.0
223,30.56342315673828,-93.28292846679688,8256.638671875,9.347163200378418,0.7158251404762268,45.0,10.28816032409668,1.0,10.28816032409668,17.0,0.0,0.05744928494095802,17.0,0.30000001192092896,290.4892272949219,0.0,0.0,0.0
224,30.568500518798828,-93.2712173461914,8279.271484375,9.483755111694336,0.727245569229126,45.0,10.406423568725586,1.0,10.406423568725586,17.0,0.0,0.05629425123333931,17.0,0.30000001192092896,293.82843017578125,0.0,0.0,0.10285940766334534
225,30.57349967956543,-93.2587890625,8299.0263671875,9.650420188903809,0.7317830920219421,45.0,10.886585235595703,1.0,10.886585235595703,17.0,0.0,0.057021863758563995,17.0,0.30000001192092896,307.3859558105469,0.0,0.0,0.0
226,30.578500747680664,-93.2463607788086,8318.7822265625,9.706446647644043,0.7412195205688477,45.0,10.886127471923828,1.0,10.886127471923828,17.0,0.0,0.054799336940050125,17.0,0.30000001192092896,307.3730163574219,0.0,0.0,0.0
227,30.583499908447266,-93.23394012451172,8338.5380859375,9.84017276763916,0.763030469417572,45.0,10.88567066192627,1.0,10.88567066192627,17.0,0.0,0.061142485588788986,17.0,0.30000001192092896,307.360107421875,0.0,0.0,0.0
228,30.588499069213867,-93.22151184082031,8358.29296875,10.195831298828125,0.765257716178894,45.0,10.885211944580078,1.0,10.885211944580078,17.0,0.0,0.05471896752715111,17.0,0.30000001192092896,307.34716796875,0.0,0.0,0.0
229,30.5935001373291,-93.2090835571289,8378.048828125,10.20528793334961,0.7700299024581909,45.0,10.884754180908203,1.0,10.884754180908203,17.0,8.359326334200919e-16,0.05433822050690651,17.0,0.30000001192092896,307.3342590332031,0.0,0.0,0.0
230,30.597566604614258,-93.19658660888672,8398.93359375,16.575864791870117,0.7149041891098022,46.0,10.598430633544922,1.0,10.598430633544922,17.0,0.0,0.059388190507888794,17.0,0.30000001192092896,299.24981689453125,0.0,0.01250303816050291,0.0
231,30.60140037536621,-93.18406677246094,8420.099609375,9.284895896911621,0.7258343696594238,46.0,10.528281211853027,1.0,10.528281211853027,17.0,0.0,0.07078318297863007,17.0,0.30000001192092896,297.2691345214844,0.0,0.0,0.0
232,30.605234146118164,-93.17154693603516,8441.2666015625,9.410710334777832,0.7213993668556213,46.0,10.517751693725586,1.0,10.517751693725586,17.0,0.0,0.058376286178827286,17.0,0.30000001192092896,296.9718017578125,0.0,0.0,0.050469785928726196
233,30.609066009521484,-93.15902709960938,8462.43359375,9.293020248413086,0.7127931118011475,46.0,10.507242202758789,1.0,10.507242202758789,17.0,8.359326334200919e-16,0.06002271920442581,17.0,0.30000001192092896,296.6750793457031,0.0,0.0,0.0
234,30.612899780273438,-93.14651489257812,8483.599609375,9.1090087890625,0.716885507106781,46.0,10.496752738952637,1.0,10.496752738952637,17.0,0.0,0.06149761751294136,17.0,0.30000001192092896,296.37890625,0.0,0.0,0.060351550579071045
235,30.616233825683594,-93.13383483886719,8504.7666015625,9.115584373474121,0.7363550066947937,46.0,10.465185165405273,1.0,10.465185165405273,17.0,0.0,0.05638682469725609,17.0,0.30000001192092896,295.4875793457031,0.0,0.0,0.0
236,30.618816375732422,-93.12091827392578,8525.93359375,9.929732322692871,0.7896818518638611,47.0,10.465275764465332,1.0,10.465275764465332,17.0,0.0,0.055872850120067596,17.0,0.30000001192092896,295.4901428222656,0.0,0.07516412436962128,0.0
237,30.621400833129883,-93.10800170898438,8547.099609375,10.28410530090332,0.7854145169258118,47.0,10.459980010986328,1.0,10.459980010986328,17.0,0.0,0.057319387793540955,17.0,0.30000001192092896,295.34063720703125,0.0,0.0,0.0
238,30.62398338317871,-93.09508514404297,8568.2666015625,10.130677223205566,0.7944049835205078,47.0,10.454689979553223,1.0,10.454689979553223,17.0,0.0,0.05788392946124077,17.0,0.30000001192092896,295.1912536621094,0.0,0.0,0.08014600723981857
239,30.626367568969727,-93.08177947998047,8590.7880859375,10.247127532958984,0.805421769618988,47.0,10.712220191955566,1.0,10.712220191955566,17.0,0.0,0.06213805824518204,17.0,0.30000001192092896,302.46270751953125,0.0,0.0,0.0
240,30.628700256347656,-93.0683822631836,8613.6484375,10.497243881225586,0.8042511940002441,48.0,10.777524948120117,1.0,10.777524948120117,17.0,0.0,0.06273723393678665,17.0,0.30000001192092896,304.3066101074219,0.0,0.0,0.0
241,30.631032943725586,-93.05497741699219,8636.5078125,10.432957649230957,0.797116756439209,48.0,10.777276992797852,1.0,10.777276992797852,17.0,0.0,0.056993935257196426,17.0,0.30000001192092896,304.2995910644531,0.0,0.0,0.0
242,30.63336753845215,-93.04158020019531,8659.3681640625,10.353215217590332,0.794256865978241,48.0,10.143085479736328,1.0,10.143085479736328,16.0,0.0,0.060245878994464874,16.0,0.0,304.2925720214844,0.0,0.0,0.0
243,30.635700225830078,-93.02818298339844,8682.2275390625,10.364975929260254,0.7944043874740601,48.0,9.508923530578613,1.0,9.508923530578613,15.0,0.0,0.06832992285490036,15.0,0.0,304.2855529785156,0.0,0.0,0.0
244,30.638032913208008,-93.01477813720703,8705.087890625,10.437285423278809,0.8125184178352356,48.0,10.142618179321289,1.0,10.142618179321289,16.0,0.0,0.0625883936882019,16.0,0.0,304.2785339355469,0.0,0.0,0.0
245,30.640525817871094,-93.00173950195312,8726.931640625,25.126169204711914,0.9384441375732422,49.0,13.009075164794922,1.0,13.009075164794922,21.0,0.0,0.05772789567708969,21.0,0.30000001192092896,297.35028076171875,0.0,0.04416191205382347,0.0
246,30.6430606842041,-92.9887924194336,8748.5224609375,15.800930976867676,0.9330618381500244,49.0,12.936769485473633,1.0,12.936769485473633,21.0,0.0,0.059898123145103455,21.0,0.30000001192092896,295.6976013183594,0.0,0.0,0.0
247,30.645593643188477,-92.97583770751953,8770.1123046875,15.493386268615723,0.9451542496681213,49.0,12.94018268585205,1.0,12.94018268585205,21.0,0.0,0.0559513159096241,21.0,0.30000001192092896,295.7756042480469,0.0,0.0,0.07040663808584213
248,30.64812660217285,-92.962890625,8791.7021484375,16.411388397216797,0.9576467871665955,49.0,12.943596839904785,1.0,12.943596839904785,21.0,0.0,0.056771595031023026,21.0,0.30000001192092896,295.8536376953125,0.0,0.0,0.0
249,30.650659561157227,-92.94994354248047,8813.2919921875,17.582679748535156,0.9531076550483704,49.0,12.947013854980469,1.0,12.947013854980469,21.0,0.0,0.05501776188611984,21.0,0.30000001192092896,295.9317321777344,0.0,0.0,0.0678042322397232
250,30.6531925201416,-92.9369888305664,8834.8818359375,17.185136795043945,0.9431264400482178,49.0,12.950432777404785,1.0,12.950432777404785,21.0,6.767073799952286e-16,0.05783746764063835,21.0,0.30000001192092896,296.0098876953125,0.0,0.0,0.0
251,30.65571403503418,-92.92415618896484,8854.4404296875,13.570734977722168,0.8907604217529297,50.0,12.827454566955566,1.0,12.827454566955566,21.0,0.0,0.05920979753136635,21.0,0.30000001192092896,293.1989440917969,0.0,0.11335078626871109,0.0
252,30.65822982788086,-92.91136169433594,8873.490234375,13.588387489318848,0.9015915989875793,50.0,12.790398597717285,1.0,12.790398597717285,21.0,0.0,0.05717781186103821,21.0,0.30000001192092896,292.35198974609375,0.0,0.0,0.0
253,30.660747528076172,-92.8985595703125,8892.5400390625,14.073010444641113,0.8888083100318909,50.0,12.782707214355469,1.0,12.782707214355469,21.0,0.0,0.058985840529203415,21.0,0.30000001192092896,292.1761779785156,0.0,0.0,0.130397230386734
254,30.66326332092285,-92.88575744628906,8911.58984375,13.569255828857422,0.8765052556991577,50.0,12.7750244140625,1.0,12.7750244140625,21.0,0.0,0.057931918650865555,21.0,0.30000001192092896,292.00054931640625,0.0,0.0,0.1333240419626236
255,30.66577911376953,-92.87296295166016,8930.6396484375,13.135560035705566,0.8914541602134705,50.0,12.767350196838379,1.0,12.767350196838379,21.0,0.0,0.05495382472872734,21.0,0.30000001192092896,291.8251647949219,0.0,0.0,0.0
256,30.668296813964844,-92.86016082763672,8949.6904296875,20.797252655029297,0.776883065700531,51.0,12.759685516357422,1.0,12.759685516357422,21.0,0.0,0.0553852804005146,21.0,0.30000001192092896,291.6499328613281,0.0,0.13916759192943573,0.0
257,30.67086410522461,-92.84695434570312,8972.181640625,10.596822738647461,0.7874738574028015,51.0,13.1546630859375,1.0,13.1546630859375,21.0,0.0,0.062343351542949677,21.0,0.30000001192092896,300.6780090332031,0.0,0.0,0.0
258,30.673444747924805,-92.83364868164062,8995.533203125,10.8162202835083,0.8070540428161621,51.0,13.253530502319336,1.0,13.253530502319336,21.0,0.0,0.0551685132086277,21.0,0.30000001192092896,302.9378356933594,0.0,0.0,0.0
259,30.676025390625,-92.82034301757812,9018.884765625,25.89996910095215,0.9433642029762268,52.0,13.253195762634277,1.0,13.253195762634277,21.0,0.0,0.06233404204249382,21.0,0.30000001192092896,302.93017578125,0.0,0.0,0.0
260,30.678606033325195,-92.80703735351562,9042.236328125,16.560653686523438,0.9269915819168091,52.0,13.252860069274902,1.0,13.252860069274902,21.0,0.0,0.05791524052619934,21.0,0.30000001192092896,302.9225158691406,0.0,0.0,0.0
261,30.68118667602539,-92.79373168945312,9065.587890625,22.97969627380371,0.7620378732681274,53.0,13.252525329589844,1.0,13.252525329589844,21.0,0.0,0.05685596168041229,21.0,0.30000001192092896,302.91485595703125,0.0,0.0,0.0
262,30.683767318725586,-92.78042602539062,9088.939453125,10.307219505310059,0.7596669793128967,53.0,13.252189636230469,1.0,13.252189636230469,21.0,0.0,0.06299791485071182,21.0,0.30000001192092896,302.9071960449219,0.0,0.0,0.0
263,30.686309814453125,-92.76719665527344,9114.2822265625,10.2469482421875,0.7602640986442566,53.0,13.165181159973145,1.0,13.165181159973145,21.0,0.0,0.05744946748018265,21.0,0.30000001192092896,300.9184265136719,0.0,0.0,0.0
264,30.688827514648438,-92.75403594970703,9140.9521484375,21.649173736572266,0.7746787667274475,54.0,13.109344482421875,1.0,13.109344482421875,21.0,6.767073799952286e-16,0.054233353585004807,21.0,0.30000001192092896,299.64215087890625,0.0,0.005964086856693029,0.0
265,30.691343307495117,-92.7408676147461,9167.6220703125,10.4782133102417,0.7815377712249756,54.0,13.112796783447266,1.0,13.112796783447266,21.0,0.0,0.057880498468875885,21.0,0.30000001192092896,299.7210693359375,0.0,0.0,0.0
266,30.693859100341797,-92.72769927978516,9194.2919921875,10.580933570861816,0.7763597369194031,54.0,13.116250991821289,1.0,13.116250991821289,21.0,0.0,0.05627134442329407,21.0,0.30000001192092896,299.8000183105469,0.0,0.0,0.003332981839776039
267,30.69637680053711,-92.71453094482422,9220.9619140625,10.443020820617676,0.7749843597412109,54.0,13.119707107543945,1.0,13.119707107543945,21.0,0.0,0.05716338008642197,21.0,0.30000001192092896,299.8790283203125,0.0,0.0,0.0
268,30.69889259338379,-92.70137023925781,9247.6318359375,10.375687599182129,0.7571702003479004,54.0,13.123165130615234,1.0,13.123165130615234,21.0,0.0,0.05437638610601425,21.0,0.30000001192092896,299.95806884765625,0.0,0.0,0.0006988784298300743
269,30.70142936706543,-92.68804931640625,9273.5400390625,9.999655723571777,0.7527450919151306,54.0,13.274062156677246,1.0,13.274062156677246,21.0,0.0,0.0572335384786129,21.0,0.30000001192092896,303.4071350097656,0.0,0.0,0.0
270,30.7039794921875,-92.67463684082031,9298.9404296875,15.562439918518066,0.9325889945030212,55.0,13.37588119506836,1.0,13.37588119506836,21.0,0.0,0.06440766155719757,21.0,0.30000001192092896,305.73443603515625,0.0,0.0,0.0
271,30.70652961730957,-92.66121673583984,9324.33984375,15.460786819458008,0.9125359058380127,55.0,13.37940502166748,1.0,13.37940502166748,21.0,0.0,0.06398504972457886,21.0,0.30000001192092896,305.8149719238281,0.0,0.0,0.0
272,30.70907974243164,-92.64779663085938,9349.740234375,14.271081924438477,0.9045486450195312,55.0,13.38293170928955,1.0,13.38293170928955,21.0,0.0,0.05809281766414642,21.0,0.30000001192092896,305.8955993652344,0.0,0.0,0.0
273,30.71162986755371,-92.63438415527344,9375.1396484375,13.828901290893555,0.8958437442779541,55.0,13.386460304260254,1.0,13.386460304260254,21.0,0.0,0.060575082898139954,21.0,0.30000001192092896,305.9762268066406,0.0,0.0,0.0
274,30.71417999267578,-92.62096405029297,9400.5400390625,13.383438110351562,0.8880552053451538,55.0,13.38999080657959,1.0,13.38999080657959,21.0,0.0,0.05813252925872803,21.0,0.30000001192092896,306.05694580078125,0.0,0.0,0.0
275,30.71666145324707,-92.60782623291016,9421.76171875,96.44961547851562,1.0,56.0,0.0,0.0,13.106717109680176,21.0,1000.0,0.058220818638801575,0.0,0.30000001192092896,299.58209228515625,4.993035316467285,0.006964880041778088,0.0
276,30.719097137451172,-92.59487915039062,9440.1962890625,87.39784240722656,1.0,56.0,0.0,0.0,12.914645195007324,21.0,1000.0,0.057436078786849976,0.0,0.30000001192092896,295.19189453125,4.919865131378174,0.0,0.0
277,30.721532821655273,-92.58192443847656,9458.6318359375,87.32402038574219,1.0,56.0,0.0,0.0,12.910728454589844,21.0,1000.0,0.05369002744555473,0.0,0.30000001192092896,295.10235595703125,4.918372631072998,0.0,0.08162721246480942
278,30.723968505859375,-92.56897735595703,9477.0673828125,87.24742126464844,1.0,56.0,0.0,0.0,12.906813621520996,21.0,1000.0,0.058671656996011734,0.0,0.30000001192092896,295.01287841796875,4.916881561279297,0.0,0.08311858773231506
279,30.726402282714844,-92.55602264404297,9495.5029296875,87.16819763183594,0.9997199177742004,56.0,1.245737075805664,0.09654705226421356,12.902900695800781,21.0,45.99647521972656,0.056993890553712845,2.0274882316589355,0.30000001192092896,294.9234619140625,0.0,0.0,0.08460914343595505
280,30.728837966918945,-92.5430679321289,9513.9384765625,38.634422302246094,0.9909634590148926,56.0,12.898990631103516,1.0,12.898990631103516,21.0,0.0,0.058001577854156494,21.0,0.30000001192092896,294.8340759277344,0.0,0.0,0.08609887957572937
281,30.731273651123047,-92.53011322021484,9537.7001953125,23.46316146850586,0.9838672280311584,56.0,12.91246509552002,1.0,12.91246509552002,21.0,0.0,0.054663222283124924,21.0,0.30000001192092896,295.1420593261719,0.0,0.0,0.08096551895141602
282,30.733707427978516,-92.51714324951172,9569.4501953125,20.859968185424805,0.9710876941680908,56.0,12.94659423828125,1.0,12.94659423828125,21.0,0.0,0.05678629130125046,21.0,0.30000001192092896,295.9221496582031,0.0,0.0,0.0
283,30.73613929748535,-92.50418090820312,9601.2001953125,18.237857818603516,0.97481369972229,56.0,12.972542762756348,1.0,12.972542762756348,21.0,0.0,0.05368930846452713,21.0,0.30000001192092896,296.5152587890625,0.0,0.0,0.05807897448539734
284,30.73857307434082,-92.4912109375,9632.9501953125,18.74664306640625,0.9603091478347778,56.0,12.99859619140625,1.0,12.99859619140625,21.0,0.0,0.055068980902433395,21.0,0.30000001192092896,297.11077880859375,0.0,0.0,0.0
285,30.74100685119629,-92.4782485961914,9664.7001953125,16.87000274658203,0.6869458556175232,57.0,13.02475643157959,1.0,13.02475643157959,21.0,0.0,0.05632615089416504,21.0,0.30000001192092896,297.7087097167969,0.0,0.03818809241056442,0.0
286,30.743440628051758,-92.46527862548828,9696.4501953125,8.953035354614258,0.6745622754096985,57.0,13.05102252960205,1.0,13.05102252960205,21.0,0.0,0.05556666478514671,21.0,0.30000001192092896,298.30908203125,0.0,0.0,0.0
287,30.745893478393555,-92.45219421386719,9718.5478515625,8.830084800720215,0.6851298213005066,57.0,13.193185806274414,1.0,13.193185806274414,21.0,0.0,0.055034320801496506,21.0,0.30000001192092896,301.55853271484375,0.0,0.0,0.0
288,30.748376846313477,-92.43892669677734,9726.16796875,8.233346939086914,0.620049238204956,58.0,13.389059066772461,1.0,13.389059066772461,21.0,0.0,0.054549116641283035,21.0,0.30000001192092896,306.03564453125,0.0,0.0,0.0
289,30.7508602142334,-92.4256591796875,9733.7880859375,8.23636245727539,0.6017218232154846,58.0,13.404407501220703,1.0,13.404407501220703,21.0,0.0,0.05757688358426094,21.0,0.30000001192092896,306.3864440917969,0.0,0.0,0.0
290,30.75334358215332,-92.41239166259766,9741.408203125,19.226551055908203,0.551596462726593,59.0,13.419791221618652,1.0,13.419791221618652,21.0,0.0,0.059176597744226456,21.0,0.30000001192092896,306.73809814453125,0.0,0.0,0.0
291,30.755826950073242,-92.39912414550781,9749.0283203125,7.577075958251953,0.5338388085365295,59.0,13.435211181640625,1.0,13.435211181640625,21.0,0.0,0.06532196700572968,21.0,0.30000001192092896,307.0905456542969,0.0,0.0,0.0
292,30.758310317993164,-92.38585662841797,9756.6484375,22.721315383911133,0.689943253993988,60.0,13.450667381286621,1.0,13.450667381286621,21.0,0.0,0.05679422616958618,21.0,0.30000001192092896,307.4438171386719,0.0,0.0,0.0
293,30.760732650756836,-92.37286376953125,9760.7119140625,17.407508850097656,0.6753004789352417,60.0,13.185283660888672,1.0,13.185283660888672,21.0,0.0,0.05482633784413338,21.0,0.30000001192092896,301.3778991699219,0.0,0.0,0.0
294,30.7630672454834,-92.36026000976562,9759.4423828125,9.030584335327148,0.6522390842437744,60.0,12.771800994873047,1.0,12.771800994873047,21.0,0.0,0.06369029730558395,21.0,0.30000001192092896,291.9268798828125,0.0,0.0,0.13455185294151306
295,30.765399932861328,-92.34765625,9758.171875,8.739089965820312,0.6517053842544556,60.0,12.767755508422852,1.0,12.767755508422852,21.0,0.0,0.057207703590393066,21.0,0.30000001192092896,291.83441162109375,0.0,0.0,0.0
296,30.767732620239258,-92.3350601196289,9756.90234375,8.358221054077148,0.6095176339149475,61.0,12.763711929321289,1.0,12.763711929321289,21.0,0.0,0.05493684113025665,21.0,0.30000001192092896,291.74200439453125,0.0,0.13763345777988434,0.0
297,30.77006721496582,-92.32245635986328,9755.6318359375,8.234376907348633,0.59299635887146,61.0,12.759671211242676,1.0,12.759671211242676,21.0,0.0,0.05418168753385544,21.0,0.30000001192092896,291.6496276855469,0.0,0.0,0.0
298,30.77239990234375,-92.30986022949219,9754.3623046875,8.046418190002441,0.5915251970291138,61.0,12.755632400512695,1.0,12.755632400512695,21.0,0.0,0.055399175733327866,21.0,0.30000001192092896,291.55731201171875,0.0,0.0,0.1407114714384079
299,30.774799346923828,-92.2968978881836,9753.599609375,8.01790714263916,0.5669584274291992,61.0,13.11457633972168,1.0,13.11457633972168,21.0,6.767073799952286e-16,0.05750511214137077,21.0,0.30000001192092896,299.7617492675781,0.0,0.0,0.0
300,30.777299880981445,-92.28340148925781,9753.599609375,7.746089458465576,0.551942765712738,61.0,13.653176307678223,1.0,13.653176307678223,21.0,0.0,0.061179593205451965,21.0,0.30000001192092896,312.0726013183594,0.0,0.0,0.0
301,30.779800415039062,-92.2698974609375,9753.599609375,17.570602416992188,0.4763181805610657,62.0,13.645337104797363,1.0,13.645337104797363,21.0,0.0,0.05322916433215141,21.0,0.30000001192092896,311.8934326171875,0.0,0.0,0.0
302,30.78230094909668,-92.25640106201172,9753.599609375,6.867265701293945,0.4557363986968994,62.0,13.637507438659668,1.0,13.637507438659668,21.0,0.0,0.05402297526597977,21.0,0.30000001192092896,311.7144470214844,0.0,0.0,0.0
303,30.784799575805664,-92.2428970336914,9753.599609375,18.703020095825195,0.29403156042099,63.0,13.629685401916504,1.0,13.629685401916504,21.0,0.0,0.05472392216324806,21.0,0.30000001192092896,311.5356750488281,0.0,0.0,0.0
304,30.78730010986328,-92.22940063476562,9753.599609375,11.590941429138184,0.2623879909515381,63.0,13.621871948242188,1.0,13.621871948242188,21.0,0.0,0.05503397062420845,21.0,0.30000001192092896,311.3570861816406,0.0,0.0,0.0
305,30.7898006439209,-92.21589660644531,9753.599609375,5.261223316192627,0.2479456067085266,63.0,13.614068031311035,1.0,13.614068031311035,21.0,6.767073799952286e-16,0.053361646831035614,21.0,0.30000001192092896,311.1786804199219,0.0,0.0,0.0
306,30.79218292236328,-92.2030029296875,9753.599609375,19.45892333984375,0.56699538230896,64.0,13.014966011047363,1.0,13.014966011047363,21.0,0.0,0.05628684535622597,21.0,0.30000001192092896,297.48492431640625,0.0,0.04191778227686882,0.0
307,30.794567108154297,-92.19010162353516,9753.599609375,7.4743146896362305,0.5700986385345459,64.0,13.022278785705566,1.0,13.022278785705566,21.0,0.0,0.05556797236204147,21.0,0.30000001192092896,297.652099609375,0.0,0.0,0.0
308,30.79694938659668,-92.17720031738281,9753.599609375,7.450257778167725,0.5534889698028564,64.0,13.029600143432617,1.0,13.029600143432617,21.0,0.0,0.057322289794683456,21.0,0.30000001192092896,297.8194274902344,0.0,0.0,0.036342669278383255
309,30.799333572387695,-92.16429901123047,9753.599609375,7.2264227867126465,0.5422053933143616,64.0,13.036931037902832,1.0,13.036931037902832,21.0,0.0,0.057390108704566956,21.0,0.30000001192092896,297.98699951171875,0.0,0.0,0.0
310,30.801715850830078,-92.15139770507812,9753.599609375,7.055088996887207,0.5182252526283264,64.0,13.044269561767578,1.0,13.044269561767578,21.0,0.0,0.054625753313302994,21.0,0.30000001192092896,298.15472412109375,0.0,0.0,0.030754508450627327
311,30.804100036621094,-92.13849639892578,9753.599609375,6.766822338104248,0.5004625916481018,64.0,13.051616668701172,1.0,13.051616668701172,21.0,0.0,0.0586266964673996,21.0,0.30000001192092896,298.3226623535156,0.0,0.0,0.0
312,30.80638313293457,-92.12613677978516,9779.0,12.915593147277832,0.3388932943344116,65.0,12.522397994995117,1.0,12.522397994995117,21.0,0.0,0.0534173846244812,21.0,0.30000001192092896,286.22625732421875,0.0,0.22956256568431854,0.0
313,30.808666229248047,-92.11376953125,9804.400390625,5.252823829650879,0.3178512454032898,65.0,12.533157348632812,1.0,12.533157348632812,21.0,0.0,0.05548415705561638,21.0,0.30000001192092896,286.47216796875,0.0,0.0,0.0
314,30.810949325561523,-92.10140228271484,9829.7998046875,5.043903350830078,0.2863064110279083,65.0,12.543935775756836,1.0,12.543935775756836,21.0,0.0,0.05360039696097374,21.0,0.30000001192092896,286.7185363769531,0.0,0.0,0.22135762870311737
315,30.813232421875,-92.08903503417969,9855.2001953125,4.77202033996582,0.2781131863594055,65.0,12.554733276367188,1.0,12.554733276367188,21.0,0.0,0.05421454831957817,21.0,0.30000001192092896,286.96533203125,0.0,0.0,0.21724429726600647
316,30.81551742553711,-92.07666778564453,9880.599609375,4.644330978393555,0.26766976714134216,65.0,12.565549850463867,1.0,12.565549850463867,21.0,0.0,0.06392251700162888,21.0,0.30000001192092896,287.21258544921875,0.0,0.0,0.21312369406223297
317,30.817800521850586,-92.06430053710938,9906.0,4.501423358917236,0.27113476395606995,65.0,12.576386451721191,1.0,12.576386451721191,21.0,0.0,0.05691099166870117,21.0,0.30000001192092896,287.46026611328125,0.0,0.0,0.20899581909179688
318,30.82015037536621,-92.0514144897461,9930.1298828125,4.439162731170654,0.2675722539424896,65.0,13.10622787475586,1.0,13.10622787475586,21.0,0.0,0.05701783671975136,21.0,0.30000001192092896,299.5709228515625,0.0,0.0,0.0071513839066028595
319,30.822500228881836,-92.03853607177734,9954.259765625,4.3295111656188965,0.2477155327796936,65.0,13.117541313171387,1.0,13.117541313171387,21.0,0.0,0.057236406952142715,21.0,0.30000001192092896,299.8294982910156,0.0,0.0,0.0
320,30.82485008239746,-92.02565002441406,9978.3896484375,4.122727394104004,0.23377925157546997,65.0,13.128874778747559,1.0,13.128874778747559,21.0,0.0,0.05802980065345764,21.0,0.30000001192092896,300.08856201171875,0.0,0.0,0.0
321,30.827199935913086,-92.01276397705078,10002.51953125,20.502538681030273,0.3837265372276306,66.0,13.140228271484375,1.0,13.140228271484375,21.0,0.0,0.06043897569179535,21.0,0.30000001192092896,300.34808349609375,0.0,0.0,0.0
322,30.82954978942871,-91.99988555908203,10026.650390625,13.018755912780762,0.37473252415657043,66.0,13.151601791381836,1.0,13.151601791381836,21.0,0.0,0.05490795150399208,21.0,0.30000001192092896,300.6080322265625,0.0,0.0,0.0
323,30.831899642944336,-91.98699951171875,10050.7802734375,6.005058765411377,0.3819417655467987,66.0,13.162996292114258,1.0,13.162996292114258,21.0,0.0,0.05492214113473892,21.0,0.30000001192092896,300.86846923828125,0.0,0.0,0.0
324,30.8342342376709,-91.97423553466797,10072.3701171875,19.605745315551758,0.3571923077106476,67.0,13.052342414855957,1.0,13.052342414855957,21.0,0.0,0.05729806423187256,21.0,0.30000001192092896,298.3392333984375,0.0,0.02767924964427948,0.0
325,30.836566925048828,-91.96146392822266,10093.9599609375,5.972289085388184,0.3541254699230194,67.0,13.05979061126709,1.0,13.05979061126709,21.0,0.0,0.055970486253499985,21.0,0.30000001192092896,298.5094909667969,0.0,0.0,0.0
326,30.838899612426758,-91.94869995117188,10115.5498046875,5.988306045532227,0.3481524586677551,67.0,13.067248344421387,1.0,13.067248344421387,21.0,0.0,0.05457039922475815,21.0,0.30000001192092896,298.6799621582031,0.0,0.0,0.02200072444975376
327,30.84123420715332,-91.9359359741211,10137.1396484375,5.980321407318115,0.330335795879364,67.0,13.074714660644531,1.0,13.074714660644531,21.0,0.0,0.05753684416413307,21.0,0.30000001192092896,298.8506164550781,0.0,0.0,0.0
328,30.84356689453125,-91.92316436767578,10158.73046875,5.890395641326904,0.32111820578575134,67.0,13.082189559936523,1.0,13.082189559936523,21.0,0.0,0.06073257327079773,21.0,0.30000001192092896,299.021484375,0.0,0.0,0.01630871556699276
329,30.84589958190918,-91.910400390625,10180.3203125,5.853298187255859,0.3139154613018036,67.0,13.08967399597168,1.0,13.08967399597168,21.0,0.0,0.05697866901755333,21.0,0.30000001192092896,299.1925354003906,0.0,0.0,0.0
330,30.848234176635742,-91.8975830078125,10198.099609375,13.611181259155273,0.07399235665798187,68.0,13.138437271118164,1.0,13.138437271118164,21.0,0.0,0.055608510971069336,21.0,0.30000001192092896,300.30712890625,0.0,0.0,0.0
331,30.850566864013672,-91.884765625,10215.8798828125,4.534547805786133,0.06084146723151207,68.0,13.13813304901123,1.0,13.13813304901123,21.0,0.0,0.05951303988695145,21.0,0.30000001192092896,300.3001708984375,0.0,0.0,0.0
332,30.8528995513916,-91.8719482421875,10233.66015625,19.420089721679688,0.2532990872859955,69.0,13.137828826904297,1.0,13.137828826904297,21.0,0.0,0.056659042835235596,21.0,0.30000001192092896,300.293212890625,0.0,0.0,0.0
333,30.855234146118164,-91.859130859375,10251.4404296875,5.478155612945557,0.2437269389629364,69.0,13.137524604797363,1.0,13.137524604797363,21.0,0.0,0.0559203177690506,21.0,0.30000001192092896,300.2862854003906,0.0,0.0,0.0
334,30.857566833496094,-91.8463134765625,10269.2197265625,5.419520854949951,0.23998808860778809,69.0,13.13722038269043,1.0,13.13722038269043,21.0,0.0,0.0535893440246582,21.0,0.30000001192092896,300.2793273925781,0.0,0.0,0.0
335,30.859899520874023,-91.83350372314453,10287.0,17.725584030151367,0.154718279838562,70.0,13.136916160583496,1.0,13.136916160583496,21.0,0.0,0.056700922548770905,21.0,0.30000001192092896,300.2723693847656,0.0,0.0,0.0
336,30.86221694946289,-91.82063293457031,10309.8603515625,4.914183616638184,0.16590677201747894,70.0,13.189558029174805,1.0,13.189558029174805,21.0,0.0,0.05668941140174866,21.0,0.30000001192092896,301.4756164550781,0.0,0.0,0.0
337,30.864532470703125,-91.80776977539062,10332.7197265625,18.1557559967041,0.09654597193002701,71.0,13.197114944458008,1.0,13.197114944458008,21.0,0.0,0.05289082229137421,21.0,0.30000001192092896,301.6483459472656,0.0,0.0,0.0
338,30.866849899291992,-91.7948989868164,10355.580078125,14.980588912963867,0.07309611886739731,71.0,13.204680442810059,1.0,13.204680442810059,21.0,0.0,0.052943918853998184,21.0,0.30000001192092896,301.8212585449219,0.0,0.0,0.0
339,30.86916732788086,-91.78203582763672,10378.4404296875,4.4422736167907715,0.055788423866033554,71.0,13.212254524230957,1.0,13.212254524230957,21.0,0.0,0.05299439653754234,21.0,0.30000001192092896,301.994384765625,0.0,0.0,0.0
340,30.871482849121094,-91.7691650390625,10401.2998046875,18.581512451171875,0.13700757920742035,72.0,13.21983814239502,1.0,13.21983814239502,21.0,0.0,0.054502133280038834,21.0,0.30000001192092896,302.167724609375,0.0,0.0,0.0
341,30.87380027770996,-91.75630187988281,10424.16015625,11.545742988586426,0.13544821739196777,72.0,13.22743034362793,1.0,13.22743034362793,21.0,0.0,0.055163074284791946,21.0,0.30000001192092896,302.3412780761719,0.0,0.0,0.0
342,30.87605094909668,-91.74382019042969,10448.2900390625,4.62896203994751,0.12873509526252747,72.0,12.841290473937988,1.0,12.841290473937988,21.0,0.0,0.05294887349009514,21.0,0.30000001192092896,293.51519775390625,0.0,0.0,0.1080799549818039
343,30.878299713134766,-91.73133087158203,10472.419921875,4.54896354675293,0.125325545668602,72.0,12.848682403564453,1.0,12.848682403564453,21.0,0.0,0.06370454281568527,21.0,0.30000001192092896,293.6841735839844,0.0,0.0,0.0
344,30.880550384521484,-91.7188491821289,10496.5498046875,3.9208831787109375,0.0009287792490795255,73.0,12.856084823608398,1.0,12.856084823608398,21.0,0.0,0.05544586107134819,21.0,0.30000001192092896,293.8533630371094,0.0,0.10244402289390564,0.0
345,30.88279914855957,-91.70636749267578,10520.6796875,3.849329710006714,0.007958915084600449,73.0,12.863494873046875,1.0,12.863494873046875,21.0,0.0,0.053273431956768036,21.0,0.30000001192092896,294.0227355957031,0.0,0.0,0.0
346,30.88504981994629,-91.69388580322266,10544.8095703125,3.8215229511260986,0.010798433795571327,73.0,12.870914459228516,1.0,12.870914459228516,21.0,0.0,0.05383559316396713,21.0,0.30000001192092896,294.19232177734375,0.0,0.0,0.09679462015628815
347,30.887300491333008,-91.681396484375,10568.9404296875,3.771775484085083,0.0003306875587441027,73.0,12.878342628479004,1.0,12.878342628479004,21.0,0.0,0.05557665228843689,21.0,0.30000001192092896,294.36212158203125,0.0,0.0,0.0939648449420929
348,30.889686584472656,-91.6681900024414,10583.6884765625,3.660166025161743,0.0,73.0,13.628837585449219,1.0,13.628837585449219,21.0,0.0,0.056905657052993774,21.0,0.30000001192092896,311.51629638671875,0.0,0.0,0.0
349,30.892074584960938,-91.65498352050781,10598.4365234375,12.991128921508789,0.011639131233096123,74.0,13.628514289855957,1.0,13.628514289855957,21.0,0.0,0.05865953862667084,21.0,0.30000001192092896,311.5089111328125,0.0,0.0,0.0
350,30.894460678100586,-91.64176940917969,10613.185546875,3.5594308376312256,0.012882157228887081,74.0,13.628190994262695,1.0,13.628190994262695,21.0,0.0,0.05641663447022438,21.0,0.30000001192092896,311.5014953613281,0.0,0.0,0.0
351,30.896848678588867,-91.6285629272461,10627.93359375,3.4847071170806885,0.014339322224259377,74.0,13.627866744995117,1.0,13.627866744995117,21.0,0.0,0.060365788638591766,21.0,0.30000001192092896,311.4941101074219,0.0,0.0,0.0
352,30.899234771728516,-91.61534881591797,10642.681640625,3.383100748062134,0.009455443359911442,75.0,13.627543449401855,1.0,13.627543449401855,21.0,0.0,0.06219197437167168,21.0,0.30000001192092896,311.4866943359375,0.0,0.0,0.0
353,30.901622772216797,-91.60214233398438,10657.4306640625,3.3000738620758057,0.0021887749899178743,75.0,13.627220153808594,1.0,13.627220153808594,21.0,0.0,0.05646558478474617,21.0,0.30000001192092896,311.47930908203125,0.0,0.0,0.0
354,30.903913497924805,-91.58941650390625,10661.396484375,14.528057098388672,0.0019236139487475157,76.0,13.1249361038208,1.0,13.1249361038208,21.0,0.0,0.060958534479141235,21.0,0.30000001192092896,299.99853515625,0.0,2.4484770619892515e-05,0.0
355,30.906179428100586,-91.57682037353516,10662.666015625,3.0900049209594727,0.0,76.0,13.00223159790039,1.0,13.00223159790039,21.0,0.0,0.05317200347781181,21.0,0.30000001192092896,297.1938781738281,0.0,0.0,0.0
356,30.908447265625,-91.56421661376953,10663.935546875,2.9921467304229736,0.0,76.0,13.005838394165039,1.0,13.005838394165039,21.0,0.0,0.05803368240594864,21.0,0.30000001192092896,297.27630615234375,0.0,0.0,0.045394718647003174
357,30.91071319580078,-91.55162048339844,10665.2060546875,2.900656223297119,0.0,76.0,13.009448051452637,1.0,13.009448051452637,21.0,0.0,0.05384228751063347,21.0,0.30000001192092896,297.35882568359375,0.0,0.0,0.04401968792080879
358,30.912979125976562,-91.53901672363281,10666.4755859375,2.807328701019287,0.0,76.0,13.013059616088867,1.0,13.013059616088867,21.0,6.767073799952286e-16,0.05480550602078438,21.0,0.30000001192092896,297.4413757324219,0.0,0.0,0.0
359,30.915246963500977,-91.52642059326172,10667.74609375,2.7123172283172607,0.0,76.0,13.016674041748047,1.0,13.016674041748047,21.0,0.0,0.05742999538779259,21.0,0.30000001192092896,297.5239562988281,0.0,0.0,0.04126717522740364
360,30.91749382019043,-91.51388549804688,10668.0,2.6157655715942383,0.0,76.0,12.94299030303955,1.0,12.94299030303955,21.0,0.0,0.053343262523412704,21.0,0.30000001192092896,295.83978271484375,0.0,0.0,0.0
361,30.919734954833984,-91.50137329101562,10668.0,17.162424087524414,0.14821796119213104,77.0,12.921160697937012,1.0,12.921160697937012,21.0,0.0,0.06062363088130951,21.0,0.30000001192092896,295.3408203125,0.0,0.07765289396047592,0.0
362,30.921977996826172,-91.48885345458984,10668.0,4.811864852905273,0.13752055168151855,77.0,12.917120933532715,1.0,12.917120933532715,21.0,0.0,0.058481618762016296,21.0,0.30000001192092896,295.24847412109375,0.0,0.0,0.0
363,30.924219131469727,-91.4763412475586,10668.0,4.7930803298950195,0.13544073700904846,77.0,12.913082122802734,1.0,12.913082122802734,21.0,0.0,0.0538928359746933,21.0,0.30000001192092896,295.1561584472656,0.0,0.0,0.08073055744171143
364,30.926462173461914,-91.46382141113281,10668.0,4.8133344650268555,0.13908351957798004,77.0,12.909046173095703,1.0,12.909046173095703,21.0,0.0,0.054668277502059937,21.0,0.30000001192092896,295.06390380859375,0.0,0.0,0.0
365,30.92870330810547,-91.45130920410156,10668.0,4.857583522796631,0.14882217347621918,77.0,12.597750663757324,1.0,12.597750663757324,20.5,0.0,0.06340846419334412,20.5,0.20000000298023224,294.9717102050781,0.0,0.0,0.0838046744465828
366,30.93096923828125,-91.43856048583984,10668.0,4.927978515625,0.13544915616512299,77.0,12.823993682861328,1.0,12.823993682861328,20.5,0.0,0.05733219161629677,20.5,0.20000000298023224,300.26910400390625,0.0,0.0,0.0
367,30.93325424194336,-91.4256591796875,10668.0,11.988409996032715,0.2120639830827713,78.0,12.97570514678955,1.0,12.97570514678955,20.5,0.0,0.05334167182445526,20.5,0.20000000298023224,303.8213806152344,0.0,0.0,0.0
368,30.935537338256836,-91.41275787353516,10668.0,5.29080057144165,0.21456442773342133,78.0,12.975409507751465,1.0,12.975409507751465,20.5,0.0,0.055136099457740784,20.5,0.20000000298023224,303.814453125,0.0,0.0,0.0
369,30.937820434570312,-91.39985656738281,10668.0,18.618375778198242,0.1632308065891266,79.0,12.975113868713379,1.0,12.975113868713379,20.5,0.0,0.05484698712825775,20.5,0.20000000298023224,303.80755615234375,0.0,0.0,0.0
370,30.94010353088379,-91.386962890625,10668.0,5.036038398742676,0.1616775244474411,79.0,12.974818229675293,1.0,12.974818229675293,20.5,0.0,0.06089118868112564,20.5,0.20000000298023224,303.8006286621094,0.0,0.0,0.0
371,30.942386627197266,-91.37406158447266,10668.0,18.481151580810547,0.0,80.0,12.974522590637207,1.0,12.974522590637207,20.5,0.0,0.059112198650836945,20.5,0.20000000298023224,303.793701171875,0.0,0.0,0.0
372,30.944610595703125,-91.36152648925781,10668.0,15.366081237792969,0.0,80.0,12.601099014282227,1.0,12.601099014282227,20.5,0.0,0.05750231444835663,20.5,0.20000000298023224,295.05010986328125,0.0,0.0,0.0
373,30.946792602539062,-91.3492431640625,10668.0,4.232046604156494,0.0,80.0,12.349928855895996,1.0,12.349928855895996,20.5,0.0,0.05843987315893173,20.5,0.20000000298023224,289.1690673828125,0.0,0.0,0.1805156171321869
374,30.948976516723633,-91.33695983886719,10668.0,4.212486267089844,0.0,80.0,12.34596061706543,1.0,12.34596061706543,20.5,0.0,0.05971996858716011,20.5,0.20000000298023224,289.0761413574219,0.0,0.0,0.0
375,30.951160430908203,-91.32467651367188,10668.0,13.622245788574219,0.10758066922426224,81.0,12.341994285583496,1.0,12.341994285583496,20.5,0.0,0.05254179984331131,20.5,0.20000000298023224,288.9832763671875,0.0,0.18361184000968933,0.0
376,30.95334243774414,-91.31239318847656,10668.0,4.653653621673584,0.09236090630292892,81.0,12.338030815124512,1.0,12.338030815124512,20.5,0.0,0.05727006867527962,20.5,0.20000000298023224,288.8904724121094,0.0,0.0,0.0
377,30.95552635192871,-91.30010986328125,10668.0,4.546807765960693,0.09057232737541199,81.0,12.334070205688477,1.0,12.334070205688477,20.5,0.0,0.05678918957710266,20.5,0.20000000298023224,288.7977294921875,0.0,0.0,0.1867043823003769
378,30.957763671875,-91.2874984741211,10668.0,4.500396251678467,0.10167665034532547,81.0,12.663590431213379,1.0,12.663590431213379,20.5,0.0,0.05245944857597351,20.5,0.20000000298023224,296.5133361816406,0.0,0.0,0.0
379,30.960039138793945,-91.274658203125,10668.0,4.5104146003723145,0.11735350638628006,81.0,12.88184642791748,1.0,12.88184642791748,20.5,0.0,0.05876481905579567,20.5,0.20000000298023224,301.62371826171875,0.0,0.0,0.0
380,30.962312698364258,-91.2618179321289,10668.0,17.98893165588379,0.11265651136636734,82.0,12.877826690673828,1.0,12.877826690673828,20.5,0.0,0.05884040147066116,20.5,0.20000000298023224,301.52960205078125,0.0,0.0,0.0
381,30.96458625793457,-91.24897766113281,10668.0,4.462299823760986,0.10983647406101227,82.0,12.873808860778809,1.0,12.873808860778809,20.5,0.0,0.056795891374349594,20.5,0.20000000298023224,301.4355163574219,0.0,0.0,0.0
382,30.966861724853516,-91.23614501953125,10668.0,18.342132568359375,0.18385225534439087,83.0,12.869792938232422,1.0,12.869792938232422,20.5,6.932123993076298e-16,0.056682899594306946,20.5,0.20000000298023224,301.34149169921875,0.0,0.0,0.0
383,30.969135284423828,-91.22330474853516,10668.0,16.161197662353516,0.1912633627653122,83.0,12.865779876708984,1.0,12.865779876708984,20.5,0.0,0.05643151327967644,20.5,0.20000000298023224,301.2475280761719,0.0,0.0,0.0
384,30.971433639526367,-91.2103271484375,10668.0,4.681694507598877,0.19132713973522186,83.0,12.998087882995605,1.0,12.998087882995605,20.5,0.0,0.05814530327916145,20.5,0.20000000298023224,304.345458984375,0.0,0.0,0.0
385,30.973766326904297,-91.1971435546875,10668.0,18.41295051574707,0.1290440708398819,84.0,13.196758270263672,1.0,13.196758270263672,20.5,0.0,0.05661087483167648,20.5,0.20000000298023224,308.9972839355469,0.0,0.0,0.0
386,30.97610092163086,-91.1839599609375,10668.0,12.067008018493652,0.13069073855876923,84.0,13.188578605651855,1.0,13.188578605651855,20.5,0.0,0.05208754539489746,20.5,0.20000000298023224,308.8057556152344,0.0,0.0,0.0
387,30.97843360900879,-91.1707763671875,10668.0,17.719144821166992,0.19501608610153198,85.0,13.180408477783203,1.0,13.180408477783203,20.5,0.0,0.055477406829595566,20.5,0.20000000298023224,308.61444091796875,0.0,0.0,0.0
388,30.98076629638672,-91.1575927734375,10668.0,4.431361675262451,0.21137072145938873,85.0,13.172248840332031,1.0,13.172248840332031,20.5,0.0,0.062060512602329254,20.5,0.20000000298023224,308.4233703613281,0.0,0.0,0.0
389,30.98310089111328,-91.1444091796875,10668.0,4.602114677429199,0.21409806609153748,85.0,13.164097785949707,1.0,13.164097785949707,20.5,0.0,0.06163943186402321,20.5,0.20000000298023224,308.2325439453125,0.0,0.0,0.0
390,30.985366821289062,-91.13152313232422,10668.0,13.609207153320312,0.11091678589582443,86.0,12.853494644165039,1.0,12.853494644165039,20.5,0.0,0.05828535556793213,20.5,0.20000000298023224,300.95989990234375,0.0,0.0,0.0
391,30.987533569335938,-91.11909484863281,10668.0,4.233020305633545,0.13064023852348328,86.0,12.392181396484375,1.0,12.392181396484375,20.5,0.0,0.05844004452228546,20.5,0.20000000298023224,290.15838623046875,0.0,0.0,0.1640269011259079
392,30.989700317382812,-91.10665893554688,10668.0,4.397681713104248,0.14284424483776093,86.0,12.384546279907227,1.0,12.384546279907227,20.5,0.0,0.05753656104207039,20.5,0.20000000298023224,289.9796142578125,0.0,0.0,0.0
393,30.991867065429688,-91.09422302246094,10668.0,11.16465950012207,0.20404405891895294,87.0,12.376920700073242,1.0,12.376920700073242,20.5,0.0,0.05923420190811157,20.5,0.20000000298023224,289.80108642578125,0.0,0.16998200118541718,0.0
394,30.994033813476562,-91.08179473876953,10668.0,4.90475606918335,0.20837396383285522,87.0,12.369304656982422,1.0,12.369304656982422,20.5,0.0,0.057847026735544205,20.5,0.20000000298023224,289.62274169921875,0.0,0.0,0.0
395,30.996200561523438,-91.0693588256836,10668.0,4.984865665435791,0.21852371096611023,87.0,12.36169719696045,1.0,12.36169719696045,20.5,0.0,0.05365953594446182,20.5,0.20000000298023224,289.4446105957031,0.0,0.0,0.17592297494411469
396,30.9984130859375,-91.05665588378906,10668.5078125,5.093371391296387,0.2268507033586502,87.0,12.626968383789062,1.0,12.626968383789062,20.5,0.0,0.056731607764959335,20.5,0.20000000298023224,295.6558532714844,0.0,0.0,0.0724024623632431
397,31.000696182250977,-91.04353332519531,10669.7783203125,5.189308166503906,0.23647332191467285,87.0,13.029922485351562,1.0,13.029922485351562,20.5,0.0,0.05450969934463501,20.5,0.20000000298023224,305.09088134765625,0.0,0.0,0.0
398,31.002979278564453,-91.0304183959961,10671.0478515625,18.55716896057129,0.32505959272384644,88.0,13.025762557983398,1.0,13.025762557983398,20.5,6.932123993076298e-16,0.05452366918325424,20.5,0.20000000298023224,304.99346923828125,0.0,0.0,0.0
399,31.005264282226562,-91.01730346679688,10672.318359375,5.867463111877441,0.3366382122039795,88.0,13.0216064453125,1.0,13.0216064453125,20.5,0.0,0.05424584820866585,20.5,0.20000000298023224,304.8961486816406,0.0,0.0,0.0
400,31.00754737854004,-91.00418853759766,10673.587890625,20.427879333496094,0.16363726556301117,89.0,13.017451286315918,1.0,13.017451286315918,20.5,0.0,0.057326532900333405,20.5,0.20000000298023224,304.7988586425781,0.0,0.0,0.0
401,31.009830474853516,-90.99107360839844,10674.8583984375,14.237687110900879,0.17562799155712128,89.0,13.013298988342285,1.0,13.013298988342285,20.5,0.0,0.05338267609477043,20.5,0.20000000298023224,304.7016296386719,0.0,0.0,0.0
402,31.0120792388916,-90.9781723022461,10675.1123046875,5.093790054321289,0.18811780214309692,89.0,13.73783016204834,1.0,13.73783016204834,22.0,6.459479608508399e-16,0.05656162276864052,22.0,0.15000000596046448,299.7344970703125,0.0,0.0,0.004425281658768654
403,31.014280319213867,-90.96560668945312,10673.841796875,5.181035041809082,0.2135554552078247,89.0,13.40769100189209,1.0,13.40769100189209,22.0,0.0,0.063452810049057,22.0,0.15000000596046448,292.53143310546875,0.0,0.0,0.0
404,31.0164794921875,-90.95304107666016,10672.572265625,5.290128707885742,0.22279973328113556,90.0,13.427310943603516,1.0,13.427310943603516,22.0,0.0,0.061403997242450714,22.0,0.15000000596046448,292.95953369140625,0.0,0.11734132468700409,0.0
405,31.018680572509766,-90.94047546386719,10671.3017578125,5.396474838256836,0.22013121843338013,90.0,13.446990013122559,1.0,13.446990013122559,22.0,6.459479608508399e-16,0.05282266065478325,22.0,0.15000000596046448,293.3888854980469,0.0,0.0,0.0
406,31.0208797454834,-90.92790985107422,10670.0322265625,5.38700008392334,0.2468375563621521,90.0,13.466727256774902,1.0,13.466727256774902,22.0,6.459479608508399e-16,0.05312089994549751,22.0,0.15000000596046448,293.81951904296875,0.0,0.0,0.1030082255601883
407,31.023080825805664,-90.91533660888672,10668.76171875,5.53867244720459,0.24554233253002167,90.0,13.486523628234863,1.0,13.486523628234863,22.0,0.0,0.053171128034591675,22.0,0.15000000596046448,294.2514343261719,0.0,0.0,0.09580960869789124
408,31.025299072265625,-90.90263366699219,10666.984375,5.526438236236572,0.2542262375354767,90.0,13.652484893798828,1.0,13.652484893798828,22.0,0.0,0.060381826013326645,22.0,0.15000000596046448,297.8724060058594,0.0,0.0,0.0
409,31.027549743652344,-90.88971710205078,10664.4443359375,17.67229461669922,0.3032380938529968,91.0,13.888630867004395,1.0,13.888630867004395,22.0,0.0,0.057949673384428024,22.0,0.15000000596046448,303.024658203125,0.0,0.0,0.0
410,31.029800415039062,-90.87680053710938,10661.904296875,5.846453666687012,0.32315754890441895,91.0,13.900788307189941,1.0,13.900788307189941,22.0,0.0,0.05616830661892891,22.0,0.15000000596046448,303.2899475097656,0.0,0.0,0.0
411,31.03204917907715,-90.86388397216797,10659.3642578125,21.99329948425293,0.4570096731185913,92.0,13.912968635559082,1.0,13.912968635559082,22.0,0.0,0.052648238837718964,22.0,0.15000000596046448,303.5556945800781,0.0,0.0,0.0
412,31.034299850463867,-90.85096740722656,10656.82421875,15.206263542175293,0.48129627108573914,92.0,13.9251708984375,1.0,13.9251708984375,22.0,0.0,0.05638270825147629,22.0,0.15000000596046448,303.8218994140625,0.0,0.0,0.0
413,31.036550521850586,-90.83805084228516,10654.2841796875,7.050057411193848,0.4921148121356964,92.0,13.937394142150879,1.0,13.937394142150879,22.0,6.459479608508399e-16,0.06908299773931503,22.0,0.15000000596046448,304.0885925292969,0.0,0.0,0.0
414,31.03878402709961,-90.82516479492188,10652.759765625,19.903579711914062,0.29253652691841125,93.0,13.90834903717041,1.0,13.90834903717041,22.0,0.0,0.06441492587327957,22.0,0.15000000596046448,303.45489501953125,0.0,0.0,0.0
415,31.040992736816406,-90.81232452392578,10652.759765625,5.624808311462402,0.3095579445362091,93.0,13.853665351867676,1.0,13.853665351867676,22.0,6.459479608508399e-16,0.05472589656710625,22.0,0.15000000596046448,302.26177978515625,0.0,0.0,0.0
416,31.043203353881836,-90.79948425292969,10652.759765625,5.684875011444092,0.31875139474868774,93.0,13.853358268737793,1.0,13.853358268737793,22.0,0.0,0.05398816615343094,22.0,0.15000000596046448,302.25506591796875,0.0,0.0,0.0
417,31.045412063598633,-90.78665161132812,10652.759765625,19.924299240112305,0.5639903545379639,94.0,13.853050231933594,1.0,13.853050231933594,22.0,0.0,0.0530724823474884,22.0,0.15000000596046448,302.2483825683594,0.0,0.0,0.0
418,31.047622680664062,-90.77381134033203,10652.759765625,7.576210975646973,0.5742264986038208,94.0,13.852743148803711,1.0,13.852743148803711,22.0,0.0,0.052756041288375854,22.0,0.15000000596046448,302.2416687011719,0.0,0.0,0.0
419,31.04983139038086,-90.76097106933594,10652.759765625,21.55429458618164,0.48214972019195557,95.0,13.852435111999512,1.0,13.852435111999512,22.0,0.0,0.055128663778305054,22.0,0.15000000596046448,302.2349548339844,0.0,0.0,0.0
420,31.05202293395996,-90.74824523925781,10653.005859375,15.889138221740723,0.4937020242214203,95.0,13.731130599975586,1.0,13.731130599975586,22.0,0.0,0.052880316972732544,22.0,0.15000000596046448,299.5882873535156,0.0,0.0,0.0
421,31.054136276245117,-90.73596954345703,10654.234375,6.7389421463012695,0.5074294805526733,95.0,13.247479438781738,1.0,13.247479438781738,22.0,0.0,0.0550713948905468,22.0,0.15000000596046448,289.0359191894531,0.0,0.0,0.18273480236530304
422,31.05624771118164,-90.72369384765625,10655.4638671875,6.7909345626831055,0.5148335695266724,95.0,13.251049995422363,1.0,13.251049995422363,22.0,0.0,0.05532288923859596,22.0,0.15000000596046448,289.11383056640625,0.0,0.0,0.0
423,31.058361053466797,-90.71142578125,10656.693359375,11.753952980041504,0.35621851682662964,96.0,13.254623413085938,1.0,13.254623413085938,22.0,0.0,0.055981751531362534,22.0,0.15000000596046448,289.1917724609375,0.0,0.18013697862625122,0.0
424,31.060474395751953,-90.69915008544922,10657.921875,5.483948707580566,0.36893945932388306,96.0,13.258198738098145,1.0,13.258198738098145,22.0,0.0,0.0558026023209095,22.0,0.15000000596046448,289.269775390625,0.0,0.0,0.0
425,31.06258773803711,-90.68687438964844,10659.1513671875,5.494059085845947,0.37712734937667847,96.0,13.261775970458984,1.0,13.261775970458984,22.0,0.0,0.05404633656144142,22.0,0.15000000596046448,289.34783935546875,0.0,0.0,0.17753615975379944
426,31.064699172973633,-90.67459869384766,10660.3798828125,5.471489429473877,0.3883460462093353,96.0,13.265355110168457,1.0,13.265355110168457,22.0,0.0,0.0525466725230217,22.0,0.15000000596046448,289.4259338378906,0.0,0.0,0.17623461782932281
427,31.06698989868164,-90.6612319946289,10661.609375,5.468499660491943,0.4107116162776947,96.0,14.443428993225098,1.0,14.443428993225098,22.0,6.459479608508399e-16,0.06503400206565857,22.0,0.15000000596046448,315.1293640136719,0.0,0.0,0.0
428,31.06928062438965,-90.64785766601562,10662.837890625,5.538478851318359,0.4195067882537842,96.0,14.438894271850586,1.0,14.438894271850586,22.0,6.459479608508399e-16,0.05478968843817711,22.0,0.15000000596046448,315.0304260253906,0.0,0.0,0.0
429,31.071571350097656,-90.63448333740234,10664.0673828125,5.5094194412231445,0.45052674412727356,96.0,14.434361457824707,1.0,14.434361457824707,22.0,6.459479608508399e-16,0.05620597302913666,22.0,0.15000000596046448,314.9315185546875,0.0,0.0,0.0
430,31.073862075805664,-90.6211166381836,10665.2958984375,7.243451118469238,0.5402907133102417,97.0,14.429831504821777,1.0,14.429831504821777,22.0,0.0,0.06135092303156853,22.0,0.15000000596046448,314.83270263671875,0.0,0.0,0.0
431,31.07615089416504,-90.60774230957031,10666.525390625,7.3371076583862305,0.5500434041023254,97.0,14.425304412841797,1.0,14.425304412841797,22.0,6.459479608508399e-16,0.05879073590040207,22.0,0.15000000596046448,314.7339172363281,0.0,0.0,0.0
432,31.078441619873047,-90.59437561035156,10667.75390625,20.251480102539062,0.5515925884246826,98.0,14.42077922821045,1.0,14.42077922821045,22.0,6.459479608508399e-16,0.059588704258203506,22.0,0.15000000596046448,314.63519287109375,0.0,0.0,0.0
433,31.080659866333008,-90.58136749267578,10668.0,7.562465190887451,0.5793506503105164,98.0,14.025275230407715,1.0,14.025275230407715,22.0,6.459479608508399e-16,0.05590346083045006,22.0,0.15000000596046448,306.0060119628906,0.0,0.0,0.0
434,31.082860946655273,-90.56845092773438,10668.0,25.033679962158203,0.6672408580780029,99.0,13.926382064819336,1.0,13.926382064819336,22.0,0.0,0.05730823427438736,22.0,0.15000000596046448,303.8483581542969,0.0,0.0,0.0
435,31.085060119628906,-90.55553436279297,10668.0,17.831361770629883,0.6577185988426208,99.0,13.926074028015137,1.0,13.926074028015137,22.0,0.0,0.05285964161157608,22.0,0.15000000596046448,303.84161376953125,0.0,0.0,0.0
436,31.08725929260254,-90.54261779785156,10668.0,8.870524406433105,0.6624959707260132,99.0,13.925765037536621,1.0,13.925765037536621,22.0,0.0,0.05471174418926239,22.0,0.15000000596046448,303.8348693847656,0.0,0.0,0.0
437,31.089460372924805,-90.52970123291016,10668.0,24.560590744018555,0.6983057260513306,100.0,13.925457000732422,1.0,13.925457000732422,22.0,6.459479608508399e-16,0.05411363020539284,22.0,0.15000000596046448,303.8281555175781,0.0,0.0,0.0
438,31.091659545898438,-90.51678466796875,10668.0,9.48382568359375,0.7107540965080261,100.0,13.925148010253906,1.0,13.925148010253906,22.0,6.459479608508399e-16,0.053741611540317535,22.0,0.15000000596046448,303.8214111328125,0.0,0.0,0.0
439,31.093793869018555,-90.50428009033203,10668.0,28.451065063476562,0.8833773732185364,101.0,13.476902961730957,1.0,13.476902961730957,22.0,0.0,0.053151968866586685,22.0,0.15000000596046448,294.0415344238281,0.0,0.09930793941020966,0.0
440,31.095909118652344,-90.49188232421875,10668.0,26.91646957397461,0.904453456401825,101.0,13.361456871032715,1.0,13.361456871032715,22.0,6.459479608508399e-16,0.061474934220314026,22.0,0.15000000596046448,291.522705078125,0.0,0.0,0.0
441,31.098026275634766,-90.47947692871094,10668.0,14.534889221191406,0.9130533337593079,101.0,13.357162475585938,1.0,13.357162475585938,22.0,0.0,0.05618168041110039,22.0,0.15000000596046448,291.42901611328125,0.0,0.0,0.1428498774766922
442,31.100143432617188,-90.46707916259766,10668.0,14.953265190124512,0.9222331047058105,101.0,13.352871894836426,1.0,13.352871894836426,22.0,0.0,0.06126902624964714,22.0,0.15000000596046448,291.33538818359375,0.0,0.0,0.0
443,31.10226058959961,-90.45468139648438,10668.0,22.112491607666016,0.7801990509033203,102.0,13.348583221435547,1.0,13.348583221435547,22.0,0.0,0.05643400549888611,22.0,0.15000000596046448,291.2418212890625,0.0,0.14596989750862122,0.0
444,31.1043758392334,-90.4422836303711,10668.0,10.927879333496094,0.7965766191482544,102.0,13.3442964553833,1.0,13.3442964553833,22.0,0.0,0.057427000254392624,22.0,0.15000000596046448,291.1482849121094,0.0,0.0,0.0
445,31.10650634765625,-90.42971801757812,10668.0,11.257771492004395,0.7910143733024597,102.0,13.50881576538086,1.0,13.50881576538086,22.0,0.0,0.05268080532550812,22.0,0.15000000596046448,294.73779296875,0.0,0.0,0.08770333975553513
446,31.108640670776367,-90.41712188720703,10668.0,11.129047393798828,0.7871456742286682,102.0,13.546669006347656,1.0,13.546669006347656,22.0,0.0,0.05387863889336586,22.0,0.15000000596046448,295.5636901855469,0.0,0.0,0.0
447,31.11077308654785,-90.4045181274414,10668.0,11.032666206359863,0.7880674600601196,102.0,13.542320251464844,1.0,13.542320251464844,22.0,0.0,0.05483550950884819,22.0,0.15000000596046448,295.46881103515625,0.0,0.0,0.07551989704370499
448,31.11290740966797,-90.39192199707031,10668.0,11.029729843139648,0.7814866900444031,102.0,13.53797435760498,1.0,13.53797435760498,22.0,0.0,0.05135555937886238,22.0,0.15000000596046448,295.3739929199219,0.0,0.0,0.0
449,31.115039825439453,-90.37931823730469,10668.0,13.43547534942627,0.8752452731132507,103.0,13.53363037109375,1.0,13.53363037109375,22.0,0.0,0.05913447588682175,22.0,0.15000000596046448,295.2792053222656,0.0,0.07867975533008575,0.0
450,31.11717414855957,-90.3667221069336,10668.0,13.272706985473633,0.8812369108200073,103.0,13.529290199279785,1.0,13.529290199279785,22.0,0.0,0.05583864450454712,22.0,0.15000000596046448,295.18450927734375,0.0,0.0,0.0
451,31.119413375854492,-90.3534927368164,10668.0,13.449959754943848,0.8914159536361694,103.0,14.20114517211914,1.0,14.20114517211914,22.0,0.0,0.05786718428134918,22.0,0.15000000596046448,309.8431701660156,0.0,0.0,0.0
452,31.121679306030273,-90.3401107788086,10668.0,13.7958402633667,0.8899522423744202,103.0,14.369059562683105,1.0,14.369059562683105,22.0,0.0,0.0582369901239872,22.0,0.15000000596046448,313.5067443847656,0.0,0.0,0.0
453,31.123947143554688,-90.32672882080078,10668.0,25.101736068725586,0.7243527173995972,104.0,14.368731498718262,1.0,14.368731498718262,22.0,0.0,0.052960898727178574,22.0,0.15000000596046448,313.49957275390625,0.0,0.0,0.0
454,31.12621307373047,-90.31334686279297,10668.0,19.685422897338867,0.7377945780754089,104.0,14.368402481079102,1.0,14.368402481079102,22.0,0.0,0.0546564906835556,22.0,0.15000000596046448,313.492431640625,0.0,0.0,0.0
455,31.128480911254883,-90.29995727539062,10668.0,9.805963516235352,0.7403445243835449,104.0,14.368073463439941,1.0,14.368073463439941,22.0,0.0,0.05625029653310776,22.0,0.15000000596046448,313.4852600097656,0.0,0.0,0.0
456,31.130746841430664,-90.28657531738281,10668.0,28.04555320739746,0.8756018877029419,105.0,14.367745399475098,1.0,14.367745399475098,22.0,0.0,0.06018238142132759,22.0,0.15000000596046448,313.47808837890625,0.0,0.0,0.0
457,31.1328125,-90.27433776855469,10668.0,12.913897514343262,0.8744505643844604,105.0,13.131936073303223,1.0,13.131936073303223,22.0,6.459479608508399e-16,0.05201949551701546,22.0,0.15000000596046448,286.51495361328125,0.0,0.0,0.0
458,31.134830474853516,-90.26239013671875,10668.0,12.808698654174805,0.8748030662536621,105.0,12.819822311401367,1.0,12.819822311401367,22.0,0.0,0.05278730392456055,22.0,0.15000000596046448,279.7052307128906,0.0,0.0,0.33824625611305237
459,31.1368465423584,-90.25044250488281,10668.0,12.754077911376953,0.8697556853294373,105.0,12.815729141235352,1.0,12.815729141235352,22.0,0.0,0.05994361639022827,22.0,0.15000000596046448,279.61590576171875,0.0,0.0,0.0
460,31.13886260986328,-90.23848724365234,10668.0,12.512648582458496,0.8827020525932312,105.0,12.811637878417969,1.0,12.811637878417969,22.0,6.459479608508399e-16,0.05253951624035835,22.0,0.15000000596046448,279.5266418457031,0.0,0.0,0.3412226140499115
461,31.140880584716797,-90.2265396118164,10668.0,12.894763946533203,0.8748162388801575,105.0,12.807548522949219,1.0,12.807548522949219,22.0,0.0,0.05634145438671112,22.0,0.15000000596046448,279.43743896484375,0.0,0.0,0.342709481716156
462,31.14289665222168,-90.21459197998047,10668.0,12.536991119384766,0.8763190507888794,105.0,12.803462982177734,1.0,12.803462982177734,22.0,0.0,0.055306658148765564,22.0,0.15000000596046448,279.3482666015625,0.0,0.0,0.3441954553127289
463,31.14504623413086,-90.20173645019531,10668.0,12.511709213256836,0.8825206756591797,105.0,13.762582778930664,1.0,13.762582778930664,22.0,0.0,0.05538936331868172,22.0,0.15000000596046448,300.2745361328125,0.0,0.0,0.0
464,31.14723014831543,-90.18865203857422,10668.0,22.908023834228516,0.9178724884986877,106.0,13.995492935180664,1.0,13.995492935180664,22.0,0.0,0.05847189947962761,22.0,0.15000000596046448,305.356201171875,0.0,0.0,0.0
465,31.1494140625,-90.17556762695312,10668.0,14.653054237365723,0.9343720078468323,106.0,13.986837387084961,1.0,13.986837387084961,22.0,0.0,0.055131904780864716,22.0,0.15000000596046448,305.1673583984375,0.0,0.0,0.0
466,31.151596069335938,-90.16248321533203,10668.0,32.34583282470703,0.9620523452758789,107.0,13.978193283081055,1.0,13.978193283081055,22.0,0.0,0.057288818061351776,22.0,0.15000000596046448,304.978759765625,0.0,0.0,0.0
467,31.153779983520508,-90.14939880371094,10668.0,18.145030975341797,0.9684516787528992,107.0,13.969557762145996,1.0,13.969557762145996,22.0,6.459479608508399e-16,0.060281213372945786,22.0,0.15000000596046448,304.7903747558594,0.0,0.0,0.0
468,31.155963897705078,-90.13631439208984,10668.0,27.154598236083984,0.8025814294815063,108.0,13.960933685302734,1.0,13.960933685302734,22.0,0.0,0.05796735733747482,22.0,0.15000000596046448,304.6022033691406,0.0,0.0,0.0
469,31.158172607421875,-90.12313842773438,10669.015625,23.969951629638672,0.8051986694335938,108.0,14.061120986938477,1.0,14.061120986938477,22.0,0.0,0.05332253500819206,22.0,0.15000000596046448,306.7880859375,0.0,0.0,0.0
470,31.160390853881836,-90.10993957519531,10670.2861328125,11.218755722045898,0.7975515127182007,108.0,14.086347579956055,1.0,14.086347579956055,22.0,0.0,0.05350051447749138,22.0,0.15000000596046448,307.3385009765625,0.0,0.0,0.0
471,31.162607192993164,-90.09674072265625,10671.5556640625,28.463376998901367,0.8316107392311096,109.0,14.086031913757324,1.0,14.086031913757324,22.0,0.0,0.05493249371647835,22.0,0.15000000596046448,307.33160400390625,0.0,0.0,0.0
472,31.164823532104492,-90.08354187011719,10672.826171875,20.50377082824707,0.8221971392631531,109.0,14.085716247558594,1.0,14.085716247558594,22.0,0.0,0.0555129274725914,22.0,0.15000000596046448,307.32470703125,0.0,0.0,0.0
473,31.16703987121582,-90.07034301757812,10674.095703125,11.752362251281738,0.8227106928825378,109.0,14.085400581359863,1.0,14.085400581359863,22.0,0.0,0.05724581331014633,22.0,0.15000000596046448,307.3178405761719,0.0,0.0,0.0
474,31.16925621032715,-90.05713653564453,10675.3662109375,26.024394989013672,0.7741329669952393,110.0,14.085084915161133,1.0,14.085084915161133,22.0,6.459479608508399e-16,0.0532594658434391,22.0,0.15000000596046448,307.3109436035156,0.0,0.0,0.0
475,31.171459197998047,-90.04398345947266,10675.6201171875,10.779094696044922,0.7784527540206909,110.0,14.040546417236328,1.0,14.040546417236328,22.0,0.0,0.0570928230881691,22.0,0.15000000596046448,306.3392028808594,0.0,0.0,0.0
476,31.173660278320312,-90.03083038330078,10675.6201171875,30.953590393066406,0.8959786295890808,111.0,14.029178619384766,1.0,14.029178619384766,22.0,0.0,0.05180932581424713,22.0,0.15000000596046448,306.0911865234375,0.0,0.0,0.0
477,31.175859451293945,-90.0176773071289,10675.6201171875,26.63033103942871,0.8969438076019287,111.0,14.0288667678833,1.0,14.0288667678833,22.0,0.0,0.057593636214733124,22.0,0.15000000596046448,306.0843505859375,0.0,0.0,0.0
478,31.17806053161621,-90.00453186035156,10675.6201171875,14.244856834411621,0.8816776275634766,111.0,14.02855396270752,1.0,14.02855396270752,22.0,0.0,0.05819295346736908,22.0,0.15000000596046448,306.0775451660156,0.0,0.0,0.0
479,31.180259704589844,-89.99137878417969,10675.6201171875,28.76767349243164,0.8355388045310974,112.0,14.028242111206055,1.0,14.028242111206055,22.0,0.0,0.05559846758842468,22.0,0.15000000596046448,306.07073974609375,0.0,0.0,0.0
480,31.18246078491211,-89.97823333740234,10675.6201171875,20.394847869873047,0.8389405608177185,112.0,14.027929306030273,1.0,14.027929306030273,22.0,6.459479608508399e-16,0.05739845335483551,22.0,0.15000000596046448,306.06390380859375,0.0,0.0,0.0
481,31.184539794921875,-89.96574401855469,10674.603515625,12.313671112060547,0.8250150680541992,112.0,13.324017524719238,1.0,13.324017524719238,22.0,0.0,0.06137040629982948,22.0,0.15000000596046448,290.7058410644531,0.0,0.0,0.15490280091762543
482,31.18659019470215,-89.95343017578125,10673.333984375,11.945491790771484,0.8243131637573242,112.0,13.15709114074707,1.0,13.15709114074707,22.0,6.459479608508399e-16,0.054432932287454605,22.0,0.15000000596046448,287.0638122558594,0.0,0.0,0.0
483,31.188640594482422,-89.94111633300781,10672.064453125,88.34200286865234,1.0,113.0,0.0,0.0,13.168594360351562,22.0,1000.0,0.05714099109172821,0.0,0.15000000596046448,287.3147888183594,4.78857946395874,0.21142031252384186,0.0
484,31.190689086914062,-89.92879486083984,10670.7939453125,88.32422637939453,1.0,113.0,0.0,0.0,13.180118560791016,22.0,1000.0,0.053535979241132736,0.0,0.15000000596046448,287.56622314453125,4.7927703857421875,0.0,0.0
485,31.192739486694336,-89.9164810180664,10669.5244140625,88.3016128540039,0.9949519038200378,113.0,13.191662788391113,1.0,13.191662788391113,22.0,0.0,0.05335410684347153,22.0,0.15000000596046448,287.8180847167969,0.0,0.0,0.20303167402744293
486,31.19478988647461,-89.90415954589844,10668.25390625,27.263547897338867,0.991375744342804,113.0,11.72252082824707,0.8878526091575623,13.203227996826172,22.0,0.6064510345458984,0.05694200098514557,19.532756805419922,0.15000000596046448,288.0704345703125,0.0,0.0,0.19882607460021973
487,31.196853637695312,-89.8915786743164,10668.0,24.905500411987305,0.9905198216438293,113.0,12.048078536987305,0.8917945027351379,13.509925842285156,22.0,0.5960802435874939,0.053054019808769226,19.61948013305664,0.15000000596046448,294.76202392578125,0.0,0.0,0.0
488,31.19891929626465,-89.8789291381836,10668.0,26.577611923217773,0.882189929485321,114.0,13.612120628356934,1.0,13.612120628356934,22.0,0.0,0.055700596421957016,22.0,0.15000000596046448,296.9917297363281,0.0,0.050137851387262344,0.0
489,31.200986862182617,-89.86627960205078,10668.0,13.470759391784668,0.8766067624092102,114.0,13.644639015197754,1.0,13.644639015197754,22.0,0.0,0.055459264665842056,22.0,0.15000000596046448,297.7012023925781,0.0,0.0,0.0
490,31.203052520751953,-89.85363006591797,10668.0,13.222397804260254,0.8740893602371216,114.0,13.677314758300781,1.0,13.677314758300781,22.0,0.0,0.051820311695337296,22.0,0.15000000596046448,298.41412353515625,0.0,0.0,0.026431169360876083
491,31.205120086669922,-89.84098052978516,10668.0,13.0828218460083,0.863567054271698,114.0,13.710147857666016,1.0,13.710147857666016,22.0,0.0,0.06014011427760124,22.0,0.15000000596046448,299.1304931640625,0.0,0.0,0.0
492,31.207185745239258,-89.82833099365234,10668.0,12.677929878234863,0.8588559031486511,114.0,13.74314022064209,1.0,13.74314022064209,22.0,0.0,0.05415147542953491,22.0,0.15000000596046448,299.850341796875,0.0,0.0,0.0024943191092461348
493,31.209306716918945,-89.81536102294922,10665.9677734375,12.469815254211426,0.8585720658302307,114.0,14.11129093170166,1.0,14.11129093170166,22.0,0.0,0.05201973393559456,22.0,0.15000000596046448,307.8827209472656,0.0,0.0,0.0
494,31.21143913269043,-89.80230712890625,10663.427734375,9.732622146606445,0.7279977202415466,115.0,14.215362548828125,1.0,14.215362548828125,22.0,6.459479608508399e-16,0.0515698604285717,22.0,0.15000000596046448,310.15338134765625,0.0,0.0,0.0
495,31.213573455810547,-89.78926086425781,10660.8876953125,9.483266830444336,0.7253508567810059,115.0,14.232376098632812,1.0,14.232376098632812,22.0,0.0,0.05501420423388481,22.0,0.15000000596046448,310.5245666503906,0.0,0.0,0.0
496,31.21570587158203,-89.77620697021484,10658.34765625,23.333560943603516,0.7556499242782593,116.0,14.249429702758789,1.0,14.249429702758789,22.0,0.0,0.05176423117518425,22.0,0.15000000596046448,310.89666748046875,0.0,0.0,0.0
497,31.21784019470215,-89.7631607055664,10655.8076171875,9.795198440551758,0.7511356472969055,116.0,14.266526222229004,1.0,14.266526222229004,22.0,0.0,0.05821149796247482,22.0,0.15000000596046448,311.2696533203125,0.0,0.0,0.0
498,31.219972610473633,-89.75010681152344,10653.267578125,9.63343620300293,0.7226924896240234,116.0,14.283663749694824,1.0,14.283663749694824,22.0,0.0,0.0523599311709404,22.0,0.15000000596046448,311.6435852050781,0.0,0.0,0.0
499,31.222000122070312,-89.73788452148438,10638.5361328125,9.077825546264648,0.7367642521858215,116.0,13.391819953918457,1.0,13.391819953918457,22.0,0.0,0.054936815053224564,22.0,0.15000000596046448,292.1851806640625,0.0,0.0,0.13024714589118958
500,31.224000930786133,-89.72586822509766,10620.755859375,9.220911979675293,0.721245527267456,116.0,13.1709623336792,1.0,13.1709623336792,22.0,0.0,0.056965816766023636,22.0,0.15000000596046448,287.366455078125,0.0,0.0,0.0
501,31.22599983215332,-89.71385192871094,10602.9755859375,8.887998580932617,0.7121932506561279,116.0,13.174726486206055,1.0,13.174726486206055,22.0,0.0,0.05749095231294632,22.0,0.15000000596046448,287.4485778808594,0.0,0.0,0.2091902643442154
502,31.22800064086914,-89.70183563232422,10585.1962890625,8.662802696228027,0.7005956768989563,116.0,13.17849349975586,1.0,13.17849349975586,22.0,0.0,0.055707987397909164,22.0,0.15000000596046448,287.53076171875,0.0,0.0,0.20782069861888885
503,31.229999542236328,-89.6898193359375,10567.416015625,8.402729034423828,0.6816040277481079,116.0,13.18226146697998,1.0,13.18226146697998,22.0,0.0,0.05584818869829178,22.0,0.15000000596046448,287.61297607421875,0.0,0.0,0.0
504,31.23200035095215,-89.67780303955078,10549.6357421875,8.045188903808594,0.664335310459137,116.0,13.18603229522705,1.0,13.18603229522705,22.0,0.0,0.05887633562088013,22.0,0.15000000596046448,287.69525146484375,0.0,0.0,0.20507904887199402
505,31.234039306640625,-89.66532135009766,10528.8076171875,7.723525047302246,0.6642199754714966,116.0,13.699841499328613,1.0,13.699841499328613,22.0,0.0,0.056469324976205826,22.0,0.15000000596046448,298.9056091308594,0.0,0.0,0.0
506,31.2360897064209,-89.65271759033203,10507.2177734375,20.352500915527344,0.6948736906051636,117.0,13.838197708129883,1.0,13.838197708129883,22.0,0.0,0.057015419006347656,22.0,0.15000000596046448,301.92431640625,0.0,0.0,0.0
507,31.238140106201172,-89.64012145996094,10485.6279296875,9.307640075683594,0.6944608092308044,117.0,13.85066032409668,1.0,13.85066032409668,22.0,0.0,0.053806886076927185,22.0,0.15000000596046448,302.19622802734375,0.0,0.0,0.0
508,31.240190505981445,-89.62751770019531,10464.0380859375,25.847993850708008,0.6822327375411987,118.0,13.863146781921387,1.0,13.863146781921387,22.0,0.0,0.05479735881090164,22.0,0.15000000596046448,302.4686584472656,0.0,0.0,0.0
509,31.24224090576172,-89.61492156982422,10442.4482421875,15.85692024230957,0.682295560836792,118.0,13.875656127929688,1.0,13.875656127929688,22.0,0.0,0.05930209532380104,22.0,0.15000000596046448,302.7415771484375,0.0,0.0,0.0
510,31.24428939819336,-89.6023178100586,10420.8583984375,9.265875816345215,0.6613211035728455,118.0,13.888188362121582,1.0,13.888188362121582,22.0,0.0,0.06307700276374817,22.0,0.15000000596046448,303.0150146484375,0.0,0.0,0.0
511,31.246313095092773,-89.5898666381836,10397.236328125,24.27039337158203,0.6862040162086487,119.0,13.72812271118164,1.0,13.72812271118164,22.0,0.0,0.05289601907134056,22.0,0.15000000596046448,299.5226745605469,0.0,0.007955505512654781,0.0
512,31.248329162597656,-89.57745361328125,10373.1064453125,9.383553504943848,0.6801637411117554,119.0,13.687254905700684,1.0,13.687254905700684,22.0,6.459479608508399e-16,0.053449634462594986,22.0,0.15000000596046448,298.6310119628906,0.0,0.0,0.0
513,31.250347137451172,-89.56503295898438,10348.9755859375,9.324705123901367,0.6789212226867676,119.0,13.68697452545166,1.0,13.68697452545166,22.0,0.0,0.054131291806697845,22.0,0.15000000596046448,298.6249084472656,0.0,0.0,0.022918427363038063
514,31.252363204956055,-89.55261993408203,10324.845703125,9.326584815979004,0.6648299098014832,119.0,13.68669319152832,1.0,13.68669319152832,22.0,0.0,0.05202450230717659,22.0,0.15000000596046448,298.6187744140625,0.0,0.0,0.0
515,31.254379272460938,-89.54019927978516,10300.7158203125,9.153464317321777,0.6488779783248901,119.0,13.686412811279297,1.0,13.686412811279297,22.0,0.0,0.052022211253643036,22.0,0.15000000596046448,298.6126403808594,0.0,0.0,0.02312258817255497
516,31.256397247314453,-89.52778625488281,10276.5859375,8.959599494934082,0.6225517988204956,119.0,13.686132431030273,1.0,13.686132431030273,22.0,0.0,0.053594302386045456,22.0,0.15000000596046448,298.60650634765625,0.0,0.0,0.0
517,31.258426666259766,-89.51527404785156,10251.4404296875,17.2541561126709,0.5751954913139343,120.0,13.774717330932617,1.0,13.774717330932617,22.0,0.0,0.052754949778318405,22.0,0.15000000596046448,300.5392761230469,0.0,0.0,0.0
518,31.260459899902344,-89.50273895263672,10226.0400390625,8.13219165802002,0.5709154009819031,120.0,13.783050537109375,1.0,13.783050537109375,22.0,0.0,0.05722583457827568,22.0,0.15000000596046448,300.7210998535156,0.0,0.0,0.0
519,31.262493133544922,-89.49020385742188,10200.6396484375,23.51877784729004,0.5265641212463379,121.0,13.765839576721191,1.0,13.765839576721191,22.0,0.0,0.0542297326028347,22.0,0.15000000596046448,300.3455810546875,0.0,0.0,0.0
520,31.2645263671875,-89.47767639160156,10175.240234375,7.639619827270508,0.5192656517028809,121.0,13.74867057800293,1.0,13.74867057800293,22.0,0.0,0.054632026702165604,22.0,0.15000000596046448,299.9709777832031,0.0,0.0,0.00048350924043916166
521,31.266559600830078,-89.46514129638672,10149.83984375,7.554206848144531,0.5069368481636047,121.0,13.73154354095459,1.0,13.73154354095459,22.0,6.459479608508399e-16,0.051070041954517365,22.0,0.15000000596046448,299.5973205566406,0.0,0.0,0.0
522,31.268592834472656,-89.45260620117188,10124.4404296875,20.742956161499023,0.42691901326179504,122.0,13.714458465576172,1.0,13.714458465576172,22.0,0.0,0.05571466311812401,22.0,0.15000000596046448,299.22454833984375,0.0,0.012924134731292725,0.0
523,31.270612716674805,-89.44007110595703,10110.2158203125,6.737580299377441,0.39771151542663574,122.0,13.684298515319824,1.0,13.684298515319824,22.0,0.0,0.05301104113459587,22.0,0.15000000596046448,298.5665283203125,0.0,0.0,0.0
524,31.27263069152832,-89.42754364013672,10098.7861328125,6.48743200302124,0.3985724449157715,122.0,13.654070854187012,1.0,13.654070854187012,22.0,0.0,0.05611570179462433,22.0,0.15000000596046448,297.9070129394531,0.0,0.0,0.03488326445221901
525,31.274646759033203,-89.41500854492188,10087.3564453125,6.454544544219971,0.39322465658187866,122.0,13.624736785888672,1.0,13.624736785888672,22.0,0.0,0.05382239818572998,22.0,0.15000000596046448,297.2669677734375,0.0,0.0,0.0
526,31.276662826538086,-89.40247344970703,10075.92578125,6.3723249435424805,0.3776056468486786,122.0,13.595526695251465,1.0,13.595526695251465,22.0,0.0,0.05578999221324921,22.0,0.15000000596046448,296.6296691894531,0.0,0.0,0.05617223307490349
527,31.2786808013916,-89.38993835449219,10064.49609375,6.213675498962402,0.38843458890914917,122.0,13.566439628601074,1.0,13.566439628601074,22.0,6.459479608508399e-16,0.06178583204746246,22.0,0.15000000596046448,295.99505615234375,0.0,0.0,0.0
528,31.280696868896484,-89.37740325927734,10053.06640625,14.554393768310547,0.49959176778793335,123.0,13.537476539611816,1.0,13.537476539611816,22.0,0.0,0.05103008821606636,22.0,0.15000000596046448,295.3631286621094,0.0,0.0772811695933342,0.0
529,31.282779693603516,-89.36444854736328,10051.7958984375,7.051828384399414,0.4962395131587982,123.0,14.001811981201172,1.0,14.001811981201172,22.0,6.459479608508399e-16,0.055657222867012024,22.0,0.15000000596046448,305.49407958984375,0.0,0.0,0.0
530,31.284879684448242,-89.35137939453125,10053.06640625,6.959988594055176,0.48773306608200073,123.0,14.129450798034668,1.0,14.129450798034668,22.0,0.0,0.05473863705992699,22.0,0.15000000596046448,308.2789306640625,0.0,0.0,0.0
531,31.28697967529297,-89.33831024169922,10054.3359375,6.819655895233154,0.47860148549079895,123.0,14.141979217529297,1.0,14.141979217529297,22.0,0.0,0.0556318573653698,22.0,0.15000000596046448,308.5522766113281,0.0,0.0,0.0
532,31.289079666137695,-89.32524871826172,10055.6064453125,21.309532165527344,0.2551638185977936,124.0,14.15453052520752,1.0,14.15453052520752,22.0,0.0,0.05707385018467903,22.0,0.15000000596046448,308.82611083984375,0.0,0.0,0.0
533,31.291179656982422,-89.31217956542969,10056.8759765625,17.053314208984375,0.24444285035133362,124.0,14.167104721069336,1.0,14.167104721069336,22.0,0.0,0.05682164058089256,22.0,0.15000000596046448,309.1004638671875,0.0,0.0,0.0
534,31.29327964782715,-89.29911041259766,10058.146484375,4.90545129776001,0.22959227859973907,124.0,14.17970085144043,1.0,14.17970085144043,22.0,6.459479608508399e-16,0.05285743996500969,22.0,0.15000000596046448,309.37530517578125,0.0,0.0,0.0
535,31.295272827148438,-89.28665924072266,10058.400390625,4.738235950469971,0.21448872983455658,124.0,13.514456748962402,1.0,13.514456748962402,22.0,0.0,0.05753963440656662,22.0,0.15000000596046448,294.8608703613281,0.0,0.0,0.08565225452184677
536,31.297239303588867,-89.27436065673828,10058.400390625,4.5721282958984375,0.20126445591449738,124.0,13.347305297851562,1.0,13.347305297851562,22.0,0.0,0.052669182419776917,22.0,0.15000000596046448,291.21392822265625,0.0,0.0,0.14643453061580658
537,31.299205780029297,-89.2620620727539,10058.400390625,4.416184902191162,0.1848638653755188,124.0,13.347037315368652,1.0,13.347037315368652,22.0,0.0,0.057194486260414124,22.0,0.15000000596046448,291.2080993652344,0.0,0.0,0.146531879901886
538,31.30117416381836,-89.24976348876953,10058.400390625,4.242020130157471,0.17024339735507965,124.0,13.346769332885742,1.0,13.346769332885742,22.0,6.459479608508399e-16,0.05741443485021591,22.0,0.15000000596046448,291.2022399902344,0.0,0.0,0.1466292440891266
539,31.30314064025879,-89.23745727539062,10058.400390625,4.076638221740723,0.18649353086948395,124.0,13.346501350402832,1.0,13.346501350402832,22.0,0.0,0.05555089935660362,22.0,0.15000000596046448,291.1964111328125,0.0,0.0,0.14672662317752838
540,31.30510711669922,-89.22515869140625,10058.400390625,4.072246551513672,0.18473462760448456,124.0,13.346234321594238,1.0,13.346234321594238,22.0,0.0,0.0514659620821476,22.0,0.15000000596046448,291.1905517578125,0.0,0.0,0.0
541,31.307140350341797,-89.21259307861328,10058.400390625,3.970630645751953,0.16948610544204712,124.0,13.640801429748535,1.0,13.640801429748535,22.0,0.0,0.0529191680252552,22.0,0.15000000596046448,297.61749267578125,0.0,0.0,0.039708416908979416
542,31.30919075012207,-89.19995880126953,10058.400390625,3.794041633605957,0.14801914989948273,124.0,13.71423625946045,1.0,13.71423625946045,22.0,0.0,0.056240878999233246,22.0,0.15000000596046448,299.2196960449219,0.0,0.0,0.0
543,31.31123924255371,-89.18732452392578,10058.400390625,13.544821739196777,0.1589590609073639,125.0,13.713949203491211,1.0,13.713949203491211,22.0,0.0,0.05445972457528114,22.0,0.15000000596046448,299.21343994140625,0.0,0.013109276071190834,0.0
544,31.313289642333984,-89.17469024658203,10058.400390625,4.936747074127197,0.15678153932094574,125.0,13.713663101196289,1.0,13.713663101196289,22.0,0.0,0.05512382462620735,22.0,0.15000000596046448,299.2071838378906,0.0,0.0,0.0
545,31.315340042114258,-89.16206359863281,10058.400390625,4.974020957946777,0.123489148914814,125.0,13.71337604522705,1.0,13.71337604522705,22.0,0.0,0.05793333426117897,22.0,0.15000000596046448,299.200927734375,0.0,0.0,0.013317723758518696
546,31.31739044189453,-89.14942932128906,10058.400390625,4.8496575355529785,0.11318497359752655,125.0,13.713089942932129,1.0,13.713089942932129,22.0,0.0,0.053079284727573395,22.0,0.15000000596046448,299.1946716308594,0.0,0.0,0.01342195738106966
547,31.319427490234375,-89.1365966796875,10058.400390625,4.837850093841553,0.09823257476091385,125.0,13.916060447692871,1.0,13.916060447692871,22.0,0.0,0.05890803039073944,22.0,0.15000000596046448,303.6231384277344,0.0,0.0,0.0
548,31.321460723876953,-89.12371063232422,10058.400390625,18.88350486755371,0.15251018106937408,126.0,13.963212966918945,1.0,13.963212966918945,22.0,6.459479608508399e-16,0.05579341575503349,22.0,0.15000000596046448,304.65191650390625,0.0,0.0,0.0
549,31.32349395751953,-89.11082458496094,10058.400390625,5.098575592041016,0.13943126797676086,126.0,13.958687782287598,1.0,13.958687782287598,22.0,0.0,0.05272877216339111,22.0,0.15000000596046448,304.5531921386719,0.0,0.0,0.0
550,31.32552719116211,-89.09794616699219,10058.400390625,22.760663986206055,0.2120220959186554,127.0,13.9541654586792,1.0,13.9541654586792,22.0,0.0,0.05357927456498146,22.0,0.15000000596046448,304.4544982910156,0.0,0.0,0.0
551,31.327560424804688,-89.0850601196289,10058.400390625,15.506218910217285,0.19772469997406006,127.0,13.949645042419434,1.0,13.949645042419434,22.0,0.0,0.055569469928741455,22.0,0.15000000596046448,304.35589599609375,0.0,0.0,0.0
552,31.329593658447266,-89.07217407226562,10058.400390625,5.391778469085693,0.18890321254730225,127.0,13.945128440856934,1.0,13.945128440856934,22.0,0.0,0.05546603351831436,22.0,0.15000000596046448,304.25732421875,0.0,0.0,0.0
553,31.331586837768555,-89.05961608886719,10045.1923828125,21.32220458984375,0.12817953526973724,128.0,13.606609344482422,1.0,13.606609344482422,22.0,0.0,0.055487047880887985,22.0,0.15000000596046448,296.8714904785156,0.0,0.05214192345738411,0.0
554,31.33357048034668,-89.04712677001953,10028.681640625,5.039405345916748,0.13775433599948883,128.0,13.528502464294434,1.0,13.528502464294434,22.0,0.0,0.05085470899939537,22.0,0.15000000596046448,295.1673278808594,0.0,0.0,0.0
555,31.335554122924805,-89.0346450805664,10012.171875,5.083539962768555,0.12661243975162506,128.0,13.5364408493042,1.0,13.5364408493042,22.0,0.0,0.05324189364910126,22.0,0.15000000596046448,295.3405456542969,0.0,0.0,0.07765775173902512
556,31.337535858154297,-89.02216339111328,9995.662109375,5.018658638000488,0.11260704696178436,128.0,13.544389724731445,1.0,13.544389724731445,22.0,0.0,0.051896173506975174,22.0,0.15000000596046448,295.5139465332031,0.0,0.0,0.0
557,31.339519500732422,-89.00968170166016,9979.15234375,4.935174465179443,0.10321304202079773,128.0,13.552347183227539,1.0,13.552347183227539,22.0,6.459479608508399e-16,0.056135646998882294,22.0,0.15000000596046448,295.6875915527344,0.0,0.0,0.07187364250421524
558,31.341503143310547,-88.99720001220703,9962.6416015625,4.869816303253174,0.09871648252010345,128.0,13.560315132141113,1.0,13.560315132141113,22.0,0.0,0.054758470505476,22.0,0.15000000596046448,295.8614196777344,0.0,0.0,0.0
559,31.34351348876953,-88.98440551757812,9942.068359375,16.89076805114746,0.0,129.0,13.879743576049805,1.0,13.879743576049805,22.0,6.459479608508399e-16,0.05608604848384857,22.0,0.15000000596046448,302.8307800292969,0.0,0.0,0.0
560,31.345529556274414,-88.97154235839844,9920.4775390625,4.341188430786133,0.0,129.0,13.94873332977295,1.0,13.94873332977295,22.0,0.0,0.053064920008182526,22.0,0.15000000596046448,304.33599853515625,0.0,0.0,0.0
561,31.34754753112793,-88.95867156982422,9898.8876953125,22.632471084594727,0.27369192242622375,130.0,13.935750961303711,1.0,13.935750961303711,22.0,0.0,0.05601010099053383,22.0,0.15000000596046448,304.0527648925781,0.0,0.0,0.0
562,31.349563598632812,-88.94580841064453,9877.2978515625,14.016877174377441,0.2596525251865387,130.0,13.922792434692383,1.0,13.922792434692383,22.0,0.0,0.05102546140551567,22.0,0.15000000596046448,303.77001953125,0.0,0.0,0.0
563,31.351579666137695,-88.93293762207031,9855.7080078125,5.523557662963867,0.24540141224861145,130.0,13.909857749938965,1.0,13.909857749938965,22.0,6.459479608508399e-16,0.052048422396183014,22.0,0.15000000596046448,303.4878234863281,0.0,0.0,0.0
564,31.353595733642578,-88.92007446289062,9834.1181640625,20.64898681640625,0.17772802710533142,131.0,13.89694595336914,1.0,13.89694595336914,22.0,0.0,0.05832638591527939,22.0,0.15000000596046448,303.20611572265625,0.0,0.0,0.0
565,31.355587005615234,-88.90741729736328,9809.48046875,4.9615478515625,0.16782471537590027,131.0,13.661972045898438,1.0,13.661972045898438,22.0,0.0,0.05614716559648514,22.0,0.15000000596046448,298.07940673828125,0.0,0.0,0.03201001510024071
566,31.35757064819336,-88.89482116699219,9784.080078125,4.850764751434326,0.16211549937725067,131.0,13.600382804870605,1.0,13.600382804870605,22.0,6.459479608508399e-16,0.05051187798380852,22.0,0.15000000596046448,296.7356262207031,0.0,0.0,0.0
567,31.35955238342285,-88.88221740722656,9758.6796875,17.522619247436523,0.008250521495938301,132.0,13.595995903015137,1.0,13.595995903015137,22.0,0.0,0.05086679384112358,22.0,0.15000000596046448,296.6399230957031,0.0,0.05600142478942871,0.0
568,31.361536026000977,-88.86962127685547,9733.2802734375,3.9598350524902344,0.0,132.0,13.591612815856934,1.0,13.591612815856934,22.0,6.459479608508399e-16,0.05705289542675018,22.0,0.15000000596046448,296.5442810058594,0.0,0.0,0.0
569,31.3635196685791,-88.85701751708984,9707.8798828125,3.8537330627441406,0.01043776236474514,132.0,13.587231636047363,1.0,13.587231636047363,22.0,0.0,0.054558493196964264,22.0,0.15000000596046448,296.44866943359375,0.0,0.0,0.059188615530729294
570,31.365503311157227,-88.84442138671875,9682.48046875,3.8257100582122803,0.0,132.0,13.582853317260742,1.0,13.582853317260742,22.0,0.0,0.050837453454732895,22.0,0.15000000596046448,296.3531494140625,0.0,0.0,0.06078077480196953
571,31.367446899414062,-88.83197021484375,9657.080078125,3.7032766342163086,0.0,132.0,13.403721809387207,1.0,13.403721809387207,22.0,0.0,0.05669230595231056,22.0,0.15000000596046448,292.4448547363281,0.0,0.0,0.0
572,31.369380950927734,-88.81954956054688,9631.6796875,3.6243739128112793,0.013577586971223354,132.0,13.342928886413574,1.0,13.342928886413574,22.0,6.459479608508399e-16,0.05289328098297119,22.0,0.15000000596046448,291.1184387207031,0.0,0.0,0.14802587032318115
573,31.371313095092773,-88.80713653564453,9606.2802734375,3.6023788452148438,0.018649859353899956,132.0,13.322606086730957,1.0,13.322606086730957,22.0,0.0,0.059580717235803604,22.0,0.15000000596046448,290.675048828125,0.0,0.0,0.1554158478975296
574,31.373247146606445,-88.79471588134766,9580.8798828125,3.5409011840820312,0.021283790469169617,132.0,13.302345275878906,1.0,13.302345275878906,22.0,0.0,0.05572304129600525,22.0,0.15000000596046448,290.23297119140625,0.0,0.0,0.1627836376428604
575,31.375179290771484,-88.78230285644531,9555.48046875,3.466393232345581,0.01441216841340065,132.0,13.282144546508789,1.0,13.282144546508789,22.0,0.0,0.051480602473020554,22.0,0.15000000596046448,289.792236328125,0.0,0.0,0.17012935876846313
576,31.377113342285156,-88.76988220214844,9530.080078125,3.34769868850708,0.0032113210763782263,132.0,13.262003898620605,1.0,13.262003898620605,22.0,0.0,0.06363122165203094,22.0,0.15000000596046448,289.3528137207031,0.0,0.0,0.17745310068130493
577,31.379140853881836,-88.75688171386719,9514.83984375,3.2084031105041504,0.0,132.0,13.868009567260742,1.0,13.868009567260742,22.0,0.0,0.05351131036877632,22.0,0.15000000596046448,302.57476806640625,0.0,0.0,0.0
578,31.381189346313477,-88.74372863769531,9502.1396484375,3.0980701446533203,0.0,132.0,14.003314971923828,1.0,14.003314971923828,22.0,0.0,0.055469810962677,22.0,0.15000000596046448,305.52685546875,0.0,0.0,0.0
579,31.38323974609375,-88.73058319091797,9489.4404296875,21.467283248901367,0.04478953778743744,133.0,13.982157707214355,1.0,13.982157707214355,22.0,6.459479608508399e-16,0.05259348824620247,22.0,0.15000000596046448,305.0652770996094,0.0,0.0,0.0
580,31.385290145874023,-88.7174301147461,9476.740234375,11.457046508789062,0.051169779151678085,133.0,13.961064338684082,1.0,13.961064338684082,22.0,0.0,0.05971542373299599,22.0,0.15000000596046448,304.60504150390625,0.0,0.0,0.0
581,31.387340545654297,-88.70427703857422,9464.0400390625,4.436131954193115,0.04506532847881317,133.0,13.940032958984375,1.0,13.940032958984375,22.0,0.0,0.05563562363386154,22.0,0.15000000596046448,304.14617919921875,0.0,0.0,0.0
582,31.38939094543457,-88.69113159179688,9451.33984375,20.040266036987305,0.08820147067308426,134.0,13.919063568115234,1.0,13.919063568115234,22.0,0.0,0.057796578854322433,22.0,0.15000000596046448,303.68865966796875,0.0,0.0,0.0
583,31.39146614074707,-88.67774200439453,9448.7998046875,4.70194149017334,0.08408036082983017,134.0,14.176360130310059,1.0,14.176360130310059,22.0,6.459479608508399e-16,0.051860421895980835,22.0,0.15000000596046448,309.3023986816406,0.0,0.0,0.0
584,31.393550872802734,-88.66429138183594,9448.7998046875,22.08428192138672,0.07453803718090057,135.0,14.25169849395752,1.0,14.25169849395752,22.0,0.0,0.053740646690130234,22.0,0.15000000596046448,310.9461669921875,0.0,0.0,0.0
585,31.395633697509766,-88.65084075927734,9448.7998046875,16.464893341064453,0.07747531682252884,135.0,14.264104843139648,1.0,14.264104843139648,22.0,6.459479608508399e-16,0.05340692400932312,22.0,0.15000000596046448,311.2168273925781,0.0,0.0,0.0
586,31.397716522216797,-88.63739013671875,9448.7998046875,4.754275321960449,0.08551590144634247,135.0,14.276533126831055,1.0,14.276533126831055,22.0,0.0,0.05187973752617836,22.0,0.15000000596046448,311.4880065917969,0.0,0.0,0.0
587,31.399799346923828,-88.62393951416016,9448.7998046875,22.597169876098633,0.25290706753730774,136.0,14.288984298706055,1.0,14.288984298706055,22.0,6.459479608508399e-16,0.05169852077960968,22.0,0.15000000596046448,311.7596435546875,0.0,0.0,0.0
588,31.401884078979492,-88.61048889160156,9448.7998046875,5.711120128631592,0.257883220911026,136.0,14.301456451416016,1.0,14.301456451416016,22.0,0.0,0.05334636569023132,22.0,0.15000000596046448,312.0317687988281,0.0,0.0,0.0
589,31.40382194519043,-88.59791564941406,9448.7998046875,5.7518720626831055,0.26771801710128784,136.0,13.376341819763184,1.0,13.376341819763184,22.0,0.0,0.053648076951503754,22.0,0.15000000596046448,291.84747314453125,0.0,0.0,0.1358756124973297
590,31.405725479125977,-88.58556365966797,9448.7998046875,5.815369129180908,0.2861824333667755,136.0,13.150179862976074,1.0,13.150179862976074,22.0,6.459479608508399e-16,0.05791283771395683,22.0,0.15000000596046448,286.91302490234375,0.0,0.0,0.0
591,31.407629013061523,-88.57320404052734,9448.7998046875,5.92665433883667,0.27506646513938904,136.0,13.157524108886719,1.0,13.157524108886719,22.0,6.459479608508399e-16,0.05299071967601776,22.0,0.15000000596046448,287.0732421875,0.0,0.0,0.2154458910226822
592,31.40953254699707,-88.56085205078125,9448.7998046875,5.854882717132568,0.2940405011177063,136.0,13.164875984191895,1.0,13.164875984191895,22.0,0.0,0.05590803176164627,22.0,0.15000000596046448,287.2336730957031,0.0,0.0,0.0
593,31.411436080932617,-88.54850006103516,9448.7998046875,18.300125122070312,0.1049792692065239,137.0,13.172236442565918,1.0,13.172236442565918,22.0,0.0,0.050147101283073425,22.0,0.15000000596046448,287.3942565917969,0.0,0.21009576320648193,0.0
594,31.413339614868164,-88.53614044189453,9448.7998046875,4.915145397186279,0.1125980019569397,137.0,13.179605484008789,1.0,13.179605484008789,22.0,0.0,0.06236029416322708,22.0,0.15000000596046448,287.5550231933594,0.0,0.0,0.0
595,31.41533088684082,-88.52317810058594,9448.7998046875,4.93257474899292,0.11841239035129547,137.0,13.826495170593262,1.0,13.826495170593262,22.0,0.0,0.05580088868737221,22.0,0.15000000596046448,301.6689758300781,0.0,0.0,0.0
596,31.41737937927246,-88.50981140136719,9448.7998046875,16.213642120361328,0.1715366244316101,138.0,14.252913475036621,1.0,14.252913475036621,22.0,0.0,0.06289451569318771,22.0,0.15000000596046448,310.97265625,0.0,0.0,0.0
597,31.419429779052734,-88.49644470214844,9448.7998046875,5.172934532165527,0.1743839979171753,138.0,14.24835205078125,1.0,14.24835205078125,22.0,0.0,0.05034872144460678,22.0,0.15000000596046448,310.8731384277344,0.0,0.0,0.0
598,31.421480178833008,-88.48307800292969,9448.7998046875,21.400177001953125,0.14285808801651,139.0,14.243793487548828,1.0,14.243793487548828,22.0,0.0,0.04979667067527771,22.0,0.15000000596046448,310.7736511230469,0.0,0.0,0.0
599,31.42353057861328,-88.46971130371094,9448.7998046875,4.944429874420166,0.13543999195098877,139.0,14.239236831665039,1.0,14.239236831665039,22.0,0.0,0.052355676889419556,22.0,0.15000000596046448,310.67425537109375,0.0,0.0,0.0
600,31.425579071044922,-88.45634460449219,9448.7998046875,21.917978286743164,0.21254056692123413,140.0,14.2346830368042,1.0,14.2346830368042,22.0,6.459479608508399e-16,0.05359378829598427,22.0,0.15000000596046448,310.5749206542969,0.0,0.0,0.0
601,31.427534103393555,-88.44365692138672,9448.7998046875,19.029600143432617,0.226675882935524,140.0,13.499805450439453,1.0,13.499805450439453,22.0,0.0,0.052897095680236816,22.0,0.15000000596046448,294.54119873046875,0.0,0.0,0.0
602,31.429424285888672,-88.43142700195312,9448.7998046875,5.235143661499023,0.22897681593894958,140.0,13.000741004943848,1.0,13.000741004943848,22.0,0.0,0.05610952526330948,22.0,0.15000000596046448,283.65252685546875,0.0,0.0,0.2724578380584717
603,31.431316375732422,-88.419189453125,9448.7998046875,5.191294193267822,0.22683173418045044,140.0,12.982352256774902,1.0,12.982352256774902,22.0,0.0,0.05055224150419235,22.0,0.15000000596046448,283.2513427734375,0.0,0.0,0.0
604,31.43320655822754,-88.4069595336914,9448.7998046875,16.503093719482422,0.07850757986307144,141.0,12.964015007019043,1.0,12.964015007019043,22.0,0.0,0.054937105625867844,22.0,0.15000000596046448,282.85125732421875,0.0,0.2858125865459442,0.0
605,31.435096740722656,-88.39472198486328,9448.7998046875,4.2928032875061035,0.08948522061109543,141.0,12.94572925567627,1.0,12.94572925567627,22.0,0.0,0.05302570015192032,22.0,0.15000000596046448,282.4522705078125,0.0,0.0,0.0
606,31.436986923217773,-88.38248443603516,9448.7998046875,4.277750015258789,0.08572643995285034,141.0,12.927494049072266,1.0,12.927494049072266,22.0,0.0,0.05436350032687187,22.0,0.15000000596046448,282.0544128417969,0.0,0.0,0.2990931272506714
607,31.438899993896484,-88.37007141113281,9448.7998046875,4.189672470092773,0.09470204263925552,141.0,13.099834442138672,1.0,13.099834442138672,22.0,0.0,0.05276533216238022,22.0,0.15000000596046448,285.8145751953125,0.0,0.0,0.23642393946647644
608,31.440900802612305,-88.35694122314453,9448.7998046875,4.1583147048950195,0.11391052603721619,141.0,13.845284461975098,1.0,13.845284461975098,22.0,6.459479608508399e-16,0.05629996955394745,22.0,0.15000000596046448,302.0789489746094,0.0,0.0,0.0
609,31.442899703979492,-88.34380340576172,9448.7998046875,4.169890880584717,0.1306820511817932,141.0,13.836813926696777,1.0,13.836813926696777,22.0,6.459479608508399e-16,0.054972149431705475,22.0,0.15000000596046448,301.89410400390625,0.0,0.0,0.0
610,31.444900512695312,-88.33067321777344,9448.7998046875,4.168325424194336,0.15086978673934937,141.0,13.828351974487305,1.0,13.828351974487305,22.0,6.459479608508399e-16,0.055723898112773895,22.0,0.15000000596046448,301.7095031738281,0.0,0.0,0.0
611,31.4468994140625,-88.31754302978516,9448.7998046875,18.76849365234375,0.3398928642272949,142.0,13.819900512695312,1.0,13.819900512695312,22.0,0.0,0.057846881449222565,22.0,0.15000000596046448,301.5251159667969,0.0,0.0,0.0
612,31.44890022277832,-88.30440521240234,9448.7998046875,5.6542816162109375,0.3441973924636841,142.0,13.8114595413208,1.0,13.8114595413208,22.0,0.0,0.05293930694460869,22.0,0.15000000596046448,301.3409423828125,0.0,0.0,0.0
613,31.450912475585938,-88.29116821289062,9449.0537109375,5.7561187744140625,0.3622426390647888,142.0,13.916160583496094,1.0,13.916160583496094,22.0,6.459479608508399e-16,0.05345694720745087,22.0,0.15000000596046448,303.62530517578125,0.0,0.0,0.0
614,31.452980041503906,-88.27749633789062,9450.32421875,14.540609359741211,0.26092278957366943,143.0,14.361886978149414,1.0,14.361886978149414,22.0,6.459479608508399e-16,0.051997046917676926,22.0,0.15000000596046448,313.3502502441406,0.0,0.0,0.0
615,31.455047607421875,-88.26383209228516,9451.59375,5.375469207763672,0.2631778120994568,143.0,14.361580848693848,1.0,14.361580848693848,22.0,0.0,0.0563691072165966,22.0,0.15000000596046448,313.3435974121094,0.0,0.0,0.0
616,31.45711326599121,-88.25016784667969,9452.8642578125,22.197370529174805,0.385692298412323,144.0,14.361275672912598,1.0,14.361275672912598,22.0,6.459479608508399e-16,0.05233049765229225,22.0,0.15000000596046448,313.3369140625,0.0,0.0,0.0
617,31.45918083190918,-88.23650360107422,9454.1337890625,6.301527976989746,0.37922003865242004,144.0,14.360969543457031,1.0,14.360969543457031,22.0,0.0,0.05366174876689911,22.0,0.15000000596046448,313.33026123046875,0.0,0.0,0.0
618,31.461246490478516,-88.22283172607422,9455.404296875,23.837711334228516,0.37738320231437683,145.0,14.360664367675781,1.0,14.360664367675781,22.0,0.0,0.06421098113059998,22.0,0.15000000596046448,313.3235778808594,0.0,0.0,0.0
619,31.46328353881836,-88.20936584472656,9456.419921875,18.461959838867188,0.37879297137260437,145.0,14.153656959533691,1.0,14.153656959533691,22.0,0.0,0.058116067200899124,22.0,0.15000000596046448,308.80706787109375,0.0,0.0,0.0
620,31.465200424194336,-88.1966781616211,9456.419921875,6.399920463562012,0.39722445607185364,145.0,13.326571464538574,1.0,13.326571464538574,22.0,0.0,0.05306416377425194,22.0,0.15000000596046448,290.76153564453125,0.0,0.0,0.15397417545318604
621,31.467117309570312,-88.18399810791016,9456.419921875,6.566714763641357,0.412373423576355,145.0,13.326308250427246,1.0,13.326308250427246,22.0,0.0,0.058169927448034286,22.0,0.15000000596046448,290.75579833984375,0.0,0.0,0.0
622,31.46903419494629,-88.17131042480469,9456.419921875,14.330344200134277,0.2614440321922302,146.0,13.326045036315918,1.0,13.326045036315918,22.0,0.0,0.05363360419869423,22.0,0.15000000596046448,290.75006103515625,0.0,0.154165580868721,0.0
623,31.470949172973633,-88.15863037109375,9456.419921875,5.741917610168457,0.2720334231853485,146.0,13.32578182220459,1.0,13.32578182220459,22.0,0.0,0.05381004512310028,22.0,0.15000000596046448,290.74432373046875,0.0,0.0,0.0
624,31.47286605834961,-88.14595031738281,9456.419921875,5.82593297958374,0.2895340919494629,146.0,13.325518608093262,1.0,13.325518608093262,22.0,0.0,0.057242631912231445,22.0,0.15000000596046448,290.73858642578125,0.0,0.0,0.15435701608657837
625,31.474790573120117,-88.13320922851562,9456.419921875,5.947839260101318,0.29380297660827637,146.0,13.384946823120117,1.0,13.384946823120117,22.0,0.0,0.05085384100675583,22.0,0.15000000596046448,292.03521728515625,0.0,0.0,0.13274645805358887
626,31.476743698120117,-88.1202392578125,9456.419921875,5.985139846801758,0.3035792410373688,146.0,13.62344741821289,1.0,13.62344741821289,22.0,0.0,0.05120626091957092,22.0,0.15000000596046448,297.2388610839844,0.0,0.0,0.0
627,31.478696823120117,-88.10726928710938,9456.419921875,21.243900299072266,0.3161260783672333,147.0,13.623173713684082,1.0,13.623173713684082,22.0,0.0,0.05381329730153084,22.0,0.15000000596046448,297.2328796386719,0.0,0.04611876606941223,0.0
628,31.480649948120117,-88.09429931640625,9456.419921875,6.131190776824951,0.32433852553367615,147.0,13.622899055480957,1.0,13.622899055480957,22.0,0.0,0.05380219593644142,22.0,0.15000000596046448,297.2268981933594,0.0,0.0,0.0
629,31.482603073120117,-88.08132934570312,9456.419921875,6.178799629211426,0.34030377864837646,147.0,13.622624397277832,1.0,13.622624397277832,22.0,6.459479608508399e-16,0.053635455667972565,22.0,0.15000000596046448,297.2209167480469,0.0,0.0,0.04631830379366875
630,31.484556198120117,-88.068359375,9456.419921875,6.272384166717529,0.35245954990386963,147.0,13.622350692749023,1.0,13.622350692749023,22.0,6.459479608508399e-16,0.05845758691430092,22.0,0.15000000596046448,297.21490478515625,0.0,0.0,0.0
631,31.486509323120117,-88.0553970336914,9456.419921875,6.337518692016602,0.37019625306129456,147.0,13.622076034545898,1.0,13.622076034545898,22.0,0.0,0.05826633796095848,22.0,0.15000000596046448,297.20892333984375,0.0,0.0,0.046517860144376755
632,31.488513946533203,-88.04203796386719,9456.419921875,6.437168598175049,0.3736468553543091,147.0,14.031315803527832,1.0,14.031315803527832,22.0,6.459479608508399e-16,0.053748078644275665,22.0,0.15000000596046448,306.1378173828125,0.0,0.0,0.0
633,31.490530014038086,-88.0285873413086,9456.419921875,16.557024002075195,0.5175675749778748,148.0,14.140141487121582,1.0,14.140141487121582,22.0,0.0,0.053739793598651886,22.0,0.15000000596046448,308.5121765136719,0.0,0.0,0.0
634,31.49254608154297,-88.01513671875,9456.419921875,7.535025596618652,0.5392096042633057,148.0,14.148202896118164,1.0,14.148202896118164,22.0,0.0,0.05540827661752701,22.0,0.15000000596046448,308.6880798339844,0.0,0.0,0.0
635,31.494564056396484,-88.00169372558594,9456.419921875,22.403152465820312,0.3892611265182495,149.0,14.15627384185791,1.0,14.15627384185791,22.0,0.0,0.05825464800000191,22.0,0.15000000596046448,308.8641662597656,0.0,0.0,0.0
636,31.496580123901367,-87.98824310302734,9456.419921875,6.429111480712891,0.4032464623451233,149.0,14.164355278015137,1.0,14.164355278015137,22.0,0.0,0.05822798237204552,22.0,0.15000000596046448,309.04046630859375,0.0,0.0,0.0
637,31.49859619140625,-87.97479248046875,9456.419921875,25.407564163208008,0.6128038167953491,150.0,14.172445297241211,1.0,14.172445297241211,22.0,0.0,0.052090298384428024,22.0,0.15000000596046448,309.21697998046875,0.0,0.0,0.0
638,31.50077247619629,-87.96150970458984,9455.404296875,21.018041610717773,0.6148808598518372,150.0,14.03175163269043,1.0,14.03175163269043,22.0,0.0,0.05278558284044266,22.0,0.15000000596046448,306.1473083496094,0.0,0.0,0.0
639,31.50299072265625,-87.94828033447266,9454.1337890625,8.271671295166016,0.6163086295127869,150.0,13.996475219726562,1.0,13.996475219726562,22.0,6.459479608508399e-16,0.052453599870204926,22.0,0.15000000596046448,305.3776550292969,0.0,0.0,0.0
640,31.505207061767578,-87.93504333496094,9452.8642578125,24.547439575195312,0.5347939729690552,151.0,13.9961576461792,1.0,13.9961576461792,22.0,0.0,0.05087234824895859,22.0,0.15000000596046448,305.3706970214844,0.0,0.0,0.0
641,31.507423400878906,-87.92181396484375,9451.59375,15.53176498413086,0.538112998008728,151.0,13.995840072631836,1.0,13.995840072631836,22.0,0.0,0.055525895208120346,22.0,0.15000000596046448,305.36376953125,0.0,0.0,0.0
642,31.509639739990234,-87.90857696533203,9450.32421875,7.283448219299316,0.5354436635971069,151.0,13.995521545410156,1.0,13.995521545410156,22.0,6.459479608508399e-16,0.05128414183855057,22.0,0.15000000596046448,305.3568420410156,0.0,0.0,0.0
643,31.511856079101562,-87.89534759521484,9449.0537109375,7.184192180633545,0.5336641669273376,151.0,13.995203971862793,1.0,13.995203971862793,22.0,0.0,0.05015663802623749,22.0,0.15000000596046448,305.34991455078125,0.0,0.0,0.0
644,31.514873504638672,-87.88292694091797,9448.7998046875,7.0900139808654785,0.5431201457977295,151.0,13.408197402954102,1.0,13.408197402954102,22.0,0.0,0.04958907514810562,22.0,0.15000000596046448,292.54248046875,0.0,0.0,0.12429185956716537
645,31.518089294433594,-87.87071228027344,9448.7998046875,7.1015520095825195,0.5568037629127502,151.0,13.285749435424805,1.0,13.285749435424805,22.0,0.0,0.05472709238529205,22.0,0.15000000596046448,289.87091064453125,0.0,0.0,0.1688183695077896
646,31.52130699157715,-87.85848999023438,9448.7998046875,7.154006004333496,0.5560005307197571,151.0,13.297162055969238,1.0,13.297162055969238,22.0,0.0,0.050027139484882355,22.0,0.15000000596046448,290.1199035644531,0.0,0.0,0.1646682620048523
647,31.52452278137207,-87.84627532958984,9448.7998046875,7.063773155212402,0.5630045533180237,151.0,13.308595657348633,1.0,13.308595657348633,22.0,0.0,0.050139170140028,22.0,0.15000000596046448,290.3693542480469,0.0,0.0,0.0
648,31.527740478515625,-87.83406066894531,9448.7998046875,15.874571800231934,0.6490337252616882,152.0,13.320049285888672,1.0,13.320049285888672,22.0,0.0,0.053853943943977356,22.0,0.15000000596046448,290.6192626953125,0.0,0.15634585916996002,0.0
649,31.530956268310547,-87.82184600830078,9448.7998046875,8.435794830322266,0.6533394455909729,152.0,13.331522941589355,1.0,13.331522941589355,22.0,0.0,0.05365980789065361,22.0,0.15000000596046448,290.8695983886719,0.0,0.0,0.0
650,31.535200119018555,-87.80988311767578,9447.7841796875,8.558731079101562,0.6568999290466309,152.0,13.511570930480957,1.0,13.511570930480957,22.0,0.0,0.05600973963737488,22.0,0.15000000596046448,294.79791259765625,0.0,0.0,0.08670157194137573
651,31.53969955444336,-87.79798126220703,9446.513671875,8.67025089263916,0.6649666428565979,152.0,13.577301979064941,1.0,13.577301979064941,22.0,0.0,0.05399749055504799,22.0,0.15000000596046448,296.2320251464844,0.0,0.0,0.062799371778965
652,31.544200897216797,-87.78607940673828,9445.244140625,8.83682918548584,0.6800311803817749,152.0,13.580801963806152,1.0,13.580801963806152,22.0,0.0,0.05589723587036133,22.0,0.15000000596046448,296.30841064453125,0.0,0.0,0.0
653,31.5487003326416,-87.77417755126953,9443.9736328125,23.671472549438477,0.6585211753845215,153.0,13.584304809570312,1.0,13.584304809570312,22.0,0.0,0.05617859587073326,22.0,0.15000000596046448,296.38482666015625,0.0,0.06025274097919464,0.0
654,31.553199768066406,-87.76228332519531,9442.7041015625,8.86856746673584,0.6748902797698975,153.0,13.587809562683105,1.0,13.587809562683105,22.0,0.0,0.051370732486248016,22.0,0.15000000596046448,296.4613037109375,0.0,0.0,0.0
655,31.55769920349121,-87.75038146972656,9441.43359375,9.132797241210938,0.6853317618370056,153.0,13.591316223144531,1.0,13.591316223144531,22.0,0.0,0.05830666422843933,22.0,0.15000000596046448,296.5378112792969,0.0,0.0,0.0577031709253788
656,31.56307029724121,-87.73888397216797,9441.1796875,9.320873260498047,0.699815034866333,153.0,13.691793441772461,1.0,13.691793441772461,22.0,0.0,0.05981564521789551,22.0,0.15000000596046448,298.73004150390625,0.0,0.0,0.0
657,31.56865692138672,-87.72749328613281,9441.1796875,9.567495346069336,0.6985401511192322,153.0,13.743951797485352,1.0,13.743951797485352,22.0,0.0,0.053611963987350464,22.0,0.15000000596046448,299.8680419921875,0.0,0.0,0.0021992181427776814
658,31.574243545532227,-87.71610260009766,9441.1796875,9.586411476135254,0.714495062828064,153.0,13.759425163269043,1.0,13.759425163269043,22.0,0.0,0.05269927904009819,22.0,0.15000000596046448,300.20562744140625,0.0,0.0,0.0
659,31.579830169677734,-87.7047119140625,9441.1796875,18.65514373779297,0.6774365901947021,154.0,13.774933815002441,1.0,13.774933815002441,22.0,6.459479608508399e-16,0.05194230005145073,22.0,0.15000000596046448,300.54400634765625,0.0,0.0,0.0
660,31.585594177246094,-87.69340515136719,9441.1796875,9.35226058959961,0.6963376402854919,154.0,13.821439743041992,1.0,13.821439743041992,22.0,6.459479608508399e-16,0.05459638312458992,22.0,0.15000000596046448,301.5586853027344,0.0,0.0,0.0
661,31.592069625854492,-87.68243408203125,9441.1796875,26.413272857666016,0.690859854221344,155.0,13.996213912963867,1.0,13.996213912963867,22.0,0.0,0.05367574468255043,22.0,0.15000000596046448,305.3719482421875,0.0,0.0,0.0
662,31.598543167114258,-87.67145538330078,9441.1796875,9.576057434082031,0.7090209126472473,155.0,13.995562553405762,1.0,13.995562553405762,22.0,0.0,0.05918536335229874,22.0,0.15000000596046448,305.35772705078125,0.0,0.0,0.0
663,31.605018615722656,-87.66048431396484,9441.1796875,26.447423934936523,0.6570077538490295,156.0,13.99491024017334,1.0,13.99491024017334,22.0,0.0,0.05611911416053772,22.0,0.15000000596046448,305.343505859375,0.0,0.0,0.0
664,31.611492156982422,-87.64950561523438,9441.1796875,23.961618423461914,0.6806972622871399,156.0,13.994258880615234,1.0,13.994258880615234,22.0,6.459479608508399e-16,0.0530385822057724,22.0,0.15000000596046448,305.32928466796875,0.0,0.0,0.0
665,31.61796760559082,-87.63853454589844,9441.1796875,9.453662872314453,0.697740912437439,156.0,13.993606567382812,1.0,13.993606567382812,22.0,0.0,0.05969621241092682,22.0,0.15000000596046448,305.3150634765625,0.0,0.0,0.0
666,31.624441146850586,-87.62755584716797,9441.1796875,29.828495025634766,0.8475152254104614,157.0,13.992955207824707,1.0,13.992955207824707,22.0,0.0,0.05492845177650452,22.0,0.15000000596046448,305.30084228515625,0.0,0.0,0.0
667,31.63091468811035,-87.61658477783203,9441.1796875,24.402368545532227,0.8679091334342957,157.0,13.992302894592285,1.0,13.992302894592285,22.0,0.0,0.054422423243522644,22.0,0.15000000596046448,305.2865905761719,0.0,0.0,0.0
668,31.637327194213867,-87.60576629638672,9441.1796875,13.25516414642334,0.8564213514328003,157.0,13.812604904174805,1.0,13.812604904174805,22.0,0.0,0.05143843963742256,22.0,0.15000000596046448,301.3659362792969,0.0,0.0,0.0
669,31.64364242553711,-87.59518432617188,9441.1796875,29.405061721801758,0.824087381362915,158.0,13.543538093566895,1.0,13.543538093566895,22.0,0.0,0.05084561929106712,22.0,0.15000000596046448,295.495361328125,0.0,0.07507722079753876,0.0
670,31.649959564208984,-87.58460235595703,9441.1796875,20.316179275512695,0.827588677406311,158.0,13.542925834655762,1.0,13.542925834655762,22.0,0.0,0.04962627589702606,22.0,0.15000000596046448,295.4820251464844,0.0,0.0,0.0
671,31.65627670288086,-87.57402038574219,9441.1796875,12.020299911499023,0.8343415856361389,158.0,13.542314529418945,1.0,13.542314529418945,22.0,6.459479608508399e-16,0.060319431126117706,22.0,0.15000000596046448,295.46868896484375,0.0,0.0,0.07552197575569153
672,31.662593841552734,-87.56343078613281,9441.1796875,12.15818977355957,0.8496479392051697,158.0,13.541703224182129,1.0,13.541703224182129,22.0,0.0,0.0538606271147728,22.0,0.15000000596046448,295.455322265625,0.0,0.0,0.0
673,31.668909072875977,-87.55284881591797,9441.1796875,12.53889274597168,0.8472164869308472,158.0,13.541090965270996,1.0,13.541090965270996,22.0,6.459479608508399e-16,0.05649295076727867,22.0,0.15000000596046448,295.4419860839844,0.0,0.0,0.07596686482429504
674,31.6752872467041,-87.54217529296875,9441.1796875,12.424323081970215,0.8527936935424805,158.0,13.662903785705566,1.0,13.662903785705566,22.0,6.459479608508399e-16,0.05499507486820221,22.0,0.15000000596046448,298.0997314453125,0.0,0.0,0.0
675,31.681753158569336,-87.53135681152344,9441.1796875,26.65217399597168,0.8090453147888184,159.0,13.845911979675293,1.0,13.845911979675293,22.0,6.459479608508399e-16,0.049619462341070175,22.0,0.15000000596046448,302.0926208496094,0.0,0.0,0.0
676,31.68821907043457,-87.52053833007812,9441.1796875,11.351106643676758,0.816340982913971,159.0,13.845272064208984,1.0,13.845272064208984,22.0,0.0,0.05381568893790245,22.0,0.15000000596046448,302.07867431640625,0.0,0.0,0.0
677,31.694686889648438,-87.50971984863281,9441.1796875,27.965288162231445,0.7628589272499084,160.0,13.844632148742676,1.0,13.844632148742676,22.0,0.0,0.05535231530666351,22.0,0.15000000596046448,302.064697265625,0.0,0.0,0.0
678,31.701152801513672,-87.49890899658203,9441.1796875,23.074352264404297,0.7648676633834839,160.0,13.84399127960205,1.0,13.84399127960205,22.0,0.0,0.051703136414289474,22.0,0.15000000596046448,302.05072021484375,0.0,0.0,0.0
679,31.70762062072754,-87.48809051513672,9441.1796875,10.257601737976074,0.7780371308326721,160.0,13.843351364135742,1.0,13.843351364135742,22.0,0.0,0.05301094427704811,22.0,0.15000000596046448,302.0367431640625,0.0,0.0,0.0
680,31.713993072509766,-87.4774169921875,9442.1962890625,27.99789810180664,0.7826275825500488,161.0,13.658415794372559,1.0,13.658415794372559,22.0,6.459479608508399e-16,0.05284643918275833,22.0,0.15000000596046448,298.0018005371094,0.0,0.03330323472619057,0.0
681,31.720226287841797,-87.46694946289062,9444.736328125,20.138086318969727,0.7850623726844788,161.0,13.38289737701416,1.0,13.38289737701416,22.0,0.0,0.050433795899152756,22.0,0.15000000596046448,291.990478515625,0.0,0.0,0.0
682,31.726459503173828,-87.45648193359375,9447.2763671875,10.428075790405273,0.7619449496269226,161.0,13.386313438415527,1.0,13.386313438415527,22.0,0.0,0.04917743057012558,22.0,0.15000000596046448,292.06500244140625,0.0,0.0,0.13224974274635315
683,31.73269271850586,-87.44601440429688,9449.81640625,9.906352996826172,0.7639198899269104,161.0,13.389731407165527,1.0,13.389731407165527,22.0,0.0,0.05037831887602806,22.0,0.15000000596046448,292.13958740234375,0.0,0.0,0.13100692629814148
684,31.73892593383789,-87.435546875,9452.3564453125,9.861676216125488,0.7721118330955505,161.0,13.393150329589844,1.0,13.393150329589844,22.0,6.459479608508399e-16,0.05321991816163063,22.0,0.15000000596046448,292.2142028808594,0.0,0.0,0.1297634094953537
685,31.745159149169922,-87.42507934570312,9454.896484375,9.931584358215332,0.7569696307182312,161.0,13.39657211303711,1.0,13.39657211303711,22.0,0.0,0.05016815662384033,22.0,0.15000000596046448,292.2888488769531,0.0,0.0,0.1285191774368286
686,31.75153923034668,-87.41436004638672,9455.912109375,9.56632137298584,0.7541081309318542,161.0,13.721365928649902,1.0,13.721365928649902,22.0,0.0,0.05214330181479454,22.0,0.15000000596046448,299.375244140625,0.0,0.0,0.0
687,31.758140563964844,-87.40325927734375,9454.6416015625,9.42520809173584,0.7419508099555969,161.0,14.207037925720215,1.0,14.207037925720215,22.0,0.0,0.05321480706334114,22.0,0.15000000596046448,309.97174072265625,0.0,0.0,0.0
688,31.764739990234375,-87.39215850830078,9453.3720703125,22.638259887695312,0.8401684165000916,162.0,14.210633277893066,1.0,14.210633277893066,22.0,0.0,0.054146695882081985,22.0,0.15000000596046448,310.0501708984375,0.0,0.0,0.0
689,31.771339416503906,-87.38105773925781,9452.1015625,12.036380767822266,0.846343994140625,162.0,14.214229583740234,1.0,14.214229583740234,22.0,0.0,0.060841407626867294,22.0,0.15000000596046448,310.128662109375,0.0,0.0,0.0
690,31.77794075012207,-87.36995697021484,9450.83203125,105.16211700439453,0.9997923374176025,163.0,1.1719688177108765,0.08242952078580856,14.217828750610352,22.0,57.551578521728516,0.05301792547106743,1.813449501991272,0.15000000596046448,310.2071838378906,0.0,0.0,0.0
691,31.7845401763916,-87.35885620117188,9449.5615234375,41.02222442626953,0.9870200753211975,163.0,14.221429824829102,1.0,14.221429824829102,22.0,6.459479608508399e-16,0.057825736701488495,22.0,0.15000000596046448,310.2857360839844,0.0,0.0,0.0
692,31.791046142578125,-87.34793853759766,9448.2919921875,29.527645111083984,0.8360959887504578,164.0,14.000632286071777,1.0,14.000632286071777,22.0,0.0,0.05686211585998535,22.0,0.15000000596046448,305.46832275390625,0.0,0.0,0.0
693,31.797412872314453,-87.33728790283203,9447.0224609375,26.959203720092773,0.8420552611351013,164.0,13.664443969726562,1.0,13.664443969726562,22.0,0.0,0.05133013427257538,22.0,0.15000000596046448,298.1333312988281,0.0,0.0,0.0
694,31.80377960205078,-87.3266372680664,9445.751953125,12.356711387634277,0.8521833419799805,164.0,13.659711837768555,1.0,13.659711837768555,22.0,0.0,0.053792163729667664,22.0,0.15000000596046448,298.03009033203125,0.0,0.0,0.0328320637345314
695,31.81014633178711,-87.31598663330078,9444.482421875,12.682846069335938,0.8485551476478577,164.0,13.654982566833496,1.0,13.654982566833496,22.0,0.0,0.05356376990675926,22.0,0.15000000596046448,297.9268798828125,0.0,0.0,0.0
696,31.816513061523438,-87.30534362792969,9443.2119140625,23.290706634521484,0.7565364241600037,165.0,13.650256156921387,1.0,13.650256156921387,22.0,0.0,0.05046148970723152,22.0,0.15000000596046448,297.8237609863281,0.0,0.03627045825123787,0.0
697,31.822879791259766,-87.29469299316406,9441.9423828125,10.577675819396973,0.7590068578720093,165.0,13.645532608032227,1.0,13.645532608032227,22.0,0.0,0.05309119448065758,22.0,0.15000000596046448,297.720703125,0.0,0.0,0.0
698,31.829267501831055,-87.28399658203125,9441.1796875,10.645380020141602,0.7343370318412781,165.0,13.689286231994629,1.0,13.689286231994629,22.0,0.0,0.05767633393406868,22.0,0.15000000596046448,298.67535400390625,0.0,0.0,0.022077564150094986
699,31.835683822631836,-87.27324676513672,9441.1796875,10.240443229675293,0.7198238968849182,165.0,13.757238388061523,1.0,13.757238388061523,22.0,6.459479608508399e-16,0.05143394321203232,22.0,0.15000000596046448,300.1579284667969,0.0,0.0,0.0
700,31.842100143432617,-87.26249694824219,9441.1796875,10.022581100463867,0.7364850044250488,165.0,13.75247573852539,1.0,13.75247573852539,22.0,0.0,0.05486572906374931,22.0,0.15000000596046448,300.05401611328125,0.0,0.0,0.0
701,31.8485164642334,-87.25174713134766,9441.1796875,26.59813690185547,0.6779285073280334,166.0,13.747715950012207,1.0,13.747715950012207,22.0,0.0,0.052754588425159454,22.0,0.15000000596046448,299.9501647949219,0.0,0.000830723496619612,0.0
702,31.85493278503418,-87.24099731445312,9441.1796875,9.427587509155273,0.6534830331802368,166.0,13.742958068847656,1.0,13.742958068847656,22.0,0.0,0.055379562079906464,22.0,0.15000000596046448,299.8463439941406,0.0,0.0,0.0
703,31.86134910583496,-87.2302474975586,9441.1796875,9.106918334960938,0.6536787152290344,166.0,13.738203048706055,1.0,13.738203048706055,22.0,0.0,0.0598432682454586,22.0,0.15000000596046448,299.74261474609375,0.0,0.0,0.004289679694920778
704,31.867727279663086,-87.21954345703125,9441.1796875,9.101065635681152,0.6438272595405579,166.0,13.669386863708496,1.0,13.669386863708496,22.0,0.0,0.051594920456409454,22.0,0.15000000596046448,298.2411804199219,0.0,0.0,0.0
705,31.874042510986328,-87.20889282226562,9441.1796875,8.965697288513184,0.6392931938171387,166.0,13.567038536071777,1.0,13.567038536071777,22.0,0.0,0.059202760457992554,22.0,0.15000000596046448,296.00811767578125,0.0,0.0,0.06653156131505966
706,31.880359649658203,-87.1982421875,9441.1796875,8.892141342163086,0.6316453814506531,166.0,13.558297157287598,1.0,13.558297157287598,22.0,0.0,0.0532570518553257,22.0,0.15000000596046448,295.8173828125,0.0,0.0,0.0
707,31.886676788330078,-87.18759155273438,9441.1796875,32.679359436035156,0.9517717957496643,167.0,13.549566268920898,1.0,13.549566268920898,22.0,0.0,0.05328855663537979,22.0,0.15000000596046448,295.62689208984375,0.0,0.07288511842489243,0.0
708,31.892993927001953,-87.17694091796875,9441.1796875,17.57832908630371,0.9616883397102356,167.0,13.540844917297363,1.0,13.540844917297363,22.0,0.0,0.051239337772130966,22.0,0.15000000596046448,295.4366149902344,0.0,0.0,0.0
709,31.899309158325195,-87.16629028320312,9441.1796875,18.544509887695312,0.9530484676361084,167.0,13.532135009765625,1.0,13.532135009765625,22.0,0.0,0.051034875214099884,22.0,0.15000000596046448,295.24658203125,0.0,0.0,0.0792236328125
710,31.90559959411621,-87.15567016601562,9441.6884765625,17.6230525970459,0.9397209882736206,167.0,13.484353065490723,1.0,13.484353065490723,22.0,0.0,0.04926066845655441,22.0,0.15000000596046448,294.2040710449219,0.0,0.0,0.0
711,31.911849975585938,-87.14510345458984,9442.9580078125,16.495147705078125,0.9456775784492493,167.0,13.425037384033203,1.0,13.425037384033203,22.0,0.0,0.05542329326272011,22.0,0.15000000596046448,292.909912109375,0.0,0.0,0.11816824972629547
712,31.918100357055664,-87.13453674316406,9444.2275390625,16.90003204345703,0.9344081878662109,167.0,13.436483383178711,1.0,13.436483383178711,22.0,0.0,0.05570317059755325,22.0,0.15000000596046448,293.1596374511719,0.0,0.0,0.0
713,31.92435073852539,-87.12397003173828,9445.498046875,18.999313354492188,0.7202479243278503,168.0,13.44795036315918,1.0,13.44795036315918,22.0,6.459479608508399e-16,0.0535002164542675,22.0,0.15000000596046448,293.4098205566406,0.0,0.10983613133430481,0.0
714,31.930599212646484,-87.1134033203125,9446.767578125,9.675275802612305,0.7117708325386047,168.0,13.45943832397461,1.0,13.45943832397461,22.0,0.0,0.05305476859211922,22.0,0.15000000596046448,293.66046142578125,0.0,0.0,0.0
715,31.93684959411621,-87.10283660888672,9448.0380859375,9.486100196838379,0.7074481844902039,168.0,13.470946311950684,1.0,13.470946311950684,22.0,0.0,0.0523117333650589,22.0,0.15000000596046448,293.91156005859375,0.0,0.0,0.10147413611412048
716,31.943220138549805,-87.09207153320312,9447.7841796875,9.358065605163574,0.6959904432296753,168.0,13.73390007019043,1.0,13.73390007019043,22.0,0.0,0.04944072663784027,22.0,0.15000000596046448,299.64874267578125,0.0,0.0,0.0
717,31.949769973754883,-87.08100891113281,9445.244140625,9.12285041809082,0.6906948685646057,168.0,14.117673873901367,1.0,14.117673873901367,22.0,0.0,0.05599415302276611,22.0,0.15000000596046448,308.02197265625,0.0,0.0,0.0
718,31.95631980895996,-87.06993865966797,9442.7041015625,8.973787307739258,0.6825688481330872,168.0,14.117003440856934,1.0,14.117003440856934,22.0,6.459479608508399e-16,0.0515253059566021,22.0,0.15000000596046448,308.00732421875,0.0,0.0,0.0
719,31.96286964416504,-87.05887603759766,9440.1640625,8.783513069152832,0.6658317446708679,168.0,14.116332054138184,1.0,14.116332054138184,22.0,0.0,0.05018870532512665,22.0,0.15000000596046448,307.9927062988281,0.0,0.0,0.0
720,31.969419479370117,-87.04780578613281,9437.6240234375,16.342811584472656,0.6304424405097961,169.0,14.115660667419434,1.0,14.115660667419434,22.0,6.459479608508399e-16,0.057268399745225906,22.0,0.15000000596046448,307.9780578613281,0.0,0.0,0.0
721,31.975969314575195,-87.0367431640625,9435.083984375,8.00334358215332,0.6100748181343079,169.0,14.114989280700684,1.0,14.114989280700684,22.0,0.0,0.057077180594205856,22.0,0.15000000596046448,307.96337890625,0.0,0.0,0.0
722,31.98241424560547,-87.02584075927734,9433.5595703125,24.277023315429688,0.6225810050964355,170.0,13.896136283874512,1.0,13.896136283874512,22.0,0.0,0.055923208594322205,22.0,0.15000000596046448,303.18841552734375,0.0,0.0,0.0
723,31.988697052001953,-87.01519012451172,9433.5595703125,8.072647094726562,0.6105499863624573,170.0,13.5682373046875,1.0,13.5682373046875,22.0,0.0,0.05190211161971092,22.0,0.15000000596046448,296.0342712402344,0.0,0.0,0.0660955160856247
724,31.994979858398438,-87.0045394897461,9433.5595703125,8.009385108947754,0.5943973064422607,170.0,13.56761646270752,1.0,13.56761646270752,22.0,6.459479608508399e-16,0.054235056042671204,22.0,0.15000000596046448,296.0207214355469,0.0,0.0,0.06632129102945328
725,32.00126266479492,-86.99388885498047,9433.5595703125,7.902519226074219,0.5815554857254028,170.0,13.566995620727539,1.0,13.566995620727539,22.0,0.0,0.061821140348911285,22.0,0.15000000596046448,296.0071716308594,0.0,0.0,0.0
726,32.007545471191406,-86.98323822021484,9433.5595703125,7.833197593688965,0.5606911182403564,170.0,16.649641036987305,1.0,16.649641036987305,27.0,0.0,0.052187252789735794,27.0,0.15000000596046448,295.9936218261719,0.0,0.0,0.0667729452252388
727,32.01382827758789,-86.97258758544922,9433.5595703125,7.6841654777526855,0.5599929690361023,170.0,16.64887809753418,1.0,16.64887809753418,27.0,0.0,0.05770595371723175,27.0,0.15000000596046448,295.9800720214844,0.0,0.0,0.0
728,32.02010726928711,-86.96195220947266,9433.5595703125,22.447450637817383,0.7480536103248596,171.0,16.628305435180664,1.0,16.628305435180664,27.0,0.0,0.05450258031487465,27.0,0.15000000596046448,295.6142883300781,0.0,0.07309494912624359,0.0
729,32.02637481689453,-86.95133972167969,9433.5595703125,10.21131706237793,0.7423050999641418,171.0,16.597827911376953,1.0,16.597827911376953,27.0,0.0,0.054558418691158295,27.0,0.15000000596046448,295.0724792480469,0.0,0.0,0.0
730,32.03263854980469,-86.94071960449219,9433.5595703125,10.163168907165527,0.7153860330581665,171.0,16.597068786621094,1.0,16.597068786621094,27.0,0.0,0.05257277935743332,27.0,0.15000000596046448,295.05902099609375,0.0,0.0,0.08234979212284088
731,32.03890609741211,-86.93010711669922,9433.5595703125,9.777088165283203,0.7029668092727661,171.0,16.596311569213867,1.0,16.596311569213867,27.0,0.0,0.05512641370296478,27.0,0.15000000596046448,295.0455322265625,0.0,0.0,0.0
732,32.04517364501953,-86.91948699951172,9433.5595703125,9.632473945617676,0.6714724898338318,171.0,16.595552444458008,1.0,16.595552444458008,27.0,0.0,0.051979973912239075,27.0,0.15000000596046448,295.03204345703125,0.0,0.0,0.08279918134212494
733,32.05144119262695,-86.90886688232422,9433.5595703125,9.23099422454834,0.6558865904808044,171.0,16.59479331970215,1.0,16.59479331970215,27.0,0.0,0.051483966410160065,27.0,0.15000000596046448,295.0185546875,0.0,0.0,0.0
734,32.05772018432617,-86.8982162475586,9434.576171875,14.766801834106445,0.5465511679649353,172.0,16.655733108520508,1.0,16.655733108520508,27.0,0.0,0.05153331160545349,27.0,0.15000000596046448,296.1018981933594,0.0,0.06496822088956833,0.0
735,32.06401824951172,-86.88749694824219,9437.1162109375,7.889397144317627,0.5368086099624634,172.0,16.75569725036621,1.0,16.75569725036621,27.0,0.0,0.05322382599115372,27.0,0.15000000596046448,297.8790588378906,0.0,0.0,0.0
736,32.07032012939453,-86.87677764892578,9439.65625,7.81873083114624,0.5162550210952759,172.0,16.775110244750977,1.0,16.775110244750977,27.0,0.0,0.05604598671197891,27.0,0.15000000596046448,298.22418212890625,0.0,0.0,0.029597211629152298
737,32.07661819458008,-86.8660659790039,9442.1962890625,7.646663188934326,0.4903900623321533,172.0,16.794567108154297,1.0,16.794567108154297,27.0,0.0,0.058125946670770645,27.0,0.15000000596046448,298.5700988769531,0.0,0.0,0.02383173629641533
738,32.08292007446289,-86.8553466796875,9444.736328125,7.431699275970459,0.47184109687805176,172.0,16.81407356262207,1.0,16.81407356262207,27.0,0.0,0.05840568244457245,27.0,0.15000000596046448,298.9168701171875,0.0,0.0,0.0
739,32.08921813964844,-86.8446273803711,9447.2763671875,21.572790145874023,0.4636632204055786,173.0,16.83362579345703,1.0,16.83362579345703,27.0,0.0,0.050527557730674744,27.0,0.15000000596046448,299.26446533203125,0.0,0.012259065173566341,0.0
740,32.09549331665039,-86.83396911621094,9448.7998046875,7.216247081756592,0.4450848698616028,173.0,16.76934242248535,1.0,16.76934242248535,27.0,0.0,0.053833045065402985,27.0,0.15000000596046448,298.12164306640625,0.0,0.0,0.0
741,32.10172653198242,-86.8233871459961,9448.7998046875,7.06361198425293,0.43541738390922546,173.0,16.658958435058594,1.0,16.658958435058594,27.0,0.0,0.05091443657875061,27.0,0.15000000596046448,296.1592712402344,0.0,0.0,0.06401221454143524
742,32.10795974731445,-86.81279754638672,9448.7998046875,6.978641986846924,0.4192897379398346,173.0,16.668291091918945,1.0,16.668291091918945,27.0,0.0,0.052070003002882004,27.0,0.15000000596046448,296.3251647949219,0.0,0.0,0.0
743,32.114192962646484,-86.80221557617188,9448.7998046875,6.841156005859375,0.4141433537006378,173.0,16.677635192871094,1.0,16.677635192871094,27.0,0.0,0.049701936542987823,27.0,0.15000000596046448,296.49127197265625,0.0,0.0,0.058478593826293945
744,32.120426177978516,-86.79163360595703,9448.7998046875,6.782511234283447,0.3970933258533478,173.0,16.686988830566406,1.0,16.686988830566406,27.0,0.0,0.05775318667292595,27.0,0.15000000596046448,296.6575927734375,0.0,0.0,0.0
745,32.12665939331055,-86.78105163574219,9448.7998046875,16.588380813598633,0.4943698048591614,174.0,16.69635581970215,1.0,16.69635581970215,27.0,0.0,0.05048030987381935,27.0,0.15000000596046448,296.8240966796875,0.0,0.05293168127536774,0.0
746,32.1329460144043,-86.77035522460938,9448.2919921875,7.3662333488464355,0.480023592710495,174.0,16.87093734741211,1.0,16.87093734741211,27.0,0.0,0.05488559231162071,27.0,0.15000000596046448,299.9277648925781,0.0,0.0,0.0
747,32.139312744140625,-86.75948333740234,9447.0224609375,7.2089924812316895,0.457192599773407,174.0,17.1262264251709,1.0,17.1262264251709,27.0,0.0,0.05804811045527458,27.0,0.15000000596046448,304.4662780761719,0.0,0.0,0.0
748,32.14567947387695,-86.74861907958984,9445.751953125,6.981094837188721,0.4430551528930664,174.0,17.13062858581543,1.0,17.13062858581543,27.0,0.0,0.05150458961725235,27.0,0.15000000596046448,304.54449462890625,0.0,0.0,0.0
749,32.15204620361328,-86.73775482177734,9444.482421875,23.235454559326172,0.2965294122695923,175.0,17.135032653808594,1.0,17.135032653808594,27.0,0.0,0.056149378418922424,27.0,0.15000000596046448,304.622802734375,0.0,0.0,0.0
750,32.15841293334961,-86.72688293457031,9443.2119140625,20.698354721069336,0.28681492805480957,175.0,17.13943862915039,1.0,17.13943862915039,27.0,0.0,0.05208379775285721,27.0,0.15000000596046448,304.7011413574219,0.0,0.0,0.0
751,32.16477966308594,-86.71601867675781,9441.9423828125,5.642948627471924,0.274892121553421,175.0,17.14384651184082,1.0,17.14384651184082,27.0,0.0,0.04929177463054657,27.0,0.15000000596046448,304.7795104980469,0.0,0.0,0.0
752,32.17105484008789,-86.70530700683594,9433.5595703125,23.622533798217773,0.27468839287757874,176.0,16.899152755737305,1.0,16.899152755737305,27.0,0.0,0.04915712773799896,27.0,0.15000000596046448,300.42938232421875,0.0,0.0,0.0
753,32.17718505859375,-86.69482421875,9414.509765625,17.548566818237305,0.26255032420158386,176.0,16.525964736938477,1.0,16.525964736938477,27.0,0.0,0.050884734839200974,27.0,0.15000000596046448,293.794921875,0.0,0.0,0.0
754,32.183319091796875,-86.68434143066406,9395.4599609375,5.308751106262207,0.26822057366371155,176.0,16.52019500732422,1.0,16.52019500732422,27.0,0.0,0.052234429866075516,27.0,0.15000000596046448,293.6923522949219,0.0,0.0,0.10512737184762955
755,32.189453125,-86.67385864257812,9376.41015625,5.273120403289795,0.2545554041862488,176.0,16.514429092407227,1.0,16.514429092407227,27.0,0.0,0.0499839149415493,27.0,0.15000000596046448,293.58984375,0.0,0.0,0.10683569312095642
756,32.195587158203125,-86.66337585449219,9357.3603515625,5.120285987854004,0.2457258403301239,176.0,16.5086669921875,1.0,16.5086669921875,27.0,0.0,0.05108414962887764,27.0,0.15000000596046448,293.4874267578125,0.0,0.0,0.10854300856590271
757,32.20172119140625,-86.65289306640625,9338.3095703125,4.993520736694336,0.24495282769203186,176.0,16.50290870666504,1.0,16.50290870666504,27.0,0.0,0.052187949419021606,27.0,0.15000000596046448,293.3850402832031,0.0,0.0,0.11024931818246841
758,32.20787811279297,-86.6423568725586,9318.244140625,4.910489559173584,0.23917502164840698,176.0,16.56911277770996,1.0,16.56911277770996,27.0,0.0,0.04953764006495476,27.0,0.15000000596046448,294.56201171875,0.0,0.0,0.09063327312469482
759,32.214080810546875,-86.6317367553711,9296.654296875,4.795662879943848,0.22908955812454224,176.0,16.66303062438965,1.0,16.66303062438965,27.0,0.0,0.04988005757331848,27.0,0.15000000596046448,296.2316589355469,0.0,0.0,0.06280548870563507
760,32.220279693603516,-86.6211166381836,9275.064453125,4.653615474700928,0.2107512354850769,176.0,16.637067794799805,1.0,16.637067794799805,27.0,0.0,0.05045624077320099,27.0,0.15000000596046448,295.7701110839844,0.0,0.0,0.07049821317195892
761,32.226478576660156,-86.61050415039062,9253.4736328125,4.4643120765686035,0.20220565795898438,176.0,16.611183166503906,1.0,16.611183166503906,27.0,0.0,0.05338244512677193,27.0,0.15000000596046448,295.3099365234375,0.0,0.0,0.0
762,32.23268127441406,-86.59988403320312,9231.8837890625,4.328180313110352,0.20782949030399323,176.0,16.585376739501953,1.0,16.585376739501953,27.0,0.0,0.05168626829981804,27.0,0.15000000596046448,294.85113525390625,0.0,0.0,0.08581417053937912
763,32.2388801574707,-86.58927154541016,9210.2939453125,4.2675676345825195,0.22100882232189178,176.0,16.559648513793945,1.0,16.559648513793945,27.0,0.0,0.0542735680937767,27.0,0.15000000596046448,294.39373779296875,0.0,0.0,0.0
764,32.24522018432617,-86.57843017578125,9186.671875,4.247331619262695,0.21340452134609222,176.0,16.894596099853516,1.0,16.894596099853516,27.0,0.0,0.05265439674258232,27.0,0.15000000596046448,300.348388671875,0.0,0.0,0.0
765,32.25177001953125,-86.56726837158203,9160.001953125,23.303987503051758,0.34809091687202454,177.0,17.417526245117188,1.0,17.417526245117188,27.0,0.0,0.05718759819865227,27.0,0.15000000596046448,309.6449279785156,0.0,0.0,0.0
766,32.25831985473633,-86.55609893798828,9133.33203125,12.845576286315918,0.33641523122787476,177.0,17.411449432373047,1.0,17.411449432373047,27.0,0.0,0.05235369876027107,27.0,0.15000000596046448,309.5368957519531,0.0,0.0,0.0
767,32.264869689941406,-86.54493713378906,9106.662109375,6.01948881149292,0.3277589976787567,177.0,17.405376434326172,1.0,17.405376434326172,27.0,0.0,0.052811454981565475,27.0,0.15000000596046448,309.4289245605469,0.0,0.0,0.0
768,32.271419525146484,-86.53376770019531,9079.9921875,20.079225540161133,0.06433407962322235,178.0,17.399307250976562,1.0,17.399307250976562,27.0,0.0,0.05399330332875252,27.0,0.15000000596046448,309.3210144042969,0.0,0.0,0.0
769,32.27796936035156,-86.52259826660156,9053.322265625,4.622686386108398,0.06497122347354889,178.0,17.393239974975586,1.0,17.393239974975586,27.0,0.0,0.053733039647340775,27.0,0.15000000596046448,309.2131652832031,0.0,0.0,0.0
770,32.28440856933594,-86.5115966796875,9027.66796875,22.277996063232422,0.0,179.0,17.112285614013672,1.0,17.112285614013672,27.0,0.0,0.055614084005355835,27.0,0.15000000596046448,304.2183837890625,0.0,0.0,0.0
771,32.290672302246094,-86.50084686279297,9003.5380859375,16.750089645385742,0.0,179.0,16.69230079650879,1.0,16.69230079650879,27.0,0.0,0.05334283411502838,27.0,0.15000000596046448,296.75201416015625,0.0,0.0,0.0
772,32.296939849853516,-86.49009704589844,8979.408203125,4.437189102172852,0.0,179.0,16.681514739990234,1.0,16.681514739990234,27.0,0.0,0.05663002282381058,27.0,0.15000000596046448,296.5602722167969,0.0,0.0,0.057328883558511734
773,32.30320739746094,-86.4793472290039,8955.2783203125,4.460783958435059,0.0,179.0,16.67074203491211,1.0,16.67074203491211,27.0,0.0,0.05615464225411415,27.0,0.15000000596046448,296.3687438964844,0.0,0.0,0.0
774,32.30947494506836,-86.46859741210938,8931.1484375,14.803583145141602,0.11898064613342285,180.0,16.659982681274414,1.0,16.659982681274414,27.0,0.0,0.052944719791412354,27.0,0.15000000596046448,296.1774597167969,0.0,0.06370905786752701,0.0
775,32.315738677978516,-86.45784759521484,8907.017578125,5.042745113372803,0.10652033984661102,180.0,16.649234771728516,1.0,16.649234771728516,27.0,0.0,0.0554736852645874,27.0,0.15000000596046448,295.98638916015625,0.0,0.0,0.0
776,32.32210159301758,-86.4469223022461,8881.8720703125,4.989873886108398,0.10552513599395752,180.0,16.897125244140625,1.0,16.897125244140625,27.0,0.0,0.05055144056677818,27.0,0.15000000596046448,300.3933410644531,0.0,0.0,0.0
777,32.3286018371582,-86.43572235107422,8855.2021484375,10.937759399414062,0.02244972065091133,181.0,17.263063430786133,1.0,17.263063430786133,27.0,0.0,0.05060072988271713,27.0,0.15000000596046448,306.8988952636719,0.0,0.0,0.0
778,32.33509826660156,-86.42452239990234,8828.5322265625,4.599634647369385,0.029158668592572212,181.0,17.22625160217285,1.0,17.22625160217285,27.0,0.0,0.053461115807294846,27.0,0.15000000596046448,306.2444763183594,0.0,0.0,0.0
779,32.34159851074219,-86.41332244873047,8801.8623046875,19.906278610229492,0.0,182.0,17.189594268798828,1.0,17.189594268798828,27.0,0.0,0.05737878754734993,27.0,0.15000000596046448,305.5927734375,0.0,0.0,0.0
780,32.34809875488281,-86.4021224975586,8775.1923828125,4.479129314422607,0.0,182.0,17.153087615966797,1.0,17.153087615966797,27.0,0.0,0.05495554581284523,27.0,0.15000000596046448,304.94378662109375,0.0,0.0,0.0
781,32.35459899902344,-86.39092254638672,8748.5224609375,22.811887741088867,0.08596909791231155,183.0,17.11673355102539,1.0,17.11673355102539,27.0,0.0,0.05055328831076622,27.0,0.15000000596046448,304.2974853515625,0.0,0.0,0.0
782,32.361053466796875,-86.37982940673828,8722.3603515625,17.448347091674805,0.08056328445672989,183.0,16.932626724243164,1.0,16.932626724243164,27.0,0.0,0.05109933763742447,27.0,0.15000000596046448,301.02447509765625,0.0,0.0,0.0
783,32.367435455322266,-86.368896484375,8696.9599609375,4.7708868980407715,0.06166353449225426,183.0,16.67743682861328,1.0,16.67743682861328,27.0,0.0,0.048559144139289856,27.0,0.15000000596046448,296.4877624511719,0.0,0.0,0.058537039905786514
784,32.37382125854492,-86.35796356201172,8671.5595703125,4.648626327514648,0.058138806372880936,183.0,16.64720344543457,1.0,16.64720344543457,27.0,0.0,0.057026948779821396,27.0,0.15000000596046448,295.9502868652344,0.0,0.0,0.0
785,32.38020324707031,-86.3470230102539,8646.16015625,14.714057922363281,0.10417431592941284,184.0,16.617076873779297,1.0,16.617076873779297,27.0,0.0,0.0632254034280777,27.0,0.15000000596046448,295.4147033691406,0.0,0.07642154395580292,0.0
786,32.3865852355957,-86.33609008789062,8620.759765625,4.768204689025879,0.10529076308012009,184.0,16.58705711364746,1.0,16.58705711364746,27.0,0.0,0.048691947013139725,27.0,0.15000000596046448,294.8810119628906,0.0,0.0,0.0
787,32.39297103881836,-86.32515716552734,8595.3603515625,4.726059436798096,0.0856781080365181,184.0,16.557140350341797,1.0,16.557140350341797,27.0,0.0,0.05835963040590286,27.0,0.15000000596046448,294.3491516113281,0.0,0.0,0.09418055415153503
788,32.39934539794922,-86.314208984375,8569.9599609375,4.580102920532227,0.09249119460582733,184.0,16.55198860168457,1.0,16.55198860168457,27.0,0.0,0.05440160632133484,27.0,0.15000000596046448,294.257568359375,0.0,0.0,0.0
789,32.40571212768555,-86.30322265625,8544.5595703125,4.55666971206665,0.09482920169830322,184.0,16.56890106201172,1.0,16.56890106201172,27.0,0.0,0.05013122782111168,27.0,0.15000000596046448,294.5582580566406,0.0,0.0,0.09069590270519257
790,32.412078857421875,-86.292236328125,8519.16015625,4.507911682128906,0.09730533510446548,184.0,16.56327247619629,1.0,16.56327247619629,27.0,0.0,0.05395597591996193,27.0,0.15000000596046448,294.45819091796875,0.0,0.0,0.0
791,32.4184455871582,-86.28125762939453,8493.759765625,4.456054210662842,0.10895086079835892,184.0,16.557647705078125,1.0,16.557647705078125,27.0,0.0,0.04934518784284592,27.0,0.15000000596046448,294.3581848144531,0.0,0.0,0.09403043985366821
792,32.42481231689453,-86.27027130126953,8468.3603515625,4.445079803466797,0.10924820601940155,184.0,16.552024841308594,1.0,16.552024841308594,27.0,0.0,0.058775395154953,27.0,0.15000000596046448,294.2582092285156,0.0,0.0,0.0
793,32.43117904663086,-86.25929260253906,8442.9599609375,4.375734329223633,0.12072761356830597,184.0,16.546405792236328,1.0,16.546405792236328,27.0,0.0,0.05135336518287659,27.0,0.15000000596046448,294.1583251953125,0.0,0.0,0.09736122190952301
794,32.437713623046875,-86.24799346923828,8417.5595703125,4.358078479766846,0.1306939274072647,184.0,17.000288009643555,1.0,17.000288009643555,27.0,0.0,0.05116106942296028,27.0,0.15000000596046448,302.2273254394531,0.0,0.0,0.0
795,32.444496154785156,-86.2362289428711,8392.16015625,11.808387756347656,0.12340973317623138,185.0,17.68354034423828,1.0,17.68354034423828,27.0,0.0,0.05180998519062996,27.0,0.15000000596046448,314.3740234375,0.0,0.0,0.0
796,32.45127868652344,-86.22445678710938,8366.759765625,4.229902744293213,0.12488185614347458,185.0,17.67748260498047,1.0,17.67748260498047,27.0,0.0,0.051994964480400085,27.0,0.15000000596046448,314.266357421875,0.0,0.0,0.0
797,32.458065032958984,-86.21269226074219,8341.3603515625,19.58413314819336,0.08320488780736923,186.0,17.671428680419922,1.0,17.671428680419922,27.0,0.0,0.05231797322630882,27.0,0.15000000596046448,314.1587219238281,0.0,0.0,0.0
798,32.464847564697266,-86.200927734375,8315.9599609375,4.199572563171387,0.08105675876140594,186.0,17.665376663208008,1.0,17.665376663208008,27.0,0.0,0.05763336643576622,27.0,0.15000000596046448,314.0511474609375,0.0,0.0,0.0
799,32.47163009643555,-86.18916320800781,8290.5595703125,4.266297340393066,0.07758449763059616,186.0,17.659330368041992,1.0,17.659330368041992,27.0,0.0,0.052312225103378296,27.0,0.15000000596046448,313.9436340332031,0.0,0.0,0.0
800,32.47830581665039,-86.1775894165039,8265.16015625,16.277284622192383,0.12111996114253998,187.0,17.369203567504883,1.0,17.369203567504883,27.0,0.0,0.05349630489945412,27.0,0.15000000596046448,308.7858581542969,0.0,0.0,0.0
801,32.484825134277344,-86.16630554199219,8239.759765625,4.600893974304199,0.13052678108215332,187.0,16.939149856567383,1.0,16.939149856567383,27.0,0.0,0.0525016225874424,27.0,0.15000000596046448,301.14044189453125,0.0,0.0,0.0
802,32.49134063720703,-86.15502166748047,8214.3603515625,21.55290985107422,0.024916281923651695,188.0,16.938322067260742,1.0,16.938322067260742,27.0,0.0,0.05272969976067543,27.0,0.15000000596046448,301.125732421875,0.0,0.0,0.0
803,32.49785614013672,-86.14373779296875,8188.9599609375,12.27454948425293,0.026441199705004692,188.0,16.9374942779541,1.0,16.9374942779541,27.0,0.0,0.05795512720942497,27.0,0.15000000596046448,301.1109924316406,0.0,0.0,0.0
804,32.504371643066406,-86.13245391845703,8163.56005859375,4.330926895141602,0.03169304504990578,188.0,16.93666648864746,1.0,16.93666648864746,27.0,0.0,0.057329289615154266,27.0,0.15000000596046448,301.0962829589844,0.0,0.0,0.0
805,32.51089096069336,-86.12117004394531,8138.16015625,21.641220092773438,0.23995691537857056,189.0,16.935836791992188,1.0,16.935836791992188,27.0,0.0,0.051475949585437775,27.0,0.15000000596046448,301.08154296875,0.0,0.0,0.0
806,32.51735305786133,-86.10995483398438,8113.77587890625,5.500515460968018,0.23323513567447662,189.0,16.824697494506836,1.0,16.824697494506836,27.0,0.0,0.049370404332876205,27.0,0.15000000596046448,299.1057434082031,0.0,0.0,0.014904487878084183
807,32.52373504638672,-86.09883880615234,8090.916015625,5.502171516418457,0.2287227362394333,189.0,16.660348892211914,1.0,16.660348892211914,27.0,0.0,0.04989903047680855,27.0,0.15000000596046448,296.1839904785156,0.0,0.0,0.0
808,32.530120849609375,-86.08772277832031,8068.05615234375,19.72011947631836,0.16394437849521637,190.0,16.664405822753906,1.0,16.664405822753906,27.0,0.0,0.05540619418025017,27.0,0.15000000596046448,296.256103515625,0.0,0.06239844113588333,0.0
809,32.536502838134766,-86.07660675048828,8045.19580078125,5.191099166870117,0.18585148453712463,190.0,16.6684627532959,1.0,16.6684627532959,27.0,0.0,0.050198834389448166,27.0,0.15000000596046448,296.3282470703125,0.0,0.0,0.0
810,32.542884826660156,-86.06548309326172,8022.3359375,5.331377983093262,0.20073361694812775,190.0,16.672523498535156,1.0,16.672523498535156,27.0,0.0,0.06167476624250412,27.0,0.15000000596046448,296.4004211425781,0.0,0.0,0.059993017464876175
811,32.54927062988281,-86.05436706542969,7999.47607421875,5.431424140930176,0.21000376343727112,190.0,16.676586151123047,1.0,16.676586151123047,27.0,0.0,0.05913892760872841,27.0,0.15000000596046448,296.47265625,0.0,0.0,0.0
812,32.55571365356445,-86.04317474365234,7975.091796875,5.49689245223999,0.2174871563911438,190.0,16.820125579833984,1.0,16.820125579833984,27.0,0.0,0.05806583911180496,27.0,0.15000000596046448,299.0244445800781,0.0,0.0,0.01625918783247471
813,32.56224822998047,-86.0318603515625,7948.421875,5.54790735244751,0.21770155429840088,190.0,17.041738510131836,1.0,17.041738510131836,27.0,0.0,0.05632093921303749,27.0,0.15000000596046448,302.9642333984375,0.0,0.0,0.0
814,32.56877899169922,-86.02053833007812,7921.751953125,14.975624084472656,0.1782623827457428,191.0,17.06585693359375,1.0,17.06585693359375,27.0,0.0,0.04879054054617882,27.0,0.15000000596046448,303.3930358886719,0.0,0.0,0.0
815,32.575313568115234,-86.00922393798828,7895.08203125,5.338843822479248,0.1838974952697754,191.0,17.09004783630371,1.0,17.09004783630371,27.0,0.0,0.05331895127892494,27.0,0.15000000596046448,303.8230895996094,0.0,0.0,0.0
816,32.58184814453125,-85.99790954589844,7868.412109375,21.812118530273438,0.12028388679027557,192.0,17.114309310913086,1.0,17.114309310913086,27.0,0.0,0.05141810327768326,27.0,0.15000000596046448,304.25439453125,0.0,0.0,0.0
817,32.58837890625,-85.98658752441406,7841.7421875,5.024204254150391,0.13211004436016083,192.0,17.138641357421875,1.0,17.138641357421875,27.0,0.0,0.05001728609204292,27.0,0.15000000596046448,304.6869812011719,0.0,0.0,0.0
818,32.59479904174805,-85.97544860839844,7816.087890625,23.038007736206055,0.28525328636169434,193.0,16.887128829956055,1.0,16.887128829956055,27.0,0.0,0.048332579433918,27.0,0.15000000596046448,300.21563720703125,0.0,0.0,0.0
819,32.601051330566406,-85.96456146240234,7791.9580078125,20.954116821289062,0.274466872215271,193.0,16.494956970214844,1.0,16.494956970214844,27.0,0.0,0.05379069969058037,27.0,0.15000000596046448,293.2436828613281,0.0,0.0,0.0
820,32.6072998046875,-85.95368194580078,7767.828125,5.7941670417785645,0.2791690230369568,193.0,16.513660430908203,1.0,16.513660430908203,27.0,0.0,0.04925965145230293,27.0,0.15000000596046448,293.576171875,0.0,0.0,0.1070636436343193
821,32.613548278808594,-85.94279479980469,7743.6982421875,5.7906270027160645,0.28804993629455566,193.0,16.532407760620117,1.0,16.532407760620117,27.0,0.0,0.051893748342990875,27.0,0.15000000596046448,293.90948486328125,0.0,0.0,0.0
822,32.61980056762695,-85.93191528320312,7719.56787109375,18.89325714111328,0.2303011268377304,194.0,16.55120086669922,1.0,16.55120086669922,27.0,0.0,0.049585793167352676,27.0,0.15000000596046448,294.2435607910156,0.0,0.09594067931175232,0.0
823,32.62604904174805,-85.92102813720703,7695.43798828125,5.427994728088379,0.23484571278095245,194.0,16.570035934448242,1.0,16.570035934448242,27.0,0.0,0.0483587346971035,27.0,0.15000000596046448,294.57843017578125,0.0,0.0,0.0
824,32.632293701171875,-85.91014862060547,7671.30810546875,5.407952308654785,0.24657441675662994,194.0,16.579404830932617,1.0,16.579404830932617,27.0,0.0,0.05497419834136963,27.0,0.15000000596046448,294.7449951171875,0.0,0.0,0.08758358657360077
825,32.638526916503906,-85.89926147460938,7647.17822265625,5.424887180328369,0.24962235987186432,194.0,16.580101013183594,1.0,16.580101013183594,27.0,0.0,0.05071116238832474,27.0,0.15000000596046448,294.7573547363281,0.0,0.0,0.0
826,32.64476013183594,-85.88838195800781,7623.0478515625,5.388129234313965,0.24928557872772217,194.0,16.58916664123535,1.0,16.58916664123535,27.0,0.0,0.051373191177845,27.0,0.15000000596046448,294.9184875488281,0.0,0.0,0.08469164371490479
827,32.65099334716797,-85.87749481201172,7598.91796875,5.327736854553223,0.27111464738845825,194.0,16.59823989868164,1.0,16.59823989868164,27.0,0.0,0.05563008040189743,27.0,0.15000000596046448,295.079833984375,0.0,0.0,0.0
828,32.6572265625,-85.86661529541016,7574.7880859375,13.887054443359375,0.23454254865646362,195.0,16.60732650756836,1.0,16.60732650756836,27.0,0.0,0.05091438442468643,27.0,0.15000000596046448,295.2413635253906,0.0,0.07931075990200043,0.0
829,32.66345977783203,-85.85572814941406,7550.658203125,5.114804744720459,0.24565011262893677,195.0,16.616422653198242,1.0,16.616422653198242,27.0,0.0,0.05209334194660187,27.0,0.15000000596046448,295.403076171875,0.0,0.0,0.0
830,32.66973876953125,-85.84475708007812,7526.52783203125,5.10861873626709,0.2523709237575531,195.0,16.755428314208984,1.0,16.755428314208984,27.0,0.0,0.04882776737213135,27.0,0.15000000596046448,297.8742980957031,0.0,0.0,0.03542841970920563
831,32.676090240478516,-85.83365631103516,7502.39794921875,5.073845386505127,0.26512962579727173,195.0,16.959569931030273,1.0,16.959569931030273,27.0,0.0,0.04990376904606819,27.0,0.15000000596046448,301.5034484863281,0.0,0.0,0.0
832,32.68244171142578,-85.82256317138672,7478.26806640625,5.070760726928711,0.27812013030052185,195.0,16.968860626220703,1.0,16.968860626220703,27.0,0.0,0.05347253009676933,27.0,0.15000000596046448,301.66864013671875,0.0,0.0,0.0
833,32.68878936767578,-85.81146240234375,7454.13818359375,5.067228317260742,0.2826516926288605,195.0,16.97816276550293,1.0,16.97816276550293,27.0,0.0,0.053912706673145294,27.0,0.15000000596046448,301.833984375,0.0,0.0,0.0
834,32.69514083862305,-85.80036163330078,7430.0078125,5.010625839233398,0.2983744442462921,195.0,16.987476348876953,1.0,16.987476348876953,27.0,0.0,0.056075166910886765,27.0,0.15000000596046448,301.99957275390625,0.0,0.0,0.0
835,32.70148849487305,-85.78926086425781,7405.8779296875,12.960692405700684,0.3063586950302124,196.0,16.99679946899414,1.0,16.99679946899414,27.0,0.0,0.0511290580034256,27.0,0.15000000596046448,302.1653137207031,0.0,0.0,0.0
836,32.707847595214844,-85.77813720703125,7381.240234375,5.432973861694336,0.3110380172729492,196.0,17.028690338134766,1.0,17.028690338134766,27.0,0.0,0.055033810436725616,27.0,0.15000000596046448,302.7322998046875,0.0,0.0,0.0
837,32.71421432495117,-85.7669906616211,7355.83984375,21.66363525390625,0.3570915460586548,197.0,17.067798614501953,1.0,17.067798614501953,27.0,0.0,0.053581129759550095,27.0,0.15000000596046448,303.42755126953125,0.0,0.0,0.0
838,32.7205810546875,-85.7558364868164,7330.43994140625,5.903276443481445,0.37124601006507874,197.0,17.066972732543945,1.0,17.066972732543945,27.0,0.0,0.051690809428691864,27.0,0.15000000596046448,303.412841796875,0.0,0.0,0.0
839,32.72694778442383,-85.74468994140625,7305.0400390625,24.113954544067383,0.495769739151001,198.0,17.066144943237305,1.0,17.066144943237305,27.0,0.0,0.05174647644162178,27.0,0.15000000596046448,303.39813232421875,0.0,0.0,0.0
840,32.733314514160156,-85.7335433959961,7279.64013671875,20.832258224487305,0.5145643353462219,198.0,17.065317153930664,1.0,17.065317153930664,27.0,0.0,0.05059052258729935,27.0,0.15000000596046448,303.3834228515625,0.0,0.0,0.0
841,32.739681243896484,-85.7223892211914,7254.240234375,7.3050103187561035,0.5365855097770691,198.0,17.064489364624023,1.0,17.064489364624023,27.0,0.0,0.05732442066073418,27.0,0.15000000596046448,303.36871337890625,0.0,0.0,0.0
842,32.74603271484375,-85.71125030517578,7229.34814453125,24.450830459594727,0.47027331590652466,199.0,17.042526245117188,1.0,17.042526245117188,27.0,0.0,0.049721501767635345,27.0,0.15000000596046448,302.978271484375,0.0,0.0,0.0
843,32.75236511230469,-85.70013427734375,7205.2177734375,17.71697425842285,0.48583686351776123,199.0,17.014053344726562,1.0,17.014053344726562,27.0,0.0,0.052954982966184616,27.0,0.15000000596046448,302.4720764160156,0.0,0.0,0.0
844,32.75870132446289,-85.68901824951172,7181.087890625,7.197134494781494,0.501976728439331,199.0,17.023408889770508,1.0,17.023408889770508,27.0,0.0,0.05284423008561134,27.0,0.15000000596046448,302.6383972167969,0.0,0.0,0.0
845,32.76503372192383,-85.67790222167969,7156.9580078125,24.285425186157227,0.5038403272628784,200.0,17.03277587890625,1.0,17.03277587890625,27.0,0.0,0.051196467131376266,27.0,0.15000000596046448,302.8049011230469,0.0,0.0,0.0
846,32.771366119384766,-85.66678619384766,7132.828125,14.241007804870605,0.5105728507041931,200.0,17.04215431213379,1.0,17.04215431213379,27.0,0.0,0.05071607232093811,27.0,0.15000000596046448,302.97161865234375,0.0,0.0,0.0
847,32.7776985168457,-85.65567016601562,7108.6982421875,7.509366512298584,0.5132462978363037,200.0,10.736156463623047,1.0,10.736156463623047,17.0,0.0,0.05176785588264465,17.0,0.0,303.1385192871094,0.0,0.0,0.0
848,32.78392028808594,-85.64476013183594,7084.56787109375,22.833160400390625,0.5028173327445984,201.0,11.793755531311035,1.0,11.793755531311035,19.0,0.0,0.05520687624812126,19.0,0.15000000596046448,297.947509765625,0.0,0.03420807421207428,0.0
849,32.78997039794922,-85.63416290283203,7060.43798828125,7.480412483215332,0.5102684497833252,201.0,11.489686965942383,1.0,11.489686965942383,19.0,0.0,0.04979244992136955,19.0,0.15000000596046448,290.2657775878906,0.0,0.0,0.0
850,32.7960205078125,-85.6235580444336,7036.30810546875,7.557453632354736,0.5287389159202576,201.0,11.516867637634277,1.0,11.516867637634277,19.0,0.0,0.05351945757865906,19.0,0.15000000596046448,290.95245361328125,0.0,0.0,0.15079262852668762
851,32.80207061767578,-85.61296081542969,7012.17822265625,7.730930805206299,0.5490033626556396,201.0,11.544179916381836,1.0,11.544179916381836,19.0,0.0,0.05350818112492561,19.0,0.15000000596046448,291.6424255371094,0.0,0.0,0.0
852,32.80812072753906,-85.60236358642578,6988.0478515625,7.923315525054932,0.5633547306060791,201.0,11.571624755859375,1.0,11.571624755859375,19.0,0.0,0.054856400936841965,19.0,0.15000000596046448,292.3357849121094,0.0,0.0,0.1277371346950531
853,32.814170837402344,-85.59175872802734,6963.91796875,8.060210227966309,0.56761234998703,201.0,11.599202156066895,1.0,11.599202156066895,19.0,0.0,0.055764105170965195,19.0,0.15000000596046448,293.032470703125,0.0,0.0,0.0
854,32.82033157348633,-85.58096313476562,6939.7880859375,20.642459869384766,0.5607805252075195,202.0,11.837889671325684,1.0,11.837889671325684,19.0,0.0,0.05034444481134415,19.0,0.15000000596046448,299.0624694824219,0.0,0.015625258907675743,0.0
855,32.82666778564453,-85.56988525390625,6915.658203125,8.012092590332031,0.5770899653434753,202.0,12.180272102355957,1.0,12.180272102355957,19.0,0.0,0.05221658945083618,19.0,0.15000000596046448,307.7121276855469,0.0,0.0,0.0
856,32.83300018310547,-85.55879974365234,6891.52783203125,8.156595230102539,0.579085648059845,202.0,12.202006340026855,1.0,12.202006340026855,19.0,7.479397274253222e-16,0.049896903336048126,19.0,0.15000000596046448,308.2611999511719,0.0,0.0,0.0
857,32.839332580566406,-85.54771423339844,6867.39794921875,16.319364547729492,0.5132448077201843,203.0,12.223820686340332,1.0,12.223820686340332,19.0,0.0,0.04807289317250252,19.0,0.15000000596046448,308.81231689453125,0.0,0.0,0.0
858,32.845664978027344,-85.53663635253906,6843.26806640625,7.4899067878723145,0.5197311639785767,203.0,12.245715141296387,1.0,12.245715141296387,19.0,0.0,0.054205700755119324,19.0,0.15000000596046448,309.36541748046875,0.0,0.0,0.0
859,32.85200119018555,-85.52555084228516,6819.13818359375,24.387327194213867,0.5998460054397583,204.0,12.26768970489502,1.0,12.26768970489502,19.0,0.0,0.05454293638467789,19.0,0.15000000596046448,309.92059326171875,0.0,0.0,0.0
860,32.85814666748047,-85.51477813720703,6795.0078125,8.263301849365234,0.5911455154418945,204.0,11.931795120239258,1.0,11.931795120239258,19.0,0.0,0.05912725254893303,19.0,0.15000000596046448,301.4348449707031,0.0,0.0,0.0
861,32.864013671875,-85.50447845458984,6770.8779296875,23.840627670288086,0.41536664962768555,205.0,11.410430908203125,1.0,11.410430908203125,19.0,0.0,0.05379783734679222,19.0,0.15000000596046448,288.2635192871094,0.0,0.19560788571834564,0.0
862,32.86988067626953,-85.49417877197266,6746.748046875,20.991924285888672,0.43046197295188904,205.0,11.416946411132812,1.0,11.416946411132812,19.0,0.0,0.05238059535622597,19.0,0.15000000596046448,288.4281005859375,0.0,0.0,0.0
863,32.87574768066406,-85.48387908935547,6722.6181640625,6.586419582366943,0.4489029347896576,205.0,11.423468589782715,1.0,11.423468589782715,19.0,0.0,0.04783766716718674,19.0,0.15000000596046448,288.5928955078125,0.0,0.0,0.19011841714382172
864,32.881614685058594,-85.47357940673828,6698.48779296875,6.673935413360596,0.44613370299339294,205.0,11.429999351501465,1.0,11.429999351501465,19.0,0.0,0.04813766852021217,19.0,0.15000000596046448,288.75787353515625,0.0,0.0,0.0
865,32.887481689453125,-85.4632797241211,6674.35791015625,20.663007736206055,0.5368518233299255,206.0,11.436537742614746,1.0,11.436537742614746,19.0,0.0,0.060290779918432236,19.0,0.15000000596046448,288.9230651855469,0.0,0.18461550772190094,0.0
866,32.89340591430664,-85.4528579711914,6650.22802734375,7.306899547576904,0.5386888384819031,206.0,11.572732925415039,1.0,11.572732925415039,19.0,0.0,0.05452348291873932,19.0,0.15000000596046448,292.36376953125,0.0,0.0,0.0
867,32.89942169189453,-85.4422607421875,6626.09814453125,7.257028102874756,0.5474114418029785,206.0,11.77546501159668,1.0,11.77546501159668,19.0,0.0,0.048769038170576096,19.0,0.15000000596046448,297.48541259765625,0.0,0.0,0.04190962761640549
868,32.90544128417969,-85.4316635131836,6601.9677734375,7.268143177032471,0.5555153489112854,206.0,11.785846710205078,1.0,11.785846710205078,19.0,0.0,0.05444648489356041,19.0,0.15000000596046448,297.7477111816406,0.0,0.0,0.037538059055805206
869,32.91145706176758,-85.42105865478516,6577.837890625,7.271457672119141,0.5662024617195129,206.0,11.796248435974121,1.0,11.796248435974121,19.0,0.0,0.05163996294140816,19.0,0.15000000596046448,298.010498046875,0.0,0.0,0.0
870,32.91747283935547,-85.41046142578125,6553.7080078125,7.298816204071045,0.5879037380218506,206.0,11.806670188903809,1.0,11.806670188903809,19.0,0.0,0.05347959324717522,19.0,0.15000000596046448,298.2737731933594,0.0,0.0,0.028770627453923225
871,32.92348861694336,-85.39985656738281,6529.578125,7.440356731414795,0.6022316217422485,206.0,11.817110061645508,1.0,11.817110061645508,19.0,0.0,0.055396854877471924,19.0,0.15000000596046448,298.5375061035156,0.0,0.0,0.024374723434448242
872,32.92953872680664,-85.3891830444336,6504.43212890625,7.5098795890808105,0.6068282723426819,206.0,11.90943717956543,1.0,11.90943717956543,19.0,0.0,0.05072912946343422,19.0,0.15000000596046448,300.8699951171875,0.0,0.0,0.0
873,32.935638427734375,-85.37837982177734,6477.76220703125,7.472938537597656,0.6041046380996704,206.0,12.042913436889648,1.0,12.042913436889648,19.0,0.0,0.05150098726153374,19.0,0.15000000596046448,304.24200439453125,0.0,0.0,0.0
874,32.94173812866211,-85.3675765991211,6451.091796875,7.352072238922119,0.6130830645561218,206.0,12.053584098815918,1.0,12.053584098815918,19.0,0.0,0.055351290851831436,19.0,0.15000000596046448,304.5115966796875,0.0,0.0,0.0
875,32.94784164428711,-85.35678100585938,6424.421875,19.782840728759766,0.770290195941925,207.0,12.064274787902832,1.0,12.064274787902832,19.0,0.0,0.05240515246987343,19.0,0.15000000596046448,304.78167724609375,0.0,0.0,0.0
876,32.953941345214844,-85.34597778320312,6397.751953125,10.380935668945312,0.7765361666679382,207.0,12.074984550476074,1.0,12.074984550476074,19.0,0.0,0.05332140997052193,19.0,0.15000000596046448,305.05224609375,0.0,0.0,0.0
877,32.96004104614258,-85.3351821899414,6371.08203125,26.32533073425293,0.7653238773345947,208.0,12.085715293884277,1.0,12.085715293884277,19.0,0.0,0.05108856409788132,19.0,0.15000000596046448,305.3233337402344,0.0,0.0,0.0
878,32.9660530090332,-85.32453155517578,6345.42822265625,10.408960342407227,0.7637148499488831,208.0,11.924692153930664,1.0,11.924692153930664,19.0,0.0,0.049440737813711166,19.0,0.15000000596046448,301.25537109375,0.0,0.0,0.0
879,32.9719352722168,-85.31411743164062,6321.2978515625,10.432641983032227,0.7837384939193726,208.0,11.677427291870117,1.0,11.677427291870117,19.0,0.0,0.05174070969223976,19.0,0.15000000596046448,295.0086669921875,0.0,0.0,0.08318866789340973
880,32.977821350097656,-85.30370330810547,6297.16796875,10.865172386169434,0.772580623626709,208.0,11.687853813171387,1.0,11.687853813171387,19.0,0.0,0.04932029917836189,19.0,0.15000000596046448,295.2720947265625,0.0,0.0,0.0
881,32.98370361328125,-85.29328155517578,6273.0380859375,10.690302848815918,0.7823257446289062,208.0,11.6983003616333,1.0,11.6983003616333,19.0,0.0,0.04954828321933746,19.0,0.15000000596046448,295.5360107421875,0.0,0.0,0.0743996724486351
882,32.989585876464844,-85.28286743164062,6248.908203125,10.9196195602417,0.7944934964179993,208.0,11.70876693725586,1.0,11.70876693725586,19.0,0.0,0.054410915821790695,19.0,0.15000000596046448,295.8004150390625,0.0,0.0,0.0
883,32.99546813964844,-85.27245330810547,6224.77783203125,24.18254852294922,0.8005839586257935,209.0,11.719252586364746,1.0,11.719252586364746,19.0,0.0,0.052027348428964615,19.0,0.15000000596046448,296.0653381347656,0.0,0.06557771563529968,0.0
884,33.00143814086914,-85.26200103759766,6200.77490234375,11.36426067352295,0.8013434410095215,209.0,11.814502716064453,1.0,11.814502716064453,19.0,0.0,0.05475270375609398,19.0,0.15000000596046448,298.4716491699219,0.0,0.0,0.0
885,33.007530212402344,-85.25150299072266,6176.96240234375,11.405806541442871,0.8308237195014954,209.0,11.95987606048584,1.0,11.95987606048584,19.0,0.0,0.05157993733882904,19.0,0.15000000596046448,302.1442565917969,0.0,0.0,0.0
886,33.01362609863281,-85.24099731445312,6153.14990234375,23.01693344116211,0.8353716135025024,210.0,11.987634658813477,1.0,11.987634658813477,19.0,0.0,0.05331900715827942,19.0,0.15000000596046448,302.84552001953125,0.0,0.0,0.0
887,33.0198860168457,-85.230712890625,6129.28759765625,12.256767272949219,0.8304447531700134,210.0,11.958284378051758,1.0,11.958284378051758,19.0,0.0,0.04990573972463608,19.0,0.15000000596046448,302.1040344238281,0.0,0.0,0.0
888,33.02682113647461,-85.22127532958984,6105.22412109375,26.269397735595703,0.696193516254425,211.0,11.817204475402832,1.0,11.817204475402832,19.0,0.0,0.05150088667869568,19.0,0.15000000596046448,298.5398864746094,0.0,0.02433498203754425,0.0
889,33.033756256103516,-85.21184539794922,6081.1611328125,16.699010848999023,0.6926229596138,211.0,11.837416648864746,1.0,11.837416648864746,19.0,0.0,0.052464619278907776,19.0,0.15000000596046448,299.050537109375,0.0,0.0,0.0
890,33.04069137573242,-85.20240783691406,6057.09765625,9.557493209838867,0.6848645806312561,211.0,11.85770034790039,1.0,11.85770034790039,19.0,0.0,0.051063280552625656,19.0,0.15000000596046448,299.5629577636719,0.0,0.0,0.007284138351678848
891,33.04762268066406,-85.19297790527344,6033.03466796875,9.442873001098633,0.6842078566551208,211.0,11.87805461883545,1.0,11.87805461883545,19.0,0.0,0.05153241381049156,19.0,0.15000000596046448,300.0771789550781,0.0,0.0,0.0
892,33.05455780029297,-85.18354034423828,6008.9716796875,9.422223091125488,0.681786835193634,211.0,11.898481369018555,1.0,11.898481369018555,19.0,0.0,0.05115818604826927,19.0,0.15000000596046448,300.59320068359375,0.0,0.0,0.0
893,33.061492919921875,-85.17411041259766,5984.908203125,37.6009521484375,0.9788646697998047,212.0,11.91897964477539,1.0,11.91897964477539,19.0,0.0,0.05516233667731285,19.0,0.15000000596046448,301.111083984375,0.0,0.0,0.0
894,33.06842803955078,-85.1646728515625,5960.84521484375,35.08454895019531,0.9705241918563843,212.0,11.939550399780273,1.0,11.939550399780273,19.0,0.0,0.0487915575504303,19.0,0.15000000596046448,301.6307678222656,0.0,0.0,0.0
895,33.07548904418945,-85.15534210205078,5932.93212890625,19.655500411987305,0.970221221446991,212.0,11.97988224029541,1.0,11.97988224029541,19.0,0.0,0.048708654940128326,19.0,0.15000000596046448,302.649658203125,0.0,0.0,0.0
896,33.0826416015625,-85.14607238769531,5902.4521484375,41.94246292114258,1.0,213.0,0.0,0.0,12.009316444396973,19.0,1000.0,0.049853838980197906,0.0,0.15000000596046448,303.3932800292969,5.056554317474365,0.0,0.0
897,33.08979034423828,-85.13681030273438,5871.97216796875,99.49242401123047,1.0,213.0,0.0,0.0,12.020370483398438,19.0,1000.0,0.048387471586465836,0.0,0.15000000596046448,303.6725158691406,5.061208724975586,0.0,0.0
898,33.09693908691406,-85.1275405883789,5841.4921875,88.21757507324219,1.0,213.0,0.0,0.0,12.03144645690918,19.0,1000.0,0.05592396855354309,0.0,0.15000000596046448,303.95233154296875,5.0658721923828125,0.0,0.0
899,33.10409164428711,-85.11827087402344,5811.01220703125,32.55559539794922,0.921484649181366,214.0,12.042542457580566,1.0,12.042542457580566,19.0,0.0,0.051654864102602005,19.0,0.15000000596046448,304.232666015625,0.0,0.0,0.0
900,33.11124038696289,-85.1090087890625,5780.5322265625,22.672861099243164,0.8993175029754639,214.0,12.05366039276123,1.0,12.05366039276123,19.0,0.0,0.04742712900042534,19.0,0.15000000596046448,304.5135498046875,0.0,0.0,0.0
901,33.118228912353516,-85.09993743896484,5729.47802734375,14.053842544555664,0.8987826704978943,214.0,11.818333625793457,1.0,11.818333625793457,19.0,0.0,0.051426962018013,19.0,0.15000000596046448,298.56842041015625,0.0,0.0,0.02385943941771984
902,33.12511444091797,-85.09100341796875,5664.7080078125,13.971525192260742,0.9058091044425964,214.0,11.682571411132812,1.0,11.682571411132812,19.0,0.0,0.05006908252835274,19.0,0.15000000596046448,295.1386413574219,0.0,0.0,0.0
903,33.131996154785156,-85.08207702636719,5599.93798828125,14.221561431884766,0.8918171525001526,214.0,11.723893165588379,1.0,11.723893165588379,19.0,0.0,0.05141511559486389,19.0,0.15000000596046448,296.18255615234375,0.0,0.0,0.06362397223711014
904,33.13888168334961,-85.0731430053711,5535.16796875,13.553775787353516,0.8989430665969849,214.0,11.765511512756348,1.0,11.765511512756348,19.0,0.0,0.0484125092625618,19.0,0.15000000596046448,297.2339782714844,0.0,0.0,0.0
905,33.1457633972168,-85.064208984375,5470.39794921875,23.948091506958008,0.7265053391456604,215.0,11.807429313659668,1.0,11.807429313659668,19.0,0.0,0.04818166419863701,19.0,0.15000000596046448,298.29296875,0.0,0.0284507405012846,0.0
906,33.152645111083984,-85.0552749633789,5405.6279296875,9.382242202758789,0.7153186798095703,215.0,11.849651336669922,1.0,11.849651336669922,19.0,0.0,0.05385217070579529,19.0,0.15000000596046448,299.3595886230469,0.0,0.0,0.0
907,33.15943145751953,-85.04644775390625,5337.0478515625,9.131036758422852,0.7086601257324219,215.0,11.729094505310059,1.0,11.729094505310059,19.0,0.0,0.04910781979560852,19.0,0.15000000596046448,296.31396484375,0.0,0.0,0.06143379211425781
908,33.16614532470703,-85.0376968383789,5265.92822265625,8.951346397399902,0.7110186815261841,215.0,11.6576566696167,1.0,11.6576566696167,19.0,0.0,0.047921959310770035,19.0,0.15000000596046448,294.50921630859375,0.0,0.0,0.09151291102170944
909,33.1728630065918,-85.0289535522461,5194.80810546875,8.905142784118652,0.7041007280349731,215.0,11.69200325012207,1.0,11.69200325012207,19.0,0.0,0.04821256548166275,19.0,0.15000000596046448,295.3769226074219,0.0,0.0,0.0
910,33.17958068847656,-85.02020263671875,5123.68798828125,8.718101501464844,0.7035078406333923,215.0,11.726554870605469,1.0,11.726554870605469,19.0,0.0,0.05349293723702431,19.0,0.15000000596046448,296.24981689453125,0.0,0.0,0.06250328570604324
911,33.18629837036133,-85.0114517211914,5052.56787109375,8.622467041015625,0.7158833146095276,215.0,11.761314392089844,1.0,11.761314392089844,19.0,0.0,0.05011026933789253,19.0,0.15000000596046448,297.1279296875,0.0,0.0,0.04786774143576622
912,33.19301223754883,-85.00270080566406,4981.4482421875,8.7181978225708,0.7123936414718628,215.0,11.796282768249512,1.0,11.796282768249512,19.0,0.0,0.0491352304816246,19.0,0.15000000596046448,298.0113525390625,0.0,0.0,0.0
913,33.199710845947266,-84.99397277832031,4908.80419921875,8.573387145996094,0.6895118951797485,215.0,11.798321723937988,1.0,11.798321723937988,19.0,0.0,0.05918058007955551,19.0,0.15000000596046448,298.0628662109375,0.0,0.0,0.03228578343987465
914,33.20639419555664,-84.9852523803711,4835.14404296875,8.147194862365723,0.690241813659668,215.0,11.809064865112305,1.0,11.809064865112305,19.0,7.479397274253222e-16,0.04873628541827202,19.0,0.15000000596046448,298.33428955078125,0.0,0.0,0.0
915,33.213077545166016,-84.9765396118164,4761.48388671875,21.509098052978516,0.7232168912887573,216.0,11.840483665466309,1.0,11.840483665466309,19.0,0.0,0.054170362651348114,19.0,0.15000000596046448,299.12799072265625,0.0,0.014533343724906445,0.0
916,33.21976089477539,-84.96781921386719,4687.82421875,9.672865867614746,0.7190940380096436,216.0,11.872071266174316,1.0,11.872071266174316,19.0,0.0,0.053765542805194855,19.0,0.15000000596046448,299.926025390625,0.0,0.0,0.0
917,33.226444244384766,-84.9591064453125,4614.1640625,9.658828735351562,0.70638507604599,216.0,11.903831481933594,1.0,11.903831481933594,19.0,0.0,0.05180533602833748,19.0,0.15000000596046448,300.7283630371094,0.0,0.0,0.0
918,33.23312759399414,-84.95038604736328,4540.50390625,20.805007934570312,0.8074795603752136,217.0,11.93576431274414,1.0,11.93576431274414,19.0,0.0,0.0620226189494133,19.0,0.15000000596046448,301.53509521484375,0.0,0.0,0.0
919,33.239810943603516,-84.94168090820312,4466.84423828125,11.387025833129883,0.809197723865509,217.0,11.960380554199219,1.0,11.960380554199219,19.0,0.0,0.05071470886468887,19.0,0.15000000596046448,302.156982421875,0.0,0.0,0.0
920,33.24649429321289,-84.9329833984375,4393.18408203125,28.618940353393555,0.8441157341003418,218.0,11.987638473510742,1.0,11.987638473510742,19.0,0.0,0.050756800919771194,19.0,0.15000000596046448,302.8456115722656,0.0,0.0,0.0
921,33.253177642822266,-84.92427825927734,4319.52392578125,12.372567176818848,0.830119252204895,218.0,12.020065307617188,1.0,12.020065307617188,19.0,0.0,0.06077953428030014,19.0,0.15000000596046448,303.6648254394531,0.0,0.0,0.0
922,33.25986099243164,-84.91558074951172,4245.86376953125,12.026209831237793,0.8313054442405701,218.0,12.052671432495117,1.0,12.052671432495117,19.0,0.0,0.049670618027448654,19.0,0.15000000596046448,304.488525390625,0.0,0.0,0.0
923,33.266544342041016,-84.9068832397461,4172.2041015625,31.240123748779297,0.9368727207183838,219.0,12.085456848144531,1.0,12.085456848144531,19.0,0.0,0.05355735123157501,19.0,0.15000000596046448,305.3168029785156,0.0,0.0,0.0
924,33.27322769165039,-84.89817810058594,4098.5439453125,16.3642578125,0.9400373101234436,219.0,12.118424415588379,1.0,12.118424415588379,19.0,0.0,0.05059700459241867,19.0,0.15000000596046448,306.149658203125,0.0,0.0,0.0
925,33.27973937988281,-84.88967895507812,4031.741943359375,26.41337776184082,0.7022604942321777,220.0,11.853757858276367,1.0,11.853757858276367,19.0,0.0,0.054732587188482285,19.0,0.15000000596046448,299.4633483886719,0.0,0.00894403550773859,0.0
926,33.28614044189453,-84.88131713867188,3969.511962890625,21.410612106323242,0.6909340620040894,220.0,11.68244743347168,1.0,11.68244743347168,19.0,0.0,0.048546191304922104,19.0,0.15000000596046448,295.1355285644531,0.0,0.0,0.0
927,33.29254150390625,-84.8729476928711,3907.281982421875,9.484402656555176,0.6816987991333008,220.0,11.706405639648438,1.0,11.706405639648438,19.0,0.0,0.0505591556429863,19.0,0.15000000596046448,295.74078369140625,0.0,0.0,0.07098708301782608
928,33.2989387512207,-84.86457824707031,3845.052001953125,9.352372169494629,0.6781836152076721,220.0,11.730463981628418,1.0,11.730463981628418,19.0,0.0,0.058748312294483185,19.0,0.15000000596046448,296.34857177734375,0.0,0.0,0.0
929,33.30533981323242,-84.85621643066406,3782.822021484375,17.957557678222656,0.6136322617530823,221.0,11.754623413085938,1.0,11.754623413085938,19.0,0.0,0.04970378056168556,19.0,0.15000000596046448,296.95892333984375,0.0,0.050684742629528046,0.0
930,33.31174087524414,-84.84784698486328,3720.592041015625,8.487194061279297,0.6051925420761108,221.0,11.778884887695312,1.0,11.778884887695312,19.0,0.0,0.051857247948646545,19.0,0.15000000596046448,297.57183837890625,0.0,0.0,0.0
931,33.318519592285156,-84.83953094482422,3685.031982421875,8.374188423156738,0.6018261313438416,221.0,12.098864555358887,1.0,12.098864555358887,19.0,0.0,0.04966316372156143,19.0,0.15000000596046448,305.655517578125,0.0,0.0,0.0
932,33.32555389404297,-84.83124542236328,3667.251953125,10.081867218017578,0.7179679870605469,222.0,12.338744163513184,1.0,12.338744163513184,19.0,0.0,0.0497034527361393,19.0,0.15000000596046448,311.71563720703125,0.0,0.0,0.0
933,33.33258819580078,-84.82295989990234,3649.471923828125,9.779797554016113,0.7131561040878296,222.0,12.381951332092285,1.0,12.381951332092285,19.0,0.0,0.05400892347097397,19.0,0.15000000596046448,312.80718994140625,0.0,0.0,0.0
934,33.33961868286133,-84.81468200683594,3631.69189453125,23.75223159790039,0.693732500076294,223.0,12.425466537475586,1.0,12.425466537475586,19.0,0.0,0.05375295132398605,19.0,0.15000000596046448,313.9065246582031,0.0,0.0,0.0
935,33.34665298461914,-84.806396484375,3613.912109375,9.344645500183105,0.6710629463195801,223.0,12.469291687011719,1.0,12.469291687011719,19.0,0.0,0.05458188056945801,19.0,0.15000000596046448,315.013671875,0.0,0.0,0.0
936,33.35368728637695,-84.79811096191406,3596.132080078125,25.64495849609375,0.639620840549469,224.0,12.51343059539795,1.0,12.51343059539795,19.0,0.0,0.04887154698371887,19.0,0.15000000596046448,316.1287841796875,0.0,0.0,0.0
937,33.360321044921875,-84.79035949707031,3590.5439453125,18.993356704711914,0.6337108016014099,224.0,11.902266502380371,1.0,11.902266502380371,19.0,0.0,0.052404701709747314,19.0,0.15000000596046448,300.6888427734375,0.0,0.0,0.0
938,33.3666877746582,-84.782958984375,3593.083984375,8.416008949279785,0.6223184466362,224.0,11.602261543273926,1.0,11.602261543273926,19.0,0.0,0.0520000196993351,19.0,0.15000000596046448,293.1097717285156,0.0,0.0,0.11483720690011978
939,33.37305450439453,-84.77555847167969,3595.6240234375,8.226975440979004,0.6135990023612976,224.0,11.81993579864502,1.0,11.81993579864502,19.0,0.0,0.05030249059200287,19.0,0.15000000596046448,298.6089172363281,0.0,0.0,0.0
940,33.37942123413086,-84.76815795898438,3598.1640625,14.643914222717285,0.49454832077026367,225.0,12.045949935913086,1.0,12.045949935913086,19.0,7.479397274253222e-16,0.05676325038075447,19.0,0.15000000596046448,304.3187255859375,0.0,0.0,0.0
941,33.38578796386719,-84.76075744628906,3600.7041015625,6.834364891052246,0.5052809119224548,225.0,12.280792236328125,1.0,12.280792236328125,19.0,0.0,0.04877845570445061,19.0,0.15000000596046448,310.2516174316406,0.0,0.0,0.0
942,33.392154693603516,-84.75335693359375,3603.243896484375,24.496431350708008,0.6796181797981262,226.0,12.524991989135742,1.0,12.524991989135742,19.0,0.0,0.053453631699085236,19.0,0.15000000596046448,316.42083740234375,0.0,0.0,0.0
943,33.3980712890625,-84.7464828491211,3604.260009765625,8.66661548614502,0.6674222350120544,226.0,10.607391357421875,1.0,10.607391357421875,17.0,0.0,0.049470916390419006,17.0,0.0,299.5028076171875,0.0,0.0,0.0082865534350276
944,33.4036865234375,-84.73994445800781,3604.260009765625,8.428500175476074,0.6610715985298157,226.0,10.245450973510742,1.0,10.245450973510742,17.0,0.0,0.04916375130414963,17.0,0.0,289.2833251953125,0.0,0.0,0.17861118912696838
945,33.4093017578125,-84.73341369628906,3604.260009765625,8.270263671875,0.654965877532959,226.0,13.492302894592285,1.0,13.492302894592285,22.0,0.0,0.05461810156702995,22.0,0.15000000596046448,294.37750244140625,0.0,0.0,0.09370812773704529
946,33.414920806884766,-84.72688293457031,3604.260009765625,8.112518310546875,0.6293842196464539,226.0,13.734171867370605,1.0,13.734171867370605,22.0,0.0,0.057688213884830475,22.0,0.15000000596046448,299.6546630859375,0.0,0.0,0.0057557113468647
947,33.420536041259766,-84.72034454345703,3604.260009765625,7.717561721801758,0.6154481768608093,226.0,13.98488712310791,1.0,13.98488712310791,22.0,0.0,0.05613172799348831,22.0,0.15000000596046448,305.1247863769531,0.0,0.0,0.0
948,33.42615509033203,-84.71381378173828,3604.260009765625,7.4687652587890625,0.6047765016555786,226.0,14.244941711425781,1.0,14.244941711425781,22.0,6.459479608508399e-16,0.05722304433584213,22.0,0.15000000596046448,310.7987365722656,0.0,0.0,0.0
949,33.43138885498047,-84.70771026611328,3604.260009765625,19.53372573852539,0.4212212562561035,227.0,13.531214714050293,1.0,13.531214714050293,22.0,0.0,0.05369316041469574,22.0,0.15000000596046448,295.22650146484375,0.0,0.07955826073884964,0.0
950,33.43637466430664,-84.70189666748047,3604.260009765625,6.236496448516846,0.4261280298233032,227.0,13.11046314239502,1.0,13.11046314239502,22.0,0.0,0.052627082914114,22.0,0.15000000596046448,286.0464782714844,0.0,0.0,0.0
951,33.44135665893555,-84.69607543945312,3604.260009765625,6.333114147186279,0.41594168543815613,227.0,13.342985153198242,1.0,13.342985153198242,22.0,0.0,0.056952912360429764,22.0,0.15000000596046448,291.11968994140625,0.0,0.0,0.14800533652305603
952,33.44633865356445,-84.69026184082031,3604.260009765625,6.3137946128845215,0.42407217621803284,227.0,13.583917617797852,1.0,13.583917617797852,22.0,0.0,0.051836103200912476,22.0,0.15000000596046448,296.3763732910156,0.0,0.0,0.0
953,33.451324462890625,-84.68444061279297,3604.260009765625,6.428895473480225,0.40899887681007385,227.0,13.833724975585938,1.0,13.833724975585938,22.0,0.0,0.054546058177948,22.0,0.15000000596046448,301.82672119140625,0.0,0.0,0.0
954,33.45630645751953,-84.67862701416016,3604.260009765625,22.861448287963867,0.4651946723461151,228.0,14.092906951904297,1.0,14.092906951904297,22.0,0.0,0.05475975573062897,22.0,0.15000000596046448,307.4815979003906,0.0,0.0,0.0
955,33.46112060546875,-84.67302703857422,3603.498046875,15.544946670532227,0.43871912360191345,228.0,13.758803367614746,1.0,13.758803367614746,22.0,0.0,0.05510542169213295,22.0,0.15000000596046448,300.19207763671875,0.0,0.0,0.0
956,33.4658203125,-84.6675796508789,3602.22802734375,6.68086576461792,0.43839696049690247,228.0,13.531704902648926,1.0,13.531704902648926,22.0,0.0,0.05117449536919594,22.0,0.15000000596046448,295.2371826171875,0.0,0.0,0.07938018441200256
957,33.47052001953125,-84.6621322631836,3600.9580078125,6.714819431304932,0.4403996765613556,228.0,13.648372650146484,1.0,13.648372650146484,22.0,0.0,0.05440467968583107,22.0,0.15000000596046448,297.7826843261719,0.0,0.0,0.0
958,33.4752197265625,-84.65667724609375,3599.68798828125,6.317205429077148,0.37526386976242065,229.0,13.76707649230957,1.0,13.76707649230957,22.0,0.0,0.05315098166465759,22.0,0.15000000596046448,300.37255859375,0.0,0.0,0.0
959,33.47991943359375,-84.65122985839844,3598.41796875,6.311668872833252,0.3736076354980469,229.0,13.887868881225586,1.0,13.887868881225586,22.0,0.0,0.04795901104807854,22.0,0.15000000596046448,303.008056640625,0.0,0.0,0.0
960,33.484619140625,-84.64578247070312,3597.14794921875,21.459043502807617,0.5031484961509705,230.0,14.0108060836792,1.0,14.0108060836792,22.0,0.0,0.0551137700676918,22.0,0.15000000596046448,305.6903076171875,0.0,0.0,0.0
961,33.48918914794922,-84.64047241210938,3597.402099609375,7.3465681076049805,0.4995492398738861,230.0,13.697868347167969,1.0,13.697868347167969,22.0,0.0,0.04927299544215202,22.0,0.15000000596046448,298.8625793457031,0.0,0.0,0.018957005813717842
962,33.493675231933594,-84.63525390625,3598.672119140625,7.327253341674805,0.49034568667411804,230.0,13.468210220336914,1.0,13.468210220336914,22.0,0.0,0.05051519349217415,22.0,0.15000000596046448,293.85186767578125,0.0,0.0,0.0
963,33.4981575012207,-84.63003540039062,3599.94189453125,18.49532127380371,0.4046766459941864,231.0,13.489139556884766,1.0,13.489139556884766,22.0,0.0,0.04866040125489235,22.0,0.15000000596046448,294.3085021972656,0.0,0.0948583260178566,0.0
964,33.50263977050781,-84.62481689453125,3601.2119140625,6.581988334655762,0.385323166847229,231.0,13.510135650634766,1.0,13.510135650634766,22.0,0.0,0.057278070598840714,22.0,0.15000000596046448,294.7666015625,0.0,0.0,0.0
965,33.50712203979492,-84.6196060180664,3602.48193359375,6.439846992492676,0.3725706934928894,231.0,13.531197547912598,1.0,13.531197547912598,22.0,0.0,0.04905533418059349,22.0,0.15000000596046448,295.22613525390625,0.0,0.0,0.07956451177597046
966,33.5116081237793,-84.61438751220703,3603.751953125,6.342423915863037,0.3522495925426483,231.0,13.552326202392578,1.0,13.552326202392578,22.0,0.0,0.05217016860842705,22.0,0.15000000596046448,295.6871337890625,0.0,0.0,0.0
967,33.51595687866211,-84.60909271240234,3600.650634765625,6.190683841705322,0.35059767961502075,231.0,13.461040496826172,1.0,13.461040496826172,22.0,0.0,0.05380856618285179,22.0,0.15000000596046448,293.6954345703125,0.0,0.0,0.10507634282112122
968,33.52022171020508,-84.60375213623047,3594.634765625,6.1614484786987305,0.3532836437225342,231.0,13.404698371887207,1.0,13.404698371887207,22.0,0.0,0.04966477304697037,22.0,0.15000000596046448,292.4661560058594,0.0,0.0,0.0
969,33.52448272705078,-84.5984115600586,3588.618896484375,12.570975303649902,0.28020763397216797,232.0,13.415580749511719,1.0,13.415580749511719,22.0,0.0,0.048473428934812546,22.0,0.15000000596046448,292.7035827636719,0.0,0.1216069832444191,0.0
970,33.52874755859375,-84.59307098388672,3582.603271484375,5.66389799118042,0.2760755717754364,232.0,13.426481246948242,1.0,13.426481246948242,22.0,0.0,0.051413726061582565,22.0,0.15000000596046448,292.94140625,0.0,0.0,0.0
971,33.5315055847168,-84.58604431152344,3549.126953125,5.60644006729126,0.2814154028892517,232.0,14.12425708770752,1.0,14.12425708770752,22.0,0.0,0.05295771732926369,22.0,0.15000000596046448,308.1656188964844,0.0,0.0,0.0
972,33.53388977050781,-84.57860565185547,3508.785888671875,5.599208831787109,0.26227349042892456,232.0,14.521444320678711,1.0,14.521444320678711,22.0,0.0,0.05019013211131096,22.0,0.15000000596046448,316.8315124511719,0.0,0.0,0.0
973,33.53627014160156,-84.5711669921875,3468.44482421875,22.5253849029541,0.4196610450744629,233.0,14.534735679626465,1.0,14.534735679626465,22.0,0.0,0.04747467115521431,22.0,0.15000000596046448,317.1214904785156,0.0,0.0,0.0
974,33.537662506103516,-84.5637435913086,3426.51904296875,18.08866310119629,0.39532291889190674,233.0,13.896317481994629,1.0,13.896317481994629,22.0,6.459479608508399e-16,0.05091113597154617,22.0,0.15000000596046448,303.1923828125,0.0,0.0,0.0
975,33.53757095336914,-84.55636596679688,3382.216796875,6.198175430297852,0.38633614778518677,233.0,13.543728828430176,1.0,13.543728828430176,22.0,0.0,0.05048385262489319,22.0,0.15000000596046448,295.4995422363281,0.0,0.0,0.075007863342762
976,33.5374755859375,-84.54898071289062,3337.914306640625,6.077453136444092,0.3817250728607178,233.0,13.58939266204834,1.0,13.58939266204834,22.0,0.0,0.05055587738752365,22.0,0.15000000596046448,296.495849609375,0.0,0.0,0.0
977,33.537384033203125,-84.54159545898438,3293.612060546875,12.366589546203613,0.08903439342975616,234.0,13.63536548614502,1.0,13.63536548614502,22.0,0.0,0.04970361664891243,22.0,0.15000000596046448,297.4988708496094,0.0,0.041685257107019424,0.0
978,33.53729248046875,-84.53421020507812,3249.309814453125,4.235865592956543,0.08578396588563919,234.0,13.681650161743164,1.0,13.681650161743164,22.0,0.0,0.048698604106903076,22.0,0.15000000596046448,298.50872802734375,0.0,0.0,0.0
979,33.53719711303711,-84.52682495117188,3205.00732421875,4.1514573097229,0.08362764865159988,234.0,13.728250503540039,1.0,13.728250503540039,22.0,0.0,0.049097608774900436,22.0,0.15000000596046448,299.5254821777344,0.0,0.0,0.007908801548182964
980,33.537105560302734,-84.51944732666016,3160.705078125,4.068483829498291,0.07333032041788101,234.0,13.775169372558594,1.0,13.775169372558594,22.0,0.0,0.047359973192214966,22.0,0.15000000596046448,300.5491638183594,0.0,0.0,0.0
981,33.537010192871094,-84.5120620727539,3116.40283203125,3.9435672760009766,0.0651250034570694,234.0,13.822409629821777,1.0,13.822409629821777,22.0,0.0,0.052191752940416336,22.0,0.15000000596046448,301.5798645019531,0.0,0.0,0.0
982,33.53691864013672,-84.50467681884766,3072.1005859375,17.30636978149414,0.12311538308858871,235.0,13.869975090026855,1.0,13.869975090026855,22.0,0.0,0.052769966423511505,22.0,0.15000000596046448,302.6176452636719,0.0,0.0,0.0
983,33.536861419677734,-84.49755859375,3028.696044921875,4.020328521728516,0.12472204118967056,235.0,13.41801643371582,1.0,13.41801643371582,22.0,0.0,0.048006169497966766,22.0,0.15000000596046448,292.7567138671875,0.0,0.0,0.12072131782770157
984,33.53681182861328,-84.49050903320312,2985.51611328125,3.9451072216033936,0.11422936618328094,235.0,13.3433837890625,1.0,13.3433837890625,22.0,0.0,0.05504732206463814,22.0,0.15000000596046448,291.1283874511719,0.0,0.0,0.1478603184223175
985,33.53675842285156,-84.48345947265625,2942.3359375,3.808166980743408,0.10193655639886856,235.0,13.395155906677246,1.0,13.395155906677246,22.0,0.0,0.05231830105185509,22.0,0.15000000596046448,292.2579650878906,0.0,0.0,0.1290341019630432
986,33.53670883178711,-84.47640991210938,2899.156005859375,3.6604905128479004,0.09324686229228973,235.0,13.447331428527832,1.0,13.447331428527832,22.0,0.0,0.05147702619433403,22.0,0.15000000596046448,293.3963317871094,0.0,0.0,0.0
987,33.536659240722656,-84.4693603515625,2855.97607421875,3.528360605239868,0.09646236151456833,235.0,13.49991512298584,1.0,13.49991512298584,22.0,0.0,0.04905884340405464,22.0,0.15000000596046448,294.5436096191406,0.0,0.0,0.09094001352787018
988,33.5366096496582,-84.46231079101562,2812.7958984375,3.4511301517486572,0.08899061381816864,235.0,13.552910804748535,1.0,13.552910804748535,22.0,0.0,0.052428506314754486,22.0,0.15000000596046448,295.69989013671875,0.0,0.0,0.0
989,33.53661346435547,-84.45523071289062,2767.583984375,15.657730102539062,0.2273349165916443,236.0,13.651151657104492,1.0,13.651151657104492,22.0,0.0,0.049765411764383316,22.0,0.15000000596046448,297.8432922363281,0.0,0.035944968461990356,0.0
990,33.53662872314453,-84.44815063476562,2721.864013671875,5.081881523132324,0.22220949828624725,236.0,13.710349082946777,1.0,13.710349082946777,22.0,0.0,0.05217531695961952,22.0,0.15000000596046448,299.1348876953125,0.0,0.0,0.0
991,33.53664779663086,-84.4410629272461,2676.14404296875,5.103789806365967,0.2226891666650772,236.0,13.756948471069336,1.0,13.756948471069336,22.0,6.459479608508399e-16,0.050343871116638184,22.0,0.15000000596046448,300.151611328125,0.0,0.0,0.0
992,33.53666305541992,-84.4339828491211,2630.424072265625,11.309676170349121,0.04652887210249901,237.0,13.803866386413574,1.0,13.803866386413574,22.0,0.0,0.050246529281139374,22.0,0.15000000596046448,301.1752624511719,0.0,0.0,0.0
993,33.536678314208984,-84.4269027709961,2584.7041015625,4.307508945465088,0.04982363060116768,237.0,13.851104736328125,1.0,13.851104736328125,22.0,6.459479608508399e-16,0.04827054217457771,22.0,0.15000000596046448,302.2059326171875,0.0,0.0,0.0
994,33.53669738769531,-84.41981506347656,2538.98388671875,18.709701538085938,0.12688761949539185,238.0,13.898667335510254,1.0,13.898667335510254,22.0,0.0,0.050800129771232605,22.0,0.15000000596046448,303.24365234375,0.0,0.0,0.0
995,33.536712646484375,-84.41255950927734,2493.263916015625,4.75937557220459,0.11289118975400925,238.0,14.307557106018066,1.0,14.307557106018066,22.0,0.0,0.05222067981958389,22.0,0.15000000596046448,312.1648864746094,0.0,0.0,0.0
996,33.5367317199707,-84.40525817871094,2447.5439453125,19.381305694580078,0.0826490968465805,239.0,14.467877388000488,1.0,14.467877388000488,22.0,6.459479608508399e-16,0.05025041475892067,22.0,0.15000000596046448,315.66278076171875,0.0,0.0,0.0
997,33.536746978759766,-84.39795684814453,2401.823974609375,15.275623321533203,0.06975827366113663,239.0,14.543542861938477,1.0,14.543542861938477,22.0,0.0,0.047798506915569305,22.0,0.15000000596046448,317.31365966796875,0.0,0.0,0.0
998,33.53676223754883,-84.39066314697266,2356.10400390625,4.5516533851623535,0.07225462794303894,239.0,14.620004653930664,1.0,14.620004653930664,22.0,0.0,0.05886589735746384,22.0,0.15000000596046448,318.98193359375,0.0,0.0,0.0
999,33.536781311035156,-84.38336181640625,2310.384033203125,19.0601806640625,0.0,240.0,14.697274208068848,1.0,14.697274208068848,22.0,0.0,0.05971239507198334,22.0,0.15000000596046448,320.6678161621094,0.0,0.0,0.0
1000,33.53679656982422,-84.37606048583984,2264.6640625,4.2539520263671875,0.0,240.0,14.775365829467773,1.0,14.775365829467773,22.0,0.0,0.05258185788989067,22.0,0.15000000596046448,322.3716125488281,0.0,0.0,0.0
1001,33.53681182861328,-84.36947631835938,2221.991943359375,4.25298547744751,0.0,240.0,13.363839149475098,1.0,13.363839149475098,22.0,6.459479608508399e-16,0.05385944992303848,22.0,0.15000000596046448,291.5746765136719,0.0,0.0,0.1404220312833786
1002,33.53683090209961,-84.36308288574219,2180.08203125,4.246885776519775,0.0,240.0,13.036880493164062,1.0,13.036880493164062,22.0,0.0,0.051554229110479355,22.0,0.15000000596046448,284.4410400390625,0.0,0.0,0.0
1003,33.53684616088867,-84.35668182373047,2138.172119140625,4.236150741577148,0.0,240.0,13.075724601745605,1.0,13.075724601745605,22.0,0.0,0.05724090337753296,22.0,0.15000000596046448,285.2885437011719,0.0,0.0,0.24519109725952148
1004,33.536865234375,-84.35028076171875,2096.261962890625,4.2206549644470215,0.0154381413012743,240.0,13.114800453186035,1.0,13.114800453186035,22.0,0.0,0.0545819066464901,22.0,0.15000000596046448,286.14111328125,0.0,0.0,0.0
1005,33.53688049316406,-84.34387969970703,2054.35205078125,15.879532814025879,0.15066486597061157,241.0,13.1541109085083,1.0,13.1541109085083,22.0,0.0,0.048959460109472275,22.0,0.15000000596046448,286.998779296875,0.0,0.21668687462806702,0.0
1006,33.536895751953125,-84.33747863769531,2012.4420166015625,4.884637355804443,0.15152381360530853,241.0,13.193657875061035,1.0,13.193657875061035,22.0,0.0,0.05035120248794556,22.0,0.15000000596046448,287.86163330078125,0.0,0.0,0.0
1007,33.53689956665039,-84.33084106445312,1967.4840087890625,4.859372138977051,0.14677725732326508,241.0,13.716398239135742,1.0,13.716398239135742,22.0,0.0,0.050022076815366745,22.0,0.15000000596046448,299.2668762207031,0.0,0.0,0.012218942865729332
1008,33.53689956665039,-84.32414245605469,1921.7640380859375,4.799489974975586,0.14614449441432953,241.0,13.865402221679688,1.0,13.865402221679688,22.0,0.0,0.050497300922870636,22.0,0.15000000596046448,302.51788330078125,0.0,0.0,0.0
1009,33.53689956665039,-84.31743621826172,1876.0439453125,4.755373477935791,0.15664532780647278,241.0,13.890557289123535,1.0,13.890557289123535,22.0,0.0,0.04844916984438896,22.0,0.15000000596046448,303.06671142578125,0.0,0.0,0.0
1010,33.53689956665039,-84.31073760986328,1830.323974609375,19.147415161132812,0.09171056747436523,242.0,13.915803909301758,1.0,13.915803909301758,22.0,0.0,0.05179886147379875,22.0,0.15000000596046448,303.6175231933594,0.0,0.0,0.0
1011,33.53689956665039,-84.30403900146484,1784.60400390625,4.3908305168151855,0.1010173037648201,242.0,13.941142082214355,1.0,13.941142082214355,22.0,0.0,0.05715576186776161,22.0,0.15000000596046448,304.1703796386719,0.0,0.0,0.0
1012,33.53689956665039,-84.2973403930664,1738.884033203125,18.815828323364258,0.017589913681149483,243.0,13.966572761535645,1.0,13.966572761535645,22.0,0.0,0.0512356236577034,22.0,0.15000000596046448,304.7252197265625,0.0,0.0,0.0
1013,33.53689956665039,-84.290771484375,1699.260009765625,16.31846046447754,0.027681687846779823,243.0,13.686966896057129,1.0,13.686966896057129,22.0,0.0,0.05127750709652901,22.0,0.15000000596046448,298.6247253417969,0.0,0.0,0.0
1014,33.53689956665039,-84.28424072265625,1661.1600341796875,3.9184694290161133,0.024725845083594322,243.0,13.60921573638916,1.0,13.60921573638916,22.0,0.0,0.04812800511717796,22.0,0.15000000596046448,296.9283447265625,0.0,0.0,0.05119432508945465
1015,33.53689956665039,-84.2777099609375,1623.06005859375,3.839717149734497,0.02451062574982643,243.0,13.600951194763184,1.0,13.600951194763184,22.0,0.0,0.049295924603939056,22.0,0.15000000596046448,296.748046875,0.0,0.0,0.0
1016,33.53689956665039,-84.27117156982422,1584.9599609375,3.7696681022644043,0.021699748933315277,243.0,13.592697143554688,1.0,13.592697143554688,22.0,0.0,0.060937002301216125,22.0,0.15000000596046448,296.56793212890625,0.0,0.0,0.05720088630914688
1017,33.53689956665039,-84.26464080810547,1546.8599853515625,3.6847481727600098,0.020436661317944527,243.0,13.584453582763672,1.0,13.584453582763672,22.0,0.0,0.05063401162624359,22.0,0.15000000596046448,296.3880920410156,0.0,0.0,0.06019870191812515
1018,33.53689956665039,-84.25811004638672,1508.760009765625,3.6035783290863037,0.04011597856879234,243.0,13.57621955871582,1.0,13.57621955871582,22.0,0.0,0.05631541088223457,22.0,0.15000000596046448,296.20843505859375,0.0,0.0,0.06319288164377213
1019,33.537899017333984,-84.25140380859375,1464.9449462890625,3.6134843826293945,0.05498732626438141,243.0,14.23141860961914,1.0,14.23141860961914,22.0,0.0,0.0513850674033165,22.0,0.15000000596046448,310.503662109375,0.0,0.0,0.0
1020,33.53915023803711,-84.2446517944336,1419.7012939453125,12.480591773986816,0.07928095012903214,244.0,14.541777610778809,1.0,14.541777610778809,22.0,0.0,0.0519120916724205,22.0,0.15000000596046448,317.275146484375,0.0,0.0,0.0
1021,33.540401458740234,-84.23789978027344,1374.45751953125,3.9012291431427,0.0724041685461998,244.0,14.642655372619629,1.0,14.642655372619629,22.0,0.0,0.05466290935873985,22.0,0.15000000596046448,319.4761047363281,0.0,0.0,0.0
1022,33.542869567871094,-84.232666015625,1330.6424560546875,3.9429798126220703,0.06855947524309158,244.0,12.780733108520508,1.0,12.780733108520508,22.0,0.0,0.05570589751005173,22.0,0.15000000596046448,278.85235595703125,0.0,0.0,0.35246074199676514
1023,33.54615020751953,-84.22844696044922,1287.780029296875,3.986152172088623,0.0808626040816307,244.0,12.297703742980957,1.0,12.297703742980957,22.0,0.0,0.05047708749771118,22.0,0.15000000596046448,268.31353759765625,0.0,0.0,0.0
1024,33.54943084716797,-84.22422790527344,1244.91748046875,4.099808692932129,0.07601585239171982,244.0,12.340706825256348,1.0,12.340706825256348,22.0,0.0,0.049802541732788086,22.0,0.15000000596046448,269.2518005371094,0.0,0.0,0.5124701857566833
1025,33.553504943847656,-84.22109985351562,1201.5537109375,4.129749298095703,0.07965799421072006,244.0,12.451496124267578,1.0,12.451496124267578,22.0,0.0,0.049350909888744354,22.0,0.15000000596046448,271.66900634765625,0.0,0.0,0.0
1026,33.55876922607422,-84.21959686279297,1157.4378662109375,4.621849536895752,0.17958585917949677,245.0,13.975992202758789,1.0,13.975992202758789,22.0,0.0,0.05590571090579033,22.0,0.15000000596046448,304.9307556152344,0.0,0.0,0.0
1027,33.564029693603516,-84.21810150146484,1113.3221435546875,4.747655868530273,0.18973347544670105,245.0,14.04592227935791,1.0,14.04592227935791,22.0,0.0,0.051049698144197464,22.0,0.15000000596046448,306.45648193359375,0.0,0.0,0.0
1028,33.56929397583008,-84.21659851074219,1069.206298828125,17.101858139038086,0.15820986032485962,246.0,14.116555213928223,1.0,14.116555213928223,22.0,0.0,0.06252016872167587,22.0,0.15000000596046448,307.99755859375,0.0,0.0,0.0
1029,33.57436752319336,-84.21614837646484,1038.8599853515625,4.727532863616943,0.1685674786567688,246.0,13.424050331115723,1.0,13.424050331115723,22.0,0.0,0.048508960753679276,22.0,0.15000000596046448,292.88836669921875,0.0,0.0,0.11852698773145676
1030,33.57931137084961,-84.21640014648438,1017.693359375,4.818420886993408,0.1931009739637375,246.0,13.276376724243164,1.0,13.276376724243164,22.0,0.0,0.04910457134246826,22.0,0.15000000596046448,289.6664123535156,0.0,0.0,0.0
1031,33.58425521850586,-84.2166519165039,996.5266723632812,14.976350784301758,0.0,247.0,13.497511863708496,1.0,13.497511863708496,22.0,0.0,0.0596211701631546,22.0,0.15000000596046448,294.4911804199219,0.0,0.091813825070858,0.0
1032,33.58919906616211,-84.21690368652344,975.3599853515625,4.077755928039551,0.0,247.0,13.7261381149292,1.0,13.7261381149292,22.0,0.0,0.04924984648823738,22.0,0.15000000596046448,299.4793701171875,0.0,0.0,0.0
1033,33.59388732910156,-84.21893310546875,958.6912231445312,4.10193395614624,0.0,247.0,14.190296173095703,1.0,14.190296173095703,22.0,0.0,0.04946264624595642,22.0,0.15000000596046448,309.6064453125,0.0,0.0,0.0
1034,33.598575592041016,-84.22096252441406,942.0225219726562,13.206297874450684,0.19429194927215576,248.0,14.570039749145508,1.0,14.570039749145508,22.0,0.0,0.048290420323610306,22.0,0.15000000596046448,317.89178466796875,0.0,0.0,0.0
1035,33.60326385498047,-84.22299194335938,925.353759765625,5.075245380401611,0.20733413100242615,248.0,14.970671653747559,1.0,14.970671653747559,22.0,0.0,0.04802490398287773,22.0,0.15000000596046448,326.6328430175781,0.0,0.0,0.0
1036,33.605899810791016,-84.22675323486328,910.5900268554688,18.260540008544922,0.23281431198120117,249.0,12.526092529296875,1.0,12.526092529296875,22.0,0.0,0.04964936152100563,22.0,0.15000000596046448,273.29656982421875,0.0,0.4450572729110718,0.0
1037,33.60802459716797,-84.2309341430664,896.302490234375,5.300710678100586,0.24374856054782867,249.0,12.687560081481934,1.0,12.687560081481934,22.0,0.0,0.04905036836862564,22.0,0.15000000596046448,276.8194885253906,0.0,0.0,0.0
1038,33.61014938354492,-84.23512268066406,882.0150146484375,5.361996173858643,0.24651354551315308,249.0,12.869832038879395,1.0,12.869832038879395,22.0,0.0,0.050097040832042694,22.0,0.15000000596046448,280.79632568359375,0.0,0.0,0.32006099820137024
1039,33.61176681518555,-84.23993682861328,873.760009765625,5.3723578453063965,0.2585216164588928,249.0,13.654019355773926,1.0,13.654019355773926,22.0,0.0,0.04735099524259567,22.0,0.15000000596046448,297.9058837890625,0.0,0.0,0.0
1040,33.61304473876953,-84.24515533447266,869.5266723632812,5.4313812255859375,0.27264273166656494,249.0,14.262860298156738,1.0,14.262860298156738,22.0,0.0,0.05041655898094177,22.0,0.15000000596046448,311.1896667480469,0.0,0.0,0.0
1041,33.614322662353516,-84.25038146972656,865.2933349609375,19.281618118286133,0.32859548926353455,250.0,14.190267562866211,1.0,14.190267562866211,22.0,6.459479608508399e-16,0.04714638739824295,22.0,0.15000000596046448,309.6058349609375,0.0,0.0,0.0
1042,33.6156005859375,-84.25559997558594,861.0599975585938,16.011259078979492,0.3387049734592438,250.0,14.118407249450684,1.0,14.118407249450684,22.0,0.0,0.04815582558512688,22.0,0.15000000596046448,308.0379943847656,0.0,0.0,0.0
1043,33.616878509521484,-84.26081848144531,856.82666015625,5.863341331481934,0.34748169779777527,250.0,14.047269821166992,1.0,14.047269821166992,22.0,0.0,0.05020992085337639,22.0,0.15000000596046448,306.48590087890625,0.0,0.0,0.0
1044,33.61800003051758,-84.2660140991211,853.4400024414062,19.61286735534668,0.3421173393726349,251.0,13.801980018615723,1.0,13.801980018615723,22.0,0.0,0.04850846901535988,22.0,0.15000000596046448,301.1341247558594,0.0,0.0,0.0
1045,33.618499755859375,-84.27110290527344,853.4400024414062,11.85732364654541,0.3542907238006592,251.0,13.200770378112793,1.0,13.200770378112793,22.0,0.0,0.04830849915742874,22.0,0.15000000596046448,288.01678466796875,0.0,0.0,0.0
1046,33.61899948120117,-84.27618408203125,853.4400024414062,5.860228538513184,0.3714539110660553,251.0,13.233912467956543,1.0,13.233912467956543,22.0,0.0,0.04938610643148422,22.0,0.15000000596046448,288.7398986816406,0.0,0.0,0.18766821920871735
1047,33.61949920654297,-84.28126525878906,853.4400024414062,5.934091567993164,0.3872545063495636,251.0,13.26722240447998,1.0,13.26722240447998,22.0,0.0,0.05331949144601822,22.0,0.15000000596046448,289.4666748046875,0.0,0.0,0.0
1048,33.61975860595703,-84.2863998413086,844.7314453125,5.516717910766602,0.31807973980903625,252.0,13.343311309814453,1.0,13.343311309814453,22.0,0.0,0.057663824409246445,22.0,0.15000000596046448,291.1268005371094,0.0,0.14788690209388733,0.0
1049,33.61985397338867,-84.29156494140625,830.2171630859375,5.481009483337402,0.3145110309123993,252.0,13.409173011779785,1.0,13.409173011779785,22.0,0.0,0.04736272990703583,22.0,0.15000000596046448,292.56378173828125,0.0,0.0,0.0
1050,33.61994934082031,-84.2967300415039,815.702880859375,5.402519226074219,0.31613531708717346,252.0,13.409158706665039,1.0,13.409158706665039,22.0,0.0,0.05363968387246132,22.0,0.15000000596046448,292.5634765625,0.0,0.0,0.1239422932267189
1051,33.62004470825195,-84.3019027709961,801.1885986328125,5.3532867431640625,0.32746636867523193,252.0,13.409144401550293,1.0,13.409144401550293,22.0,0.0,0.048860061913728714,22.0,0.15000000596046448,292.5631408691406,0.0,0.0,0.12394765764474869
1052,33.62010955810547,-84.30706024169922,783.1015625,5.362730503082275,0.3380613327026367,252.0,13.536067962646484,1.0,13.536067962646484,22.0,0.0,0.0503682903945446,22.0,0.15000000596046448,295.3323974609375,0.0,0.0,0.0
1053,33.6201286315918,-84.31221771240234,759.6553955078125,16.252017974853516,0.44447383284568787,253.0,13.882408142089844,1.0,13.882408142089844,22.0,0.0,0.052111949771642685,22.0,0.15000000596046448,302.888916015625,0.0,0.0,0.0
1054,33.620147705078125,-84.31736755371094,736.209228515625,6.053345203399658,0.45630955696105957,253.0,14.270905494689941,1.0,14.270905494689941,22.0,6.459479608508399e-16,0.04984996095299721,22.0,0.15000000596046448,311.3652038574219,0.0,0.0,0.0
1055,33.62016677856445,-84.32252502441406,712.7630615234375,6.069178104400635,0.46988484263420105,253.0,14.681772232055664,1.0,14.681772232055664,22.0,6.459479608508399e-16,0.049824025481939316,22.0,0.15000000596046448,320.32958984375,0.0,0.0,0.0
1056,33.62018585205078,-84.32767486572266,689.31689453125,6.095695972442627,0.47568172216415405,253.0,15.116999626159668,1.0,15.116999626159668,22.0,6.459479608508399e-16,0.051353637129068375,22.0,0.15000000596046448,329.825439453125,0.0,0.0,0.0
1057,33.620208740234375,-84.33263397216797,666.75,11.140645027160645,0.32252585887908936,254.0,14.988414764404297,1.0,14.988414764404297,22.0,0.0,0.056873761117458344,22.0,0.15000000596046448,327.01995849609375,0.0,0.0,0.0
1058,33.620243072509766,-84.3368148803711,647.7000122070312,5.086373329162598,0.33312666416168213,254.0,13.024685859680176,1.0,13.024685859680176,22.0,0.0,0.05712825059890747,22.0,0.15000000596046448,284.1749572753906,0.0,0.0,0.2637506127357483
1059,33.620277404785156,-84.34099578857422,628.6500244140625,5.21809720993042,0.34120017290115356,254.0,13.444154739379883,1.0,13.444154739379883,22.0,6.459479608508399e-16,0.05291742458939552,22.0,0.15000000596046448,293.3270263671875,0.0,0.0,0.11121641099452972
1060,33.62030029296875,-84.34429931640625,609.5999755859375,5.333255290985107,0.34327250719070435,254.0,11.040184020996094,1.0,11.040184020996094,22.0,0.0,0.053622934967279434,22.0,0.15000000596046448,240.87673950195312,0.0,0.0,0.0
1061,33.62030029296875,-84.3486099243164,588.1687622070312,5.395184516906738,0.351510226726532,254.0,11.292740821838379,1.0,11.292740821838379,17.100000381469727,0.0,0.058221474289894104,17.100000381469727,0.10000000149011612,316.9892272949219,0.0,0.0,0.0
1062,33.62030029296875,-84.3529281616211,566.7374877929688,16.878950119018555,0.4601696729660034,255.0,11.397849082946777,1.0,11.397849082946777,17.100000381469727,0.0,0.050893399864435196,17.100000381469727,0.10000000149011612,319.9396057128906,0.0,0.0,0.0
1063,33.62030029296875,-84.35723876953125,545.3062744140625,6.362942218780518,0.4718274474143982,255.0,11.504931449890137,1.0,11.504931449890137,17.100000381469727,0.0,0.05104484781622887,17.100000381469727,0.10000000149011612,322.9454345703125,0.0,0.0,0.0
1064,33.62030029296875,-84.36112213134766,529.5900268554688,13.325778007507324,0.5026997327804565,256.0,10.39063549041748,1.0,10.39063549041748,17.100000381469727,0.0,0.054098960012197495,17.100000381469727,0.10000000149011612,291.6669616699219,0.0,0.13888390362262726,0.0
1065,33.62030029296875,-84.36490631103516,515.302490234375,6.537051200866699,0.5115821361541748,256.0,10.106647491455078,1.0,10.106647491455078,17.100000381469727,0.0,0.05643248185515404,17.100000381469727,0.10000000149011612,283.69537353515625,0.0,0.0,0.0
1066,33.62030029296875,-84.36869049072266,501.0150146484375,6.652190685272217,0.5177510380744934,256.0,10.106647491455078,1.0,10.106647491455078,17.100000381469727,0.0,0.05978403612971306,17.100000381469727,0.10000000149011612,283.69537353515625,0.0,0.0,0.2717439830303192
1067,33.62030029296875,-84.37256622314453,483.8699951171875,6.740499496459961,0.5334784984588623,256.0,10.392440795898438,1.0,10.392440795898438,17.100000381469727,0.0,0.05167765915393829,17.100000381469727,0.10000000149011612,291.7176208496094,0.0,0.0,0.1380394846200943
1068,33.62030029296875,-84.37650299072266,464.82000732421875,6.914496421813965,0.5463234782218933,256.0,10.620243072509766,1.0,10.620243072509766,17.100000381469727,0.0,0.057828389108181,17.100000381469727,0.10000000149011612,298.1120910644531,0.0,0.0,0.031465113162994385
1069,33.62030029296875,-84.38043975830078,445.7699890136719,7.062085151672363,0.5649470686912537,256.0,10.681116104125977,1.0,10.681116104125977,17.100000381469727,0.0,0.05378526821732521,17.100000381469727,0.10000000149011612,299.82080078125,0.0,0.0,0.0029866949189454317
1070,33.62030029296875,-84.38436126708984,426.7200012207031,7.2661356925964355,0.5807826519012451,256.0,10.683950424194336,1.0,10.683950424194336,17.100000381469727,0.0,0.052711356431245804,17.100000381469727,0.10000000149011612,299.9003601074219,0.0,0.0,0.001660678768530488
1071,33.62030029296875,-84.38826751708984,407.6700134277344,7.4446210861206055,0.5955151915550232,256.0,10.632912635803223,1.0,10.632912635803223,17.100000381469727,0.0,0.05257774516940117,17.100000381469727,0.10000000149011612,298.46771240234375,0.0,0.0,0.025538096204400063
1072,33.62030029296875,-84.39217376708984,388.6199951171875,7.612789630889893,0.6122518181800842,256.0,10.632912635803223,1.0,10.632912635803223,17.100000381469727,0.0,0.05485806241631508,17.100000381469727,0.10000000149011612,298.46771240234375,0.0,0.0,0.025538096204400063
1073,33.62030029296875,-84.39612579345703,369.57000732421875,7.804515838623047,0.6287034153938293,256.0,10.75200080871582,1.0,10.75200080871582,17.100000381469727,0.0,0.05707442760467529,17.100000381469727,0.10000000149011612,301.810546875,0.0,0.0,0.0
1074,33.62030029296875,-84.40025329589844,350.5199890136719,7.99641752243042,0.6508215069770813,256.0,11.228355407714844,1.0,11.228355407714844,17.100000381469727,0.0,0.05810854956507683,17.100000381469727,0.10000000149011612,315.1819152832031,0.0,0.0,0.0
1075,33.62030029296875,-84.40437316894531,331.4700012207031,20.010738372802734,0.6685729026794434,257.0,11.228355407714844,1.0,11.228355407714844,17.100000381469727,0.0,0.04811304062604904,17.100000381469727,0.10000000149011612,315.1819152832031,0.0,0.0,0.0
1076,33.62030029296875,-84.40850067138672,312.4200134277344,8.759325981140137,0.6709535121917725,257.0,11.228355407714844,1.0,11.228355407714844,17.100000381469727,0.0,0.058405209332704544,17.100000381469727,0.10000000149011612,315.1819152832031,0.0,0.0,0.0
1077,33.62030029296875,-84.41265869140625,293.3699951171875,8.77744197845459,0.671424388885498,257.0,11.3134183883667,1.0,11.3134183883667,17.100000381469727,0.0,0.04901985451579094,17.100000381469727,0.10000000149011612,317.56964111328125,0.0,0.0,0.0
1078,33.62030029296875,-84.41680908203125,274.32000732421875,8.764952659606934,0.6889932155609131,257.0,11.3134183883667,1.0,11.3134183883667,17.100000381469727,0.0,0.04732590541243553,17.100000381469727,0.10000000149011612,317.56964111328125,0.0,0.0,0.0
1079,33.62030029296875,-84.42096710205078,255.27000427246094,8.979523658752441,0.70456862449646,257.0,11.3134183883667,1.0,11.3134183883667,17.100000381469727,0.0,0.04741939157247543,17.100000381469727,0.10000000149011612,317.56964111328125,0.0,0.0,0.0
1080,33.62030029296875,-84.42440032958984,247.64999389648438,13.925613403320312,0.5716883540153503,258.0,9.999421119689941,1.0,9.999421119689941,17.100000381469727,0.0,0.054080333560705185,17.100000381469727,0.10000000149011612,280.6855163574219,0.0,0.32190820574760437,0.0
1081,33.62030029296875,-84.42765045166016,242.8874969482422,7.2621660232543945,0.5869473218917847,258.0,10.388063430786133,1.0,10.388063430786133,17.100000381469727,0.0,0.05108823999762535,17.100000381469727,0.10000000149011612,291.5947570800781,0.0,0.0,0.0
