step, lat, lon, alt, snr, load, handovers, allocated_bw, allocation_ratio, demand_MB, throughput_req, queing_delay_s, propagation_latency_s, transmission_rate_mbps, latency_req_s, beam_capacity, service_drop_s, dwell_remaining_s, ttt_remaining_s
0,29.956899642944336,-95.33689880371094,327.6600036621094,3.5031321048736572,0.29405003786087036,0.0,2.387500047683716,1.0,2.387500047683716,19.100000381469727,0.0,0.008274085819721222,338.8559875488281,0.0,42.356998443603516,0.0,14.0,0.0
1,29.954181671142578,-95.33330535888672,365.760009765625,-10.843350410461426,0.2940501570701599,0.0,14.397393226623535,1.0,14.397393226623535,21.100000381469727,0.0,0.008275732398033142,28.541858673095703,0.10000000149011612,231.2152557373047,0.0,8.54127311706543,0.0
2,29.951461791992188,-95.3297119140625,403.8599853515625,-10.845139503479004,0.29405146837234497,0.0,14.002585411071777,1.0,14.002585411071777,21.100000381469727,0.0,0.008283044211566448,28.53055763244629,0.10000000149011612,224.87442016601562,0.0,3.2322356700897217,0.0
3,29.94874382019043,-95.32611846923828,441.9599914550781,-10.852869033813477,0.29405274987220764,0.0,13.628864288330078,1.0,13.628864288330078,21.100000381469727,0.0,0.008295557461678982,28.481773376464844,0.10000000149011612,218.87225341796875,0.0,0.0,0.0
4,29.945999145507812,-95.32227325439453,472.44000244140625,-10.86605167388916,0.29405394196510315,0.0,13.758015632629395,1.0,13.758015632629395,21.100000381469727,0.0,0.008313602767884731,28.398767471313477,0.10000000149011612,220.94598388671875,0.0,0.0,4.783690452575684
5,29.94325065612793,-95.31836700439453,501.0150146484375,-10.884987831115723,0.29405513405799866,0.0,13.43561840057373,1.0,13.43561840057373,21.100000381469727,0.0,0.008336414583027363,28.27992820739746,0.10000000149011612,215.76809692382812,0.0,0.0,0.0
6,29.940500259399414,-95.31446075439453,529.5900268554688,-10.90884780883789,0.2940562963485718,0.0,12.9971342086792,1.0,12.9971342086792,21.100000381469727,0.0,0.00836331956088543,28.130870819091797,0.10000000149011612,208.7259521484375,0.0,0.0,5.072176933288574
7,29.937694549560547,-95.31027221679688,553.8787231445312,-10.936882019042969,0.29405736923217773,0.0,13.185638427734375,1.0,13.185638427734375,21.100000381469727,0.0,0.008395443670451641,27.95670509338379,0.10000000149011612,211.7528839111328,0.0,0.0,0.07288269698619843
8,29.934850692749023,-95.30590057373047,575.3099975585938,-10.970235824584961,0.2940584421157837,0.0,13.120736122131348,1.0,13.120736122131348,21.100000381469727,0.0,0.008432180620729923,27.750844955444336,0.10000000149011612,210.7102813720703,0.0,0.0,0.0
9,29.9320068359375,-95.30152130126953,596.7412719726562,-11.008220672607422,0.29405951499938965,0.0,12.653797149658203,1.0,12.653797149658203,21.100000381469727,0.0,0.008472058922052383,27.518171310424805,0.10000000149011612,203.21124267578125,0.0,0.0,5.2023515701293945
10,29.928987503051758,-95.29693603515625,620.0775146484375,-11.049242973327637,0.29406052827835083,0.0,12.856736183166504,1.0,12.856736183166504,21.100000381469727,0.0,0.008516992442309856,27.26900291442871,0.10000000149011612,206.47000122070312,0.0,0.0,0.32775983214378357
11,29.92570686340332,-95.29203033447266,646.271240234375,-11.095232009887695,0.2940615117549896,0.0,13.341404914855957,1.0,13.341404914855957,21.100000381469727,0.0,0.008568262681365013,26.992244720458984,0.10000000149011612,214.25314331054688,0.0,0.0,0.0
12,29.92242431640625,-95.28712463378906,672.4650268554688,-11.147429466247559,0.2940625548362732,0.0,12.884352684020996,1.0,12.884352684020996,21.100000381469727,0.0,0.008622188121080399,26.681411743164062,0.10000000149011612,206.9129180908203,0.0,0.0,5.1149373054504395
13,29.919055938720703,-95.28216552734375,704.8499755859375,-11.201960563659668,0.294063538312912,0.0,12.709077835083008,1.0,12.709077835083008,21.100000381469727,0.0,0.008679531514644623,26.36035919189453,0.10000000149011612,204.0978546142578,0.0,0.0,0.2963295578956604
14,29.915340423583984,-95.2770004272461,762.0,-11.259498596191406,0.294064462184906,0.0,13.338665962219238,1.0,13.338665962219238,21.100000381469727,0.0,0.008744004182517529,26.025644302368164,0.10000000149011612,214.20826721191406,0.0,0.0,0.0
15,29.911623001098633,-95.27183532714844,819.1500244140625,-11.323851585388184,0.2940654456615448,0.0,13.140005111694336,1.0,13.140005111694336,21.100000381469727,0.0,0.008811812847852707,25.656137466430664,0.10000000149011612,211.0176544189453,0.0,0.0,5.018007278442383
16,29.907907485961914,-95.26667022705078,876.2999877929688,-11.391019821166992,0.2940663695335388,0.0,12.947184562683105,1.0,12.947184562683105,21.100000381469727,0.0,0.008882706053555012,25.275869369506836,0.10000000149011612,207.9208221435547,0.0,0.0,5.0911149978637695
17,29.904190063476562,-95.2614974975586,933.4500122070312,-11.460687637329102,0.29406729340553284,0.0,12.759947776794434,1.0,12.759947776794434,21.100000381469727,0.0,0.008956444449722767,24.887203216552734,0.10000000149011612,204.9136962890625,0.0,0.0,5.162105083465576
18,29.90047264099121,-95.25633239746094,990.5999755859375,-11.53255844116211,0.2940681576728821,0.0,12.578058242797852,1.0,12.578058242797852,21.100000381469727,0.0,0.009032804518938065,24.492294311523438,0.10000000149011612,201.99244689941406,0.0,0.0,5.231068134307861
19,29.896745681762695,-95.25103759765625,1042.579345703125,-11.606372833251953,0.2940690219402313,0.0,14.422725677490234,0.797781765460968,18.078535079956055,30.200000762939453,1.2138988971710205,0.009113077074289322,24.09300994873047,0.10000000149011612,202.84288024902344,0.0,0.0,5.210984230041504
20,29.89297866821289,-95.2452163696289,1073.875732421875,-11.683341979980469,0.2940698266029358,0.0,15.056465148925781,0.7842174768447876,19.19934844970703,30.200000762939453,1.399423599243164,0.009202196262776852,23.683368682861328,0.10000000149011612,215.4182586669922,0.0,0.0,4.9140801429748535
21,29.889211654663086,-95.23939514160156,1105.172119140625,-11.76793098449707,0.29407069087028503,0.0,14.732856750488281,0.7695678472518921,19.144325256347656,30.200000762939453,1.518515706062317,0.009294861927628517,23.240947723388672,0.10000000149011612,214.80064392089844,0.0,0.0,4.928655624389648
22,29.88544273376465,-95.23357391357422,1136.4686279296875,-11.855016708374023,0.2940715551376343,0.0,14.408130645751953,0.754762589931488,19.089618682861328,30.200000762939453,1.6430723667144775,0.009390931576490402,22.79383087158203,0.10000000149011612,214.18658447265625,0.0,0.0,4.9431471824646
23,29.881675720214844,-95.22775268554688,1167.7650146484375,-11.94438648223877,0.29407238960266113,0.0,14.083331108093262,0.7398561835289001,19.035228729248047,30.200000762939453,1.7729943990707397,0.009490265510976315,22.343656539916992,0.10000000149011612,213.5760498046875,0.0,0.0,0.0
24,29.877906799316406,-95.22193145751953,1199.0614013671875,-12.035832405090332,0.2940731942653656,0.0,13.759413719177246,0.7248988747596741,18.98114776611328,30.200000762939453,1.9081847667694092,0.00959272775799036,21.89194679260254,0.10000000149011612,212.96902465820312,0.0,0.0,4.97188138961792
25,29.874122619628906,-95.21601867675781,1212.9246826171875,-12.129240036010742,0.2940739691257477,0.0,13.621338844299316,0.7099236845970154,19.18704605102539,30.200000762939453,2.0767858028411865,0.009699736721813679,21.439695358276367,0.10000000149011612,215.27896118164062,0.0,0.0,0.0
26,29.870328903198242,-95.21004486083984,1215.1658935546875,-11.264978408813477,0.2941082715988159,1.0,16.655391693115234,0.860727846622467,19.350357055664062,30.200000762939453,0.8294121026992798,0.008632993325591087,25.993982315063477,0.10000000149011612,217.10076904296875,5.0,9.874077796936035,0.0
27,29.866535186767578,-95.2040786743164,1217.4071044921875,-11.211220741271973,0.2941087484359741,1.0,16.871789932250977,0.8710665106773376,19.369117736816406,30.200000762939453,0.7594641447067261,0.008584091439843178,26.306209564208984,0.10000000149011612,217.31109619140625,0.0,4.743185997009277,0.0
28,29.862592697143555,-95.1982192993164,1230.7711181640625,-11.161863327026367,0.2941092252731323,1.0,17.08843994140625,0.8806644678115845,19.404029846191406,30.200000762939453,0.6965212821960449,0.008539929054677486,26.596065521240234,0.10000000149011612,217.70265197753906,0.0,0.0,0.0
29,29.858055114746094,-95.19283294677734,1288.626708984375,-11.116848945617676,0.2941097021102905,1.0,17.459251403808594,0.8895065188407898,19.628019332885742,30.200000762939453,0.6458726525306702,0.008500082418322563,26.86309814453125,0.10000000149011612,220.21554565429688,0.0,0.0,4.800524711608887
30,29.853519439697266,-95.18744659423828,1346.482177734375,-11.076297760009766,0.29411014914512634,1.0,17.596511840820312,0.8975450992584229,19.60515785217285,30.200000762939453,0.5928294658660889,0.008465453051030636,27.10586166381836,0.10000000149011612,219.9589080810547,0.0,0.0,0.0
31,29.848981857299805,-95.18205261230469,1404.3377685546875,-4.859657287597656,0.29411056637763977,2.0,20.165929794311523,1.0,20.165929794311523,31.100000381469727,0.0,0.00843608658760786,101.93705749511719,0.10000000149011612,219.70289611816406,2.0,9.812623023986816,0.0
32,29.844444274902344,-95.17666625976562,1462.193359375,-11.010810852050781,0.2941109836101532,2.0,17.812429428100586,0.8843207359313965,20.142498016357422,31.100000381469727,0.6777796149253845,0.008412022143602371,27.502376556396484,0.10000000149011612,219.44747924804688,0.0,4.631272792816162,0.0
33,29.839906692504883,-95.17127990722656,1520.048828125,-10.986079216003418,0.2941114008426666,2.0,17.889564514160156,0.8891821503639221,20.119121551513672,31.100000381469727,0.6449967622756958,0.008393284864723682,27.653564453125,0.10000000149011612,219.1926727294922,0.0,0.0,0.0
34,29.835636138916016,-95.16615295410156,1587.201171875,-10.966798782348633,0.29411178827285767,2.0,16.975460052490234,0.8929899334907532,19.009687423706055,31.100000381469727,0.5859796404838562,0.008380397222936153,27.771987915039062,0.10000000149011612,207.10556030273438,0.0,0.0,5.110048294067383
35,29.83142852783203,-95.16109466552734,1656.6776123046875,-10.953529357910156,0.29411211609840393,2.0,16.753768920898438,0.895619809627533,18.706340789794922,31.100000381469727,0.5608060956001282,0.008372360840439796,27.853776931762695,0.10000000149011612,203.80056762695312,0.0,0.0,0.29812777042388916
36,29.82722282409668,-95.15603637695312,1726.1541748046875,-10.945273399353027,0.2941124439239502,2.0,16.753429412841797,0.8972597122192383,18.671772003173828,31.100000381469727,0.5499684810638428,0.008368970826268196,27.90477752685547,0.10000000149011612,203.4238739013672,0.0,0.0,0.0
37,29.823307037353516,-95.15071105957031,1797.73388671875,-10.941764831542969,0.29411277174949646,2.0,16.670940399169922,0.897957444190979,18.565401077270508,31.100000381469727,0.5426994562149048,0.008370117284357548,27.926477432250977,0.10000000149011612,202.264892578125,0.0,0.0,5.224333763122559
38,29.819826126098633,-95.14497375488281,1872.468505859375,-10.942917823791504,0.29411306977272034,2.0,16.64491844177246,0.8977282047271729,18.541154861450195,31.100000381469727,0.5433471202850342,0.008375708945095539,27.919347763061523,0.10000000149011612,202.00064086914062,0.0,0.0,0.45490506291389465
39,29.81634521484375,-95.13924407958984,1947.203125,-10.948787689208984,0.2941133677959442,2.0,16.563304901123047,0.896561324596405,18.474258422851562,31.100000381469727,0.548276424407959,0.008385788649320602,27.883056640625,0.10000000149011612,201.27174377441406,0.0,0.0,0.0
40,29.8128662109375,-95.13351440429688,2021.937744140625,-10.959305763244629,0.2941136658191681,2.0,16.465341567993164,0.8944741487503052,18.40784454345703,31.100000381469727,0.5586292147636414,0.008400293998420238,27.818145751953125,0.10000000149011612,200.54811096191406,0.0,0.0,5.264863014221191
41,29.809385299682617,-95.1277847290039,2096.67236328125,-10.974388122558594,0.2941139340400696,2.0,16.35161590576172,0.8914892077445984,18.34191131591797,31.100000381469727,0.5742896795272827,0.008419155143201351,27.72531509399414,0.10000000149011612,199.8297119140625,0.0,0.0,0.5466863512992859
42,29.805763244628906,-95.12190246582031,2170.571044921875,-10.993931770324707,0.2941141724586487,2.0,16.716598510742188,0.8876358270645142,18.832721710205078,31.100000381469727,0.6132472157478333,0.008443097583949566,27.6054744720459,0.10000000149011612,205.17686462402344,0.0,0.0,0.0
43,29.801578521728516,-95.11542510986328,2241.126708984375,-11.018648147583008,0.29411444067955017,2.0,18.517356872558594,0.882785439491272,20.976057052612305,31.100000381469727,0.7164399027824402,0.008475254289805889,27.454627990722656,0.10000000149011612,228.52777099609375,0.0,0.0,4.604229927062988
44,29.797391891479492,-95.10894012451172,2311.68212890625,-11.051765441894531,0.29411470890045166,2.0,18.27764320373535,0.8763263821601868,20.857118606567383,31.100000381469727,0.7571729421615601,0.008512793108820915,27.25374984741211,0.10000000149011612,227.2318878173828,0.0,0.0,0.0
45,29.7932071685791,-95.10246276855469,2382.23779296875,-11.090250015258789,0.29411494731903076,2.0,18.020112991333008,0.8688777089118958,20.739526748657227,31.100000381469727,0.8050936460494995,0.008555550128221512,27.022096633911133,0.10000000149011612,225.95069885253906,0.0,0.0,4.665073394775391
46,29.78902244567871,-95.09597778320312,2452.793212890625,-11.133865356445312,0.29411518573760986,2.0,17.746517181396484,0.8605097532272339,20.623260498046875,31.100000381469727,0.8599537014961243,0.008603360503911972,26.761852264404297,0.10000000149011612,224.68392944335938,0.0,0.0,0.0
47,29.78483772277832,-95.08949279785156,2523.348876953125,-11.182363510131836,0.29411542415618896,3.0,17.458629608154297,0.8512959480285645,20.508296966552734,31.100000381469727,0.9215130805969238,0.008656051941215992,26.475303649902344,0.10000000149011612,223.43136596679688,2.0,9.724554061889648,0.0
48,29.781906127929688,-95.08250427246094,2593.041259765625,-11.235153198242188,0.2941156327724457,3.0,16.484323501586914,0.8413750529289246,19.592121124267578,31.100000381469727,0.9501515030860901,0.008710717782378197,26.166765213012695,0.10000000149011612,213.4498748779297,0.0,4.684779644012451,0.0
49,29.779287338256836,-95.07538604736328,2662.517578125,-11.289817810058594,0.29411581158638,3.0,16.10527992248535,0.7180811762809753,22.42821502685547,36.0,1.9567383527755737,0.008769089356064796,25.850921630859375,0.15000000596046448,211.0896453857422,0.0,0.0,0.0
50,29.776670455932617,-95.06826782226562,2731.994140625,-11.347894668579102,0.29411599040031433,3.0,15.78826904296875,0.7088719606399536,22.272384643554688,36.0,2.032686948776245,0.008831299841403961,25.519390106201172,0.15000000596046448,209.62294006347656,0.0,0.0,5.050580978393555
51,29.775362014770508,-95.06090545654297,2794.0,-11.409043312072754,0.29411616921424866,3.0,15.035173416137695,0.6992988586425781,21.500354766845703,36.0,2.0544962882995605,0.008894916623830795,25.174758911132812,0.15000000596046448,202.35670471191406,0.0,0.0,0.27272462844848633
52,29.776016235351562,-95.05316925048828,2844.800048828125,-11.470932006835938,0.2941163182258606,3.0,15.188631057739258,0.6897371411323547,22.020896911621094,36.0,2.201246500015259,0.008963447995483875,24.830537796020508,0.15000000596046448,207.2559051513672,0.0,0.0,5.106467247009277
53,29.77667236328125,-95.04542541503906,2895.60009765625,-11.537619590759277,0.29411643743515015,3.0,14.82100772857666,0.6795752644538879,21.809221267700195,36.0,2.2851572036743164,0.009035038761794567,24.464710235595703,0.15000000596046448,205.26361083984375,0.0,0.0,5.153506278991699
54,29.777326583862305,-95.03768920898438,2946.39990234375,-11.606741905212402,0.2941165864467621,3.0,14.455669403076172,0.6691952347755432,21.601572036743164,36.0,2.372967481613159,0.00910950917750597,24.091028213500977,0.15000000596046448,203.30923461914062,0.0,0.0,5.199650287628174
55,29.77798080444336,-95.02995300292969,2997.199951171875,-11.67806625366211,0.29411670565605164,3.0,14.093587875366211,0.6586453914642334,21.397838592529297,36.0,2.464401960372925,0.009186686016619205,23.711233139038086,0.15000000596046448,201.39169311523438,0.0,0.0,5.244924545288086
56,29.778635025024414,-95.022216796875,3048.0,-11.75136947631836,0.2941168248653412,3.0,13.735617637634277,0.6479703783988953,21.197908401489258,36.0,2.559201955795288,0.009266405366361141,23.326934814453125,0.15000000596046448,199.5099639892578,0.0,0.0,5.289353370666504
57,29.7792911529541,-95.01447296142578,3098.800048828125,-11.826443672180176,0.29411691427230835,3.0,13.38250732421875,0.6372113227844238,21.001678466796875,36.0,2.657123327255249,0.009348506107926369,22.939607620239258,0.15000000596046448,197.66305541992188,0.0,0.0,5.332960605621338
58,29.779945373535156,-95.0067367553711,3149.60009765625,-11.903088569641113,0.2941170036792755,3.0,13.034903526306152,0.626405656337738,20.809043884277344,36.0,2.757936477661133,0.009432838298380375,22.55060386657715,0.15000000596046448,195.85000610351562,0.0,0.0,5.375767707824707
59,29.78059959411621,-94.9990005493164,3200.39990234375,-11.981117248535156,0.2941170930862427,3.0,12.693354606628418,0.6155872941017151,20.619911193847656,36.0,2.8614249229431152,0.009519255720078945,22.161142349243164,0.15000000596046448,194.0699005126953,0.0,0.0,5.417797565460205
60,29.7817325592041,-94.98989868164062,3223.260009765625,-12.060155868530273,0.29411718249320984,3.0,14.482439041137695,0.6048137545585632,23.94528579711914,36.0,3.4768638610839844,0.009623131714761257,21.77329444885254,0.15000000596046448,225.3675537109375,0.0,0.0,4.678825378417969
61,29.782867431640625,-94.98079681396484,3246.1201171875,-12.154454231262207,0.294117271900177,3.0,13.931671142578125,0.38621702790260315,36.07212829589844,55.20000076293945,8.308183670043945,0.009728671982884407,21.31917953491211,0.0,221.41473388671875,0.0,0.0,4.772155284881592
62,29.784000396728516,-94.9717025756836,3268.97998046875,-12.249225616455078,0.2941173315048218,3.0,13.404372215270996,0.33828282356262207,39.62474822998047,61.70000076293945,10.049946784973145,0.009835651144385338,20.872051239013672,0.0,217.5980987548828,0.0,0.0,4.862269401550293
63,29.785133361816406,-94.96260070800781,3291.840087890625,-12.344245910644531,0.29411739110946655,3.0,12.899975776672363,0.3311653435230255,38.95328140258789,61.70000076293945,10.200531005859375,0.00994386337697506,20.43290138244629,0.0,213.91073608398438,0.0,0.0,4.949331760406494
64,29.786266326904297,-94.95349884033203,3314.699951171875,-12.439315795898438,0.29411745071411133,3.0,12.417826652526855,0.2998878061771393,41.408241271972656,66.69999694824219,11.594707489013672,0.010053122416138649,20.00251579284668,0.10000000149011612,210.34619140625,0.0,0.0,5.033493995666504
65,29.787399291992188,-94.94439697265625,3337.56005859375,-12.534259796142578,0.2941175103187561,3.0,11.957200050354004,0.2935757339000702,40.72952651977539,66.69999694824219,11.754900932312012,0.010163256898522377,19.581501007080078,0.10000000149011612,206.89842224121094,0.0,0.0,5.114899635314941
66,29.78853416442871,-94.93478393554688,3357.8798828125,-12.628880500793457,0.2941175401210785,3.0,12.178275108337402,0.28741392493247986,42.37190246582031,66.69999694824219,12.600032806396484,0.010280597023665905,19.170507431030273,0.10000000149011612,215.2413787841797,0.0,0.0,4.917912483215332
67,29.7896671295166,-94.92516326904297,3378.199951171875,-12.728619575500488,0.2941175699234009,3.0,11.738176345825195,0.2810550630092621,41.76468276977539,66.69999694824219,12.813789367675781,0.010398880578577518,18.74637222290039,0.10000000149011612,212.1568145751953,0.0,0.0,4.9907426834106445
68,29.790800094604492,-94.9155502319336,3398.52001953125,-12.828015327453613,0.29411759972572327,3.0,11.317030906677246,0.2748546004295349,41.17461013793945,66.69999694824219,13.029139518737793,0.010517958551645279,18.332801818847656,0.10000000149011612,209.15933227539062,0.0,0.0,5.061515808105469
69,29.791933059692383,-94.90592956542969,3418.840087890625,-12.92694091796875,0.29411762952804565,3.0,10.9141845703125,0.26881587505340576,40.6009635925293,66.69999694824219,13.245620727539062,0.010637692175805569,17.93001937866211,0.10000000149011612,206.2453155517578,0.0,0.0,5.130319118499756
70,29.793066024780273,-94.89631652832031,3439.159912109375,-13.025289535522461,0.29411762952804565,3.0,10.52895736694336,0.26294079422950745,40.04307174682617,66.69999694824219,13.46281623840332,0.01075795665383339,17.538150787353516,0.10000000149011612,203.41131591796875,0.0,0.0,5.197232723236084
71,29.794200897216797,-94.88670349121094,3459.47998046875,-13.122965812683105,0.29411762952804565,3.0,10.16065788269043,0.2572299540042877,39.50028991699219,66.69999694824219,13.680352210998535,0.010878639295697212,17.157238006591797,0.10000000149011612,200.65408325195312,0.0,0.0,5.262333869934082
72,29.79538345336914,-94.87628173828125,3489.9599609375,-13.219755172729492,0.29411765933036804,3.0,10.673590660095215,0.25169047713279724,42.40760803222656,66.69999694824219,15.12246036529541,0.011010381393134594,16.78775405883789,0.10000000149011612,215.4227294921875,0.0,0.0,4.91363000869751
73,29.796566009521484,-94.8658676147461,3520.43994140625,-13.32434368133545,0.29411765933036804,3.0,10.34029769897461,0.24583564698696136,42.06183624267578,66.69999694824219,15.476527214050293,0.011143221519887447,16.39723777770996,0.10000000149011612,213.666259765625,0.0,0.0,4.955102443695068
74,29.79775047302246,-94.85545349121094,3550.919921875,-13.428544044494629,0.29411762952804565,3.0,10.018827438354492,0.24013499915599823,41.72164535522461,66.69999694824219,15.834580421447754,0.011277049779891968,16.017004013061523,0.10000000149011612,211.9381561279297,0.0,0.0,4.995904445648193
75,29.798933029174805,-94.84503173828125,3581.39990234375,-13.532269477844238,0.29411762952804565,3.0,9.708904266357422,0.23458878695964813,41.386905670166016,66.69999694824219,16.196258544921875,0.011411761865019798,15.647071838378906,0.10000000149011612,210.23776245117188,0.0,0.0,5.03605318069458
76,29.80011749267578,-94.8346176147461,3611.8798828125,-13.635443687438965,0.29411762952804565,3.0,9.41023063659668,0.2291964441537857,41.057491302490234,66.69999694824219,16.561222076416016,0.011547260917723179,15.287403106689453,0.10000000149011612,208.5643768310547,0.0,0.0,5.075563430786133
77,29.801300048828125,-94.82420349121094,3642.360107421875,-13.737998962402344,0.29411759972572327,3.0,9.122491836547852,0.22395677864551544,40.73326873779297,66.69999694824219,16.929147720336914,0.011683456599712372,14.93791675567627,0.10000000149011612,206.9174041748047,0.0,0.0,5.114450454711914
78,29.802650451660156,-94.81311798095703,3694.429931640625,-13.839686393737793,0.2941175699234009,3.0,9.474135398864746,0.21887736022472382,43.28512954711914,66.69999694824219,18.52768898010254,0.01182992197573185,14.599120140075684,0.10000000149011612,219.88038635253906,0.0,0.0,4.808380126953125
79,29.804000854492188,-94.80203247070312,3746.5,-13.947931289672852,0.2941175401210785,3.0,9.222262382507324,0.25126543641090393,36.70326614379883,56.70000076293945,15.431449890136719,0.01197787281125784,14.246750831604004,0.0,219.32859802246094,0.0,0.0,4.821408748626709
80,29.805349349975586,-94.79094696044922,3798.570068359375,-14.055919647216797,0.2941175103187561,3.0,8.977553367614746,0.22681115567684174,39.58161926269531,61.29999923706055,17.609386444091797,0.012127229943871498,13.903524398803711,0.10000000149011612,218.779541015625,0.0,0.0,4.834372520446777
81,29.806699752807617,-94.77986907958984,3850.639892578125,-14.163590431213379,0.2941174805164337,3.0,8.739921569824219,0.22136035561561584,39.4827766418457,61.29999923706055,18.124828338623047,0.012277917005121708,13.569389343261719,0.10000000149011612,218.2332305908203,0.0,0.0,4.847271919250488
82,29.80805015563965,-94.76878356933594,3902.7099609375,-14.270883560180664,0.29411745071411133,3.0,8.509263038635254,0.21605655550956726,39.38442611694336,61.29999923706055,18.649677276611328,0.012429863214492798,13.244267463684082,0.10000000149011612,217.6896209716797,0.0,0.0,4.860107421875
83,29.80940055847168,-94.75769805908203,3954.780029296875,-14.377747535705566,0.29411742091178894,3.0,8.285459518432617,0.21089808642864227,39.28656005859375,61.29999923706055,19.18377113342285,0.012582997791469097,12.928051948547363,0.10000000149011612,217.14869689941406,0.0,0.0,4.872879505157471
84,29.810749053955078,-94.74681854248047,3996.68994140625,-14.484175682067871,0.29411739110946655,3.0,7.914370059967041,0.20588091015815735,38.44149398803711,61.29999923706055,19.350818634033203,0.012734323740005493,12.620499610900879,0.10000000149011612,212.477783203125,0.0,0.0,4.983165264129639
85,29.81209945678711,-94.73593139648438,4038.60009765625,-14.588037490844727,0.2941173315048218,3.0,7.7006049156188965,0.20109783113002777,38.29282760620117,61.29999923706055,19.853321075439453,0.012886445969343185,12.32729721069336,0.10000000149011612,211.65606689453125,0.0,0.0,5.002567291259766
86,29.81344985961914,-94.72505187988281,4080.510009765625,-14.69120979309082,0.2941173017024994,3.0,7.4938249588012695,0.196454718708992,38.145301818847656,61.29999923706055,20.361906051635742,0.013039305806159973,12.042675018310547,0.10000000149011612,210.84066772460938,0.0,0.0,5.021820068359375
87,29.814800262451172,-94.71416473388672,4122.419921875,-14.793663024902344,0.2941172420978546,3.0,7.293828010559082,0.19194836914539337,37.998905181884766,61.29999923706055,20.876384735107422,0.013192848302423954,11.766434669494629,0.10000000149011612,210.031494140625,0.0,0.0,5.040925979614258
88,29.816150665283203,-94.70328521728516,4164.330078125,-14.895370483398438,0.2941172122955322,3.0,7.100409984588623,0.18757542967796326,37.8536262512207,61.29999923706055,21.39656639099121,0.0133470194414258,11.498373985290527,0.10000000149011612,209.22850036621094,0.0,0.0,5.0598859786987305
89,29.8174991607666,-94.69239807128906,4206.240234375,-14.996309280395508,0.29411715269088745,3.0,6.91336727142334,0.18333250284194946,37.70944595336914,61.29999923706055,21.92226791381836,0.013501768000423908,11.238282203674316,0.10000000149011612,208.4315948486328,0.0,0.0,5.078701972961426
90,29.819286346435547,-94.6814193725586,4266.111328125,-15.096244812011719,0.29411712288856506,3.0,6.87576150894165,0.1792248785495758,38.3638801574707,61.29999923706055,22.928621292114258,0.013660057447850704,10.98648452758789,0.10000000149011612,212.04885864257812,0.0,0.0,4.993294715881348
91,29.82107162475586,-94.6704330444336,4325.98291015625,-15.197507858276367,0.2941170930862427,3.0,6.726984977722168,0.1624358594417572,41.413177490234375,66.0999984741211,25.844209671020508,0.013819652609527111,10.73701000213623,0.0,212.28094482421875,0.0,0.0,4.9878153800964355
92,29.822856903076172,-94.65945434570312,4385.8544921875,-15.298425674438477,0.2941170334815979,3.0,6.5819010734558105,0.159725159406662,41.20766830444336,65.69999694824219,26.39676284790039,0.013980519026517868,10.493943214416504,0.10000000149011612,212.51353454589844,0.0,0.0,4.98232364654541
93,29.824642181396484,-94.64846801757812,4445.7255859375,-15.39897346496582,0.2941170036792755,3.0,6.440445423126221,0.156121164560318,41.25286865234375,65.69999694824219,27.151704788208008,0.014142623171210289,10.257160186767578,0.10000000149011612,212.7466583251953,0.0,0.0,4.9768195152282715
94,29.82642936706543,-94.63748931884766,4505.59716796875,-15.499131202697754,0.29411694407463074,3.0,6.302549839019775,0.1526108682155609,41.29816818237305,65.69999694824219,27.922405242919922,0.014305933378636837,10.026534080505371,0.10000000149011612,212.9803009033203,0.0,0.0,4.971303462982178
95,29.82863426208496,-94.62677764892578,4552.7685546875,-15.598764419555664,0.29411691427230835,3.0,6.063592910766602,0.14919622242450714,40.64173126220703,65.69999694824219,28.220741271972656,0.01446739211678505,9.802191734313965,0.10000000149011612,209.594970703125,0.0,0.0,5.051235198974609
96,29.831466674804688,-94.61647033691406,4580.89013671875,-15.69609546661377,0.2941168546676636,3.0,5.796924591064453,0.14593328535556793,39.723114013671875,65.69999694824219,28.307750701904297,0.014625754207372665,9.587817192077637,0.10000000149011612,204.8575439453125,0.0,0.0,5.16309118270874
97,29.834299087524414,-94.60615539550781,4609.01123046875,-15.790678024291992,0.2941168248653412,3.0,5.64707088470459,0.1428300142288208,39.53700637817383,65.69999694824219,28.891887664794922,0.014784205704927444,9.383931159973145,0.10000000149011612,203.8977813720703,0.0,0.0,5.1857523918151855
98,29.837133407592773,-94.5958480834961,4637.1328125,-15.884293556213379,0.2941167950630188,3.0,5.502386093139648,0.1398225873708725,39.35262680053711,65.69999694824219,29.47874641418457,0.014942716807126999,9.186344146728516,0.10000000149011612,202.94691467285156,0.0,0.0,5.2082037925720215
99,29.8399658203125,-94.58554077148438,4665.25439453125,-15.976944923400879,0.294116735458374,3.0,5.362668514251709,0.13690772652626038,39.16994857788086,65.69999694824219,30.068161010742188,0.015101256780326366,8.994837760925293,0.10000000149011612,202.00482177734375,0.0,0.0,5.230447769165039
100,29.84280014038086,-94.57522583007812,4693.37548828125,-16.068635940551758,0.29411670565605164,3.0,5.227724075317383,0.13408219814300537,38.988948822021484,65.69999694824219,30.65996742248535,0.015259798616170883,8.809200286865234,0.10000000149011612,201.07139587402344,0.0,0.0,5.2524871826171875
101,29.845632553100586,-94.5649185180664,4721.4970703125,-16.15937042236328,0.29411667585372925,3.0,5.097364902496338,0.13134287297725677,38.80960464477539,65.69999694824219,31.25400733947754,0.015418317168951035,8.629226684570312,0.10000000149011612,200.14649963378906,0.0,0.0,5.274325370788574
102,29.848466873168945,-94.55461120605469,4749.61865234375,-16.24915313720703,0.29411664605140686,3.0,4.97141170501709,0.12868672609329224,38.631893157958984,65.69999694824219,31.850130081176758,0.015576786361634731,8.454717636108398,0.10000000149011612,199.2300262451172,0.0,0.0,5.295964241027832
103,29.851299285888672,-94.54429626464844,4777.740234375,-16.337989807128906,0.29411664605140686,3.0,4.849691390991211,0.12611082196235657,38.45579528808594,65.69999694824219,32.44818878173828,0.015735184773802757,8.285480499267578,0.10000000149011612,198.32186889648438,0.0,0.0,5.317407131195068
104,29.85449981689453,-94.53268432617188,4800.60009765625,-16.425729751586914,0.2941166162490845,3.0,5.33078670501709,0.1236167699098587,43.12348937988281,65.69999694824219,37.22675704956055,0.01591358333826065,8.121622085571289,0.10000000149011612,222.39382934570312,0.0,0.0,4.74904203414917
105,29.85770034790039,-94.52106475830078,4823.4599609375,-16.52367401123047,0.2941166162490845,3.0,5.187198638916016,0.12089021503925323,42.90834045410156,65.69999694824219,37.994285583496094,0.01609184965491295,7.9424872398376465,0.10000000149011612,221.28428649902344,0.0,0.0,4.775239944458008
106,29.86090087890625,-94.50945281982422,4846.31982421875,-16.62045669555664,0.2941165864467621,3.0,5.048912048339844,0.11825446784496307,42.695316314697266,65.69999694824219,38.76417541503906,0.01626996137201786,7.769318580627441,0.10000000149011612,220.18568420410156,0.0,0.0,4.801178932189941
107,29.864099502563477,-94.49783325195312,4869.18017578125,-16.716087341308594,0.2941165566444397,3.0,4.915694713592529,0.11570591479539871,42.4843864440918,65.69999694824219,39.536216735839844,0.01644788682460785,7.601878643035889,0.10000000149011612,219.09788513183594,0.0,0.0,4.8268632888793945
108,29.867300033569336,-94.48621368408203,4892.0400390625,-16.81058120727539,0.2941165566444397,3.0,4.787325382232666,0.11324109137058258,42.2755126953125,65.69999694824219,40.31020736694336,0.016625607386231422,7.439939975738525,0.10000000149011612,218.02072143554688,0.0,0.0,4.852296352386475
109,29.870500564575195,-94.47460174560547,4914.89990234375,-16.903949737548828,0.2941165566444397,3.0,4.663593292236328,0.11085667461156845,42.06867599487305,65.69999694824219,41.08595275878906,0.01680309884250164,7.283283710479736,0.10000000149011612,216.9540252685547,0.0,0.0,4.8774824142456055
110,29.873699188232422,-94.46302032470703,4949.18994140625,-16.99618911743164,0.2941165566444397,3.0,4.545663833618164,0.10921484977006912,41.621299743652344,65.30000305175781,41.589500427246094,0.016980359330773354,7.131729602813721,0.10000000149011612,215.961669921875,0.0,0.0,4.900912761688232
111,29.87689971923828,-94.45143127441406,4983.47998046875,-17.087358474731445,0.2941165566444397,3.0,4.443385124206543,0.1071319431066513,41.47582244873047,65.19999694824219,42.41365432739258,0.017157869413495064,6.985002517700195,0.0,215.53689575195312,0.0,0.0,4.910942077636719
112,29.88010025024414,-94.43984985351562,5017.77001953125,-17.17770767211914,0.2941165566444397,3.0,4.3442182540893555,0.1018235832452774,42.66416549682617,67.19999694824219,44.80198287963867,0.017335612326860428,6.8425445556640625,0.10000000149011612,215.11376953125,0.0,0.0,4.920932769775391
113,29.88330078125,-94.42826843261719,5052.06005859375,-17.267242431640625,0.2941165566444397,3.0,4.24805212020874,0.09976503252983093,42.580570220947266,67.19999694824219,45.741424560546875,0.017513567581772804,6.70421028137207,0.10000000149011612,214.69227600097656,0.0,0.0,4.930884838104248
114,29.886499404907227,-94.41668701171875,5086.35009765625,-17.35597038269043,0.2941165864467621,3.0,4.154780387878418,0.09776576608419418,42.49729537963867,67.19999694824219,46.68899154663086,0.0176917165517807,6.569859504699707,0.10000000149011612,214.27239990234375,0.0,0.0,4.940798282623291
115,29.889699935913086,-94.40509796142578,5120.64013671875,-17.44389533996582,0.2941165864467621,3.0,4.064301013946533,0.0958237424492836,42.41434097290039,67.19999694824219,47.64456558227539,0.017870038747787476,6.439355850219727,0.10000000149011612,213.8541259765625,0.0,0.0,4.950674057006836
116,29.893842697143555,-94.39424133300781,5154.65771484375,-17.53073501586914,0.2941166162490845,3.0,3.8796985149383545,0.09394321590662003,41.298336029052734,67.19999694824219,47.41800308227539,0.01804349757730961,6.312983989715576,0.10000000149011612,208.2272186279297,0.0,0.0,5.083531379699707
117,29.897985458374023,-94.38338470458984,5188.67578125,-17.61465835571289,0.29411664605140686,3.0,3.7994368076324463,0.09216064214706421,41.22624206542969,67.19999694824219,48.3457145690918,0.018217114731669426,6.19319486618042,0.10000000149011612,207.86370849609375,0.0,0.0,5.092113971710205
118,29.902128219604492,-94.37252807617188,5222.693359375,-17.697853088378906,0.29411667585372925,3.0,3.7214529514312744,0.09042662382125854,41.154396057128906,67.19999694824219,49.28086471557617,0.018390873447060585,6.076669216156006,0.10000000149011612,207.50143432617188,0.0,0.0,5.100667476654053
119,29.90627098083496,-94.3616714477539,5256.71142578125,-17.78032684326172,0.29411670565605164,3.0,3.645669937133789,0.08873958885669708,41.08279037475586,67.19999694824219,50.223358154296875,0.01856476441025734,5.9633002281188965,0.10000000149011612,207.14039611816406,0.0,0.0,5.109191417694092
120,29.91041374206543,-94.35081481933594,5290.7294921875,-17.862085342407227,0.294116735458374,3.0,3.5720131397247314,0.08709798753261566,41.01143264770508,67.19999694824219,51.173091888427734,0.018738770857453346,5.85298490524292,0.10000000149011612,206.7805938720703,0.0,0.0,5.117686748504639
121,29.914899826049805,-94.33988952636719,5325.8720703125,-17.94302749633789,0.2941167950630188,3.0,3.568606376647949,0.12409862130880356,28.75621223449707,46.29999923706055,35.0694465637207,0.01891610212624073,5.7457661628723145,0.0,210.43829345703125,0.0,0.0,5.0313239097595215
122,29.91990089416504,-94.32884979248047,5362.7021484375,-18.024694442749023,0.2941168248653412,3.0,3.602558135986328,0.11676112562417984,30.854089736938477,48.29999923706055,38.657657623291016,0.019098669290542603,5.639562129974365,0.0,216.44107055664062,0.0,0.0,4.889591693878174
123,29.92490005493164,-94.31781768798828,5399.5322265625,-18.108142852783203,0.29411688446998596,3.0,3.5310232639312744,0.09506963938474655,37.14143753051758,58.20000076293945,48.59583282470703,0.019281474873423576,5.533052921295166,0.10000000149011612,216.2269287109375,0.0,0.0,4.894647598266602
124,29.929899215698242,-94.3067855834961,5436.36181640625,-18.19090461730957,0.29411694407463074,3.0,3.461444854736328,0.09328851848840714,37.10472869873047,58.20000076293945,49.572086334228516,0.019464509561657906,5.429391384124756,0.10000000149011612,216.01318359375,0.0,0.0,4.899693965911865
125,29.934900283813477,-94.2957534790039,5473.19189453125,-18.272987365722656,0.2941169738769531,3.0,3.393758773803711,0.09155473113059998,37.068084716796875,58.20000076293945,50.55744171142578,0.019647758454084396,5.328485488891602,0.10000000149011612,215.7998504638672,0.0,0.0,4.904730796813965
126,29.939899444580078,-94.28472137451172,5510.02197265625,-18.35439682006836,0.2941170334815979,3.0,3.3279025554656982,0.0898667722940445,37.03150939941406,58.20000076293945,51.551849365234375,0.019831212237477303,5.230246067047119,0.10000000149011612,215.5869140625,0.0,0.0,4.9097580909729
127,29.94512367248535,-94.27400207519531,5544.22216796875,-18.43507957458496,0.2941170930862427,3.0,3.2225546836853027,0.08822435885667801,36.52681350708008,58.20000076293945,51.88935089111328,0.020012347027659416,5.134657859802246,0.10000000149011612,212.648681640625,0.0,0.0,4.979132175445557
128,29.950681686401367,-94.26374816894531,5574.47802734375,-18.51398468017578,0.29411715269088745,3.0,3.1057980060577393,0.08664699643850327,35.844268798828125,58.20000076293945,51.9364013671875,0.02019016444683075,5.042855262756348,0.10000000149011612,208.67507934570312,0.0,0.0,5.072953224182129
129,29.956241607666016,-94.25350189208984,5604.73388671875,-18.590837478637695,0.2941172122955322,3.0,3.046491861343384,0.08513753861188889,35.783180236816406,58.20000076293945,52.854339599609375,0.020368004217743874,4.955004692077637,0.10000000149011612,208.31942749023438,0.0,0.0,5.081349849700928
130,29.96179962158203,-94.24324798583984,5634.990234375,-18.667028427124023,0.294117271900177,3.0,2.988774538040161,0.08366692066192627,35.72229766845703,58.20000076293945,53.778160095214844,0.020545855164527893,4.869414806365967,0.10000000149011612,207.9649658203125,0.0,0.0,5.089718818664551
131,29.96735954284668,-94.23300170898438,5665.24609375,-18.7425594329834,0.2941173315048218,3.0,2.932593584060669,0.08223389834165573,35.66161346435547,58.20000076293945,54.707786560058594,0.02072371169924736,4.786013126373291,0.10000000149011612,207.61167907714844,0.0,0.0,5.09805965423584
132,29.972917556762695,-94.22274780273438,5695.501953125,-18.81744384765625,0.29411739110946655,3.0,2.8778984546661377,0.08083727210760117,35.601131439208984,58.20000076293945,55.64313507080078,0.02090156450867653,4.704729080200195,0.10000000149011612,207.25955200195312,0.0,0.0,5.106373310089111
133,29.97847557067871,-94.2125015258789,5725.7578125,-18.89168357849121,0.29411742091178894,3.0,2.8246405124664307,0.07947587966918945,35.54085159301758,58.20000076293945,56.584129333496094,0.021079402416944504,4.6254963874816895,0.10000000149011612,206.90859985351562,0.0,0.0,5.114659309387207
134,29.984420776367188,-94.20246124267578,5756.14794921875,-18.96518325805664,0.2941174805164337,3.0,2.7889928817749023,0.07815052568912506,35.68744659423828,58.20000076293945,57.86428451538086,0.021258022636175156,4.548360824584961,0.10000000149011612,207.76202392578125,0.0,0.0,5.094509124755859
135,29.990619659423828,-94.19255828857422,5786.6279296875,-19.038421630859375,0.2941175401210785,3.0,2.752189874649048,0.07685176283121109,35.811668395996094,58.20000076293945,59.13017654418945,0.02143738977611065,4.472772598266602,0.10000000149011612,208.4851837158203,0.0,0.0,5.077434062957764
136,29.9968204498291,-94.18266296386719,5817.10791015625,-19.111417770385742,0.2941175699234009,3.0,2.7039575576782227,0.07557859271764755,35.776763916015625,58.20000076293945,60.1505012512207,0.021616853773593903,4.398674011230469,0.10000000149011612,208.281982421875,0.0,0.0,5.082231521606445
137,30.003019332885742,-94.17276000976562,5847.587890625,-19.18384552001953,0.29411759972572327,3.0,2.656914472579956,0.07433607429265976,35.74192428588867,58.20000076293945,61.1784782409668,0.02179640717804432,4.326359748840332,0.10000000149011612,208.0791473388672,0.0,0.0,5.087020397186279
138,30.009220123291016,-94.16285705566406,5878.06787109375,-19.25571060180664,0.29411762952804565,3.0,2.6110246181488037,0.07312329113483429,35.7071533203125,58.20000076293945,62.214046478271484,0.021976042538881302,4.255775451660156,0.10000000149011612,207.87669372558594,0.0,0.0,5.091800212860107
139,30.01542091369629,-94.15296173095703,5908.5478515625,-19.32701873779297,0.29411762952804565,3.0,2.5662524700164795,0.07193934917449951,35.67244338989258,58.20000076293945,63.25716018676758,0.022155754268169403,4.186870098114014,0.10000000149011612,207.67462158203125,0.0,0.0,5.096571445465088
140,30.02195930480957,-94.14290618896484,5937.50390625,-19.39768409729004,0.29411765933036804,3.0,2.593980073928833,0.07078488171100616,36.64596176147461,58.20000076293945,66.12548828125,0.022340519353747368,4.119679927825928,0.10000000149011612,213.34217834472656,0.0,0.0,4.962754249572754
141,30.02872657775879,-94.13275909423828,5965.44384765625,-19.46977424621582,0.29411762952804565,3.0,2.594754457473755,0.06856580823659897,37.84326934814453,59.099998474121094,69.58821868896484,0.022528603672981262,4.052239418029785,0.10000000149011612,216.95753479003906,0.0,0.0,4.877391815185547
142,30.035493850708008,-94.12261199951172,5993.3837890625,-19.542612075805664,0.29411762952804565,3.0,2.5470004081726074,0.06743174046278,37.77153396606445,59.099998474121094,70.71041870117188,0.022716578096151352,3.985215663909912,0.10000000149011612,216.54627990722656,0.0,0.0,4.887101650238037
143,30.042259216308594,-94.11245727539062,6021.32421875,-19.61480140686035,0.2941175699234009,3.0,2.500500440597534,0.06632615625858307,37.70006561279297,59.099998474121094,71.83812713623047,0.02290443703532219,3.9198756217956543,0.10000000149011612,216.13656616210938,0.0,0.0,4.89677619934082
144,30.049026489257812,-94.10231018066406,6049.26416015625,-19.686351776123047,0.2941175103187561,3.0,2.4552133083343506,0.06524813920259476,37.62886047363281,59.099998474121094,72.97124481201172,0.023092174902558327,3.8561651706695557,0.10000000149011612,215.7283477783203,0.0,0.0,4.906414985656738
145,30.05579376220703,-94.0921630859375,6077.2041015625,-19.757272720336914,0.29411742091178894,3.0,2.4110989570617676,0.06419682502746582,37.557918548583984,59.099998474121094,74.10968780517578,0.023279786109924316,3.794032335281372,0.10000000149011612,215.3216552734375,0.0,0.0,4.916018009185791
146,30.062480926513672,-94.08195495605469,6104.63623046875,-19.827592849731445,0.2941173315048218,3.0,2.3664519786834717,0.06317105144262314,37.46101760864258,59.099998474121094,75.20111083984375,0.023467186838388443,3.7334091663360596,0.10000000149011612,214.7661590576172,0.0,0.0,4.929134845733643
147,30.06911277770996,-94.07170867919922,6131.7294921875,-19.897262573242188,0.29411718249320984,3.0,2.323896884918213,0.062170837074518204,37.37921142578125,59.099998474121094,76.32550048828125,0.023654429242014885,3.6742966175079346,0.10000000149011612,214.29721069335938,0.0,0.0,4.9402079582214355
148,30.075746536254883,-94.06146240234375,6158.82275390625,-19.966306686401367,0.2941170334815979,3.0,2.2836012840270996,0.06119516119360924,37.31669616699219,59.099998474121094,77.49325561523438,0.02384156733751297,3.6166341304779053,0.10000000149011612,213.9388427734375,0.0,0.0,4.948670864105225
149,30.082380294799805,-94.05122375488281,6185.916015625,-20.03476905822754,0.2941168248653412,3.0,2.2443065643310547,0.06024276092648506,37.25437927246094,59.099998474121094,78.6666488647461,0.0240285973995924,3.560347080230713,0.10000000149011612,213.58163452148438,0.0,0.0,4.957106113433838
150,30.089014053344727,-94.04097747802734,6213.00927734375,-20.1026554107666,0.2941165864467621,3.0,2.205981731414795,0.05931291729211807,37.19226837158203,59.099998474121094,79.84561157226562,0.024215513840317726,3.5053932666778564,0.10000000149011612,213.22561645507812,0.0,0.0,4.965513706207275
151,30.095645904541016,-94.03073120117188,6240.1025390625,-20.16997718811035,0.2941163182258606,3.0,2.1685965061187744,0.05850393697619438,37.067527770996094,59.0,80.88444519042969,0.02440231293439865,3.4517323970794678,0.0,212.87075805664062,0.0,0.0,4.9738945960998535
152,30.102279663085938,-94.0204849243164,6267.19580078125,-20.236736297607422,0.29411599040031433,3.0,2.1321213245391846,0.057615675032138824,37.00592041015625,59.0,82.07229614257812,0.024588990956544876,3.399324893951416,0.0,212.51705932617188,0.0,0.0,4.982247829437256
153,30.10891342163086,-94.01023864746094,6294.28955078125,-20.30294418334961,0.2941156327724457,3.0,2.0965280532836914,0.05627115070819855,37.25760269165039,59.5,84.01355743408203,0.024775540456175804,3.3481333255767822,0.15000000596046448,212.16452026367188,0.0,0.0,4.990574359893799
154,30.11554718017578,-94.0,6321.3828125,-20.368606567382812,0.29411521553993225,3.0,2.0617899894714355,0.055430613458156586,37.19587326049805,59.5,85.22205352783203,0.024961959570646286,3.298121452331543,0.15000000596046448,211.81312561035156,0.0,0.0,4.998874187469482
155,30.122295379638672,-93.99024200439453,6347.666015625,-20.433704376220703,0.29411473870277405,3.0,1.979532241821289,0.054609645158052444,36.2487678527832,59.5,84.37389373779297,0.025143608450889587,3.2492737770080566,0.15000000596046448,206.419921875,0.0,0.0,5.126216411590576
156,30.129117965698242,-93.98080444335938,6373.4091796875,-20.496679306030273,0.29411423206329346,3.0,1.9175174236297607,0.05382697656750679,35.62372589111328,59.5,84.19434356689453,0.02532215602695942,3.202705144882202,0.15000000596046448,202.86074829101562,0.0,0.0,5.2102556228637695
157,30.135942459106445,-93.97137451171875,6399.15234375,-20.55815315246582,0.2941136360168457,3.0,1.8878363370895386,0.05307372659444809,35.570072174072266,59.5,85.32854461669922,0.02550058625638485,3.1578867435455322,0.15000000596046448,202.55538940429688,0.0,0.0,5.217469215393066
158,30.14276695251465,-93.96194458007812,6424.8955078125,-20.619155883789062,0.29411301016807556,3.0,1.8588182926177979,0.05233663693070412,35.516578674316406,59.5,86.46739959716797,0.02567889541387558,3.114029884338379,0.15000000596046448,202.25094604492188,0.0,0.0,5.224661827087402
159,30.14959144592285,-93.95250701904297,6450.63916015625,-20.679691314697266,0.29411226511001587,3.0,1.8304443359375,0.051615260541439056,35.46323776245117,59.5,87.61084747314453,0.02585707977414131,3.071107864379883,0.15000000596046448,201.94741821289062,0.0,0.0,5.231833457946777
160,30.156415939331055,-93.94307708740234,6476.38232421875,-20.73976707458496,0.2941114604473114,3.0,1.8026961088180542,0.05090915784239769,35.410057067871094,59.5,88.75881958007812,0.026035139337182045,3.029094934463501,0.15000000596046448,201.64479064941406,0.0,0.0,5.238984107971191
161,30.163240432739258,-93.93364715576172,6502.12548828125,-20.799386978149414,0.29411056637763977,3.0,1.775556206703186,0.05021791532635689,35.35702896118164,59.5,89.9112548828125,0.026213068515062332,2.9879658222198486,0.15000000596046448,201.34307861328125,0.0,0.0,5.2461137771606445
162,30.170190811157227,-93.92407989501953,6528.30810546875,-20.85852813720703,0.2941095530986786,3.0,1.7771238088607788,0.04954145848751068,35.8714485168457,59.5,92.53079986572266,0.02639371156692505,2.94771671295166,0.15000000596046448,204.27276611328125,0.0,0.0,5.176948070526123
163,30.177640914916992,-93.9139633178711,6556.248046875,-20.918075561523438,0.2878340482711792,3.0,1.8611668348312378,0.048869527876377106,38.08440399169922,59.5,99.66029357910156,0.02658560499548912,2.9077367782592773,0.15000000596046448,218.8026885986328,0.0,0.0,4.87940788269043
164,30.185089111328125,-93.90384674072266,6584.18798828125,-20.98101234436035,0.9560439586639404,3.0,1.8316816091537476,0.04816923290491104,38.02596664428711,59.5,101.02835845947266,0.026777353137731552,2.8660693168640137,0.15000000596046448,13.484127044677734,0.0,0.0,4.887265205383301
165,30.19253921508789,-93.89373016357422,6612.1279296875,-21.043447494506836,0.9999590516090393,3.0,0.01254143938422203,0.00033031863858923316,37.96770095825195,59.5,15449.369140625,0.026968952268362045,0.019653959199786186,0.15000000596046448,0.01254143938422203,0.0,0.0,4.89509916305542
166,30.199989318847656,-93.88361358642578,6640.06787109375,-21.105388641357422,0.9999536275863647,3.0,0.014180087484419346,0.0003740499378181994,37.909610748291016,59.5,13621.6669921875,0.0271603986620903,0.022255972027778625,0.15000000596046448,0.014180087484419346,0.0,0.0,4.902909755706787
167,30.207439422607422,-93.87349700927734,6668.0078125,-21.16684341430664,0.9999476671218872,3.0,0.01598084531724453,0.0004221963754389435,37.85169219970703,59.5,12049.2607421875,0.02735169231891632,0.025120683014392853,0.15000000596046448,0.01598084531724453,0.0,0.0,4.910696983337402
168,30.21489715576172,-93.86338806152344,6697.47216796875,-21.227815628051758,0.9999411106109619,3.0,0.01795714721083641,0.000475115462904796,37.79533386230469,59.5,10690.6875,0.027542825788259506,0.028269369155168533,0.15000000596046448,0.01795714721083641,0.0,0.0,4.918274402618408
169,30.222379684448242,-93.85331726074219,6733.0322265625,-21.28830337524414,0.9999338984489441,3.0,0.020130280405282974,0.0005332165746949613,37.75253677368164,59.5,9514.4541015625,0.027733847498893738,0.03172638639807701,0.15000000596046448,0.020130280405282974,0.0,0.0,4.924028396606445
170,30.2298641204834,-93.84325408935547,6768.591796875,-21.34834861755371,0.999925971031189,3.0,0.02252979949116707,0.0005969784688204527,37.73971939086914,59.5,8494.810546875,0.02792493812739849,0.035520218312740326,0.15000000596046448,0.02252979949116707,0.0,0.0,0.0
171,30.237346649169922,-93.83318328857422,6804.15185546875,-11.481717109680176,0.2937696874141693,4.0,15.706451416015625,0.4163196384906769,37.726905822753906,59.5,7.1116838455200195,0.008841883391141891,24.77101707458496,0.15000000596046448,214.94227600097656,5.0,9.927474975585938,0.0
172,30.244829177856445,-93.8231201171875,6839.7119140625,-11.424138069152832,0.2937726676464081,4.0,15.90355110168457,0.3636287450790405,43.73568344116211,69.0,8.874198913574219,0.008787320926785469,25.090383529663086,0.15000000596046448,214.868408203125,0.0,4.85667085647583,0.0
173,30.2523136138916,-93.81305694580078,6875.27197265625,-11.37028980255127,0.29377564787864685,4.0,16.089679718017578,0.36800938844680786,43.72084045410156,69.0,8.70524787902832,0.008736999705433846,25.39264678955078,0.15000000596046448,214.7946014404297,0.0,0.0,0.0
174,30.259777069091797,-93.80303192138672,6910.578125,-11.320307731628418,0.29377856850624084,4.0,16.209951400756836,0.37212109565734863,43.56095886230469,69.0,8.521772384643555,0.008691132999956608,25.676355361938477,0.15000000596046448,214.0082244873047,0.0,0.0,4.949454307556152
175,30.267160415649414,-93.79318237304688,6944.8681640625,-11.274453163146973,0.29378148913383484,4.0,16.15694236755371,0.3759321868419647,42.97834396362305,69.0,8.27204418182373,0.00865012314170599,25.939319610595703,0.15000000596046448,211.1450653076172,0.0,0.0,5.017003536224365
176,30.27454376220703,-93.78333282470703,6979.158203125,-11.233275413513184,0.29378432035446167,4.0,16.32407569885254,0.37938663363456726,43.02754592895508,69.0,8.160683631896973,0.008613347075879574,26.177677154541016,0.15000000596046448,211.38592529296875,0.0,0.0,5.011299133300781
177,30.28192710876465,-93.77348327636719,7013.4482421875,-11.196167945861816,0.2937871217727661,4.0,16.47801399230957,0.38252583146095276,43.07686233520508,69.0,8.062003135681152,0.008580874651670456,26.394283294677734,0.15000000596046448,211.62738037109375,0.0,0.0,5.005580902099609
178,30.289310455322266,-93.76363372802734,7047.73779296875,-11.16325569152832,0.29378989338874817,4.0,16.617902755737305,0.38533109426498413,43.12629699707031,69.0,7.9760942459106445,0.008552772924304008,26.587844848632812,0.15000000596046448,211.86940002441406,0.0,0.0,4.999849319458008
179,30.296693801879883,-93.75377655029297,7082.02783203125,-11.13465404510498,0.2937926650047302,4.0,16.742950439453125,0.38778507709503174,43.17584991455078,69.0,7.903048515319824,0.008529100567102432,26.757169723510742,0.15000000596046448,212.1120147705078,0.0,0.0,4.994104385375977
180,30.30401611328125,-93.7440185546875,7125.2080078125,-11.110384941101074,0.2937953770160675,4.0,16.731243133544922,0.3898790180683136,42.91393280029297,69.0,7.786195278167725,0.00850997306406498,26.901653289794922,0.15000000596046448,210.824462890625,0.0,0.0,5.024471759796143
181,30.311100006103516,-93.7345962524414,7203.9482421875,-11.090447425842285,0.2937980890274048,4.0,16.354684829711914,0.3916074335575104,41.762962341308594,69.0,7.522551536560059,0.008495411835610867,27.020912170410156,0.15000000596046448,205.1692657470703,0.0,0.0,5.157917499542236
182,30.31818389892578,-93.72518157958984,7282.68798828125,-11.075458526611328,0.2938006818294525,4.0,16.537893295288086,0.3872986435890198,42.70062255859375,70.0,7.720207691192627,0.008485039696097374,27.11090660095215,0.15000000596046448,206.77816772460938,0.0,0.0,5.11992883682251
183,30.325265884399414,-93.71576690673828,7361.42822265625,-11.06473159790039,0.29380324482917786,4.0,16.708389282226562,0.3910142779350281,42.730892181396484,69.5,7.660579204559326,0.008478978648781776,27.175493240356445,0.15000000596046448,208.41265869140625,0.0,0.0,5.081336498260498
184,30.33234977722168,-93.70635223388672,7440.16796875,-11.058403968811035,0.2938058078289032,4.0,16.865238189697266,0.39156341552734375,43.071537017822266,69.5,7.703866481781006,0.008477344177663326,27.21365737915039,0.15000000596046448,210.07333374023438,0.0,0.0,5.042125225067139
185,30.339433670043945,-93.69692993164062,7518.908203125,-11.056605339050293,0.29380837082862854,4.0,17.007558822631836,0.39171960949897766,43.417686462402344,69.5,7.760690212249756,0.008480250835418701,27.224512100219727,0.15000000596046448,211.76084899902344,0.0,0.0,5.0022807121276855
186,30.34645652770996,-93.68753814697266,7591.2978515625,-11.059493064880371,0.2938109338283539,4.0,17.02766227722168,0.3914688229560852,43.49685287475586,69.5,7.783029079437256,0.008487790822982788,27.207082748413086,0.15000000596046448,212.1461944580078,0.0,0.0,4.993167877197266
187,30.353239059448242,-93.67823791503906,7638.2880859375,-11.067235946655273,0.29381346702575684,4.0,16.6910343170166,0.39079707860946655,42.71023178100586,69.5,7.6638641357421875,0.00849983375519514,27.160396575927734,0.15000000596046448,208.3088836669922,0.0,0.0,5.083714008331299
188,30.360023498535156,-93.66893768310547,7685.27783203125,-11.079429626464844,0.293815940618515,4.0,16.68189811706543,0.38974153995513916,42.80246353149414,69.5,7.714557647705078,0.008516323752701283,27.087038040161133,0.15000000596046448,208.7579803466797,0.0,0.0,5.0730977058410645
189,30.366806030273438,-93.65963745117188,7732.26806640625,-11.096141815185547,0.2938183546066284,4.0,16.65613555908203,0.3882993161678314,42.89509582519531,69.5,7.778308868408203,0.00853726640343666,26.986801147460938,0.15000000596046448,209.2090606689453,0.0,0.0,5.062435150146484
190,30.37359046936035,-93.65033721923828,7779.2578125,-11.117350578308105,0.2938207685947418,4.0,16.61389923095703,0.3864763379096985,42.98814010620117,69.5,7.855290412902832,0.008562657982110977,26.860105514526367,0.15000000596046448,209.66213989257812,0.0,0.0,5.051724910736084
191,30.380373001098633,-93.64103698730469,7826.248046875,-11.143022537231445,0.2938231825828552,4.0,16.555431365966797,0.38428083062171936,43.08159637451172,69.5,7.945676803588867,0.00859249010682106,26.707517623901367,0.15000000596046448,210.1172332763672,0.0,0.0,5.0409674644470215
192,30.38719940185547,-93.63162231445312,7865.2685546875,-11.173178672790527,0.29382553696632385,4.0,16.616727828979492,0.3817172348499298,43.53150939941406,69.5,8.116229057312012,0.008627110160887241,26.529346466064453,0.15000000596046448,212.31085205078125,0.0,0.0,4.989178657531738
193,30.39419937133789,-93.62174987792969,7872.41259765625,-11.208252906799316,0.2938278615474701,4.0,17.033409118652344,0.37875616550445557,44.97196578979492,69.5,8.490816116333008,0.008667726069688797,26.32355308532715,0.15000000596046448,219.33547973632812,0.0,0.0,4.823370933532715
194,30.401199340820312,-93.61187744140625,7879.55615234375,-11.248915672302246,0.2938302755355835,4.0,16.78057289123535,0.37535107135772705,44.70634078979492,69.5,8.563920974731445,0.008712682873010635,26.086898803710938,0.15000000596046448,218.0392303466797,0.0,0.0,4.853946208953857
195,30.408199310302734,-93.60199737548828,7886.7001953125,-11.293719291687012,0.2938326597213745,4.0,16.516803741455078,0.371633380651474,44.44381332397461,69.5,8.649974822998047,0.008761832490563393,25.828519821166992,0.15000000596046448,216.75811767578125,0.0,0.0,4.884165287017822
196,30.414339065551758,-93.5915298461914,7890.93310546875,-11.342756271362305,0.29383495450019836,4.0,16.10283851623535,0.3676051199436188,43.804718017578125,69.5,8.67426872253418,0.008814875967800617,25.548555374145508,0.15000000596046448,213.6404571533203,0.0,0.0,4.957730293273926
197,30.42047691345215,-93.5810546875,7895.16650390625,-11.39506721496582,0.29383721947669983,4.0,15.830282211303711,0.3633543848991394,43.56705856323242,69.5,8.786800384521484,0.008871788159012794,25.253129959106445,0.15000000596046448,212.480712890625,0.0,0.0,4.985086441040039
198,30.426616668701172,-93.5705795288086,7899.39990234375,-11.450854301452637,0.2938394248485565,4.0,15.550686836242676,0.35887348651885986,43.331947326660156,69.5,8.910780906677246,0.008932424709200859,24.94170570373535,0.15000000596046448,211.3333740234375,0.0,0.0,5.012149810791016
199,30.432756423950195,-93.56011199951172,7903.63330078125,-11.509909629821777,0.2938416004180908,4.0,15.265277862548828,0.3541882038116455,43.09933853149414,69.5,9.04581356048584,0.00899664405733347,24.61608123779297,0.15000000596046448,210.1982879638672,0.0,0.0,5.0389251708984375
200,30.438894271850586,-93.54963684082031,7907.86669921875,-11.572026252746582,0.29384374618530273,4.0,14.97523307800293,0.3493238687515259,42.86919403076172,69.5,9.19151496887207,0.00906430184841156,24.27800941467285,0.15000000596046448,209.07522583007812,0.0,0.0,5.06541633605957
201,30.44503402709961,-93.53916931152344,7912.10009765625,-11.637001037597656,0.2938458323478699,4.0,14.681669235229492,0.3418456017971039,42.94824981689453,70.0,9.450074195861816,0.009135259315371513,23.92919158935547,0.0,207.96400451660156,0.0,0.0,5.091628551483154
202,30.451171875,-93.52869415283203,7916.33349609375,-11.704630851745605,0.2938478887081146,4.0,14.385641098022461,0.33673232793807983,42.72129440307617,70.0,9.617016792297363,0.009209376759827137,23.57126235961914,0.0,206.8644561767578,0.0,0.0,5.117566108703613
203,30.456880569458008,-93.51756286621094,7922.259765625,-11.774957656860352,0.2938498556613922,4.0,14.429701805114746,0.3291427195072174,43.84025955200195,70.5,10.139578819274902,0.009288683533668518,23.204561233520508,0.15000000596046448,210.77655029296875,0.0,0.0,5.025218963623047
204,30.462480545043945,-93.50626373291016,7928.60986328125,-11.84940242767334,0.2938518822193146,4.0,14.224627494812012,0.32372206449508667,43.94086456298828,70.5,10.416513442993164,0.009371740743517876,22.822404861450195,0.15000000596046448,211.25962829589844,0.0,0.0,5.013802528381348
205,30.468080520629883,-93.49495697021484,7934.9599609375,-11.926634788513184,0.29385387897491455,4.0,13.927139282226562,0.3181898593902588,43.76990509033203,70.5,10.642743110656738,0.009457876905798912,22.432384490966797,0.15000000596046448,210.4370880126953,0.0,0.0,5.033202171325684
206,30.47368049621582,-93.48365783691406,7941.31005859375,-12.00601577758789,0.29385581612586975,4.0,13.629406929016113,0.312599241733551,43.60025405883789,70.5,10.879575729370117,0.00954696349799633,22.03824806213379,0.15000000596046448,209.62086486816406,0.0,0.0,5.052453517913818
207,30.479280471801758,-93.47235870361328,7947.66015625,-12.087364196777344,0.29385772347450256,4.0,13.332245826721191,0.3069689869880676,43.43190002441406,70.5,11.126737594604492,0.009638872928917408,21.641313552856445,0.15000000596046448,208.81089782714844,0.0,0.0,5.071557521820068
208,30.484880447387695,-93.4610595703125,7954.009765625,-12.170504570007324,0.293859601020813,4.0,13.036401748657227,0.30131641030311584,43.26482391357422,70.5,11.383965492248535,0.009733484126627445,21.242807388305664,0.15000000596046448,208.007080078125,0.0,0.0,0.16207383573055267
209,30.490211486816406,-93.44940948486328,7958.86572265625,-12.255422592163086,0.293861448764801,4.0,12.907209396362305,0.2956473231315613,43.65745162963867,70.5,11.802538871765137,0.009832127019762993,20.843137741088867,0.15000000596046448,209.89419555664062,0.0,0.0,5.045962810516357
210,30.49547576904297,-93.43767547607422,7963.34814453125,-12.34296989440918,0.2938632667064667,4.0,12.66325569152832,0.2899111807346344,43.679779052734375,70.5,12.140288352966309,0.00993379857391119,20.438737869262695,0.15000000596046448,210.00099182128906,0.0,0.0,0.08939237892627716
211,30.500741958618164,-93.42594146728516,7967.83056640625,-12.432255744934082,0.29386505484580994,4.0,12.380280494689941,0.2841726541519165,43.5660514831543,70.5,12.453031539916992,0.010038039647042751,20.03417205810547,0.15000000596046448,209.4536895751953,0.0,0.0,0.0
212,30.506032943725586,-93.41398620605469,7981.18798828125,-12.522843360900879,0.2938667833805084,4.0,12.305769920349121,0.27846333384513855,44.191707611083984,70.5,12.99367618560791,0.01014656387269497,19.631664276123047,0.15000000596046448,212.46115112304688,0.0,0.0,4.98533821105957
213,30.51136589050293,-93.40170288085938,8007.85791015625,-12.616156578063965,0.2938685119152069,4.0,12.336674690246582,0.2726989984512329,45.23916244506836,70.5,13.691343307495117,0.01026047021150589,19.22528076171875,0.15000000596046448,217.49649047851562,0.0,0.0,0.0
214,30.516700744628906,-93.38941955566406,8034.52783203125,-11.127264022827148,0.2939704954624176,5.0,17.202234268188477,0.3801572024822235,45.25032043457031,70.5,8.372224807739258,0.008509308099746704,26.801082611083984,0.15000000596046448,217.51870727539062,5.0,9.865212440490723,0.0
215,30.52203369140625,-93.37713623046875,8061.1982421875,-11.09072494506836,0.2939724028110504,5.0,17.346542358398438,0.38325175642967224,45.26148223876953,70.5,8.2652006149292,0.008478251285851002,27.019248962402344,0.15000000596046448,217.57177734375,0.0,4.729157447814941,0.0
216,30.527366638183594,-93.36485290527344,8087.8681640625,-11.058893203735352,0.29397428035736084,5.0,17.47376823425293,0.3859674334526062,45.272647857666016,70.5,8.172924995422363,0.008452000096440315,27.210704803466797,0.15000000596046448,217.6248779296875,0.0,0.0,0.0
217,30.532699584960938,-93.35256958007812,8114.5380859375,-11.031878471374512,0.2939761281013489,5.0,17.58310317993164,0.38828662037849426,45.2838249206543,70.5,8.095422744750977,0.00843060202896595,27.37420654296875,0.15000000596046448,217.6780242919922,0.0,0.0,4.861410140991211
218,30.537939071655273,-93.34058380126953,8139.880859375,-11.009716987609863,0.2939779758453369,5.0,17.26372528076172,0.390199214220047,44.24336242675781,70.5,7.846041202545166,0.008414429612457752,27.509044647216797,0.15000000596046448,212.67601013183594,0.0,0.0,4.979476451873779
219,30.54303550720215,-93.32905578613281,8163.232421875,-10.992865562438965,0.2939797341823578,5.0,16.713151931762695,0.39165955781936646,42.67264938354492,70.5,7.5212225914001465,0.008403290063142776,27.61199951171875,0.15000000596046448,205.12515258789062,0.0,0.0,5.157713413238525
220,30.548131942749023,-93.31752014160156,8186.583984375,-10.981278419494629,0.2939814329147339,5.0,16.755441665649414,0.3926668167114258,42.67089080810547,70.5,7.489199638366699,0.008396542631089687,27.68301010131836,0.15000000596046448,205.11619567871094,0.0,0.0,5.1579132080078125
221,30.5532283782959,-93.30599212646484,8209.935546875,-10.974217414855957,0.2939830720424652,5.0,16.780990600585938,0.3905121982097626,42.97174835205078,71.0,7.556924343109131,0.00839419849216938,27.72636604309082,0.15000000596046448,205.10723876953125,0.0,0.0,5.1581130027771
222,30.558326721191406,-93.2944564819336,8233.287109375,-10.971705436706543,0.29398471117019653,5.0,16.789644241333008,0.3907296657562256,42.969974517822266,71.0,7.549711227416992,0.008396261371672153,27.741806030273438,0.15000000596046448,205.09829711914062,0.0,0.0,5.158312797546387
223,30.56342315673828,-93.28292846679688,8256.638671875,-10.973750114440918,0.29398635029792786,5.0,16.781343460083008,0.3905526399612427,42.96820068359375,71.0,7.555016040802002,0.008402726612985134,27.729238510131836,0.15000000596046448,205.08937072753906,0.0,0.0,5.158512592315674
224,30.568500518798828,-93.2712173461914,8279.271484375,-10.980388641357422,0.2939879298210144,5.0,16.949291229248047,0.38997846841812134,43.46212387084961,71.0,7.6603240966796875,0.008413756266236305,27.6884708404541,0.15000000596046448,207.44642639160156,0.0,0.0,5.1028594970703125
225,30.57349967956543,-93.2587890625,8299.0263671875,-10.991862297058105,0.29398950934410095,5.0,17.686309814453125,0.3889878988265991,45.467506408691406,71.0,8.04723072052002,0.008430171757936478,27.618141174316406,0.15000000596046448,217.0177001953125,0.0,0.0,4.876900672912598
226,30.578500747680664,-93.2463607788086,8318.7822265625,-11.008692741394043,0.2939911484718323,5.0,17.619705200195312,0.3875393271446228,45.46559143066406,71.0,8.09611988067627,0.008451472967863083,27.515291213989258,0.15000000596046448,217.00807189941406,0.0,0.0,4.8771162033081055
227,30.583499908447266,-93.23394012451172,8338.5380859375,-11.030511856079102,0.2939927875995636,5.0,17.533937454223633,0.38566911220550537,45.463680267333984,71.0,8.159879684448242,0.008477623574435711,27.38250732421875,0.15000000596046448,216.99844360351562,0.0,0.0,4.877331733703613
228,30.588499069213867,-93.22151184082031,8358.29296875,-11.057243347167969,0.29399436712265015,5.0,17.429569244384766,0.38338956236839294,45.461769104003906,71.0,8.238507270812988,0.00850857887417078,27.220659255981445,0.15000000596046448,216.98883056640625,0.0,0.0,4.877547264099121
229,30.5935001373291,-93.2090835571289,8378.048828125,-11.088798522949219,0.2939959466457367,5.0,17.30727195739746,0.3807154893875122,45.45985794067383,71.0,8.332002639770508,0.008544286713004112,27.030799865722656,0.15000000596046448,216.97921752929688,0.0,0.0,4.877762794494629
230,30.597566604614258,-93.19658660888672,8398.93359375,-11.125207901000977,0.29399749636650085,5.0,16.716415405273438,0.3776523172855377,44.264034271240234,71.0,8.219086647033691,0.00858376082032919,26.81331443786621,0.15000000596046448,211.2711181640625,0.0,0.0,5.012503147125244
231,30.60140037536621,-93.18406677246094,8420.099609375,-11.165196418762207,0.29399898648262024,5.0,16.459047317504883,0.374315470457077,43.9710578918457,71.0,8.281637191772461,0.008627399802207947,26.576396942138672,0.15000000596046448,209.87229919433594,0.0,0.0,5.0455145835876465
232,30.605234146118164,-93.17154693603516,8441.2666015625,-11.209159851074219,0.29400044679641724,5.0,16.282873153686523,0.3706796169281006,43.92708206176758,71.0,8.40305233001709,0.008675290271639824,26.318254470825195,0.15000000596046448,209.66197204589844,0.0,0.0,5.050469875335693
233,30.609066009521484,-93.15902709960938,8462.43359375,-11.257158279418945,0.29400187730789185,5.0,16.094112396240234,0.3667489290237427,43.88318634033203,71.0,8.537620544433594,0.008727348409593105,26.039175033569336,0.15000000596046448,209.45204162597656,0.0,0.0,5.055415630340576
234,30.612899780273438,-93.14651489257812,8483.599609375,-11.309042930603027,0.29400327801704407,5.0,15.89376163482666,0.36254531145095825,43.839378356933594,71.0,8.68526554107666,0.008783488534390926,25.7407169342041,0.15000000596046448,209.24253845214844,0.0,0.0,5.060351371765137
235,30.616233825683594,-93.13383483886719,8504.7666015625,-11.36479377746582,0.2940046787261963,5.0,15.650803565979004,0.3580802083015442,43.70753479003906,71.0,8.828530311584473,0.00884364452213049,25.423694610595703,0.15000000596046448,208.6128387451172,0.0,0.0,5.075207233428955
236,30.618816375732422,-93.12091827392578,8525.93359375,-11.42422103881836,0.29400601983070374,5.0,15.445466995239258,0.35337916016578674,43.70792007446289,71.0,9.011571884155273,0.008907993324100971,25.089920043945312,0.15000000596046448,208.61427307128906,0.0,0.0,5.075164318084717
237,30.621400833129883,-93.10800170898438,8547.099609375,-11.487127304077148,0.2940073609352112,5.0,15.22309398651123,0.34846776723861694,43.6858024597168,71.0,9.20333480834961,0.008976204320788383,24.741212844848633,0.15000000596046448,208.50830078125,0.0,0.0,5.077656269073486
238,30.62398338317871,-93.09508514404297,8568.2666015625,-11.553319931030273,0.29400867223739624,5.0,14.992854118347168,0.34337109327316284,43.66370391845703,71.0,9.408241271972656,0.00904818531125784,24.379348754882812,0.15000000596046448,208.40245056152344,0.0,0.0,5.080145835876465
239,30.626367568969727,-93.08177947998047,8590.7880859375,-11.622746467590332,0.2940099537372589,5.0,15.126473426818848,0.338102787733078,44.73927307128906,71.0,9.868754386901855,0.009125873446464539,24.005298614501953,0.15000000596046448,213.53564453125,0.0,0.0,4.95895528793335
240,30.628700256347656,-93.0683822631836,8613.6484375,-11.69697093963623,0.29401126503944397,5.0,14.9690580368042,0.33255693316459656,45.01201629638672,71.0,10.179076194763184,0.009207897819578648,23.611541748046875,0.15000000596046448,214.8370361328125,0.0,0.0,4.928223133087158
241,30.631032943725586,-93.05497741699219,8636.5078125,-11.774628639221191,0.29401254653930664,5.0,14.711784362792969,0.3268487751483917,45.010982513427734,71.0,10.445178985595703,0.009293674491345882,23.20626449584961,0.15000000596046448,214.83169555664062,0.0,0.0,4.928340435028076
242,30.63336753845215,-93.04158020019531,8659.3681640625,-11.85510540008545,0.2940137982368469,5.0,14.449703216552734,0.3210335671901703,45.009944915771484,71.0,10.726003646850586,0.009383101016283035,22.79338264465332,0.15000000596046448,214.82635498046875,0.0,0.0,4.928457260131836
243,30.635700225830078,-93.02818298339844,8682.2275390625,-11.938220977783203,0.2940150499343872,5.0,14.183785438537598,0.31513285636901855,45.008907318115234,71.0,11.021552085876465,0.009476074017584324,22.374433517456055,0.15000000596046448,214.82102966308594,0.0,0.0,4.928574085235596
244,30.638032913208008,-93.01477813720703,8705.087890625,-12.02380084991455,0.2940162718296051,5.0,13.91495418548584,0.30916714668273926,45.007869720458984,71.0,11.33182144165039,0.009572490118443966,21.95086669921875,0.15000000596046448,214.81570434570312,0.0,0.0,4.9286909103393555
245,30.640525817871094,-93.00173950195312,8726.931640625,-12.111564636230469,0.2940174639225006,5.0,13.334037780761719,0.30316299200057983,43.983062744140625,71.0,11.391268730163574,0.00966985709965229,21.524574279785156,0.15000000596046448,209.92410278320312,0.0,0.0,0.0
246,30.6430606842041,-92.9887924194336,8748.5224609375,-12.199382781982422,0.29401862621307373,5.0,13.002107620239258,0.29726848006248474,43.73860168457031,71.0,11.650300025939941,0.009769727475941181,21.106061935424805,0.15000000596046448,208.7570037841797,0.0,0.0,5.071706771850586
247,30.645593643188477,-92.97583770751953,8770.1123046875,-12.28857421875,0.2940197288990021,5.0,12.748603820800781,0.29139572381973267,43.75014114379883,71.0,11.987585067749023,0.009872590191662312,20.689096450805664,0.15000000596046448,208.81173706054688,0.0,0.0,0.14211337268352509
248,30.64812660217285,-92.962890625,8791.7021484375,-12.37949275970459,0.2940208315849304,5.0,12.49506950378418,0.2855253219604492,43.76168441772461,71.0,12.33865737915039,0.009978356771171093,20.272296905517578,0.15000000596046448,208.86651611328125,0.0,0.0,0.0
249,30.650659561157227,-92.94994354248047,8813.2919921875,-12.471997261047363,0.2940219044685364,5.0,12.242084503173828,0.2796705365180969,43.77323913574219,71.0,12.703539848327637,0.010086938738822937,19.85660743713379,0.15000000596046448,208.92132568359375,0.0,0.0,5.067804336547852
250,30.6531925201416,-92.9369888305664,8834.8818359375,-12.565953254699707,0.29402294754981995,5.0,11.990182876586914,0.27384352684020996,43.784793853759766,71.0,13.082258224487305,0.010198251344263554,19.442890167236328,0.15000000596046448,208.97618103027344,0.0,0.0,0.1343061476945877
251,30.65571403503418,-92.92415618896484,8854.4404296875,-12.661225318908691,0.2940239906311035,5.0,11.625306129455566,0.26805558800697327,43.36901092529297,71.0,13.343335151672363,0.010311090387403965,19.031946182250977,0.15000000596046448,206.99142456054688,0.0,0.0,0.0
252,30.65822982788086,-92.91136169433594,8873.490234375,-12.756753921508789,0.2940250039100647,5.0,11.34593391418457,0.2623717784881592,43.24372863769531,71.0,13.698569297790527,0.01042607706040144,18.628395080566406,0.15000000596046448,206.3931884765625,0.0,0.0,5.127467155456543
253,30.660747528076172,-92.8985595703125,8892.5400390625,-12.853034019470215,0.2940259873867035,5.0,11.096673965454102,0.2567621171474457,43.21772384643555,71.0,14.095823287963867,0.010543380863964558,18.23011016845703,0.15000000596046448,206.26878356933594,0.0,0.0,0.2578642666339874
254,30.66326332092285,-92.88575744628906,8911.58984375,-12.95016860961914,0.2940269410610199,5.0,10.850685119628906,0.251221239566803,43.191749572753906,71.0,14.505395889282227,0.010662918910384178,17.836708068847656,0.15000000596046448,206.14453125,0.0,0.0,5.133324146270752
255,30.66577911376953,-92.87296295166016,8930.6396484375,-13.048048973083496,0.2940278649330139,5.0,10.608247756958008,0.24575582146644592,43.165802001953125,71.0,14.92724323272705,0.010784611105918884,17.44866371154785,0.15000000596046448,206.0204315185547,0.0,0.0,0.26957154273986816
256,30.668296813964844,-92.86016082763672,8949.6904296875,-13.146574974060059,0.29402878880500793,5.0,10.369606018066406,0.24037164449691772,43.139888763427734,71.0,15.361321449279785,0.010908380150794983,17.066387176513672,0.15000000596046448,205.89646911621094,0.0,0.0,0.0
257,30.67086410522461,-92.84695434570312,8972.181640625,-13.2456693649292,0.2940296530723572,5.0,10.454922676086426,0.23507262766361237,44.47528839111328,71.0,16.306793212890625,0.011038154363632202,16.690156936645508,0.15000000596046448,212.26976013183594,0.0,0.0,4.988699913024902
258,30.673444747924805,-92.83364868164062,8995.533203125,-13.348356246948242,0.2940305471420288,5.0,10.292841911315918,0.2297019362449646,44.80955505371094,71.0,16.93153953552246,0.011171058751642704,16.308837890625,0.15000000596046448,213.8648681640625,0.0,0.0,0.0
259,30.676025390625,-92.82034301757812,9018.884765625,-3.164039134979248,0.29408758878707886,6.0,44.80842208862305,1.0,44.80842208862305,71.0,0.0,0.008333112113177776,142.03472900390625,0.15000000596046448,213.84217834472656,5.0,9.951163291931152,0.0
260,30.678606033325195,-92.80703735351562,9042.236328125,-10.90843677520752,0.2940883934497833,6.0,17.754690170288086,0.3962455689907074,44.807289123535156,71.0,7.692654132843018,0.0083399573341012,28.13343620300293,0.15000000596046448,213.83651733398438,0.0,4.902454853057861,0.0
261,30.68118667602539,-92.79373168945312,9065.587890625,-10.915518760681152,0.2940891683101654,6.0,17.726409912109375,0.39562439918518066,44.806156158447266,71.0,7.712464332580566,0.008351713418960571,28.089332580566406,0.15000000596046448,213.8308868408203,0.0,0.0,0.0
262,30.683767318725586,-92.78042602539062,9088.939453125,-10.927702903747559,0.2940899431705475,6.0,17.67818260192871,0.39455804228782654,44.805023193359375,71.0,7.7467570304870605,0.008368361741304398,28.013622283935547,0.15000000596046448,213.8252410888672,0.0,0.0,4.951546669006348
263,30.686309814453125,-92.76719665527344,9114.2822265625,-10.944917678833008,0.2940906882286072,6.0,17.495258331298828,0.3930560350418091,44.51084899902344,71.0,7.744469165802002,0.008389703929424286,27.906978607177734,0.15000000596046448,212.42111206054688,0.0,0.0,4.9846930503845215
264,30.688827514648438,-92.75403594970703,9140.9521484375,-10.966968536376953,0.2940914034843445,6.0,17.336137771606445,0.39114007353782654,44.32206726074219,71.0,7.773859977722168,0.00841568224132061,27.770946502685547,0.15000000596046448,211.5199737548828,0.0,0.0,0.0
265,30.691343307495117,-92.7408676147461,9167.6220703125,-10.993765830993652,0.2940921187400818,6.0,17.238014221191406,0.38882383704185486,44.333740234375,71.0,7.851986885070801,0.008446349762380123,27.606491088867188,0.15000000596046448,211.57545471191406,0.0,0.0,5.004648685455322
266,30.693859100341797,-92.72769927978516,9194.2919921875,-11.02530288696289,0.2940928041934967,6.0,17.12242317199707,0.38611480593681335,44.345420837402344,71.0,7.944217681884766,0.008481661789119244,27.41415023803711,0.15000000596046448,211.6309814453125,0.0,0.0,0.007981890812516212
267,30.69637680053711,-92.71453094482422,9220.9619140625,-11.061479568481445,0.2940934896469116,6.0,16.990081787109375,0.3830295503139496,44.35710525512695,71.0,8.050576210021973,0.00852156337350607,27.195096969604492,0.15000000596046448,211.68655395507812,0.0,0.0,0.0
268,30.69889259338379,-92.70137023925781,9247.6318359375,-11.102185249328613,0.29409414529800415,6.0,16.841796875,0.37958648800849915,44.368797302246094,71.0,8.171086311340332,0.008565994910895824,26.950641632080078,0.15000000596046448,211.74215698242188,0.0,0.0,5.000699043273926
269,30.70142936706543,-92.68804931640625,9273.5400390625,-11.147323608398438,0.2940948009490967,6.0,16.865665435791016,0.37580329179763794,44.878971099853516,71.0,8.399151802062988,0.008615473285317421,26.68203353881836,0.15000000596046448,214.17666625976562,0.0,0.0,0.0
270,30.7039794921875,-92.67463684082031,9298.9404296875,-11.197306632995605,0.2940954566001892,7.0,16.807504653930664,0.37165653705596924,45.22321701049805,71.0,8.614864349365234,0.008669866248965263,26.38761329650879,0.15000000596046448,215.81932067871094,2.0,9.904426574707031,0.0
271,30.70652961730957,-92.66121673583984,9324.33984375,-11.25190544128418,0.29409608244895935,7.0,16.60930824279785,0.389098197221756,42.686676025390625,67.0,8.002389907836914,0.008728737011551857,26.069580078125,0.0,215.87599182128906,0.0,4.807509899139404,0.0
272,30.70907974243164,-92.64779663085938,9349.740234375,-11.310619354248047,0.2940966784954071,7.0,16.39836311340332,0.3341779410839081,49.07075119018555,77.0,10.15786361694336,0.008791999891400337,25.731700897216797,0.15000000596046448,215.93270874023438,0.0,0.0,0.0
273,30.71162986755371,-92.63438415527344,9375.1396484375,-11.373278617858887,0.29409730434417725,7.0,16.175804138183594,0.32955560088157654,49.08368682861328,77.0,10.374580383300781,0.008859565481543541,25.37578010559082,0.15000000596046448,215.9894561767578,0.0,0.0,4.90039587020874
274,30.71417999267578,-92.62096405029297,9400.5400390625,-11.439706802368164,0.2940978705883026,7.0,15.94278335571289,0.324722558259964,49.09663391113281,77.0,10.607688903808594,0.008931340649724007,25.00363540649414,0.15000000596046448,216.04623413085938,0.0,0.0,4.899051189422607
275,30.71666145324707,-92.60782623291016,9421.76171875,-11.50971794128418,0.294098436832428,7.0,15.364274978637695,0.31970298290252686,48.05796432495117,77.0,10.62469482421875,0.009005589410662651,24.617130279541016,0.15000000596046448,211.47547912597656,0.0,0.0,5.006964683532715
276,30.719097137451172,-92.59487915039062,9440.1962890625,-11.581560134887695,0.29409900307655334,7.0,14.898900985717773,0.3146301209926605,47.35369873046875,77.0,10.717114448547363,0.009082511998713017,24.226520538330078,0.15000000596046448,208.37625122070312,0.0,0.0,5.080134868621826
277,30.721532821655273,-92.58192443847656,9458.6318359375,-11.655376434326172,0.29409950971603394,7.0,14.651477813720703,0.30949899554252625,47.33933639526367,77.0,10.973028182983398,0.009163031354546547,23.831422805786133,0.15000000596046448,208.31289672851562,0.0,0.0,5.081627368927002
278,30.723968505859375,-92.56897735595703,9477.0673828125,-11.731980323791504,0.2941000163555145,7.0,14.39908218383789,0.30425965785980225,47.324981689453125,77.0,11.243268013000488,0.009247051551938057,23.42799186706543,0.15000000596046448,208.2495880126953,0.0,0.0,5.083118438720703
279,30.726402282714844,-92.55602264404297,9495.5029296875,-11.811203956604004,0.2941005229949951,7.0,14.142640113830566,0.2989315092563629,47.310638427734375,77.0,11.527810096740723,0.009334474802017212,23.017724990844727,0.15000000596046448,208.18630981445312,0.0,0.0,5.084609031677246
280,30.728837966918945,-92.5430679321289,9513.9384765625,-11.892877578735352,0.2941009998321533,7.0,13.883031845092773,0.29353317618370056,47.29629898071289,77.0,11.826629638671875,0.009425203315913677,22.602054595947266,0.15000000596046448,208.12307739257812,0.0,0.0,5.086098670959473
281,30.731273651123047,-92.53011322021484,9537.7001953125,-11.976810455322266,0.2941014766693115,7.0,13.63953971862793,0.2880839705467224,47.345706939697266,77.0,12.155966758728027,0.009519237093627453,22.182466506958008,0.15000000596046448,208.34034729003906,0.0,0.0,5.080965518951416
282,30.733707427978516,-92.51714324951172,9569.4501953125,-12.062945365905762,0.2941019535064697,7.0,13.414971351623535,0.28593599796295166,46.915992736816406,76.0999984741211,12.316704750061035,0.009616635739803314,21.759729385375977,0.10000000149011612,208.89088439941406,0.0,0.0,0.14892955124378204
283,30.73613929748535,-92.50418090820312,9601.2001953125,-12.151311874389648,0.29410240054130554,7.0,13.178967475891113,0.28034377098083496,47.01002502441406,76.0999984741211,12.68615436553955,0.009717307984828949,21.33416175842285,0.10000000149011612,209.30941772460938,0.0,0.0,5.058078765869141
284,30.73857307434082,-92.4912109375,9632.9501953125,-12.241716384887695,0.29410281777381897,7.0,12.941121101379395,0.2747325301170349,47.10443878173828,76.0999984741211,13.07239818572998,0.009821180254220963,20.907146453857422,0.10000000149011612,209.7296600341797,0.0,0.0,0.10623271763324738
285,30.74100685119629,-92.4782485961914,9664.7001953125,-12.334019660949707,0.2941032350063324,7.0,12.702072143554688,0.26911604404449463,47.19923400878906,76.0999984741211,13.475631713867188,0.009928177110850811,20.4797306060791,0.10000000149011612,210.151611328125,0.0,0.0,0.0
286,30.743440628051758,-92.46527862548828,9696.4501953125,-12.428085327148438,0.2941036522388458,7.0,12.46241569519043,0.26350709795951843,47.2944221496582,76.0999984741211,13.896053314208984,0.01003822311758995,20.05289077758789,0.10000000149011612,210.57530212402344,0.0,0.0,5.028181552886963
287,30.745893478393555,-92.45219421386719,9718.5478515625,-12.52383804321289,0.29410406947135925,7.0,12.33078384399414,0.2579144239425659,47.80958938598633,76.0999984741211,14.46101188659668,0.01015231292694807,19.627288818359375,0.10000000149011612,212.8689422607422,0.0,0.0,0.0022063851356506348
288,30.748376846313477,-92.43892669677734,9726.16796875,-12.622031211853027,0.2941044569015503,7.0,12.241409301757812,0.2522992789745331,48.51940155029297,76.0999984741211,15.115850448608398,0.01027094665914774,19.199974060058594,0.10000000149011612,216.02920532226562,0.0,0.0,0.0
289,30.7508602142334,-92.4256591796875,9733.7880859375,-12.722890853881836,0.29410484433174133,7.0,11.981297492980957,0.24665553867816925,48.57501983642578,76.0999984741211,15.596280097961426,0.010392419062554836,18.77048683166504,0.10000000149011612,216.27671813964844,0.0,0.0,4.893558979034424
290,30.75334358215332,-92.41239166259766,9741.408203125,-12.82496452331543,0.29410520195961,7.0,11.723376274108887,0.24106912314891815,48.630767822265625,76.0999984741211,16.094486236572266,0.010516645386815071,18.345359802246094,0.10000000149011612,216.52481079101562,0.0,0.0,0.0
291,30.755826950073242,-92.39912414550781,9749.0283203125,-12.928129196166992,0.294105589389801,7.0,11.468062400817871,0.23554840683937073,48.6866455078125,76.0999984741211,16.61058807373047,0.010643544606864452,17.925233840942383,0.10000000149011612,216.77349853515625,0.0,0.0,4.881824493408203
292,30.758310317993164,-92.38585662841797,9756.6484375,-13.032264709472656,0.2941059172153473,7.0,11.215727806091309,0.2301008701324463,48.74265670776367,76.0999984741211,17.14470863342285,0.010773037560284138,17.51067543029785,0.10000000149011612,217.0227813720703,0.0,0.0,0.0
293,30.760732650756836,-92.37286376953125,9760.7119140625,-2.678079128265381,0.2941175103187561,8.0,41.56503677368164,1.0,41.56503677368164,66.19999694824219,0.0,0.008281639777123928,155.67385864257812,0.10000000149011612,212.7373809814453,5.0,9.977034568786621,0.0
294,30.7630672454834,-92.36026000976562,9759.4423828125,-10.854599952697754,0.29411745071411133,8.0,17.315439224243164,0.43007349967956543,40.2615852355957,66.19999694824219,6.4476141929626465,0.00827548187226057,28.47086524963379,0.10000000149011612,206.06610107421875,0.0,5.111586570739746,0.0
295,30.765399932861328,-92.34765625,9758.171875,-10.848102569580078,0.29411739110946655,8.0,17.334871292114258,0.43069255352020264,40.24882888793945,66.19999694824219,6.429315567016602,0.00827393401414156,28.5118465423584,0.10000000149011612,206.00083923339844,0.0,0.24767982959747314,0.0
296,30.767732620239258,-92.3350601196289,9756.90234375,-10.84643840789795,0.2941173017024994,8.0,17.33576774597168,0.4308512508869171,40.236083984375,66.19999694824219,6.423120975494385,0.008276993408799171,28.52235221862793,0.10000000149011612,205.9356231689453,0.0,0.0,0.0
297,30.77006721496582,-92.32245635986328,9755.6318359375,-10.849609375,0.2941172122955322,8.0,17.318119049072266,0.43054893612861633,40.22334289550781,66.19999694824219,6.429008960723877,0.00828465260565281,28.50234031677246,0.10000000149011612,205.87045288085938,0.0,0.0,5.1391730308532715
298,30.77239990234375,-92.30986022949219,9754.3623046875,-10.857599258422852,0.29411712288856506,8.0,17.28203773498535,0.4297879636287689,40.21061325073242,66.19999694824219,6.446957588195801,0.00829689484089613,28.451963424682617,0.10000000149011612,205.80531311035156,0.0,0.0,0.279884397983551
299,30.774799346923828,-92.2968978881836,9753.599609375,-10.870439529418945,0.2941170036792755,8.0,17.717906951904297,0.4285677373409271,41.342140197753906,66.19999694824219,6.661472320556641,0.008314237929880619,28.371183395385742,0.10000000149011612,211.59671020507812,0.0,0.0,0.0
300,30.777299880981445,-92.28340148925781,9753.599609375,-10.888614654541016,0.29411688446998596,8.0,18.37146759033203,0.4268462657928467,43.04001235961914,66.19999694824219,6.983996868133545,0.008337383158504963,28.25722312927246,0.10000000149011612,220.28677368164062,0.0,0.0,4.798789978027344
301,30.779800415039062,-92.2698974609375,9753.599609375,-10.912703514099121,0.2941167652606964,8.0,18.26321792602539,0.42457491159439087,43.01530075073242,66.19999694824219,7.04513692855835,0.00836566649377346,28.10685920715332,0.10000000149011612,220.16033935546875,0.0,0.0,0.0
302,30.78230094909668,-92.25640106201172,9753.599609375,-10.942059516906738,0.2941166162490845,8.0,18.134414672851562,0.42182260751724243,42.99061965942383,66.19999694824219,7.120934009552002,0.008399028331041336,27.92465591430664,0.10000000149011612,220.03404235839844,0.0,0.0,4.8047590255737305
303,30.784799575805664,-92.2428970336914,9753.599609375,-10.976567268371582,0.29411646723747253,8.0,17.985946655273438,0.4186092019081116,42.96596145629883,66.19999694824219,7.211339473724365,0.008437399752438068,27.71192741394043,0.10000000149011612,219.90789794921875,0.0,0.0,0.0
304,30.78730010986328,-92.22940063476562,9753.599609375,-4.921205520629883,0.2941163182258606,9.0,39.698028564453125,1.0,39.698028564453125,61.20000076293945,0.0,0.008480704389512539,100.68531799316406,0.0,219.78189086914062,2.0,9.810715675354004,0.0
305,30.7898006439209,-92.21589660644531,9753.599609375,-11.060497283935547,0.29411613941192627,9.0,17.634122848510742,0.4373154938220978,40.323570251464844,62.20000076293945,6.6731157302856445,0.008528859354555607,27.201025009155273,0.10000000149011612,219.656005859375,0.0,4.624403953552246,0.0
306,30.79218292236328,-92.2030029296875,9753.599609375,-11.109524726867676,0.29411596059799194,9.0,16.675758361816406,0.4325850009918213,38.54908752441406,62.20000076293945,6.503438949584961,0.008579377084970474,26.906787872314453,0.10000000149011612,209.9898681640625,0.0,0.0,0.0
307,30.794567108154297,-92.19010162353516,9753.599609375,-11.160759925842285,0.29411581158638,9.0,16.49648666381836,0.4276942312717438,38.57075119018555,62.20000076293945,6.638232231140137,0.008634228259325027,26.602581024169922,0.10000000149011612,210.10791015625,0.0,0.0,5.0391316413879395
308,30.79694938659668,-92.17720031738281,9753.599609375,-11.21605396270752,0.2941156327724457,9.0,16.304367065429688,0.4224757254123688,38.59243392944336,62.20000076293945,6.785318851470947,0.008693339303135872,26.277990341186523,0.10000000149011612,210.22608947753906,0.0,0.0,0.07547452300786972
309,30.799333572387695,-92.16429901123047,9753.599609375,-11.27525520324707,0.29411542415618896,9.0,16.10042381286621,0.4169566035270691,38.6141471862793,62.20000076293945,6.944741725921631,0.008756633847951889,25.93470001220703,0.10000000149011612,210.34442138671875,0.0,0.0,0.0
310,30.801715850830078,-92.15139770507812,9753.599609375,-11.338204383850098,0.29411524534225464,9.0,15.885697364807129,0.4111643135547638,38.63588333129883,62.20000076293945,7.116543769836426,0.008824028074741364,25.574420928955078,0.10000000149011612,210.46287536621094,0.0,0.0,5.030754566192627
311,30.804100036621094,-92.13849639892578,9753.599609375,-11.40473747253418,0.2941150367259979,9.0,15.661245346069336,0.4051267206668854,38.65764617919922,62.20000076293945,7.300768852233887,0.008895439095795155,25.198881149291992,0.10000000149011612,210.58148193359375,0.0,0.0,0.05871003121137619
312,30.80638313293457,-92.12613677978516,9779.0,-11.474474906921387,0.2941148281097412,9.0,14.794896125793457,0.3870665729045868,38.22312927246094,64.0999984741211,7.554154396057129,0.008967457339167595,24.81096649169922,0.10000000149011612,202.04286193847656,0.0,0.0,5.229562759399414
313,30.808666229248047,-92.11376953125,9804.400390625,-11.54446029663086,0.2941146194934845,9.0,14.578737258911133,0.38108396530151367,38.25597381591797,64.0999984741211,7.754293918609619,0.00904303602874279,24.42748260498047,0.10000000149011612,202.21652221679688,0.0,0.0,5.2254638671875
314,30.810949325561523,-92.10140228271484,9829.7998046875,-11.617305755615234,0.2941144108772278,9.0,14.356481552124023,0.3749518096446991,38.28887176513672,64.0999984741211,7.9660420417785645,0.009122096002101898,24.03441047668457,0.10000000149011612,202.39048767089844,0.0,0.0,5.221357822418213
315,30.813232421875,-92.08903503417969,9855.2001953125,-11.692861557006836,0.29411420226097107,9.0,14.1289644241333,0.3686923086643219,38.32183074951172,64.0999984741211,8.189458847045898,0.0092045608907938,23.633176803588867,0.10000000149011612,202.56475830078125,0.0,0.0,5.2172441482543945
316,30.81551742553711,-92.07666778564453,9880.599609375,-11.770977973937988,0.29411399364471436,9.0,13.896997451782227,0.3623270094394684,38.3548469543457,64.0999984741211,8.424604415893555,0.009290349669754505,23.225162506103516,0.10000000149011612,202.73934936523438,0.0,0.0,5.213123798370361
317,30.817800521850586,-92.06430053710938,9906.0,-11.851507186889648,0.29411375522613525,9.0,13.661361694335938,0.3558765947818756,38.38792037963867,64.0999984741211,8.671540260314941,0.009379382245242596,22.811689376831055,0.10000000149011612,202.9142303466797,0.0,0.0,5.208995819091797
318,30.82015037536621,-92.0514144897461,9930.1298828125,-11.934364318847656,0.29411354660987854,9.0,13.97604751586914,0.3493557870388031,40.00519943237305,64.0999984741211,9.298738479614258,0.009475468657910824,22.393705368041992,0.10000000149011612,211.4630584716797,0.0,0.0,5.0071516036987305
319,30.822500228881836,-92.03853607177734,9954.259765625,-12.022841453552246,0.29411330819129944,9.0,13.714435577392578,0.34252065420150757,40.03973388671875,64.0999984741211,9.592205047607422,0.00957489013671875,21.95557403564453,0.10000000149011612,211.64566040039062,0.0,0.0,0.009992877952754498
320,30.82485008239746,-92.02565002441406,9978.3896484375,-12.113451957702637,0.29411306977272034,9.0,13.451154708862305,0.335655152797699,40.07432556152344,64.0999984741211,9.899162292480469,0.009677556343376637,21.51549530029297,0.10000000149011612,211.82859802246094,0.0,0.0,4.998524188995361
321,30.827199935913086,-92.01276397705078,10002.51953125,-12.206039428710938,0.29411280155181885,9.0,13.186945915222168,0.35065993666648865,37.606082916259766,60.099998474121094,9.269571304321289,0.009783376939594746,21.074661254882812,0.10000000149011612,212.01185607910156,0.0,0.0,0.0
322,30.82954978942871,-91.99988555908203,10026.650390625,-4.0835089683532715,0.294083833694458,10.0,37.638633728027344,1.0,37.638633728027344,60.099998474121094,0.0,0.008454830385744572,118.90747833251953,0.10000000149011612,212.20407104492188,5.0,9.989866256713867,0.0
323,30.831899642944336,-91.98699951171875,10050.7802734375,-11.034282684326172,0.2940829396247864,10.0,17.149261474609375,0.4559935927391052,37.608558654785156,60.0,5.982335090637207,0.00841006450355053,27.359615325927734,0.0,212.38819885253906,0.0,4.975391387939453,0.0
324,30.8342342376709,-91.97423553466797,10072.3701171875,-10.988152503967285,0.29408201575279236,10.0,17.17990493774414,0.4606810212135315,37.29240417480469,60.0,5.82109260559082,0.0083702327683568,27.64086151123047,0.0,210.60304260253906,0.0,0.0030704776290804148,0.0
325,30.836566925048828,-91.96146392822266,10093.9599609375,-10.946900367736816,0.2940811216831207,10.0,17.347579956054688,0.4649119973182678,37.31368637084961,60.0,5.726132392883301,0.008334971964359283,27.89472007751465,0.0,210.72349548339844,0.0,0.0,0.0
326,30.838899612426758,-91.94869995117188,10115.5498046875,-10.910212516784668,0.2940801978111267,10.0,17.499143600463867,0.4679262936115265,37.397220611572266,60.099998474121094,5.660426616668701,0.008304348215460777,28.122371673583984,0.10000000149011612,210.84410095214844,0.0,0.0,5.022000789642334
327,30.84123420715332,-91.9359359741211,10137.1396484375,-10.878218650817871,0.2940792739391327,10.0,17.63365364074707,0.4712538421154022,37.41858673095703,60.099998474121094,5.588499546051025,0.008278422988951206,28.322355270385742,0.10000000149011612,210.96484375,0.0,0.0,0.041157133877277374
328,30.84356689453125,-91.92316436767578,10158.73046875,-10.851034164428711,0.2940783202648163,10.0,17.750259399414062,0.4740990400314331,37.439979553222656,60.099998474121094,5.528229236602783,0.008257248438894749,28.493350982666016,0.10000000149011612,211.0857391357422,0.0,0.0,5.016308784484863
329,30.84589958190918,-91.910400390625,10180.3203125,-10.828760147094727,0.29407739639282227,10.0,17.848203659057617,0.47644251585006714,37.46139907836914,60.099998474121094,5.47965669631958,0.008240871131420135,28.63419532775879,0.10000000149011612,211.206787109375,0.0,0.0,0.02976635843515396
330,30.848234176635742,-91.8975830078125,10198.099609375,-10.811518669128418,0.29407644271850586,10.0,17.983192443847656,0.4782642424106598,37.600955963134766,60.099998474121094,5.460055828094482,0.008229325525462627,28.743680953979492,0.10000000149011612,211.99388122558594,0.0,0.0,0.0
331,30.850566864013672,-91.884765625,10215.8798828125,-10.799306869506836,0.29407548904418945,10.0,18.031442642211914,0.4795585572719574,37.6000862121582,60.099998474121094,5.431684970855713,0.008222678676247597,28.821468353271484,0.10000000149011612,211.9892578125,0.0,0.0,4.994997024536133
332,30.8528995513916,-91.8719482421875,10233.66015625,-10.792250633239746,0.29407453536987305,10.0,18.0591983795166,0.5191817283630371,34.783966064453125,55.599998474121094,4.63506555557251,0.008220942690968513,28.86650276184082,0.0,211.98463439941406,0.0,0.0,0.0
333,30.855234146118164,-91.859130859375,10251.4404296875,-10.790377616882324,0.29407358169555664,11.0,18.066268920898438,0.4368906617164612,41.35192108154297,66.0999984741211,6.450660705566406,0.00822412222623825,28.87847328186035,0.10000000149011612,211.98001098632812,2.0,9.99522876739502,0.0
334,30.857566833496094,-91.8463134765625,10269.2197265625,-10.793692588806152,0.29407262802124023,11.0,18.052600860595703,0.43657025694847107,41.3509635925293,66.0999984741211,6.45891809463501,0.008232209831476212,28.8572940826416,0.10000000149011612,211.9753875732422,0.0,4.990573406219482,0.0
335,30.859899520874023,-91.83350372314453,10287.0,-10.802186012268066,0.29407164454460144,11.0,18.018287658691406,0.4357505142688751,41.350006103515625,66.0999984741211,6.48033332824707,0.008245192468166351,28.803110122680664,0.10000000149011612,211.97076416015625,0.0,0.0,0.0
336,30.86221694946289,-91.82063293457031,10309.8603515625,-10.815801620483398,0.29407069087028503,11.0,18.03605842590332,0.43443942070007324,41.51570510864258,66.0999984741211,6.541100978851318,0.008263098075985909,28.716445922851562,0.10000000149011612,212.8204803466797,0.0,0.0,4.975406169891357
337,30.864532470703125,-91.80776977539062,10332.7197265625,-10.834595680236816,0.29406970739364624,11.0,17.971473693847656,0.4326359033584595,41.53948974609375,66.0999984741211,6.593090057373047,0.00828589964658022,28.597232818603516,0.10000000149011612,212.9427032470703,0.0,0.0,0.0
338,30.866849899291992,-91.7948989868164,10355.580078125,-0.46035099029541016,0.29406872391700745,12.0,41.56330490112305,1.0,41.56330490112305,66.0999984741211,0.0,0.008313564583659172,231.3906707763672,0.10000000149011612,213.0650634765625,2.0,9.969645500183105,0.0
339,30.86916732788086,-91.78203582763672,10378.4404296875,-10.88737964630127,0.29406777024269104,12.0,17.783037185668945,0.42760899662971497,41.58714294433594,66.0999984741211,6.737419605255127,0.008346053771674633,28.26495361328125,0.10000000149011612,213.1875762939453,0.0,4.936405658721924,0.0
340,30.871482849121094,-91.7691650390625,10401.2998046875,-10.921204566955566,0.29406678676605225,12.0,17.660430908203125,0.4244172275066376,41.61101531982422,66.0999984741211,6.829857349395752,0.008383321575820446,28.053977966308594,0.10000000149011612,213.31024169921875,0.0,0.0,0.0
341,30.87380027770996,-91.75630187988281,10424.16015625,-10.959848403930664,0.29406580328941345,12.0,17.519920349121094,0.42079877853393555,41.63491439819336,66.0999984741211,6.935873508453369,0.008425313048064709,27.814800262451172,0.10000000149011612,213.43304443359375,0.0,0.0,4.960978984832764
342,30.87605094909668,-91.74382019042969,10448.2900390625,-11.003128051757812,0.29406481981277466,12.0,16.84609603881836,0.416781485080719,40.419490814208984,66.0999984741211,6.845453262329102,0.008470499888062477,27.549257278442383,0.10000000149011612,207.2027130126953,0.0,0.0,5.10807991027832
343,30.878299713134766,-91.73133087158203,10472.419921875,-11.049534797668457,0.29406386613845825,12.0,16.683242797851562,0.41251495480537415,40.4427604675293,66.0999984741211,6.970860481262207,0.008520014584064484,27.26723861694336,0.10000000149011612,207.32228088378906,0.0,0.0,0.21334362030029297
344,30.880550384521484,-91.7188491821289,10496.5498046875,-11.100107192993164,0.29406291246414185,12.0,16.506641387939453,0.4079132676124573,40.46605682373047,66.0999984741211,7.108809947967529,0.00857379287481308,26.96306800842285,0.10000000149011612,207.44198608398438,0.0,0.0,0.0
345,30.88279914855957,-91.70636749267578,10520.6796875,-11.154706001281738,0.29406195878982544,12.0,16.31725311279297,0.4030008018016815,40.4893798828125,66.0999984741211,7.259346008300781,0.008631761185824871,26.63835334777832,0.10000000149011612,207.5618438720703,0.0,0.0,5.099620819091797
346,30.88504981994629,-91.69388580322266,10544.8095703125,-11.213180541992188,0.29406100511550903,12.0,16.116079330444336,0.39780279994010925,40.512733459472656,66.0999984741211,7.422513484954834,0.008693845942616463,26.29476547241211,0.10000000149011612,207.6818389892578,0.0,0.0,0.19641563296318054
347,30.887300491333008,-91.681396484375,10568.9404296875,-11.275376319885254,0.2940600514411926,12.0,15.90414047241211,0.39234495162963867,40.53611373901367,66.0999984741211,7.598357200622559,0.008759967051446438,25.93400001525879,0.10000000149011612,207.80197143554688,0.0,0.0,5.09396505355835
348,30.889686584472656,-91.6681900024414,10583.6884765625,-11.341270446777344,0.2940590977668762,12.0,16.586294174194336,0.38664141297340393,42.89838790893555,66.0999984741211,8.23636531829834,0.008834264241158962,25.556997299194336,0.10000000149011612,219.91209411621094,0.0,0.0,0.0
349,30.892074584960938,-91.65498352050781,10598.4365234375,-2.008871078491211,0.2940581142902374,13.0,42.897369384765625,1.0,42.897369384765625,66.0999984741211,0.0,0.008912831544876099,176.14492797851562,0.10000000149011612,219.9071807861328,2.0,9.808184623718262,0.0
350,30.894460678100586,-91.64176940917969,10613.185546875,-11.491414070129395,0.29405710101127625,13.0,16.04078483581543,0.3767930269241333,42.57187271118164,65.5999984741211,8.58693790435791,0.008995559066534042,24.717622756958008,0.0,219.9022674560547,0.0,4.616493225097656,0.0
351,30.896848678588867,-91.6285629272461,10627.93359375,-11.571602821350098,0.29405611753463745,13.0,15.75660514831543,0.3618524670600891,43.544281005859375,67.0999984741211,9.155628204345703,0.009082332253456116,24.28030014038086,0.0,219.89735412597656,0.0,0.0,0.0
352,30.899234771728516,-91.61534881591797,10642.681640625,-11.654928207397461,0.29405513405799866,13.0,15.466483116149902,0.3551982045173645,43.54324722290039,67.0999984741211,9.424182891845703,0.009173037484288216,23.83380126953125,0.0,219.89244079589844,0.0,0.0,4.808554649353027
353,30.901622772216797,-91.60214233398438,10657.4306640625,-11.741186141967773,0.2940541207790375,13.0,15.171612739562988,0.3458574116230011,43.866668701171875,67.5999984741211,9.818684577941895,0.009267558343708515,23.379961013793945,0.10000000149011612,219.8875274658203,0.0,0.0,4.808678150177002
354,30.903913497924805,-91.58941650390625,10661.396484375,-11.830190658569336,0.2940531373023987,13.0,14.325202941894531,0.3390597105026245,42.249794006347656,67.5999984741211,9.746617317199707,0.009362159296870232,22.92043685913086,0.10000000149011612,211.78302001953125,0.0,0.0,5.000024318695068
355,30.906179428100586,-91.57682037353516,10662.666015625,-11.918356895446777,0.2940521836280823,13.0,13.914786338806152,0.33245375752449036,41.854801177978516,67.5999984741211,9.945775985717773,0.009459177032113075,22.473875045776367,0.10000000149011612,209.80335998535156,0.0,0.0,5.046769142150879
356,30.908447265625,-91.56421661376953,10663.935546875,-12.007853507995605,0.29405125975608826,13.0,13.643251419067383,0.32159423828125,42.42380905151367,68.5,10.4517822265625,0.009559393860399723,22.029205322265625,0.15000000596046448,209.86184692382812,0.0,0.0,0.09216364473104477
357,30.91071319580078,-91.55162048339844,10665.2060546875,-12.099344253540039,0.29405033588409424,13.0,13.370893478393555,0.31508684158325195,42.43558120727539,68.5,10.772953987121582,0.00966271385550499,21.58344841003418,0.15000000596046448,209.92034912109375,0.0,0.0,5.04401969909668
358,30.912979125976562,-91.53901672363281,10666.4755859375,-12.192671775817871,0.2940494418144226,13.0,13.098428726196289,0.30858051776885986,42.44736099243164,68.5,11.107677459716797,0.009769043885171413,21.13776397705078,0.15000000596046448,209.97889709472656,0.0,0.0,0.08666352927684784
359,30.915246963500977,-91.52642059326172,10667.74609375,-12.28768253326416,0.2940485179424286,13.0,12.826519966125488,0.3020908534526825,42.45914840698242,68.5,11.455974578857422,0.009878288954496384,20.693222045898438,0.15000000596046448,210.03749084472656,0.0,0.0,5.041267395019531
360,30.91749382019043,-91.51388549804688,10668.0,-12.384234428405762,0.29404762387275696,13.0,12.48122501373291,0.29563191533088684,42.21879959106445,68.5,11.747722625732422,0.009989694692194462,20.25078582763672,0.15000000596046448,208.84878540039062,0.0,0.0,0.11060424149036407
361,30.919734954833984,-91.50137329101562,10668.0,-12.481600761413574,0.2940467298030853,13.0,12.191381454467773,0.28925448656082153,42.14759826660156,68.5,12.095011711120605,0.010103578679263592,19.813932418823242,0.15000000596046448,208.496826171875,0.0,0.0,0.0
362,30.921977996826172,-91.48885345458984,10668.0,-12.580018997192383,0.2940458655357361,13.0,11.92169189453125,0.2829442620277405,42.13441848754883,68.5,12.47063159942627,0.010219999589025974,19.381681442260742,0.15000000596046448,208.431884765625,0.0,0.0,5.079192161560059
363,30.924219131469727,-91.4763412475586,10668.0,-12.67949104309082,0.29404500126838684,13.0,11.655061721801758,0.2767027020454407,42.121246337890625,68.5,12.858907699584961,0.010338868014514446,18.954133987426758,0.15000000596046448,208.36697387695312,0.0,0.0,0.15992271900177002
364,30.926462173461914,-91.46382141113281,10668.0,-12.77989387512207,0.2940441370010376,13.0,11.391867637634277,0.2705387771129608,42.10807800292969,68.5,13.259818077087402,0.010460098274052143,18.531906127929688,0.0,208.30210876464844,0.0,0.0,0.0
365,30.92870330810547,-91.45130920410156,10668.0,-12.881111145019531,0.29404330253601074,13.0,11.132437705993652,0.24646985530853271,45.167545318603516,73.5,15.030241012573242,0.01058360654860735,18.11553382873535,0.15000000596046448,208.2372589111328,0.0,0.0,5.083804607391357
366,30.93096923828125,-91.43856048583984,10668.0,-12.983048439025879,0.2940424680709839,13.0,11.075817108154297,0.24254006147384644,45.66592788696289,73.0,15.629158973693848,0.01071163546293974,17.705425262451172,0.15000000596046448,211.9772491455078,0.0,0.0,0.07931937277317047
367,30.93325424194336,-91.4256591796875,10668.0,-13.087464332580566,0.29404163360595703,13.0,10.9468994140625,0.2369142323732376,46.20616912841797,73.0,16.309823989868164,0.010843458585441113,17.29473876953125,0.15000000596046448,214.48526000976562,0.0,0.0,0.0
368,30.935537338256836,-91.41275787353516,10668.0,-13.193669319152832,0.2940407991409302,13.0,10.688294410705566,0.2313227504491806,46.205116271972656,73.0,16.82607650756836,0.0109774861484766,16.886560440063477,0.15000000596046448,214.48062133789062,0.0,0.0,4.936425685882568
369,30.937820434570312,-91.39985656738281,10668.0,-13.300335884094238,0.2940399646759033,13.0,10.434577941894531,0.22583679854869843,46.204063415527344,73.0,17.357418060302734,0.011113637126982212,16.486085891723633,0.15000000596046448,214.47598266601562,0.0,0.0,0.0
370,30.94010353088379,-91.386962890625,10668.0,-13.407368659973145,0.29403916001319885,13.0,10.185909271240234,0.22045986354351044,46.20301055908203,73.0,17.903846740722656,0.011251835152506828,16.093570709228516,0.15000000596046448,214.47134399414062,0.0,0.0,4.936656475067139
371,30.942386627197266,-91.37406158447266,10668.0,-13.514678955078125,0.2940383553504944,13.0,9.942415237426758,0.21667878329753876,45.88550567626953,72.5,18.304210662841797,0.01139200571924448,15.709212303161621,0.0,214.46669006347656,0.0,0.0,0.0
372,30.944610595703125,-91.36152648925781,10668.0,0.3660810887813568,0.2939525544643402,14.0,0.0,0.0,45.17955017089844,73.5,1000.0,0.008200008422136307,0.0,0.15000000596046448,0.0,4.917501926422119,10.082497596740723,0.0
373,30.946792602539062,-91.3492431640625,10668.0,-10.767952919006348,0.29395076632499695,14.0,17.483951568603516,0.3948586583137512,44.279014587402344,73.5,7.386109828948975,0.008218537084758282,29.022109985351562,0.15000000596046448,204.1676025390625,0.0824979767203331,5.26301383972168,0.0
374,30.948976516723633,-91.33695983886719,10668.0,-10.787513732910156,0.2939490079879761,14.0,17.40285301208496,0.39315345883369446,44.26478576660156,73.5,7.436657428741455,0.008241569623351097,28.896780014038086,0.15000000596046448,204.1024932861328,0.0,0.4450778067111969,0.0
375,30.951160430908203,-91.32467651367188,10668.0,-10.811775207519531,0.2939472794532776,14.0,17.30410385131836,0.3910481929779053,44.25056457519531,73.5,7.5002217292785645,0.008269064128398895,28.742042541503906,0.15000000596046448,204.03744506835938,0.0,0.0,0.0
376,30.95334243774414,-91.31239318847656,10668.0,-10.840656280517578,0.2939455211162567,14.0,17.18831443786621,0.38855627179145813,44.23635482788086,73.5,7.576777935028076,0.008300972171127796,28.55888557434082,0.15000000596046448,203.972412109375,0.0,0.0,5.185158729553223
377,30.95552635192871,-91.30010986328125,10668.0,-10.87406063079834,0.2939437925815582,14.0,17.056182861328125,0.38569316267967224,44.22215270996094,73.5,7.66630220413208,0.008337239734828472,28.348447799682617,0.15000000596046448,203.90744018554688,0.0,0.0,0.3718629479408264
378,30.957763671875,-91.2874984741211,10668.0,-10.911922454833984,0.29394209384918213,14.0,17.36562728881836,0.382472425699234,45.40360641479492,73.5,7.979013919830322,0.00837896391749382,28.111722946166992,0.15000000596046448,209.3555908203125,0.0,0.0,0.0
379,30.960039138793945,-91.274658203125,10668.0,-10.9552583694458,0.29394033551216125,14.0,17.496126174926758,0.37881773710250854,46.18613052368164,73.5,8.243334770202637,0.008426003158092499,27.84310531616211,0.15000000596046448,212.96434020996094,0.0,0.0,4.972938060760498
380,30.962312698364258,-91.2618179321289,10668.0,-11.003829002380371,0.293938547372818,14.0,17.303386688232422,0.37476158142089844,46.17171859741211,73.5,8.384347915649414,0.008477584458887577,27.54497718811035,0.15000000596046448,212.89842224121094,0.0,0.0,0.0
381,30.96458625793457,-91.24897766113281,10668.0,-11.056782722473145,0.29393675923347473,14.0,17.096067428588867,0.3703869879245758,46.15731430053711,73.5,8.540064811706543,0.00853362213820219,27.22344207763672,0.15000000596046448,212.83253479003906,0.0,0.0,4.976074695587158
382,30.966861724853516,-91.23614501953125,10668.0,-11.113951683044434,0.29393500089645386,14.0,16.87535858154297,0.37076377868652344,45.51512145996094,72.5,8.52362060546875,0.008594023995101452,26.880374908447266,0.0,212.76669311523438,0.0,0.0,0.0
383,30.969135284423828,-91.22330474853516,10668.0,0.27888479828834534,0.293933242559433,15.0,44.87333297729492,1.0,44.87333297729492,71.5,0.0,0.00865869503468275,261.7663269042969,0.0,212.70086669921875,2.0,9.979207992553711,0.0
384,30.971433639526367,-91.2103271484375,10668.0,-11.240234375,0.2939315140247345,15.0,16.572402954101562,0.32268208265304565,51.35829544067383,81.0,10.647147178649902,0.008728289976716042,26.137248992919922,0.15000000596046448,214.8887481689453,0.0,4.906783103942871,0.0
385,30.973766326904297,-91.1971435546875,10668.0,-11.309732437133789,0.2939297556877136,15.0,16.567899703979492,0.3177379071712494,52.143287658691406,81.0,11.058229446411133,0.008803224191069603,25.736770629882812,0.15000000596046448,218.1737823486328,0.0,0.0,0.0
386,30.97610092163086,-91.1839599609375,10668.0,-11.383925437927246,0.29392799735069275,15.0,16.28678321838379,0.3125404119491577,52.11096954345703,81.0,11.320748329162598,0.008882307447493076,25.315773010253906,0.15000000596046448,218.03909301757812,0.0,0.0,4.853237628936768
387,30.97843360900879,-91.1707763671875,10668.0,-11.461548805236816,0.2939262390136719,15.0,15.998078346252441,0.30719050765037537,52.07868957519531,81.0,11.600348472595215,0.00896542239934206,24.882431030273438,0.15000000596046448,217.90457153320312,0.0,0.0,4.856425762176514
388,30.98076629638672,-91.1575927734375,10668.0,-11.542390823364258,0.293924480676651,15.0,15.703080177307129,0.30171284079551697,52.046443939208984,81.0,11.896968841552734,0.009052449837327003,24.438739776611328,0.15000000596046448,217.7701873779297,0.0,0.0,4.859610557556152
389,30.98310089111328,-91.1444091796875,10668.0,-11.626241683959961,0.2939227521419525,15.0,15.403030395507812,0.29613104462623596,52.01424026489258,81.0,12.21054744720459,0.009143270552158356,23.986614227294922,0.15000000596046448,217.63597106933594,0.0,0.0,4.862791061401367
390,30.985366821289062,-91.13152313232422,10668.0,-11.712875366210938,0.2939210534095764,15.0,14.752041816711426,0.2904689610004425,50.78697967529297,81.0,12.252620697021484,0.009235554374754429,23.527986526489258,0.15000000596046448,212.50144958496094,0.0,0.0,4.984002113342285
391,30.987533569335938,-91.11909484863281,10668.0,-11.800024032592773,0.2939193546772003,15.0,13.948878288269043,0.2848789691925049,48.96422576904297,81.0,12.13956356048584,0.00932780560106039,23.0751953125,0.15000000596046448,204.87521362304688,0.0,0.0,5.164026737213135
392,30.989700317382812,-91.10665893554688,10668.0,-11.886307716369629,0.29391777515411377,15.0,13.674484252929688,0.27944716811180115,48.93406295776367,81.0,12.461845397949219,0.009423114359378815,22.63521957397461,0.15000000596046448,204.7494659423828,0.0,0.0,0.3310331106185913
393,30.991867065429688,-91.09422302246094,10668.0,-11.97456169128418,0.2939161956310272,15.0,13.399442672729492,0.30824461579322815,43.47016143798828,72.0,10.839414596557617,0.009521380998194218,22.19361114501953,0.0,204.62384033203125,0.0,0.0,0.0
394,30.994033813476562,-91.08179473876953,10668.0,-12.064627647399902,0.29391464591026306,15.0,13.124466896057129,0.29796645045280457,44.046791076660156,73.0,11.372917175292969,0.009622509591281414,21.75155258178711,0.15000000596046448,204.49838256835938,0.0,0.0,5.172954082489014
395,30.996200561523438,-91.0693588256836,10668.0,-12.156352043151855,0.2939131259918213,15.0,12.850214958190918,0.29191961884498596,44.01970291137695,73.0,11.70128345489502,0.009726404212415218,21.31013298034668,0.15000000596046448,204.373046875,0.0,0.0,0.3488772213459015
396,30.9984130859375,-91.05665588378906,10668.5078125,-12.249603271484375,0.2939116060733795,15.0,12.855047225952148,0.28589436411857605,44.96432876586914,73.0,12.308131217956543,0.009835351258516312,20.870288848876953,0.15000000596046448,208.75917053222656,0.0,0.0,5.072402477264404
397,31.000696182250977,-91.04353332519531,10669.7783203125,-12.346332550048828,0.29391011595726013,15.0,12.981210708618164,0.2797720730304718,46.399234771728516,73.0,13.090117454528809,0.0099506676197052,20.42336082458496,0.15000000596046448,215.4215850830078,0.0,0.0,0.0
398,31.002979278564453,-91.0304183959961,10671.0478515625,1.912328839302063,0.2937905788421631,16.0,46.38442611694336,1.0,46.38442611694336,73.0,0.0,0.008267901837825775,338.07940673828125,0.15000000596046448,215.38926696777344,5.0,9.916775703430176,0.0
399,31.005264282226562,-91.01730346679688,10672.318359375,-10.839882850646973,0.29378777742385864,16.0,18.143722534179688,0.39128467440605164,46.36962127685547,73.0,7.905367851257324,0.008233027532696724,28.56378173828125,0.15000000596046448,215.32138061523438,0.0,4.8351731300354,0.0
400,31.00754737854004,-91.00418853759766,10673.587890625,-10.803147315979004,0.2937849760055542,16.0,18.2860164642334,0.3944792151451111,46.354827880859375,73.0,7.797708988189697,0.008203093893826008,28.796981811523438,0.15000000596046448,215.2535400390625,0.0,0.0,0.0
401,31.009830474853516,-90.99107360839844,10674.8583984375,-10.771485328674316,0.29378217458724976,16.0,18.40870475769043,0.3972526490688324,46.34004211425781,73.0,7.705344200134277,0.008178149349987507,28.99944496154785,0.15000000596046448,215.18572998046875,0.0,0.0,4.921639442443848
402,31.0120792388916,-90.9781723022461,10675.1123046875,-10.744977951049805,0.2937794029712677,16.0,18.215110778808594,0.3995889723300934,45.584617614746094,73.0,7.506208896636963,0.008158519864082336,29.169994354248047,0.15000000596046448,211.6786651611328,0.0,0.0,5.004425048828125
403,31.014280319213867,-90.96560668945312,10673.841796875,-10.724035263061523,0.29377666115760803,16.0,17.85991096496582,0.40144413709640503,44.48915481567383,73.0,7.269438743591309,0.008144092746078968,29.305421829223633,0.15000000596046448,206.592529296875,0.0,0.0,0.12890127301216125
404,31.0164794921875,-90.95304107666016,10672.572265625,-10.70863151550293,0.2937740087509155,16.0,17.947072982788086,0.4028138518333435,44.55426025390625,73.0,7.238718509674072,0.008134343661367893,29.405410766601562,0.15000000596046448,206.8956298828125,0.0,0.0,0.0
405,31.018680572509766,-90.94047546386719,10671.3017578125,-10.698195457458496,0.293771356344223,16.0,18.01490020751953,0.4037444591522217,44.61955642700195,73.0,7.221347332000732,0.008129309862852097,29.473346710205078,0.15000000596046448,207.1996307373047,0.0,0.0,5.110185623168945
406,31.0208797454834,-90.92790985107422,10670.0322265625,-10.692784309387207,0.2937687039375305,16.0,18.062938690185547,0.40422776341438293,44.68505096435547,73.0,7.217444896697998,0.008129023015499115,29.50862693786621,0.15000000596046448,207.50453186035156,0.0,0.0,0.21319365501403809
407,31.023080825805664,-90.91533660888672,10668.76171875,-10.6924409866333,0.2937660813331604,16.0,18.090864181518555,0.40425848960876465,44.750736236572266,73.0,7.227133274078369,0.00813350547105074,29.510868072509766,0.15000000596046448,207.81033325195312,0.0,0.0,5.095809459686279
408,31.025299072265625,-90.90263366699219,10666.984375,-10.697213172912598,0.2937634587287903,16.0,18.294174194335938,0.40383216738700867,45.30142593383789,73.0,7.329031944274902,0.008142899721860886,29.479747772216797,0.15000000596046448,210.36837768554688,0.0,0.0,0.13126970827579498
409,31.027549743652344,-90.88971710205078,10664.4443359375,-10.707233428955078,0.2937608063220978,16.0,18.569419860839844,0.40293848514556885,46.08500289916992,73.0,7.483540058135986,0.008157458156347275,29.414508819580078,0.15000000596046448,214.00790405273438,0.0,0.0,0.0
410,31.029800415039062,-90.87680053710938,10661.904296875,-10.722702026367188,0.2937581241130829,16.0,18.522207260131836,0.4015624523162842,46.125343322753906,73.0,7.533078193664551,0.008177047595381737,29.314058303833008,0.15000000596046448,214.19606018066406,0.0,0.0,4.945167541503906
411,31.03204917907715,-90.86388397216797,10659.3642578125,-10.743488311767578,0.293755441904068,16.0,18.45340347290039,0.39972057938575745,46.1657600402832,73.0,7.597733497619629,0.00820164754986763,29.179601669311523,0.15000000596046448,214.38455200195312,0.0,0.0,0.0
412,31.034299850463867,-90.85096740722656,10656.82421875,-2.4458158016204834,0.2937527596950531,17.0,46.20624923706055,1.0,46.20624923706055,73.0,0.0,0.008231225423514843,162.55357360839844,0.15000000596046448,214.57337951660156,2.0,9.936301231384277,0.0
413,31.036550521850586,-90.83805084228516,10654.2841796875,-10.800748825073242,0.2937501072883606,17.0,18.253089904785156,0.3946886360645294,46.24680709838867,73.0,7.772721290588379,0.008265743963420391,28.812271118164062,0.15000000596046448,214.76254272460938,0.0,4.868158340454102,0.0
414,31.03878402709961,-90.82516479492188,10652.759765625,-10.8370361328125,0.2937474548816681,17.0,18.069337844848633,0.3915312886238098,46.15043258666992,73.0,7.859857082366943,0.008305026218295097,28.581785202026367,0.15000000596046448,214.3157958984375,0.0,0.0,0.0
415,31.040992736816406,-90.81232452392578,10652.759765625,-10.878151893615723,0.293744832277298,17.0,17.83519172668457,0.38798320293426514,45.96897888183594,73.0,7.946619033813477,0.008348887786269188,28.32277488708496,0.15000000596046448,213.4739532470703,0.0,0.0,4.962303638458252
416,31.043203353881836,-90.79948425292969,10652.759765625,-10.92385196685791,0.29374223947525024,17.0,17.655176162719727,0.38407570123672485,45.967960357666016,73.0,8.078539848327637,0.008397407829761505,28.037527084350586,0.15000000596046448,213.47000122070312,0.0,0.0,4.9624152183532715
417,31.045412063598633,-90.78665161132812,10652.759765625,-10.97413158416748,0.2937396466732025,17.0,17.459182739257812,0.3600894808769226,48.48567581176758,77.0,8.952030181884766,0.008450506255030632,27.726890563964844,0.15000000596046448,213.46604919433594,0.0,0.0,0.0
418,31.047622680664062,-90.77381134033203,10652.759765625,-11.028827667236328,0.2937370836734772,17.0,17.248384475708008,0.3557497560977936,48.48460006713867,77.0,9.122483253479004,0.00850809644907713,27.392730712890625,0.15000000596046448,213.4620819091797,0.0,0.0,4.962638854980469
419,31.04983139038086,-90.76097106933594,10652.759765625,-11.0877685546875,0.29373452067375183,17.0,17.02400016784668,0.35112959146499634,48.483524322509766,77.0,9.308591842651367,0.008570089936256409,27.036977767944336,0.15000000596046448,213.45811462402344,0.0,0.0,0.0
420,31.05202293395996,-90.74824523925781,10653.005859375,-1.9688191413879395,0.2937319874763489,18.0,48.058956146240234,1.0,48.058956146240234,77.0,0.0,0.008635791949927807,177.4337615966797,0.15000000596046448,211.58963012695312,2.0,10.006861686706543,0.0
421,31.054136276245117,-90.73596954345703,10654.234375,-11.216996192932129,0.2937294542789459,18.0,15.820197105407715,0.34120121598243713,46.36617660522461,77.0,9.301280975341797,0.008703096769750118,26.27249526977539,0.15000000596046448,204.13754272460938,0.0,5.189596652984619,0.0
422,31.05624771118164,-90.72369384765625,10655.4638671875,-11.284380912780762,0.2937270700931549,18.0,15.589359283447266,0.3361320495605469,46.37867736816406,77.0,9.516766548156738,0.008774186484515667,25.88216781616211,0.15000000596046448,204.19326782226562,0.0,0.3710327446460724,0.0
423,31.058361053466797,-90.71142578125,10656.693359375,-11.35499382019043,0.2937246859073639,18.0,15.350749969482422,0.3308980166912079,46.39118194580078,77.0,9.74614429473877,0.008848972618579865,25.47914695739746,0.15000000596046448,204.24900817871094,0.0,0.0,0.0
424,31.060474395751953,-90.69915008544922,10657.921875,-11.428666114807129,0.29372236132621765,18.0,15.105379104614258,0.3255210518836975,46.40369415283203,77.0,9.989439964294434,0.008927366696298122,25.065120697021484,0.15000000596046448,204.30477905273438,0.0,0.0,5.178836822509766
425,31.06258773803711,-90.68687438964844,10659.1513671875,-11.505230903625488,0.293720006942749,18.0,14.854232788085938,0.3571265637874603,41.59375,69.0,8.681051254272461,0.009009278379380703,24.641733169555664,0.15000000596046448,204.36058044433594,0.0,0.0,5.1775360107421875
426,31.064699172973633,-90.67459869384766,10660.3798828125,-11.584517478942871,0.29371771216392517,18.0,14.598264694213867,0.3508778512477875,41.604976654052734,69.0,8.923940658569336,0.009094617329537868,24.2105712890625,0.15000000596046448,204.41641235351562,0.0,0.0,5.176234722137451
427,31.06698989868164,-90.6612319946289,10661.609375,-11.66644287109375,0.2937154769897461,18.0,15.607261657714844,0.3445323407649994,45.29984664916992,69.0,9.992149353027344,0.009191302582621574,23.77273178100586,0.15000000596046448,222.5709991455078,0.0,0.0,4.7478437423706055
428,31.06928062438965,-90.64785766601562,10662.837890625,-11.7582426071167,0.2937130033969879,18.0,15.286335945129395,0.33755382895469666,45.285621643066406,69.0,10.304069519042969,0.009291758760809898,23.291213989257812,0.15000000596046448,222.5018768310547,0.0,0.0,4.74949312210083
429,31.071571350097656,-90.63448333740234,10664.0673828125,-11.852608680725098,0.2937105894088745,18.0,14.963237762451172,0.33052292466163635,45.27140808105469,69.0,10.631609916687012,0.009395861998200417,22.806081771850586,0.15000000596046448,222.43280029296875,0.0,0.0,0.0
430,31.073862075805664,-90.6211166381836,10665.2958984375,-11.103487014770508,0.2935532033443451,19.0,17.671857833862305,0.39047616720199585,45.257198333740234,69.0,8.190770149230957,0.008458796888589859,26.942853927612305,0.15000000596046448,222.4125518798828,5.0,9.752788543701172,0.0
431,31.07615089416504,-90.60774230957031,10666.525390625,-11.03805923461914,0.2935492992401123,19.0,17.924564361572266,0.3961842656135559,45.24300003051758,69.0,7.994650840759277,0.008399663493037224,27.336713790893555,0.15000000596046448,222.343994140625,0.0,4.507223606109619,0.0
432,31.078441619873047,-90.59437561035156,10667.75390625,-10.977116584777832,0.2935454249382019,19.0,18.16267967224121,0.4074787497520447,44.57331848144531,68.0,7.625266075134277,0.008345446549355984,27.708555221557617,0.0,222.2754669189453,0.0,0.0,0.0
433,31.080659866333008,-90.58136749267578,10668.0,-10.920806884765625,0.2935415506362915,19.0,17.886335372924805,0.38433489203453064,46.538414001464844,73.0,8.169837951660156,0.00829751044511795,28.056447982788086,0.15000000596046448,216.18052673339844,0.0,0.0,4.899899959564209
434,31.082860946655273,-90.56845092773438,10668.0,-10.870745658874512,0.29353776574134827,19.0,17.958236694335938,0.3886200487613678,46.210269927978516,73.0,7.9669413566589355,0.008254669606685638,28.369264602661133,0.15000000596046448,214.65737915039062,0.0,0.0,0.0
435,31.085060119628906,-90.55553436279297,10668.0,-1.9473379850387573,0.2935340702533722,20.0,46.20924377441406,1.0,46.20924377441406,73.0,0.0,0.008216643705964088,178.12799072265625,0.15000000596046448,214.65374755859375,2.0,9.935973167419434,0.0
436,31.08725929260254,-90.54261779785156,10668.0,-10.785642623901367,0.29353034496307373,20.0,18.298927307128906,0.39601022005081177,46.208221435546875,73.0,7.723419189453125,0.008183498866856098,28.90874481201172,0.15000000596046448,214.65011596679688,0.0,4.872058391571045,0.0
437,31.089460372924805,-90.52970123291016,10668.0,-10.750513076782227,0.29352664947509766,20.0,18.44129180908203,0.3990999758243561,46.20719909667969,73.0,7.6242523193359375,0.008155296556651592,29.13429832458496,0.15000000596046448,214.646484375,0.0,0.0,0.0
438,31.091659545898438,-90.51678466796875,10668.0,-10.720503807067871,0.29352298378944397,20.0,18.563690185546875,0.40175777673721313,46.206172943115234,73.0,7.540148735046387,0.008132087998092175,29.328317642211914,0.15000000596046448,214.64285278320312,0.0,0.0,4.936309814453125
439,31.093793869018555,-90.50428009033203,10668.0,-10.695662498474121,0.2935192883014679,20.0,18.065086364746094,0.4039705991744995,44.718814849853516,73.0,7.230616569519043,0.008114422671496868,29.48985481262207,0.15000000596046448,207.7346649169922,0.0,0.0,0.0356176532804966
440,31.095909118652344,-90.49188232421875,10668.0,-10.67673110961914,0.29351574182510376,20.0,17.985454559326172,0.4056648910045624,44.33574295043945,73.0,7.118443965911865,0.008101597428321838,29.613536834716797,0.15000000596046448,205.95619201660156,0.0,0.0,0.0
441,31.098026275634766,-90.47947692871094,10668.0,-10.662961959838867,0.2935122549533844,20.0,18.034482955932617,0.406901478767395,44.321495056152344,73.0,7.079768657684326,0.008093464188277721,29.703807830810547,0.15000000596046448,205.89102172851562,0.0,0.0,5.142849922180176
442,31.100143432617188,-90.46707916259766,10668.0,-10.654206275939941,0.29350876808166504,20.0,18.063610076904297,0.4076896607875824,44.307254791259766,73.0,7.054424285888672,0.008090034127235413,29.7613468170166,0.15000000596046448,205.8258819580078,0.0,0.0,0.2872602343559265
443,31.10226058959961,-90.45468139648438,10668.0,-10.650490760803223,0.29350531101226807,20.0,18.072643280029297,0.3868284821510315,46.72003936767578,77.0,7.694244384765625,0.008091310039162636,29.78579330444336,0.15000000596046448,205.7607879638672,0.0,0.0,0.0
444,31.1043758392334,-90.4422836303711,10668.0,-10.651824951171875,0.2935018837451935,20.0,18.06151580810547,0.38671451807022095,46.705039978027344,77.0,7.695471286773682,0.008097284473478794,29.77701759338379,0.15000000596046448,205.6957244873047,0.0,0.0,5.147528648376465
445,31.10650634765625,-90.42971801757812,10668.0,-10.658219337463379,0.2934984564781189,20.0,18.25836944580078,0.38616836071014404,47.28085708618164,77.0,7.80831241607666,0.008108108304440975,29.73496437072754,0.15000000596046448,208.2327117919922,0.0,0.0,0.23523184657096863
446,31.108640670776367,-90.41712188720703,10668.0,-10.669788360595703,0.2934949994087219,20.0,18.262771606445312,0.38518214225769043,47.4133415222168,77.0,7.862853527069092,0.008123771287500858,29.65902328491211,0.15000000596046448,208.8172149658203,0.0,0.0,0.0
447,31.11077308654785,-90.4045181274414,10668.0,-10.686509132385254,0.29349154233932495,20.0,18.189550399780273,0.3837610185146332,47.39812088012695,77.0,7.907672882080078,0.008144212886691093,29.549598693847656,0.15000000596046448,208.75120544433594,0.0,0.0,5.075520038604736
448,31.11290740966797,-90.39192199707031,10668.0,-10.708293914794922,0.29348811507225037,20.0,18.096336364746094,0.38191697001457214,47.38290786743164,77.0,7.967074394226074,0.008169393986463547,29.40760612487793,0.15000000596046448,208.6852264404297,0.0,0.0,0.15262019634246826
449,31.115039825439453,-90.37931823730469,10668.0,-10.735064506530762,0.29348471760749817,20.0,17.983747482299805,0.3796626329421997,47.367706298828125,77.0,8.041030883789062,0.008199267089366913,29.23402214050293,0.15000000596046448,208.61927795410156,0.0,0.0,0.0
450,31.11717414855957,-90.3667221069336,10668.0,-10.766722679138184,0.29348134994506836,20.0,17.852519989013672,0.3770131468772888,47.35251235961914,77.0,8.1295166015625,0.00823377724736929,29.030012130737305,0.15000000596046448,208.55335998535156,0.0,0.0,5.080258369445801
451,31.119413375854492,-90.3534927368164,10668.0,-10.803226470947266,0.29347801208496094,20.0,18.58831787109375,0.37398022413253784,49.704010009765625,77.0,8.644304275512695,0.008274935185909271,28.796478271484375,0.15000000596046448,218.9110107421875,0.0,0.0,0.0
452,31.121679306030273,-90.3401107788086,10668.0,-10.846500396728516,0.2934745252132416,20.0,18.628808975219727,0.3704151213169098,50.291709899902344,77.0,8.880987167358398,0.008321648463606834,28.52196502685547,0.15000000596046448,221.50051879882812,0.0,0.0,4.774887561798096
453,31.123947143554688,-90.32672882080078,10668.0,-10.895341873168945,0.29347097873687744,20.0,18.42799949645996,0.3762020766735077,48.984310150146484,75.0,8.663801193237305,0.008373375050723553,28.21515464782715,0.0,221.49655151367188,0.0,0.0,0.0
454,31.12621307373047,-90.31334686279297,10668.0,-0.9110393524169922,0.2934674918651581,21.0,41.798988342285156,1.0,41.798988342285156,64.0,0.0,0.008430021815001965,214.1502227783203,0.0,221.49258422851562,2.0,9.775126457214355,0.0
455,31.128480911254883,-90.29995727539062,10668.0,-11.007619857788086,0.2934640347957611,21.0,17.974353790283203,0.3988672196865082,45.06350326538086,69.0,7.874227046966553,0.008491492830216885,27.52183723449707,0.15000000596046448,221.4886016845703,0.0,4.550372123718262,0.0
456,31.130746841430664,-90.28657531738281,10668.0,-11.070671081542969,0.29346057772636414,21.0,17.724384307861328,0.3933291435241699,45.06247329711914,69.0,8.058476448059082,0.008557682856917381,27.139711380004883,0.15000000596046448,221.484619140625,0.0,0.0,0.0
457,31.1328125,-90.27433776855469,10668.0,-11.137964248657227,0.2934570908546448,21.0,15.959789276123047,0.38750025629997253,41.186527252197266,69.0,7.547966957092285,0.008622218854725361,26.737516403198242,0.15000000596046448,202.43511962890625,0.0,0.0,5.224750518798828
458,31.134830474853516,-90.26239013671875,10668.0,-11.203153610229492,0.29345396161079407,21.0,15.35661792755127,0.38193297386169434,40.20762634277344,69.0,7.54393196105957,0.008688857778906822,26.353374481201172,0.15000000596046448,197.62461853027344,0.0,0.0,5.3382463455200195
459,31.1368465423584,-90.25044250488281,10668.0,-11.269984245300293,0.2934509813785553,21.0,15.125524520874023,0.37630560994148254,40.194786071777344,69.0,7.7239909172058105,0.008758983574807644,25.965087890625,0.15000000596046448,197.56234741210938,0.0,0.0,5.33973503112793
460,31.13886260986328,-90.23848724365234,10668.0,-11.339763641357422,0.29344800114631653,21.0,14.888031005859375,0.3705153465270996,40.18195343017578,69.0,7.914999485015869,0.008832511492073536,25.56555938720703,0.15000000596046448,197.50010681152344,0.0,0.0,5.341222763061523
461,31.140880584716797,-90.2265396118164,10668.0,-11.412331581115723,0.29344505071640015,21.0,14.645058631896973,0.36458489298820496,40.169132232666016,69.0,8.116937637329102,0.008909352123737335,25.15635871887207,0.15000000596046448,197.43789672851562,0.0,0.0,5.342709541320801
462,31.14289665222168,-90.21459197998047,10668.0,-11.487528800964355,0.29344213008880615,21.0,14.397494316101074,0.3585362434387207,40.156314849853516,69.0,8.329784393310547,0.008989417925477028,24.739002227783203,0.15000000596046448,197.37571716308594,0.0,0.0,5.344195365905762
463,31.14504623413086,-90.20173645019531,10668.0,-11.565261840820312,0.2934393286705017,21.0,15.21053695678711,0.35238564014434814,43.164466857910156,69.0,9.197409629821777,0.009079014882445335,24.314607620239258,0.15000000596046448,212.1621856689453,0.0,0.0,4.995424270629883
464,31.14723014831543,-90.18865203857422,10668.0,-11.651374816894531,0.2934362590312958,21.0,15.174092292785645,0.3456910252571106,43.894954681396484,69.0,9.632750511169434,0.009173769503831863,23.852680206298828,0.15000000596046448,215.75363159179688,0.0,0.0,4.910729885101318
465,31.1494140625,-90.17556762695312,10668.0,-11.741510391235352,0.29343315958976746,21.0,14.863092422485352,0.33881548047065735,43.8678092956543,69.0,9.925360679626465,0.009272021241486073,23.378267288208008,0.15000000596046448,215.6211395263672,0.0,0.0,4.913877010345459
466,31.151596069335938,-90.16248321533203,10668.0,-11.83399772644043,0.2934301197528839,21.0,14.550649642944336,0.3318982422351837,43.840694427490234,69.0,10.231893539428711,0.009373651817440987,22.900978088378906,0.15000000596046448,215.48880004882812,0.0,0.0,0.0
467,31.153779983520508,-90.14939880371094,10668.0,-11.928643226623535,0.29342710971832275,21.0,14.237727165222168,0.32496127486228943,43.81361389160156,69.0,10.552298545837402,0.009478546679019928,22.422327041625977,0.15000000596046448,215.3566131591797,0.0,0.0,4.92016077041626
468,31.155963897705078,-90.13631439208984,10668.0,-12.025259971618652,0.293424129486084,21.0,13.925215721130371,0.3180248439311981,43.786563873291016,69.0,10.886524200439453,0.00958658941090107,21.943714141845703,0.15000000596046448,215.2245635986328,0.0,0.0,0.0
469,31.158172607421875,-90.12313842773438,10669.015625,1.923830509185791,0.29321980476379395,22.0,44.10078811645508,1.0,44.10078811645508,69.0,0.0,0.008311588317155838,338.6607971191406,0.15000000596046448,216.83175659179688,5.0,9.88686466217041,0.0
470,31.160390853881836,-90.10993957519531,10670.2861328125,-10.885324478149414,0.2932150959968567,22.0,18.10596466064453,0.409823477268219,44.179908752441406,69.0,7.376507759094238,0.008263330906629562,28.277820587158203,0.15000000596046448,217.2222137451172,0.0,4.764556884765625,0.0
471,31.162607192993164,-90.09674072265625,10671.5556640625,-10.834732055664062,0.29321038722991943,22.0,18.30951690673828,0.4144401252269745,44.178916931152344,69.0,7.237115383148193,0.008219942450523376,28.59636878967285,0.15000000596046448,217.21878051757812,0.0,0.0,0.0
472,31.164823532104492,-90.08354187011719,10672.826171875,-10.788987159729004,0.2932056784629822,22.0,18.49541664123535,0.43115460872650146,42.89740753173828,67.0,6.7578325271606445,0.008181501179933548,28.887359619140625,0.0,217.21536254882812,0.0,0.0,4.8779215812683105
473,31.16703987121582,-90.07034301757812,10674.095703125,-10.748250961303711,0.2932010293006897,22.0,18.662439346313477,0.40484559535980225,46.09767532348633,72.0,7.529684066772461,0.008148076944053173,29.148881912231445,0.15000000596046448,217.21192932128906,0.0,0.0,4.878036022186279
474,31.16925621032715,-90.05713653564453,10675.3662109375,-10.71267032623291,0.2931963801383972,22.0,18.80945587158203,0.4080439507961273,46.096641540527344,72.0,7.430350303649902,0.008119732141494751,29.379165649414062,0.15000000596046448,217.20848083496094,0.0,0.0,0.0
475,31.171459197998047,-90.04398345947266,10675.6201171875,-10.682376861572266,0.29319173097610474,22.0,18.87598419189453,0.41078612208366394,45.95087814331055,72.0,7.323328495025635,0.00809659156948328,29.576601028442383,0.15000000596046448,216.5230712890625,0.0,0.0,4.894346714019775
476,31.173660278320312,-90.03083038330078,10675.6201171875,-10.657560348510742,0.29318714141845703,22.0,18.964448928833008,0.4130457639694214,45.91367721557617,72.0,7.249459266662598,0.008078609593212605,29.739295959472656,0.15000000596046448,216.34918212890625,0.0,0.0,0.0
477,31.175859451293945,-90.0176773071289,10675.6201171875,1.8015555143356323,0.2931825518608093,23.0,45.912654876708984,1.0,45.912654876708984,72.0,0.0,0.008065799251198769,332.5110168457031,0.15000000596046448,216.34576416015625,2.0,9.89859390258789,0.0
478,31.17806053161621,-90.00453186035156,10675.6201171875,-10.624402046203613,0.2931780219078064,23.0,19.103073120117188,0.41608351469039917,45.9116325378418,72.0,7.158968448638916,0.008058186620473862,29.9580135345459,0.15000000596046448,216.34234619140625,0.0,4.797301769256592,0.0
479,31.180259704589844,-89.99137878417969,10675.6201171875,-10.616165161132812,0.29317349195480347,23.0,19.13744354248047,0.41684141755104065,45.91061019897461,72.0,7.136517524719238,0.008055786602199078,30.012582778930664,0.15000000596046448,216.3389129638672,0.0,0.0,0.0
480,31.18246078491211,-89.97823333740234,10675.6201171875,-10.613539695739746,0.2931689918041229,23.0,19.148120880126953,0.4170832633972168,45.90958786010742,72.0,7.129263401031494,0.008058602921664715,30.02999496459961,0.15000000596046448,216.33546447753906,0.0,0.0,4.898934841156006
481,31.184539794921875,-89.96574401855469,10674.603515625,-10.616466522216797,0.29316446185112,23.0,18.17552375793457,0.4168136715888977,43.605873107910156,72.0,6.7790350914001465,0.00806611031293869,30.010583877563477,0.15000000596046448,205.48121643066406,0.0,0.0,5.154902935028076
482,31.18659019470215,-89.95343017578125,10673.333984375,-10.62450122833252,0.29316022992134094,23.0,17.915983200073242,0.41607436537742615,43.0595703125,72.0,6.71450138092041,0.008078128099441528,29.957353591918945,0.15000000596046448,202.90811157226562,0.0,0.0,0.3705061674118042
483,31.188640594482422,-89.94111633300781,10672.064453125,-10.637394905090332,0.29315605759620667,23.0,17.880630493164062,0.4148906171321869,43.09721755981445,72.0,6.753208637237549,0.008094714023172855,29.87212562561035,0.15000000596046448,203.0867156982422,0.0,0.0,0.0
484,31.190689086914062,-89.92879486083984,10670.7939453125,-10.655172348022461,0.2931519150733948,23.0,17.826107025146484,0.41326382756233215,43.13493347167969,72.0,6.804592132568359,0.008115853182971478,29.754995346069336,0.15000000596046448,203.265625,0.0,0.0,5.2072296142578125
485,31.192739486694336,-89.9164810180664,10669.5244140625,-10.677786827087402,0.2931478023529053,23.0,17.752758026123047,0.41120320558547974,43.17271423339844,72.0,6.868720054626465,0.008141524158418179,29.606630325317383,0.15000000596046448,203.44485473632812,0.0,0.0,0.4102614223957062
486,31.19478988647461,-89.90415954589844,10668.25390625,-10.70517635345459,0.29314371943473816,23.0,17.66105079650879,0.4087206721305847,43.21056365966797,72.0,6.945660591125488,0.008171696215867996,29.427886962890625,0.15000000596046448,203.62440490722656,0.0,0.0,5.198825836181641
487,31.196853637695312,-89.8915786743164,10668.0,-10.737287521362305,0.29313966631889343,23.0,17.94342613220215,0.4058285057544708,44.21430587768555,72.0,7.192659854888916,0.008207151666283607,29.21965217590332,0.15000000596046448,208.3555908203125,0.0,0.0,0.2861256003379822
488,31.19891929626465,-89.8789291381836,10668.0,-10.774855613708496,0.29313552379608154,23.0,17.92953109741211,0.40246984362602234,44.54875946044922,72.0,7.348853588104248,0.00824750866740942,28.977828979492188,0.15000000596046448,209.9329071044922,0.0,0.0,0.0
489,31.200986862182617,-89.86627960205078,10668.0,-10.817416191101074,0.29313138127326965,23.0,17.80388641357422,0.39869698882102966,44.655181884765625,72.0,7.48306941986084,0.00829256046563387,28.70618438720703,0.15000000596046448,210.43563842773438,0.0,0.0,5.038312911987305
490,31.203052520751953,-89.85363006591797,10668.0,-10.864688873291016,0.29312726855278015,23.0,17.660730361938477,0.3945463299751282,44.76211929321289,72.0,7.632223129272461,0.008342267945408821,28.40733528137207,0.15000000596046448,210.94081115722656,0.0,0.0,0.0647442415356636
491,31.205120086669922,-89.84098052978516,10668.0,-10.916553497314453,0.29312315583229065,23.0,17.500940322875977,0.3900402784347534,44.86957550048828,72.0,7.7965264320373535,0.00839658360928297,28.08289909362793,0.15000000596046448,211.44842529296875,0.0,0.0,0.0
492,31.207185745239258,-89.82833099365234,10668.0,-10.972877502441406,0.2931191027164459,23.0,17.325477600097656,0.3852027952671051,44.9775505065918,72.0,7.976195335388184,0.008455455303192139,27.734600067138672,0.15000000596046448,211.95848083496094,0.0,0.0,5.0024943351745605
493,31.209306716918945,-89.81536102294922,10665.9677734375,-11.033556938171387,0.2931150794029236,23.0,17.551895141601562,0.38005587458610535,46.18240737915039,72.0,8.370264053344727,0.008520430885255337,27.364023208618164,0.15000000596046448,217.6376495361328,0.0,0.0,0.0
494,31.21143913269043,-89.80230712890625,10663.427734375,-11.100008964538574,0.2931109666824341,24.0,17.422643661499023,0.3744952380657196,46.523006439208984,72.0,8.633951187133789,0.008590411394834518,26.96365737915039,0.15000000596046448,219.2440185546875,2.0,9.830777168273926,0.0
495,31.213573455810547,-89.78926086425781,10660.8876953125,-11.171008110046387,0.2931068241596222,24.0,17.170799255371094,0.3686407208442688,46.57868576049805,72.0,8.863759994506836,0.008664912544190884,26.542131423950195,0.15000000596046448,219.5076904296875,0.0,4.655367851257324,0.0
496,31.21570587158203,-89.77620697021484,10658.34765625,-11.245965003967285,0.2931027412414551,24.0,16.9075984954834,0.362555593252182,46.634498596191406,72.0,9.110296249389648,0.008743838407099247,26.10400390625,0.15000000596046448,219.77198791503906,0.0,0.0,0.0
497,31.21784019470215,-89.7631607055664,10655.8076171875,-11.324676513671875,0.29309871792793274,24.0,16.634403228759766,0.3562699556350708,46.69044876098633,72.0,9.373680114746094,0.008827089332044125,25.65143585205078,0.15000000596046448,220.03692626953125,0.0,0.0,4.8121724128723145
498,31.219972610473633,-89.75010681152344,10653.267578125,-11.406937599182129,0.2930946946144104,24.0,16.352558135986328,0.3498132526874542,46.74653625488281,72.0,9.654032707214355,0.008914561942219734,25.186553955078125,0.15000000596046448,220.302490234375,0.0,0.0,4.805940628051758
499,31.222000122070312,-89.73788452148438,10638.5361328125,-11.492557525634766,0.2930906414985657,24.0,15.042258262634277,0.34321290254592896,43.82777404785156,72.0,9.3189697265625,0.009000277146697044,24.71133041381836,0.15000000596046448,206.54843139648438,0.0,0.0,5.130247116088867
500,31.224000930786133,-89.72586822509766,10620.755859375,-11.575638771057129,0.2930869162082672,24.0,14.523075103759766,0.3369234502315521,43.1049690246582,72.0,9.42577838897705,0.009087932296097279,24.25848960876465,0.15000000596046448,203.1431121826172,0.0,0.0,5.210558891296387
501,31.22599983215332,-89.71385192871094,10602.9755859375,-11.659783363342285,0.2930833399295807,24.0,14.257469177246094,0.3306671380996704,43.117286682128906,72.0,9.697505950927734,0.009178826585412025,23.808032989501953,0.15000000596046448,203.2021942138672,0.0,0.0,5.209190368652344
502,31.22800064086914,-89.70183563232422,10585.1962890625,-11.746187210083008,0.29307979345321655,24.0,13.98951244354248,0.32435980439186096,43.12961196899414,72.0,9.982090950012207,0.009272870607674122,23.353904724121094,0.15000000596046448,203.2613067626953,0.0,0.0,5.207820892333984
503,31.229999542236328,-89.6898193359375,10567.416015625,-11.83469009399414,0.2930762767791748,24.0,13.720003128051758,0.3180200159549713,43.14194869995117,72.0,10.279557228088379,0.009369972161948681,22.897441864013672,0.15000000596046448,203.32044982910156,0.0,0.0,0.4142709970474243
504,31.23200035095215,-89.67780303955078,10549.6357421875,-11.92513656616211,0.29307278990745544,24.0,13.449687004089355,0.3116651475429535,43.15428924560547,72.0,10.589927673339844,0.00947004184126854,22.439889907836914,0.15000000596046448,203.37960815429688,0.0,0.0,5.205079078674316
505,31.234039306640625,-89.66532135009766,10528.8076171875,-12.01741886138916,0.29306942224502563,24.0,13.68874740600586,0.30530813336372375,44.83584213256836,72.0,11.335395812988281,0.009577055461704731,21.98218536376953,0.15000000596046448,211.30552673339844,0.0,0.0,0.2233186513185501
506,31.2360897064209,-89.65271759033203,10507.2177734375,-12.114995002746582,0.2930659353733063,24.0,13.528772354125977,0.2987232804298401,45.28864669799805,72.0,11.813189506530762,0.009688175283372402,21.508075714111328,0.15000000596046448,213.44058227539062,0.0,0.0,0.0
507,31.238140106201172,-89.64012145996094,10485.6279296875,-12.215158462524414,0.2930624485015869,24.0,13.241056442260742,0.2921072542667389,45.32943344116211,72.0,12.205706596374512,0.00980233121663332,21.031721115112305,0.15000000596046448,213.6338653564453,0.0,0.0,4.963396072387695
508,31.240190505981445,-89.62751770019531,10464.0380859375,-12.31687068939209,0.29305899143218994,24.0,12.954789161682129,0.2855345904827118,45.370296478271484,72.0,12.613965034484863,0.009919431060552597,20.558488845825195,0.15000000596046448,213.82749938964844,0.0,0.0,0.0
509,31.24224090576172,-89.61492156982422,10442.4482421875,-4.121988296508789,0.2928042411804199,25.0,45.41123580932617,1.0,45.41123580932617,72.0,0.0,0.008149318397045135,118.01284790039062,0.15000000596046448,214.09756469726562,5.0,9.954306602478027,0.0
510,31.24428939819336,-89.6023178100586,10420.8583984375,-10.713891983032227,0.2927987277507782,25.0,18.541507720947266,0.4079337418079376,45.45225143432617,72.0,7.329824447631836,0.008116832002997398,29.37122917175293,0.15000000596046448,214.2926025390625,0.0,4.904056549072266,0.0
511,31.246313095092773,-89.5898666381836,10397.236328125,-10.679171562194824,0.29279324412345886,25.0,18.469045639038086,0.4110772907733917,44.928401947021484,72.0,7.1517653465271,0.008089612238109112,29.597564697265625,0.15000000596046448,211.82444763183594,0.0,0.0,0.0
512,31.248329162597656,-89.57745361328125,10373.1064453125,-10.649971961975098,0.2927878499031067,25.0,18.533296585083008,0.41373905539512634,44.79465103149414,72.0,7.052581310272217,0.008067356422543526,29.78921127319336,0.15000000596046448,211.1954803466797,0.0,0.0,5.022816181182861
513,31.250347137451172,-89.56503295898438,10348.9755859375,-10.626018524169922,0.2927825152873993,25.0,18.63127899169922,0.4159349203109741,44.79373550415039,72.0,6.988928318023682,0.008050013333559036,29.947315216064453,0.15000000596046448,211.1927490234375,0.0,0.0,0.04573478177189827
514,31.252363204956055,-89.55261993408203,10324.845703125,-10.607298851013184,0.2927771806716919,25.0,18.708110809326172,0.4176587462425232,44.792816162109375,72.0,6.939398765563965,0.008037615567445755,30.071430206298828,0.15000000596046448,211.19000244140625,0.0,0.0,0.0
515,31.254379272460938,-89.54019927978516,10300.7158203125,-10.59388256072998,0.2927718758583069,25.0,18.763254165649414,0.41889840364456177,44.79189682006836,72.0,6.903992176055908,0.008030186407268047,30.16068458557129,0.15000000596046448,211.187255859375,0.0,0.0,5.023122787475586
516,31.256397247314453,-89.52778625488281,10276.5859375,-10.585819244384766,0.29276660084724426,25.0,18.796316146850586,0.42555564641952515,44.168880462646484,71.0,6.717994689941406,0.008027739822864532,30.21445083618164,0.0,211.1844940185547,0.0,0.0,0.04634726420044899
517,31.258426666259766,-89.51527404785156,10251.4404296875,-10.58315658569336,0.2927613854408264,25.0,18.929107666015625,0.4198920428752899,45.08089065551758,72.0,6.92024040222168,0.008030319586396217,30.232227325439453,0.15000000596046448,212.55299377441406,0.0,0.0,0.0
518,31.260459899902344,-89.50273895263672,10226.0400390625,-10.585916519165039,0.2927561402320862,25.0,18.929014205932617,0.4196361005306244,45.1081657409668,72.0,6.931706428527832,0.008037957362830639,30.21380043029785,0.15000000596046448,212.6831512451172,0.0,0.0,4.987981796264648
519,31.262493133544922,-89.49020385742188,10200.6396484375,-10.594137191772461,0.29275092482566833,25.0,18.871082305908203,0.4188748896121979,45.05183792114258,72.0,6.944729804992676,0.008050617761909962,30.15899085998535,0.15000000596046448,212.4191436767578,0.0,0.0,0.0
520,31.2645263671875,-89.47767639160156,10175.240234375,-10.607769012451172,0.2927457392215729,25.0,18.790876388549805,0.4176153838634491,44.99564743041992,72.0,6.97206449508667,0.008068258874118328,30.068307876586914,0.15000000596046448,212.15576171875,0.0,0.0,5.000483512878418
521,31.266559600830078,-89.46514129638672,10149.83984375,-10.626741409301758,0.2927405834197998,25.0,18.688961029052734,0.41586846113204956,44.939598083496094,72.0,7.01360559463501,0.008090830408036709,29.942529678344727,0.15000000596046448,211.8930206298828,0.0,0.0,0.007194948382675648
522,31.268592834472656,-89.45260620117188,10124.4404296875,-10.65096664428711,0.2927354872226715,25.0,18.56605339050293,0.41364815831184387,44.88368225097656,72.0,7.069247245788574,0.008118273690342903,29.78266716003418,0.15000000596046448,211.6309051513672,0.0,0.0,0.0
523,31.270612716674805,-89.44007110595703,10110.2158203125,-10.680259704589844,0.2927304208278656,25.0,18.405662536621094,0.4109784960746765,44.784976959228516,72.0,7.131845474243164,0.008150417357683182,29.590450286865234,0.15000000596046448,211.16700744628906,0.0,0.0,5.023891448974609
524,31.27263069152832,-89.42754364013672,10098.7861328125,-10.714522361755371,0.29272541403770447,25.0,18.22640609741211,0.4078768491744995,44.68605041503906,72.0,7.207961082458496,0.008187228813767433,29.36713409423828,0.15000000596046448,210.70205688476562,0.0,0.0,0.0587746798992157
525,31.274646759033203,-89.41500854492188,10087.3564453125,-10.753622055053711,0.2927204370498657,25.0,18.03064727783203,0.40436485409736633,44.59004592895508,72.0,7.297974586486816,0.008228634484112263,29.114269256591797,0.15000000596046448,210.2508544921875,0.0,0.0,0.0
526,31.276662826538086,-89.40247344970703,10075.92578125,-10.797395706176758,0.29271551966667175,25.0,17.818580627441406,0.40046748518943787,44.494449615478516,72.0,7.4013142585754395,0.008274532854557037,28.83365821838379,0.15000000596046448,209.8015594482422,0.0,0.0,5.0561723709106445
527,31.2786808013916,-89.38993835449219,10064.49609375,-10.845667839050293,0.29271066188812256,25.0,17.59149169921875,0.3962113857269287,44.39925765991211,72.0,7.517807483673096,0.008324822410941124,28.527219772338867,0.15000000596046448,209.35414123535156,0.0,0.0,0.12292129546403885
528,31.280696868896484,-89.37740325927734,10053.06640625,-10.898255348205566,0.29270583391189575,25.0,17.350709915161133,0.3916243612766266,44.30447006225586,72.0,7.64728307723999,0.008379394188523293,28.19695281982422,0.15000000596046448,208.9086151123047,0.0,0.0,0.0
529,31.282779693603516,-89.36444854736328,10051.7958984375,-10.954927444458008,0.2927011251449585,25.0,17.721933364868164,0.3867381811141968,45.82411193847656,72.0,8.073845863342285,0.00844029150903225,27.84514808654785,0.15000000596046448,216.07562255859375,0.0,0.0,4.9084320068359375
530,31.284879684448242,-89.35137939453125,10053.06640625,-11.017769813537598,0.2926962375640869,25.0,17.636106491088867,0.38138848543167114,46.24184036254883,72.0,8.3337984085083,0.00850629061460495,27.459972381591797,0.15000000596046448,218.04684448242188,0.0,0.0,0.0
531,31.28697967529297,-89.33831024169922,10054.3359375,-11.085380554199219,0.29269134998321533,25.0,17.389041900634766,0.4031490385532379,43.13303756713867,67.0999984741211,7.613384246826172,0.00857683178037405,27.051301956176758,0.10000000149011612,218.24169921875,0.0,0.0,4.857461929321289
532,31.289079666137695,-89.32524871826172,10055.6064453125,-11.15707015991211,0.29268649220466614,25.0,17.129796981811523,0.39678651094436646,43.17131805419922,67.0999984741211,7.82486629486084,0.00865181814879179,26.624374389648438,0.10000000149011612,218.43687438964844,0.0,0.0,0.0
533,31.291179656982422,-89.31217956542969,10056.8759765625,0.7739225029945374,0.2926816940307617,26.0,43.20966720581055,1.0,43.20966720581055,67.0999984741211,0.0,0.008731150068342686,283.5662536621094,0.10000000149011612,218.63241577148438,2.0,9.848325729370117,0.0
534,31.29327964782715,-89.29911041259766,10058.146484375,-11.311875343322754,0.2926769554615021,26.0,16.580270767211914,0.3833758234977722,43.24808883666992,67.0999984741211,8.293354034423828,0.008814722299575806,25.724517822265625,0.10000000149011612,218.82827758789062,0.0,4.692070960998535,0.0
535,31.295272827148438,-89.28665924072266,10058.400390625,-11.39455795288086,0.29267215728759766,26.0,15.5145902633667,0.37639331817626953,41.219093322753906,67.0999984741211,8.142068862915039,0.008898160420358181,25.255990982055664,0.10000000149011612,208.56329345703125,0.0,0.0,0.0
536,31.297239303588867,-89.27436065673828,10058.400390625,-11.476347923278809,0.2926676869392395,26.0,15.04643726348877,0.3696070611476898,40.70928192138672,67.0999984741211,8.278124809265137,0.00898408517241478,24.800634384155273,0.10000000149011612,205.98501586914062,0.0,0.0,5.146434307098389
537,31.299205780029297,-89.2620620727539,10058.400390625,-11.559784889221191,0.2926633656024933,26.0,14.769272804260254,0.36280596256256104,40.708465576171875,67.0999984741211,8.524118423461914,0.009073403663933277,24.34427833557129,0.10000000149011612,205.98214721679688,0.0,0.0,5.14653205871582
538,31.30117416381836,-89.24976348876953,10058.400390625,-11.645678520202637,0.29265907406806946,26.0,14.489115715026855,0.35593104362487793,40.707645416259766,67.0999984741211,8.782334327697754,0.009166019037365913,23.882972717285156,0.10000000149011612,205.97926330566406,0.0,0.0,5.146629333496094
539,31.30314064025879,-89.23745727539062,10058.400390625,-11.733854293823242,0.292654812335968,26.0,14.206870079040527,0.3490045964717865,40.70682907104492,67.0999984741211,9.05277156829834,0.009261829778552055,23.4182071685791,0.10000000149011612,205.97637939453125,0.0,0.0,5.146726608276367
540,31.30510711669922,-89.22515869140625,10058.400390625,-11.824143409729004,0.29265064001083374,26.0,13.923386573791504,0.34204742312431335,40.70601272583008,67.0999984741211,9.335430145263672,0.009360740892589092,22.95138168334961,0.10000000149011612,205.9734649658203,0.0,0.0,0.29355061054229736
541,31.307140350341797,-89.21259307861328,10058.400390625,-11.91637897491455,0.29264652729034424,26.0,13.940774917602539,0.33507898449897766,41.60444641113281,67.0999984741211,9.843059539794922,0.009464927949011326,22.48379898071289,0.10000000149011612,210.52076721191406,0.0,0.0,5.039708614349365
542,31.30919075012207,-89.19995880126953,10058.400390625,-12.012489318847656,0.29264235496520996,26.0,13.71822738647461,0.32796427607536316,41.82841873168945,67.0999984741211,10.218914031982422,0.00957273505628109,22.00640296936035,0.10000000149011612,211.65533447265625,0.0,0.0,0.05271347984671593
543,31.31123924255371,-89.18732452392578,10058.400390625,-12.110832214355469,0.29263824224472046,26.0,13.419783592224121,0.32083603739738464,41.827545166015625,67.0999984741211,10.556534767150879,0.00968350563198328,21.52809715270996,0.10000000149011612,211.6521453857422,0.0,0.0,0.0
544,31.313289642333984,-89.17469024658203,10058.400390625,-12.210733413696289,0.29263415932655334,26.0,13.123068809509277,0.3390103876590729,38.709930419921875,62.099998474121094,9.723047256469727,0.009797140955924988,21.05254554748535,0.0,211.64895629882812,0.0,0.0,5.013213634490967
545,31.315340042114258,-89.16206359863281,10058.400390625,-12.312039375305176,0.292630136013031,26.0,12.828697204589844,0.28544706106185913,44.942474365234375,72.0999984741211,12.48304557800293,0.009913542307913303,20.580732345581055,0.10000000149011612,211.64572143554688,0.0,0.0,0.026531221345067024
546,31.31739044189453,-89.14942932128906,10058.400390625,-12.41460132598877,0.29262617230415344,26.0,12.53721809387207,0.2789672911167145,44.94153594970703,72.0999984741211,12.888557434082031,0.010032612830400467,20.113540649414062,0.10000000149011612,211.64248657226562,0.0,0.0,5.013422012329102
547,31.319427490234375,-89.1365966796875,10058.400390625,-12.51830005645752,0.29262229800224304,26.0,12.430625915527344,0.272561252117157,45.606727600097656,72.0999984741211,13.505663871765137,0.010156103409826756,19.65166664123535,0.10000000149011612,214.77622985839844,0.0,0.0,0.0
548,31.321460723876953,-89.12371063232422,10058.400390625,3.193103790283203,0.29231756925582886,27.0,45.76125717163086,1.0,45.76125717163086,72.0999984741211,0.0,0.008062124252319336,339.68756103515625,0.10000000149011612,215.59681701660156,5.0,9.922468185424805,0.0
549,31.32349395751953,-89.11082458496094,10058.400390625,-10.620079040527344,0.2923111915588379,27.0,19.02609634399414,0.4159034490585327,45.74642562866211,72.0999984741211,7.128596305847168,0.00804001372307539,29.98663902282715,0.10000000149011612,215.5288848876953,0.0,4.84658145904541,0.0
550,31.32552719116211,-89.09794616699219,10058.400390625,-10.596199035644531,0.2923048734664917,27.0,19.120542526245117,0.4181034564971924,45.731605529785156,72.0999984741211,7.062089443206787,0.008023038506507874,30.1452579498291,0.10000000149011612,215.4609832763672,0.0,0.0,0.0
551,31.327560424804688,-89.0850601196289,10058.400390625,-10.577813148498535,0.2922985553741455,27.0,19.19213104248047,0.4198048412799835,45.716793060302734,72.0999984741211,7.010631084442139,0.008011228404939175,30.267929077148438,0.10000000149011612,215.39309692382812,0.0,0.0,4.927401542663574
552,31.329593658447266,-89.07217407226562,10058.400390625,-10.564987182617188,0.2922922968864441,27.0,19.240337371826172,0.4209956228733063,45.701988220214844,72.0999984741211,6.974194526672363,0.008004601113498211,30.353784561157227,0.10000000149011612,215.32525634765625,0.0,0.0,4.929044246673584
553,31.331586837768555,-89.05961608886719,10045.1923828125,-10.557832717895508,0.29228606820106506,27.0,18.802961349487305,0.42166128754615784,44.59257125854492,72.0999984741211,6.786342144012451,0.008003225550055504,30.401779174804688,0.10000000149011612,210.10008239746094,0.0,0.0,0.0
554,31.33357048034668,-89.04712677001953,10028.681640625,-10.556324005126953,0.29228001832962036,28.0,18.70125389099121,0.42180177569389343,44.33659362792969,72.0999984741211,6.743499755859375,0.008006781339645386,30.411909103393555,0.10000000149011612,208.89581298828125,2.0,10.080544471740723,0.0
555,31.335554122924805,-89.0346450805664,10012.171875,-10.560150146484375,0.2922740578651428,28.0,18.696426391601562,0.4214456081390381,44.36260986328125,72.0999984741211,6.757319927215576,0.008015226572751999,30.386228561401367,0.10000000149011612,209.02015686035156,0.0,5.158202171325684,0.0
556,31.337535858154297,-89.02216339111328,9995.662109375,-10.569271087646484,0.29226812720298767,28.0,18.66975975036621,0.42059752345085144,44.38865661621094,72.0999984741211,6.784852027893066,0.008028552867472172,30.32508087158203,0.10000000149011612,209.14463806152344,0.0,0.2329697459936142,0.0
557,31.339519500732422,-89.00968170166016,9979.15234375,-10.58366584777832,0.2922622263431549,28.0,18.621435165405273,0.41926249861717224,44.414737701416016,72.0999984741211,6.826147556304932,0.00804674718528986,30.22882652282715,0.10000000149011612,209.26927185058594,0.0,0.0,0.0
558,31.341503143310547,-88.99720001220703,9962.6416015625,-10.603290557861328,0.2922563850879669,28.0,18.551786422729492,0.4174489378929138,44.44084930419922,72.0999984741211,6.881256103515625,0.008069785311818123,30.098068237304688,0.10000000149011612,209.39402770996094,0.0,0.0,5.068976402282715
559,31.34351348876953,-88.98440551757812,9942.068359375,-10.628138542175293,0.2922505736351013,28.0,18.88483428955078,0.41516345739364624,45.48770523071289,72.0999984741211,7.109910488128662,0.008098358288407326,29.933286666870117,0.10000000149011612,214.32830810546875,0.0,0.0,0.02179674617946148
560,31.345529556274414,-88.97154235839844,9920.4775390625,-10.658811569213867,0.29224467277526855,28.0,18.850488662719727,0.4123587906360626,45.713802337646484,72.0999984741211,7.2283477783203125,0.00813208892941475,29.731069564819336,0.10000000149011612,215.3954315185547,0.0,0.0,4.927733421325684
561,31.34754753112793,-88.95867156982422,9898.8876953125,-10.694872856140137,0.2922387719154358,28.0,18.683412551879883,0.40965285897254944,45.607913970947266,72.0,7.302795886993408,0.00817074067890644,29.495006561279297,0.0,215.19676208496094,0.0,0.0,0.0
562,31.349563598632812,-88.94580841064453,9877.2978515625,-2.3719136714935303,0.2922329008579254,29.0,46.19835662841797,1.0,46.19835662841797,73.0,0.0,0.008214231580495834,164.7924041748047,0.15000000596046448,214.99842834472656,2.0,9.937166213989258,0.0
563,31.351579666137695,-88.93293762207031,9855.7080078125,-10.782086372375488,0.2922271192073822,29.0,18.29241371154785,0.39632195234298706,46.15543746948242,73.0,7.704549312591553,0.008262472227215767,28.931503295898438,0.15000000596046448,214.80044555664062,0.0,4.879035949707031,0.0
564,31.353595733642578,-88.92007446289062,9834.1181640625,-10.832904815673828,0.2922213673591614,29.0,18.071043014526367,0.3918895125389099,46.11259460449219,73.0,7.841615676879883,0.008315365761518478,28.607934951782227,0.15000000596046448,214.60279846191406,0.0,0.0,0.0
565,31.355587005615234,-88.90741729736328,9809.48046875,-10.888297080993652,0.29221564531326294,29.0,17.548934936523438,0.38711246848106384,45.332908630371094,73.0,7.865463733673096,0.008371876552700996,28.25921058654785,0.15000000596046448,210.97593688964844,0.0,0.0,5.032010078430176
566,31.35757064819336,-88.89482116699219,9784.080078125,-10.947087287902832,0.29221010208129883,29.0,17.2437801361084,0.3821036219596863,45.1285400390625,73.0,7.9974751472473145,0.008432471193373203,27.893564224243164,0.15000000596046448,210.02647399902344,0.0,0.0,0.08641640841960907
567,31.35955238342285,-88.88221740722656,9758.6796875,-11.009687423706055,0.2922046184539795,29.0,17.000694274902344,0.37683865427970886,45.11398696899414,73.0,8.175670623779297,0.008497276343405247,27.50922203063965,0.15000000596046448,209.96035766601562,0.0,0.0,0.0
568,31.361536026000977,-88.86962127685547,9733.2802734375,-11.07614517211914,0.29219919443130493,29.0,16.746583938598633,0.3713257610797882,45.09944152832031,73.0,8.367753982543945,0.008566192351281643,27.106779098510742,0.15000000596046448,209.89427185058594,0.0,0.0,5.057595729827881
569,31.3635196685791,-88.85701751708984,9707.8798828125,-11.14626693725586,0.29219383001327515,29.0,16.482728958129883,0.3655930757522583,45.084903717041016,73.0,8.573698997497559,0.008639117702841759,26.68829345703125,0.15000000596046448,209.8282012939453,0.0,0.0,0.11678411066532135
570,31.365503311157227,-88.84442138671875,9682.48046875,-11.21985912322998,0.29218852519989014,29.0,16.210391998291016,0.35966846346855164,45.07037353515625,73.0,8.79348087310791,0.008715947158634663,26.25579833984375,0.15000000596046448,209.7621612548828,0.0,0.0,5.060781002044678
571,31.367446899414062,-88.83197021484375,9657.080078125,-11.296723365783691,0.2921832501888275,29.0,15.725784301757812,0.35357922315597534,44.47598648071289,73.0,8.910894393920898,0.008795520290732384,25.811283111572266,0.15000000596046448,206.9973602294922,0.0,0.0,5.125919342041016
572,31.369380950927734,-88.81954956054688,9631.6796875,-11.375625610351562,0.29217809438705444,29.0,15.382296562194824,0.36757299304008484,41.8482780456543,69.0,8.348054885864258,0.008878336288034916,25.362537384033203,0.15000000596046448,206.0600128173828,0.0,0.0,5.148025989532471
573,31.371313095092773,-88.80713653564453,9606.2802734375,-11.456992149353027,0.29217302799224854,29.0,15.083415031433105,0.3609807789325714,41.78453826904297,69.0,8.576031684875488,0.00896451249718666,24.907672882080078,0.15000000596046448,205.7476348876953,0.0,0.0,5.155416011810303
574,31.373247146606445,-88.79471588134766,9580.8798828125,-11.54085922241211,0.2921680510044098,29.0,14.781973838806152,0.3543054461479187,41.72098922729492,69.0,8.815457344055176,0.009053935296833515,24.44707489013672,0.15000000596046448,205.43617248535156,0.0,0.0,5.162783622741699
575,31.375179290771484,-88.78230285644531,9555.48046875,-11.627038955688477,0.29216310381889343,29.0,14.478959083557129,0.34757035970687866,41.65763473510742,69.0,9.066224098205566,0.009146490134298801,23.98235511779785,0.15000000596046448,205.12564086914062,0.0,0.0,5.170129299163818
576,31.377113342285156,-88.76988220214844,9530.080078125,-11.715348243713379,0.29215824604034424,29.0,14.175286293029785,0.34079742431640625,41.59446716308594,69.0,9.328226089477539,0.00924206618219614,23.51502227783203,0.15000000596046448,204.81600952148438,0.0,0.0,5.17745304107666
577,31.379140853881836,-88.75688171386719,9514.83984375,-11.80556583404541,0.29215356707572937,29.0,14.527806282043457,0.3340100347995758,43.495121002197266,69.0,10.05517578125,0.009345217607915401,23.04669189453125,0.15000000596046448,214.1764678955078,0.0,0.0,0.1345403641462326
578,31.381189346313477,-88.74372863769531,9502.1396484375,-11.90192985534668,0.2921486496925354,29.0,14.35749340057373,0.30899226665496826,46.465545654296875,73.0,11.387633323669434,0.009452647529542446,22.556434631347656,0.15000000596046448,216.26760864257812,0.0,0.0,4.907885551452637
579,31.38323974609375,-88.73058319091797,9489.4404296875,-12.001179695129395,0.29214370250701904,29.0,14.021605491638184,0.30222010612487793,46.39534378051758,73.0,11.739148139953613,0.009563101455569267,22.06206703186035,0.15000000596046448,215.94236755371094,0.0,0.0,0.0
580,31.385290145874023,-88.7174301147461,9476.740234375,-3.741962432861328,0.2918063700199127,30.0,46.325347900390625,1.0,46.325347900390625,73.0,0.0,0.008223261684179306,127.10150146484375,0.15000000596046448,215.71934509277344,5.0,9.923249244689941,0.0
581,31.387340545654297,-88.70427703857422,9464.0400390625,-10.791982650756836,0.2917989492416382,30.0,18.291994094848633,0.3954550325870514,46.25556182861328,73.0,7.749302387237549,0.008177105337381363,28.86821746826172,0.15000000596046448,215.39663696289062,0.0,4.854146957397461,0.0
582,31.38939094543457,-88.69113159179688,9451.33984375,-10.743074417114258,0.29179155826568604,30.0,18.463180541992188,0.3997572362422943,46.18598556518555,73.0,7.59990119934082,0.008135848678648472,29.18227767944336,0.15000000596046448,215.0748748779297,0.0,0.0,0.0
583,31.39146614074707,-88.67774200439453,9448.7998046875,-10.69906997680664,0.29178425669670105,30.0,18.98836326599121,0.4150373041629791,45.750980377197266,71.0,7.265626907348633,0.008098797872662544,29.467649459838867,0.0,219.05284118652344,0.0,0.0,4.844959735870361
584,31.393550872802734,-88.66429138183594,9448.7998046875,-10.659388542175293,0.2917768061161041,30.0,19.25746726989746,0.4186941087245941,45.994117736816406,71.0,7.1951823234558105,0.008066726848483086,29.72728157043457,0.0,220.21926879882812,0.0,0.0,0.0
585,31.395633697509766,-88.65084075927734,9448.7998046875,1.1284793615341187,0.2917693853378296,31.0,46.682525634765625,1.0,46.682525634765625,72.0,0.0,0.008039905689656734,299.8945617675781,0.15000000596046448,220.4132843017578,2.0,9.813053131103516,0.0
586,31.397716522216797,-88.63739013671875,9448.7998046875,-10.59594440460205,0.29176199436187744,31.0,19.56336212158203,0.41870763897895813,46.723201751708984,72.0,7.207319736480713,0.008018401451408863,30.14695167541504,0.15000000596046448,220.60763549804688,0.0,4.621585845947266,0.0
587,31.399799346923828,-88.62393951416016,9448.7998046875,-10.572652816772461,0.2917546331882477,31.0,19.681413650512695,0.4208672344684601,46.763946533203125,72.0,7.149927616119385,0.008002272807061672,30.30244255065918,0.15000000596046448,220.8023223876953,0.0,0.0,0.0
588,31.401884078979492,-88.61048889160156,9448.7998046875,-10.555133819580078,0.2917473316192627,31.0,19.774953842163086,0.4224987030029297,46.80476760864258,72.0,7.108454704284668,0.007991566322743893,30.419906616210938,0.15000000596046448,220.99734497070312,0.0,0.0,4.7994704246521
589,31.40382194519043,-88.59791564941406,9448.7998046875,-10.543405532836914,0.29173997044563293,31.0,18.543733596801758,0.423594206571579,43.77711868286133,72.0,6.618856906890869,0.007986495271325111,30.498783111572266,0.15000000596046448,206.70388793945312,0.0,0.0,5.135875701904297
590,31.405725479125977,-88.58556365966797,9448.7998046875,-10.537847518920898,0.29173317551612854,31.0,18.25259017944336,0.4241143465042114,43.03695297241211,72.0,6.49310302734375,0.007986178621649742,30.53623390197754,0.15000000596046448,203.21096801757812,0.0,0.0,0.35399192571640015
591,31.407629013061523,-88.57320404052734,9448.7998046875,-10.53747272491455,0.29172655940055847,31.0,18.264291763305664,0.42414939403533936,43.06098556518555,72.0,6.495797157287598,0.007990493439137936,30.538755416870117,0.15000000596046448,203.32635498046875,0.0,0.0,5.2154459953308105
592,31.40953254699707,-88.56085205078125,9448.7998046875,-10.542135238647461,0.2917199730873108,31.0,18.255695343017578,0.42371299862861633,43.08504867553711,72.0,6.511051177978516,0.00799944344907999,30.50733757019043,0.15000000596046448,203.44186401367188,0.0,0.0,0.4282182455062866
593,31.411436080932617,-88.54850006103516,9448.7998046875,-10.551827430725098,0.2917134463787079,31.0,18.226858139038086,0.4228072762489319,43.10913848876953,72.0,6.538908004760742,0.00801301933825016,30.442123413085938,0.15000000596046448,203.5574951171875,0.0,0.0,0.0
594,31.413339614868164,-88.53614044189453,9448.7998046875,-10.566523551940918,0.291706919670105,31.0,18.17796516418457,0.4214373528957367,43.13325500488281,72.0,6.579412460327148,0.008031206205487251,30.343488693237305,0.15000000596046448,203.67323303222656,0.0,0.0,5.20741605758667
595,31.41533088684082,-88.52317810058594,9448.7998046875,-10.586220741271973,0.291700541973114,31.0,18.987403869628906,0.419607937335968,45.25034713745117,72.0,6.954360485076904,0.008055203594267368,30.21177101135254,0.15000000596046448,213.67198181152344,0.0,0.0,0.17959976196289062
596,31.41737937927246,-88.50981140136719,9448.7998046875,-10.612123489379883,0.2916938364505768,31.0,19.46131134033203,0.4172137677669525,46.645896911621094,72.0,7.23971700668335,0.008085165172815323,30.039392471313477,0.15000000596046448,220.26385498046875,0.0,0.0,0.0
597,31.419429779052734,-88.49644470214844,9448.7998046875,-10.644331932067871,0.2916869521141052,31.0,19.317115783691406,0.4142550528049469,46.6309700012207,72.0,7.326097011566162,0.008120359852910042,29.826364517211914,0.15000000596046448,220.19549560546875,0.0,0.0,4.818780899047852
598,31.421480178833008,-88.48307800292969,9448.7998046875,-10.682021141052246,0.29168012738227844,31.0,19.150732040405273,0.4108184278011322,46.616050720214844,72.0,7.428347110748291,0.008160717785358429,29.57892608642578,0.15000000596046448,220.12716674804688,0.0,0.0,0.0
599,31.42353057861328,-88.46971130371094,9448.7998046875,-10.725043296813965,0.29167336225509644,31.0,18.963356018066406,0.40692901611328125,46.601139068603516,72.0,7.546438217163086,0.008206156082451344,29.29888916015625,0.15000000596046448,220.05885314941406,0.0,0.0,4.82209587097168
600,31.425579071044922,-88.45634460449219,9448.7998046875,-10.773231506347656,0.2916666567325592,31.0,18.756290435791016,0.40261441469192505,46.58623504638672,72.0,7.680341720581055,0.008256587199866772,28.988237380981445,0.15000000596046448,219.99057006835938,0.0,0.0,0.0
601,31.427534103393555,-88.44365692138672,9448.7998046875,2.991882562637329,0.2916598916053772,32.0,44.181182861328125,1.0,44.181182861328125,72.0,0.0,0.00830895733088255,340.00323486328125,0.15000000596046448,208.63534545898438,2.0,10.09097957611084,0.0
602,31.429424285888672,-88.43142700195312,9448.7998046875,-10.881240844726562,0.291653573513031,32.0,16.725692749023438,0.39310285449028015,42.54787826538086,72.0,7.298679828643799,0.008363492786884308,28.30340576171875,0.15000000596046448,200.92425537109375,0.0,5.363437652587891,0.0
603,31.431316375732422,-88.419189453125,9448.7998046875,-10.938031196594238,0.29164761304855347,32.0,16.49324607849121,0.3881887197494507,42.48769760131836,72.0,7.440382480621338,0.008421889506280422,27.949588775634766,0.15000000596046448,200.64175415039062,0.0,0.6425821781158447,0.0
604,31.43320655822754,-88.4069595336914,9448.7998046875,-10.99843692779541,0.2916417121887207,32.0,16.25093650817871,0.38302668929100037,42.42768859863281,72.0,7.593538284301758,0.008484049700200558,27.577922821044922,0.15000000596046448,200.3600311279297,0.0,0.0,0.0
605,31.435096740722656,-88.39472198486328,9448.7998046875,-11.062278747558594,0.2916358411312103,32.0,15.999906539916992,0.4248480498790741,37.66030502319336,64.0,6.372982978820801,0.00854987557977438,27.190275192260742,0.15000000596046448,200.07907104492188,0.0,0.0,5.29246187210083
606,31.436986923217773,-88.38248443603516,9448.7998046875,-11.129380226135254,0.2916300594806671,32.0,15.741281509399414,0.4464750289916992,35.25680160522461,60.0,5.828028678894043,0.008619265630841255,26.788501739501953,0.15000000596046448,199.7988739013672,0.0,0.0,5.299093246459961
607,31.438899993896484,-88.37007141113281,9448.7998046875,-11.199565887451172,0.29162436723709106,32.0,15.704545021057129,0.4395729899406433,35.72682189941406,60.0,6.0732502937316895,0.008693221025168896,26.374378204345703,0.15000000596046448,202.4640655517578,0.0,0.0,5.236423969268799
608,31.440900802612305,-88.35694122314453,9448.7998046875,-11.27376937866211,0.2916187345981598,32.0,16.326900482177734,0.43238767981529236,37.75986862182617,60.0,6.609182357788086,0.00877527054399252,25.943260192871094,0.15000000596046448,213.987060546875,0.0,0.0,4.965351104736328
609,31.442899703979492,-88.34380340576172,9448.7998046875,-11.35533332824707,0.29161274433135986,32.0,16.023799896240234,0.4246204197406769,37.73676300048828,60.0,6.817999362945557,0.008861145935952663,25.477224349975586,0.15000000596046448,213.85794067382812,0.0,0.0,4.96843147277832
610,31.444900512695312,-88.33067321777344,9448.7998046875,-11.439888000488281,0.2916068136692047,32.0,15.715688705444336,0.4167104661464691,37.713687896728516,60.0,7.038619518280029,0.008950727991759777,25.002628326416016,0.15000000596046448,213.7289581298828,0.0,0.0,4.971508502960205
611,31.4468994140625,-88.31754302978516,9448.7998046875,-11.527227401733398,0.2916009724140167,32.0,15.403772354125977,0.40868961811065674,37.69063949584961,60.0,7.270999431610107,0.009043899364769459,24.521377563476562,0.15000000596046448,213.60009765625,0.0,0.0,4.974581718444824
612,31.44890022277832,-88.30440521240234,9448.7998046875,-11.617144584655762,0.2915951907634735,32.0,15.089189529418945,0.40058785676956177,37.66761779785156,60.0,7.515097618103027,0.009140542708337307,24.0352725982666,0.15000000596046448,213.4713592529297,0.0,0.0,4.977651119232178
613,31.450912475585938,-88.29116821289062,9449.0537109375,-11.709443092346191,0.29158952832221985,32.0,14.894083976745605,0.3924332559108734,37.953163146972656,60.0,7.834566116333008,0.00924137607216835,23.545995712280273,0.15000000596046448,215.0913543701172,0.0,0.0,4.939578056335449
614,31.452980041503906,-88.27749633789062,9450.32421875,-11.80471134185791,0.29158392548561096,32.0,15.048048973083496,0.38418474793434143,39.16878128051758,60.0,8.371227264404297,0.009348956868052483,23.051084518432617,0.15000000596046448,221.98236083984375,0.0,0.0,0.0
615,31.455047607421875,-88.26383209228516,9451.59375,-11.905213356018066,0.29157817363739014,32.0,14.714035034179688,0.37566518783569336,39.16794967651367,60.0,8.679328918457031,0.00945999100804329,22.5399112701416,0.15000000596046448,221.97943115234375,0.0,0.0,4.777606964111328
616,31.45711326599121,-88.25016784667969,9452.8642578125,-12.007737159729004,0.2915724813938141,32.0,14.38071346282959,0.36716294288635254,39.1671142578125,60.0,9.001054763793945,0.009574358351528645,22.029775619506836,0.15000000596046448,221.9764862060547,0.0,0.0,0.0
617,31.45918083190918,-88.23650360107422,9454.1337890625,-12.112090110778809,0.2915669083595276,32.0,14.04897403717041,0.3587007224559784,39.166282653808594,60.0,9.33640193939209,0.009691942483186722,21.522043228149414,0.15000000596046448,221.97352600097656,0.0,0.0,4.777829170227051
618,31.461246490478516,-88.22283172607422,9455.404296875,-12.218088150024414,0.29156139492988586,32.0,13.719619750976562,0.35029906034469604,39.16544723510742,60.0,9.685373306274414,0.009812626987695694,21.0179443359375,0.15000000596046448,221.97052001953125,0.0,0.0,0.0
619,31.46328353881836,-88.20936584472656,9456.419921875,1.4041683673858643,0.29117318987846375,33.0,38.60088348388672,1.0,38.60088348388672,60.0,0.0,0.00810680165886879,312.9994201660156,0.15000000596046448,218.89073181152344,5.0,9.853215217590332,0.0
620,31.465200424194336,-88.1966781616211,9456.419921875,-10.667716026306152,0.2911647856235504,33.0,17.974281311035156,0.49454355239868164,36.345191955566406,60.0,4.952960968017578,0.008073302917182446,29.6726131439209,0.15000000596046448,206.10202026367188,0.0,5.007189750671387,0.0
621,31.467117309570312,-88.18399810791016,9456.419921875,-10.631729125976562,0.29115697741508484,33.0,18.117448806762695,0.5156819224357605,35.132991790771484,58.0,4.5512003898620605,0.00804438441991806,29.909549713134766,0.0,206.1002197265625,0.0,0.1612596958875656,0.0
622,31.46903419494629,-88.17131042480469,9456.419921875,-10.600537300109863,0.29114919900894165,33.0,18.242374420166016,0.510447084903717,35.73802947998047,59.0,4.647479057312012,0.008020095527172089,30.116378784179688,0.0,206.09841918945312,0.0,0.0,0.0
623,31.470949172973633,-88.15863037109375,9456.419921875,-10.574248313903809,0.29114148020744324,33.0,18.348247528076172,0.5134197473526001,35.73732376098633,59.0,4.5924224853515625,0.008000478148460388,30.291767120361328,0.0,206.09658813476562,0.0,0.0,5.154261112213135
624,31.47286605834961,-88.14595031738281,9456.419921875,-10.552952766418457,0.2911337912082672,33.0,18.434375762939453,0.5072426795959473,36.342323303222656,60.0,4.707265853881836,0.007985568605363369,30.434558868408203,0.15000000596046448,206.09475708007812,0.0,0.0,0.30861830711364746
625,31.474790573120117,-88.13320922851562,9456.419921875,-10.536727905273438,0.2911261320114136,33.0,18.583040237426758,0.5930830836296082,31.332944869995117,51.5,3.3394436836242676,0.007975357584655285,30.543779373168945,0.15000000596046448,207.01612854003906,0.0,0.0,5.132746696472168
626,31.476743698120117,-88.1202392578125,9456.419921875,-10.525601387023926,0.2911185324192047,33.0,18.960681915283203,0.5945417881011963,31.891252517700195,51.5,3.3784544467926025,0.007969888858497143,30.6189022064209,0.15000000596046448,210.70712280273438,0.0,0.0,0.17876547574996948
627,31.478696823120117,-88.10726928710938,9456.419921875,-10.519614219665527,0.2911108136177063,33.0,18.985376358032227,0.5953280925750732,31.890609741210938,51.5,3.3673808574676514,0.00796939805150032,30.65939712524414,0.15000000596046448,210.70516967773438,0.0,0.0,0.0
628,31.480649948120117,-88.09429931640625,9456.419921875,-10.519048690795898,0.29110315442085266,33.0,18.987361907958984,0.5954023599624634,31.889968872070312,51.5,3.3662755489349365,0.007973887026309967,30.66322135925293,0.15000000596046448,210.7032012939453,0.0,0.0,5.046218395233154
629,31.482603073120117,-88.08132934570312,9456.419921875,-10.523908615112305,0.2910955250263214,33.0,18.96662139892578,0.5947639346122742,31.889326095581055,51.5,3.375138282775879,0.007983347401022911,30.630342483520508,0.15000000596046448,210.70123291015625,0.0,0.0,0.09253683686256409
630,31.484556198120117,-88.068359375,9456.419921875,-10.534175872802734,0.29108795523643494,33.0,18.923297882080078,0.5934173464775085,31.888683319091797,51.5,3.3939695358276367,0.007997761480510235,30.560993194580078,0.15000000596046448,210.69923400878906,0.0,0.0,0.0
631,31.486509323120117,-88.0553970336914,9456.419921875,-10.549812316894531,0.29108044505119324,33.0,18.857702255249023,0.5913721919059753,31.88804054260254,51.5,3.4227688312530518,0.008017104119062424,30.455669403076172,0.15000000596046448,210.6972198486328,0.0,0.0,5.046517848968506
632,31.488513946533203,-88.04203796386719,9456.419921875,-10.570778846740723,0.2910730242729187,33.0,19.33450698852539,0.5886405110359192,32.84603500366211,51.5,3.5656368732452393,0.00804214272648096,30.314985275268555,0.15000000596046448,217.0293426513672,0.0,0.0,0.0
633,31.490530014038086,-88.0285873413086,9456.419921875,-1.6052316427230835,0.29106539487838745,34.0,33.10078430175781,1.0,33.10078430175781,51.5,0.0,0.008072580210864544,189.46875,0.15000000596046448,218.71495056152344,2.0,9.85813045501709,0.0
634,31.49254608154297,-88.01513671875,9456.419921875,-10.630609512329102,0.2910577654838562,34.0,19.239593505859375,0.5809116363525391,33.11965560913086,51.5,3.711625337600708,0.008108205161988735,29.916948318481445,0.15000000596046448,218.8419952392578,0.0,4.713329315185547,0.0
635,31.494564056396484,-88.00169372558594,9456.419921875,-10.66882038116455,0.2910502254962921,34.0,19.088685989379883,0.5760265588760376,33.1385498046875,51.5,3.788893461227417,0.008148958906531334,29.665369033813477,0.15000000596046448,218.96917724609375,0.0,0.0,0.0
636,31.496580123901367,-87.98824310302734,9456.419921875,-10.712332725524902,0.2910427153110504,34.0,18.916725158691406,0.5705117583274841,33.157466888427734,51.5,3.877490758895874,0.008194776251912117,29.38135528564453,0.15000000596046448,219.09649658203125,0.0,0.0,4.849325656890869
637,31.49859619140625,-87.97479248046875,9456.419921875,-10.760995864868164,0.2910352647304535,34.0,18.724903106689453,0.5644041895866394,33.17640686035156,51.5,3.9774575233459473,0.008245580829679966,29.066816329956055,0.15000000596046448,219.22393798828125,0.0,0.0,0.0
638,31.50077247619629,-87.96150970458984,9455.404296875,1.8973519802093506,0.29102787375450134,35.0,32.84705352783203,1.0,32.84705352783203,51.5,0.0,0.00830064993351698,337.3232727050781,0.15000000596046448,217.04991149902344,2.0,9.897544860839844,0.0
639,31.50299072265625,-87.94828033447266,9454.1337890625,-10.8723783493042,0.29102063179016113,35.0,18.042098999023438,0.5506603717803955,32.76447677612305,51.5,4.153143405914307,0.00836023036390543,28.3590087890625,0.15000000596046448,216.50645446777344,0.0,4.807917594909668,0.0
640,31.505207061767578,-87.93504333496094,9452.8642578125,-10.934464454650879,0.2910134494304657,35.0,17.79528045654297,0.5431395769119263,32.76373291015625,51.5,4.28102970123291,0.008424364030361176,27.97168731689453,0.15000000596046448,216.50372314453125,0.0,0.0,0.0
641,31.507423400878906,-87.92181396484375,9451.59375,-11.000804901123047,0.2910063862800598,35.0,17.53516387939453,0.5352125763893127,32.76298904418945,51.5,4.41971492767334,0.00849294662475586,27.56344985961914,0.15000000596046448,216.50096130371094,0.0,0.0,4.9106035232543945
642,31.509639739990234,-87.90857696533203,9450.32421875,-11.071194648742676,0.2909993827342987,35.0,17.263198852539062,0.5269235372543335,32.762245178222656,51.5,4.569199562072754,0.00856587290763855,27.13656234741211,0.15000000596046448,216.49818420410156,0.0,0.0,4.910719394683838
643,31.511856079101562,-87.89534759521484,9449.0537109375,-11.145423889160156,0.2909924387931824,35.0,16.980819702148438,0.4375949203968048,38.80488204956055,61.0,6.540688991546631,0.008643032051622868,26.693288803100586,0.15000000596046448,216.49539184570312,0.0,0.0,4.910834789276123
644,31.514873504638672,-87.88292694091797,9448.7998046875,-11.222997665405273,0.29098546504974365,35.0,15.990797996520996,0.4301229417324066,37.17727279663086,61.0,6.459907054901123,0.008720536716282368,26.237499237060547,0.15000000596046448,207.4168701171875,0.0,0.0,5.124291896820068
645,31.518089294433594,-87.87071228027344,9448.7998046875,-11.300427436828613,0.29097893834114075,35.0,15.574548721313477,0.42628172039985657,36.53581237792969,60.5,6.502125263214111,0.008800867944955826,25.7900447845459,0.15000000596046448,205.52456665039062,0.0,0.0,5.168818473815918
646,31.52130699157715,-87.85848999023438,9448.7998046875,-11.380033493041992,0.2909725606441498,35.0,15.314520835876465,0.4188048839569092,36.567195892333984,60.5,6.7102155685424805,0.008884764276444912,25.337696075439453,0.15000000596046448,205.70297241210938,0.0,0.0,5.164668083190918
647,31.52452278137207,-87.84627532958984,9448.7998046875,-11.46240234375,0.290966272354126,35.0,15.04942512512207,0.4112017750740051,36.598636627197266,60.5,6.929645538330078,0.008972136303782463,24.877708435058594,0.15000000596046448,205.8816680908203,0.0,0.0,5.160510540008545
648,31.527740478515625,-87.83406066894531,9448.7998046875,-11.547365188598633,0.29096001386642456,35.0,14.780223846435547,0.403499037027359,36.63013458251953,60.5,7.1604743003845215,0.00906289555132389,24.411691665649414,0.15000000596046448,206.0606689453125,0.0,0.0,5.156345844268799
649,31.530956268310547,-87.82184600830078,9448.7998046875,-11.63475227355957,0.2909538447856903,35.0,14.507835388183594,0.395721971988678,36.661685943603516,60.5,7.4027605056762695,0.009156953543424606,23.941179275512695,0.15000000596046448,206.23995971679688,0.0,0.0,5.1521735191345215
650,31.535200119018555,-87.80988311767578,9447.7841796875,-11.724039077758789,0.2909477949142456,35.0,14.41408634185791,0.38792574405670166,37.15681838989258,60.5,7.752265930175781,0.009255082346498966,23.469507217407227,0.15000000596046448,209.027099609375,0.0,0.0,0.2388751059770584
651,31.53969955444336,-87.79798126220703,9446.513671875,-11.816493034362793,0.2909417152404785,35.0,14.188640594482422,0.38000965118408203,37.337581634521484,60.5,8.055102348327637,0.009356698952615261,22.990583419799805,0.15000000596046448,210.0457763671875,0.0,0.0,5.062799453735352
652,31.544200897216797,-87.78607940673828,9445.244140625,-11.911301612854004,0.2909356653690338,35.0,13.895196914672852,0.3720545172691345,37.347206115722656,60.5,8.335047721862793,0.009461353532969952,22.50929832458496,0.15000000596046448,210.1017303466797,0.0,0.0,0.12432578951120377
653,31.5487003326416,-87.77417755126953,9443.9736328125,-12.007877349853516,0.29092973470687866,35.0,13.602264404296875,0.3641171157360077,37.35683822631836,60.5,8.626622200012207,0.009568950161337852,22.029085159301758,0.15000000596046448,210.15768432617188,0.0,0.0,0.0
654,31.553199768066406,-87.76228332519531,9442.7041015625,-12.106062889099121,0.2909238636493683,35.0,13.310529708862305,0.35621583461761475,37.366477966308594,60.5,8.92984390258789,0.009679393842816353,21.551057815551758,0.15000000596046448,210.21363830566406,0.0,0.0,5.05897855758667
655,31.55769920349121,-87.75038146972656,9441.43359375,-12.205708503723145,0.2909180819988251,35.0,13.020617485046387,0.34836727380752563,37.376121520996094,60.5,9.244732856750488,0.009792591445147991,21.07621955871582,0.15000000596046448,210.2696075439453,0.0,0.0,0.11668149381875992
656,31.56307029724121,-87.73888397216797,9441.1796875,-12.306314468383789,0.290912389755249,35.0,12.824930191040039,0.34061360359191895,37.65243148803711,60.5,9.638415336608887,0.009908889420330524,20.60712242126465,0.15000000596046448,211.8257598876953,0.0,0.0,0.0
657,31.56865692138672,-87.72749328613281,9441.1796875,-12.408740997314453,0.29090678691864014,35.0,12.581937789916992,0.3502601683139801,35.92169189453125,57.5,9.271023750305176,0.01002811174839735,20.13995933532715,0.15000000596046448,212.6343994140625,0.0,0.0,5.002199172973633
658,31.574243545532227,-87.71610260009766,9441.1796875,-12.512595176696777,0.29090121388435364,35.0,12.306431770324707,0.342205286026001,35.96213150024414,57.5,9.617700576782227,0.01014996413141489,19.676803588867188,0.15000000596046448,212.8754425048828,0.0,0.0,0.0
659,31.579830169677734,-87.7047119140625,9441.1796875,-1.1211563348770142,0.2904589772224426,36.0,36.00266647338867,1.0,36.00266647338867,57.5,0.0,0.008008316159248352,206.44129943847656,0.15000000596046448,213.24830627441406,5.0,9.990933418273926,0.0
660,31.585594177246094,-87.69340515136719,9441.1796875,-10.561588287353516,0.29045015573501587,36.0,19.084001541137695,0.5282883048057556,36.12421798706055,57.5,4.487725257873535,0.007987980730831623,30.376577377319336,0.15000000596046448,213.97091674804688,0.0,4.9649553298950195,0.0
661,31.592069625854492,-87.68243408203125,9441.1796875,-10.539441108703613,0.2904413640499115,36.0,19.420061111450195,0.5308781266212463,36.58101272583008,57.5,4.497474193572998,0.00797242484986782,30.525493621826172,0.15000000596046448,216.67930603027344,0.0,0.0,0.0
662,31.598543167114258,-87.67145538330078,9441.1796875,-10.522388458251953,0.29043248295783997,36.0,19.492399215698242,0.532880425453186,36.57931137084961,57.5,4.461243152618408,0.007961929775774479,30.640626907348633,0.15000000596046448,216.6719207763672,0.0,0.0,4.910704612731934
663,31.605018615722656,-87.66048431396484,9441.1796875,-10.510823249816895,0.2904236912727356,36.0,19.54131317138672,0.5296369791030884,36.89567184448242,58.0,4.519519805908203,0.007956515066325665,30.71894645690918,0.0,216.66452026367188,0.0,0.0,0.0
664,31.611492156982422,-87.64950561523438,9441.1796875,4.314460277557373,0.2904149293899536,37.0,40.7105712890625,1.0,40.7105712890625,64.0,0.0,0.007956190966069698,340.600830078125,0.15000000596046448,216.6571044921875,2.0,9.911178588867188,0.0
665,31.61796760559082,-87.63853454589844,9441.1796875,-10.504310607910156,0.2904062569141388,37.0,19.56760025024414,0.48067396879196167,40.708675384521484,64.0,5.497768402099609,0.00796095747500658,30.763134002685547,0.15000000596046448,216.649658203125,0.0,4.822594165802002,0.0
666,31.624441146850586,-87.62755584716797,9441.1796875,-10.509387969970703,0.29039761424064636,37.0,19.544775009155273,0.4877568483352661,40.07073211669922,63.0,5.343791961669922,0.007970806211233139,30.728681564331055,0.0,216.64219665527344,0.0,0.0,0.0
667,31.63091468811035,-87.61658477783203,9441.1796875,-10.520001411437988,0.2903890609741211,37.0,19.49812889099121,0.48661544919013977,40.06886672973633,63.0,5.368010997772217,0.007985718548297882,30.65677261352539,0.0,216.6347198486328,0.0,0.0,4.911890029907227
668,31.637327194213867,-87.60576629638672,9441.1796875,-10.53610897064209,0.2903805375099182,37.0,19.179401397705078,0.4848881661891937,39.55427551269531,63.0,5.335840702056885,0.008005375973880291,30.547954559326172,0.0,213.85511779785156,0.0,0.0,4.977234840393066
669,31.64364242553711,-87.59518432617188,9441.1796875,-10.557341575622559,0.29037216305732727,37.0,18.717832565307617,0.4826202988624573,38.78376770019531,63.0,5.279626846313477,0.008029376156628132,30.405078887939453,0.0,209.69174194335938,0.0,0.0,0.05231185629963875
670,31.649959564208984,-87.58460235595703,9441.1796875,-10.58322811126709,0.2903640568256378,37.0,18.610288619995117,0.44458454847335815,41.859954833984375,68.0,6.152383327484131,0.008058017119765282,30.23175048828125,0.15000000596046448,209.68466186523438,0.0,0.0,0.0
671,31.65627670288086,-87.57402038574219,9441.1796875,-10.614041328430176,0.2903560400009155,37.0,18.48320770263672,0.44156864285469055,41.858062744140625,68.0,6.227758407592773,0.008091247640550137,30.026668548583984,0.15000000596046448,209.6775665283203,0.0,0.0,5.075521945953369
672,31.662593841552734,-87.56343078613281,9441.1796875,-10.649676322937012,0.2903480529785156,37.0,18.337411880493164,0.4381053149700165,41.85617446899414,68.0,6.315634727478027,0.00812901183962822,29.791160583496094,0.15000000596046448,209.6704559326172,0.0,0.0,0.15126636624336243
673,31.668909072875977,-87.55284881591797,9441.1796875,-10.690011978149414,0.2903401553630829,37.0,18.173816680908203,0.4342164397239685,41.85428237915039,68.0,6.416009902954102,0.008171247318387032,29.526718139648438,0.15000000596046448,209.66331481933594,0.0,0.0,5.075966835021973
674,31.6752872467041,-87.54217529296875,9441.1796875,-10.734911918640137,0.2903323173522949,37.0,18.156143188476562,0.4640478193759918,39.125587463378906,63.0,5.738173007965088,0.00821832474321127,29.23501205444336,0.0,211.55174255371094,0.0,0.0,0.10763818025588989
675,31.681753158569336,-87.53135681152344,9441.1796875,-10.78469467163086,0.29032450914382935,37.0,18.197813034057617,0.42521777749061584,42.79645538330078,68.0,6.805825233459473,0.008270529098808765,28.91480827331543,0.15000000596046448,214.3877410888672,0.0,0.0,0.0
676,31.68821907043457,-87.52053833007812,9441.1796875,-10.839590072631836,0.290316641330719,37.0,17.977224349975586,0.42008280754089355,42.79447555541992,68.0,6.9502410888671875,0.008327172137796879,28.565631866455078,0.15000000596046448,214.3802032470703,0.0,0.0,4.965355396270752
677,31.694686889648438,-87.50971984863281,9441.1796875,-10.898774147033691,0.2903088629245758,37.0,17.742341995239258,0.41461339592933655,42.79249954223633,68.0,7.108012676239014,0.008388164453208447,28.193710327148438,0.15000000596046448,214.37265014648438,0.0,0.0,0.0
678,31.701152801513672,-87.49890899658203,9441.1796875,1.824420690536499,0.2903011441230774,38.0,42.79051971435547,1.0,42.79051971435547,68.0,0.0,0.008453411981463432,333.65582275390625,0.15000000596046448,214.3650665283203,2.0,9.965821266174316,0.0
679,31.70762062072754,-87.48809051513672,9441.1796875,-11.029274940490723,0.29029348492622375,38.0,17.234981536865234,0.40279433131217957,42.78853988647461,68.0,7.463613510131836,0.008522816933691502,27.3900146484375,0.15000000596046448,214.35745239257812,0.0,4.931875228881836,0.0
680,31.713993072509766,-87.4774169921875,9442.1962890625,-11.100221633911133,0.2902859151363373,38.0,16.739248275756836,0.3965056538581848,42.216922760009766,68.0,7.55947208404541,0.008595270104706287,26.962385177612305,0.15000000596046448,211.49607849121094,0.0,0.0,0.0
681,31.720226287841797,-87.46694946289062,9444.736328125,-11.173687934875488,0.29027849435806274,38.0,16.136335372924805,0.3900933265686035,41.365318298339844,68.0,7.6087327003479,0.008669995702803135,26.52634620666504,0.15000000596046448,207.23193359375,0.0,0.0,5.1334919929504395
682,31.726459503173828,-87.45648193359375,9447.2763671875,-11.248800277709961,0.2902713418006897,38.0,15.8734712600708,0.38364073634147644,41.375877380371094,68.0,7.820554256439209,0.008748347871005535,26.087568283081055,0.15000000596046448,207.2869110107422,0.0,0.0,5.13224983215332
683,31.73269271850586,-87.44601440429688,9449.81640625,-11.326872825622559,0.2902642786502838,38.0,15.604463577270508,0.37704288959503174,41.38644027709961,68.0,8.044638633728027,0.008830234408378601,25.638916015625,0.15000000596046448,207.34190368652344,0.0,0.0,5.131006717681885
684,31.73892593383789,-87.435546875,9452.3564453125,-11.407730102539062,0.2902572751045227,38.0,15.330355644226074,0.3904203474521637,39.26628112792969,64.5,7.604104518890381,0.008915562182664871,25.182111740112305,0.15000000596046448,207.3968963623047,0.0,0.0,5.129763603210449
685,31.745159149169922,-87.42507934570312,9454.896484375,-11.491198539733887,0.29025039076805115,38.0,15.05215072631836,0.3892725706100464,38.66737747192383,63.5,7.642837047576904,0.00900423713028431,24.718809127807617,0.0,207.451904296875,0.0,0.0,5.128519058227539
686,31.75153923034668,-87.41436004638672,9455.912109375,-11.57707405090332,0.29024365544319153,38.0,15.125146865844727,0.375980406999588,40.22854995727539,64.5,8.281283378601074,0.009098418988287449,24.250736236572266,0.15000000596046448,212.48348999023438,0.0,0.0,5.010412216186523
687,31.758140563964844,-87.40325927734375,9454.6416015625,-11.667349815368652,0.29023686051368713,38.0,15.34871768951416,0.3684949278831482,41.65245056152344,64.5,8.853524208068848,0.009199408814311028,23.76792335510254,0.15000000596046448,220.0065155029297,0.0,0.0,4.833804130554199
688,31.764739990234375,-87.39215850830078,9453.3720703125,-11.763172149658203,0.29022982716560364,38.0,15.028148651123047,0.3607073724269867,41.66299057006836,64.5,9.158522605895996,0.009303831495344639,23.265625,0.15000000596046448,220.06436157226562,0.0,0.0,0.0
689,31.771339416503906,-87.38105773925781,9452.1015625,-11.861157417297363,0.2902229130268097,38.0,14.706960678100586,0.3529088497161865,41.67353820800781,64.5,9.477494239807129,0.009411577135324478,22.76262092590332,0.15000000596046448,220.12220764160156,0.0,0.0,4.831189155578613
690,31.77794075012207,-87.36995697021484,9450.83203125,-11.961119651794434,0.2902160882949829,38.0,14.386070251464844,0.3451213836669922,41.68408966064453,64.5,9.810463905334473,0.00952253770083189,22.26032829284668,0.15000000596046448,220.1800537109375,0.0,0.0,0.0
691,31.7845401763916,-87.35885620117188,9449.5615234375,-12.062880516052246,0.2902093827724457,38.0,14.066315650939941,0.3373650312423706,41.694644927978516,64.5,10.157454490661621,0.009636606089770794,21.76004409790039,0.15000000596046448,220.2379150390625,0.0,0.0,4.82857084274292
692,31.791046142578125,-87.34793853759766,9448.2919921875,-12.166295051574707,0.29020270705223083,38.0,13.53149127960205,0.3296560049057007,41.047306060791016,64.5,10.352654457092285,0.009751802310347557,21.2628116607666,0.15000000596046448,216.8206024169922,0.0,0.0,0.0
693,31.797412872314453,-87.33728790283203,9447.0224609375,4.105099678039551,0.2897243797779083,39.0,0.0,0.0,45.65166473388672,73.5,1000.0,0.008097747340798378,0.0,0.15000000596046448,0.0,4.968888759613037,10.031111717224121,0.0
694,31.80377960205078,-87.3266372680664,9445.751953125,-10.658236503601074,0.28971466422080994,39.0,18.462247848510742,0.4045557379722595,45.63585662841797,73.5,7.310912609100342,0.008062201552093029,29.734848022460938,0.15000000596046448,211.6864013671875,0.031111370772123337,5.063943386077881,0.0
695,31.81014633178711,-87.31598663330078,9444.482421875,-10.619918823242188,0.28970497846603394,39.0,18.612796783447266,0.40799593925476074,45.62005615234375,73.5,7.204889297485352,0.008031310513615608,29.987701416015625,0.15000000596046448,211.61599731445312,0.0,0.09849519282579422,0.0
696,31.816513061523438,-87.30534362792969,9443.2119140625,-10.586464881896973,0.2896953523159027,39.0,18.744373321533203,0.4225195348262787,44.36333465576172,71.5,6.7841997146606445,0.00800512358546257,30.210145950317383,0.0,211.5456085205078,0.0,0.0,0.0
697,31.822879791259766,-87.29469299316406,9441.9423828125,-10.557984352111816,0.28968578577041626,39.0,18.856117248535156,0.41361579298973083,45.58848190307617,73.5,7.034657001495361,0.007983681745827198,30.400760650634766,0.15000000596046448,211.47525024414062,0.0,0.0,5.037988185882568
698,31.829267501831055,-87.28399658203125,9441.1796875,-10.53457260131836,0.289676308631897,39.0,19.014617919921875,0.41575944423675537,45.73466110229492,73.5,6.9951605796813965,0.00796696450561285,30.558320999145508,0.15000000596046448,212.1561737060547,0.0,0.0,0.060065723955631256
699,31.835683822631836,-87.27324676513672,9441.1796875,-10.516246795654297,0.2896668314933777,39.0,19.186466217041016,0.41744479537010193,45.96168518066406,73.5,6.98130464553833,0.007955032400786877,30.682193756103516,0.15000000596046448,213.21212768554688,0.0,0.0,0.0
700,31.842100143432617,-87.26249694824219,9441.1796875,-10.503108024597168,0.2896573841571808,39.0,19.23552703857422,0.41865718364715576,45.945770263671875,73.5,6.9441962242126465,0.007948007434606552,30.77130126953125,0.15000000596046448,213.1411590576172,0.0,0.0,4.9990997314453125
701,31.8485164642334,-87.25174713134766,9441.1796875,-10.49531364440918,0.28964799642562866,39.0,19.261972427368164,0.4193779230117798,45.929866790771484,73.5,6.921270370483398,0.007945899851620197,30.824277877807617,0.15000000596046448,213.0701904296875,0.0,0.0,0.0
702,31.85493278503418,-87.24099731445312,9441.1796875,-10.492889404296875,0.2896386682987213,39.0,19.265615463256836,0.41676729917526245,46.226314544677734,74.0,6.993519306182861,0.007948708720505238,30.840778350830078,0.15000000596046448,212.99925231933594,0.0,0.0,5.002560615539551
703,31.86134910583496,-87.2302474975586,9441.1796875,-10.495837211608887,0.28962942957878113,39.0,19.24642562866211,0.4778406620025635,40.277915954589844,64.5,5.459051609039307,0.007956422865390778,30.820722579956055,0.15000000596046448,212.92832946777344,0.0,0.0,5.004289627075195
704,31.867727279663086,-87.21954345703125,9441.1796875,-10.504141807556152,0.2896202504634857,39.0,19.114946365356445,0.4769655764102936,40.07615661621094,64.5,5.450791835784912,0.007968955673277378,30.764278411865234,0.15000000596046448,211.86448669433594,0.0,0.0,0.03360355645418167
705,31.874042510986328,-87.20889282226562,9441.1796875,-10.517696380615234,0.28961116075515747,39.0,18.915151596069336,0.47554078698158264,39.77608871459961,64.5,5.440969944000244,0.007986163720488548,30.672380447387695,0.15000000596046448,210.28085327148438,0.0,0.0,5.066531658172607
706,31.880359649658203,-87.1982421875,9441.1796875,-10.53631591796875,0.28960222005844116,39.0,18.825424194335938,0.47359010577201843,39.75046157836914,64.5,5.480167865753174,0.008008075878024101,30.54656219482422,0.15000000596046448,210.14801025390625,0.0,0.0,0.13624179363250732
707,31.886676788330078,-87.18759155273438,9441.1796875,-10.5600004196167,0.289593368768692,39.0,18.715171813964844,0.47111982107162476,39.7248649597168,64.5,5.531189918518066,0.008034645579755306,30.387229919433594,0.15000000596046448,210.0153045654297,0.0,0.0,0.0
708,31.892993927001953,-87.17694091796875,9441.1796875,-10.588659286499023,0.28958460688591003,39.0,18.58512306213379,0.4681473970413208,39.69929504394531,64.5,5.593990802764893,0.008065817877650261,30.195507049560547,0.15000000596046448,209.8827362060547,0.0,0.0,5.076056480407715
709,31.899309158325195,-87.16629028320312,9441.1796875,-10.62218189239502,0.2895759046077728,39.0,18.436124801635742,0.464693158864975,39.67375946044922,64.5,5.668525695800781,0.008101530373096466,29.97270965576172,0.15000000596046448,209.7502899169922,0.0,0.0,0.15527988970279694
710,31.90559959411621,-87.15567016601562,9441.6884765625,-10.66044807434082,0.2895672619342804,39.0,18.216331481933594,0.46078017354011536,39.53367233276367,64.5,5.738118648529053,0.008141592144966125,29.720319747924805,0.15000000596046448,209.01220703125,0.0,0.0,0.0
711,31.911849975585938,-87.14510345458984,9442.9580078125,-10.7031888961792,0.2895587384700775,39.0,17.96564483642578,0.45644691586494446,39.35976791381836,64.5,5.81345796585083,0.008185848593711853,29.440824508666992,0.15000000596046448,208.09527587890625,0.0,0.0,5.118168354034424
712,31.918100357055664,-87.13453674316406,9444.2275390625,-10.750176429748535,0.2895503640174866,39.0,17.795076370239258,0.4517282247543335,39.39332580566406,64.5,5.930231094360352,0.008234445005655289,29.1364688873291,0.15000000596046448,208.27516174316406,0.0,0.0,0.23217417299747467
713,31.92435073852539,-87.12397003173828,9445.498046875,-10.801491737365723,0.289542019367218,39.0,17.609193801879883,0.4466283917427063,39.426944732666016,64.5,6.058902740478516,0.008287317119538784,28.807531356811523,0.15000000596046448,208.45535278320312,0.0,0.0,0.0
714,31.930599212646484,-87.1134033203125,9446.767578125,-10.8569917678833,0.2895337641239166,39.0,17.40904426574707,0.47824859619140625,36.40166091918945,59.5,5.33954381942749,0.008344396948814392,28.455791473388672,0.0,208.63584899902344,0.0,0.0,5.105659008026123
715,31.93684959411621,-87.10283660888672,9448.0380859375,-10.916521072387695,0.2895255982875824,39.0,17.195722579956055,0.43539687991142273,39.49436569213867,64.5,6.352188587188721,0.008405609987676144,28.083097457885742,0.15000000596046448,208.81663513183594,0.0,0.0,0.20713301002979279
716,31.943220138549805,-87.09207153320312,9447.7841796875,-10.97990608215332,0.2895175516605377,39.0,17.28687858581543,0.4293244779109955,40.26530075073242,64.5,6.638421535491943,0.008472142741084099,27.691429138183594,0.15000000596046448,212.89517211914062,0.0,0.0,0.0
717,31.949769973754883,-87.08100891113281,9445.244140625,-11.048276901245117,0.28950944542884827,39.0,17.502607345581055,0.42286577820777893,41.39045333862305,64.5,7.006558418273926,0.008544777520000935,27.274843215942383,0.15000000596046448,218.84671020507812,0.0,0.0,4.866300106048584
718,31.95631980895996,-87.06993865966797,9442.7041015625,-11.12234115600586,0.2895011603832245,39.0,17.216569900512695,0.41597485542297363,41.388484954833984,64.5,7.2073283195495605,0.00862158928066492,26.83037757873535,0.15000000596046448,218.83885192871094,0.0,0.0,4.866544246673584
719,31.96286964416504,-87.05887603759766,9440.1640625,-11.199991226196289,0.28949296474456787,39.0,16.921558380126953,0.4088664650917053,41.38651657104492,64.5,7.42152738571167,0.008702468127012253,26.37188720703125,0.15000000596046448,218.8309783935547,0.0,0.0,4.866788387298584
720,31.969419479370117,-87.04780578613281,9437.6240234375,-11.28101634979248,0.2894848585128784,39.0,16.618959426879883,0.4015740156173706,41.38454818725586,64.5,7.649152755737305,0.008787299506366253,25.90152359008789,0.15000000596046448,218.82305908203125,0.0,0.0,4.867032527923584
721,31.975969314575195,-87.0367431640625,9435.083984375,-11.365204811096191,0.28947684168815613,39.0,16.310108184814453,0.39412978291511536,41.3825798034668,64.5,7.89020299911499,0.008875972591340542,25.421371459960938,0.15000000596046448,218.81512451171875,0.0,0.0,4.867276668548584
722,31.98241424560547,-87.02584075927734,9433.5595703125,-11.452370643615723,0.2894688844680786,39.0,15.74892807006836,0.38958269357681274,40.42512512207031,64.0,7.917509078979492,0.008966912515461445,24.933292388916016,0.0,215.4248046875,0.0,0.0,4.946859359741211
723,31.988697052001953,-87.01519012451172,9433.5595703125,-11.540886878967285,0.2894611358642578,39.0,15.077349662780762,0.38198322057724,39.47123718261719,64.0,7.9826436042785645,0.009059085510671139,24.44692611694336,0.0,210.34385681152344,0.0,0.0,5.066095352172852
724,31.994979858398438,-87.0045394897461,9433.5595703125,-11.62966251373291,0.28945374488830566,39.0,14.781514167785645,0.3238965570926666,45.63652801513672,74.0,10.298587799072266,0.009154499508440495,23.968345642089844,0.15000000596046448,210.33641052246094,0.0,0.0,5.06632137298584
725,32.00126266479492,-86.99388885498047,9433.5595703125,-11.720617294311523,0.28944647312164307,39.0,14.484258651733398,0.3173975348472595,45.634437561035156,74.0,10.609997749328613,0.009253053925931454,23.487417221069336,0.15000000596046448,210.32894897460938,0.0,0.0,0.13286839425563812
726,32.007545471191406,-86.98323822021484,9433.5595703125,-11.813580513000488,0.28943929076194763,39.0,14.186436653137207,0.3195212185382843,44.399044036865234,72.0,10.506207466125488,0.009354648180305958,23.00552749633789,0.0,210.32144165039062,0.0,0.0,5.066772937774658
727,32.01382827758789,-86.97258758544922,9433.5595703125,-11.908385276794434,0.28943219780921936,39.0,13.888838768005371,0.3128327429294586,44.397010803222656,72.0,10.83581256866455,0.009459185414016247,22.523956298828125,0.0,210.31390380859375,0.0,0.0,0.13377177715301514
728,32.02010726928711,-86.96195220947266,9433.5595703125,-12.004873275756836,0.28942522406578064,39.0,13.576006889343262,0.30616486072540283,44.34214401245117,72.0,11.165421485900879,0.009566438384354115,22.04387092590332,0.0,210.05606079101562,0.0,0.0,0.0
729,32.02637481689453,-86.95133972167969,9433.5595703125,-12.10277271270752,0.28941836953163147,39.0,13.257923126220703,0.29543718695640564,44.875606536865234,73.0,11.728218078613281,0.009676237590610981,21.566913604736328,0.15000000596046448,209.673095703125,0.0,0.0,5.082125186920166
730,32.03263854980469,-86.94071960449219,9433.5595703125,-12.201865196228027,0.28941166400909424,39.0,12.966827392578125,0.2889636754989624,44.873558044433594,73.0,12.100580215454102,0.009788678959012032,21.09434700012207,0.15000000596046448,209.66549682617188,0.0,0.0,0.16447493433952332
731,32.03890609741211,-86.93010711669922,9433.5595703125,-12.3021879196167,0.28940504789352417,39.0,12.678451538085938,0.2825501561164856,44.87150955200195,73.0,12.486300468444824,0.009903674013912678,20.626161575317383,0.15000000596046448,209.65786743164062,0.0,0.0,0.0
732,32.04517364501953,-86.91948699951172,9433.5595703125,-12.403606414794922,0.28939855098724365,39.0,12.393269538879395,0.2762072682380676,44.86945724487305,73.0,12.8853759765625,0.010021133348345757,20.163129806518555,0.15000000596046448,209.6501922607422,0.0,0.0,5.082798957824707
733,32.05144119262695,-86.90886688232422,9433.5595703125,-12.505993843078613,0.2893922030925751,39.0,12.111700057983398,0.26994428038597107,44.86740493774414,73.0,13.297804832458496,0.010140973143279552,19.7059326171875,0.15000000596046448,209.64248657226562,0.0,0.0,0.1658231019973755
734,32.05772018432617,-86.8982162475586,9434.576171875,-12.609219551086426,0.28938597440719604,39.0,11.878132820129395,0.2637699544429779,45.03216552734375,73.0,13.77457332611084,0.010263565927743912,19.255207061767578,0.15000000596046448,210.41416931152344,0.0,0.0,0.0
735,32.06401824951172,-86.88749694824219,9437.1162109375,-12.71356201171875,0.28937986493110657,39.0,11.673020362854004,0.257668673992157,45.30244064331055,73.0,14.302926063537598,0.01038915291428566,18.809814453125,0.15000000596046448,211.67886352539062,0.0,0.0,5.035348892211914
736,32.07032012939453,-86.87677764892578,9439.65625,-12.819183349609375,0.28937381505966187,39.0,11.412781715393066,0.2516326904296875,45.35492706298828,73.0,14.782209396362305,0.010517075657844543,18.369184494018555,0.15000000596046448,211.9259033203125,0.0,0.0,0.06494606286287308
737,32.07661819458008,-86.8660659790039,9442.1962890625,-12.925468444824219,0.2893679141998291,39.0,11.156539916992188,0.2456979900598526,45.407535552978516,73.0,15.277022361755371,0.010647266171872616,17.93595314025879,0.15000000596046448,212.17349243164062,0.0,0.0,5.023831844329834
738,32.08292007446289,-86.8553466796875,9444.736328125,-13.032319068908691,0.2893621325492859,39.0,10.90452766418457,0.2398693859577179,45.46027374267578,73.0,15.787470817565918,0.010779653675854206,17.510465621948242,0.15000000596046448,212.42164611816406,0.0,0.0,0.041884105652570724
739,32.08921813964844,-86.8446273803711,9447.2763671875,-13.139643669128418,0.2893564701080322,39.0,10.656937599182129,0.23415081202983856,45.51313781738281,73.0,16.313663482666016,0.010914172045886517,17.093008041381836,0.15000000596046448,212.67034912109375,0.0,0.0,0.0
740,32.09549331665039,-86.83396911621094,9448.7998046875,-13.247369766235352,0.2893509268760681,39.0,10.362069129943848,0.22854478657245636,45.33933639526367,73.0,16.77187728881836,0.011050076223909855,16.68376922607422,0.15000000596046448,211.85987854003906,0.0,0.0,5.03130578994751
741,32.10172653198242,-86.8233871459961,9448.7998046875,-13.354874610900879,0.28934553265571594,39.0,10.047773361206055,0.22308115661144257,45.040889739990234,73.0,17.190433502197266,0.011186894960701466,16.284923553466797,0.15000000596046448,210.46690368652344,0.0,0.0,0.09531796723604202
742,32.10795974731445,-86.81279754638672,9448.7998046875,-13.461755752563477,0.2893403470516205,39.0,9.814310073852539,0.21777579188346863,45.06612014770508,73.0,17.73940086364746,0.011325525119900703,15.897632598876953,0.15000000596046448,210.5863494873047,0.0,0.0,0.0
743,32.114192962646484,-86.80221557617188,9448.7998046875,-13.568730354309082,0.28933531045913696,39.0,9.585954666137695,0.21258948743343353,45.09138107299805,73.0,18.302907943725586,0.011465908959507942,15.519033432006836,0.15000000596046448,210.7058868408203,0.0,0.0,5.058478832244873
744,32.120426177978516,-86.79163360595703,9448.7998046875,-13.675731658935547,0.2893304228782654,39.0,9.362740516662598,0.20752283930778503,45.116676330566406,73.0,18.88100242614746,0.011607986874878407,15.149168014526367,0.15000000596046448,210.8255157470703,0.0,0.0,0.1141854003071785
745,32.12665939331055,-86.78105163574219,9448.7998046875,-13.782700538635254,0.2893257141113281,39.0,9.144683837890625,0.20257596671581268,45.141998291015625,73.0,19.473737716674805,0.011751703917980194,14.788045883178711,0.15000000596046448,210.94525146484375,0.0,0.0,0.0
746,32.1329460144043,-86.77035522460938,9448.2919921875,-13.889564514160156,0.2893211841583252,39.0,9.020142555236816,0.2004958838224411,44.989166259765625,72.0,19.933368682861328,0.011898459866642952,14.43570327758789,0.0,213.15231323242188,0.0,0.0,5.001203536987305
747,32.139312744140625,-86.75948333740234,9447.0224609375,-13.997340202331543,0.2893168330192566,39.0,8.936524391174316,0.19540488719940186,45.73337173461914,72.0999984741211,20.894399642944336,0.012048960663378239,14.088692665100098,0.10000000149011612,216.37904357910156,0.0,0.0,0.0
748,32.14567947387695,-86.74861907958984,9445.751953125,-14.106520652770996,0.289312481880188,39.0,8.721076965332031,0.19064494967460632,45.745121002197266,72.0999984741211,21.54831314086914,0.012200969271361828,13.745501518249512,0.10000000149011612,216.43597412109375,0.0,0.0,4.924258232116699
749,32.15204620361328,-86.73775482177734,9444.482421875,-14.215420722961426,0.2893083095550537,39.0,8.511265754699707,0.18601061403751373,45.75688171386719,72.0999984741211,22.217344284057617,0.012354433536529541,13.411365509033203,0.10000000149011612,216.49288940429688,0.0,0.0,0.0
750,32.15841293334961,-86.72688293457031,9443.2119140625,4.170814037322998,0.28869789838790894,40.0,45.76865005493164,1.0,45.76865005493164,72.0999984741211,0.0,0.008257019333541393,341.4250183105469,0.10000000149011612,216.73455810546875,5.0,9.921648025512695,0.0
751,32.16477966308594,-86.71601867675781,9441.9423828125,-10.825029373168945,0.28868862986564636,40.0,18.196514129638672,0.39747369289398193,45.78042221069336,72.0999984741211,7.700202465057373,0.008314241655170918,28.657854080200195,0.10000000149011612,216.7931365966797,0.0,4.841989517211914,0.0
752,32.17105484008789,-86.70530700683594,9433.5595703125,-10.884989738464355,0.28867942094802856,40.0,17.700246810913086,0.39223185181617737,45.12699890136719,72.0999984741211,7.758650779724121,0.00837503932416439,28.279916763305664,0.10000000149011612,213.70159912109375,0.0,0.0,0.0
753,32.17718505859375,-86.69482421875,9414.509765625,-10.948287963867188,0.2886703908443451,40.0,17.068349838256836,0.44905224442481995,38.00971603393555,62.099998474121094,6.007676601409912,0.008438645862042904,27.886144638061523,0.0,208.98501586914062,0.0,0.0,5.103417873382568
754,32.183319091796875,-86.68434143066406,9395.4599609375,-11.013924598693848,0.28866174817085266,40.0,16.815963745117188,0.3811843693256378,44.11503982543945,72.0999984741211,7.946348667144775,0.008506174199283123,27.4833927154541,0.10000000149011612,208.91461181640625,0.0,0.0,5.105127334594727
755,32.189453125,-86.67385864257812,9376.41015625,-11.083077430725098,0.2886531949043274,40.0,16.554264068603516,0.3753831684589386,44.09964370727539,72.0999984741211,8.14195442199707,0.008577526547014713,27.065126419067383,0.10000000149011612,208.84420776367188,0.0,0.0,5.106835842132568
756,32.195587158203125,-86.66337585449219,9357.3603515625,-11.155560493469238,0.2886447310447693,40.0,16.284456253051758,0.369393914937973,44.08425521850586,72.0999984741211,8.350387573242188,0.008652604185044765,26.63330078125,0.10000000149011612,208.77381896972656,0.0,0.0,5.1085429191589355
757,32.20172119140625,-86.65289306640625,9338.3095703125,-11.231186866760254,0.28863638639450073,40.0,16.007715225219727,0.36324307322502136,44.068878173828125,72.0999984741211,8.571622848510742,0.008731307461857796,26.1898250579834,0.10000000149011612,208.7034454345703,0.0,0.0,5.1102495193481445
758,32.20787811279297,-86.6423568725586,9318.244140625,-11.309769630432129,0.28862816095352173,40.0,15.793776512145996,0.35695645213127136,44.24566650390625,72.0999984741211,8.844038963317871,0.008813908323645592,25.73655891418457,0.10000000149011612,209.54312133789062,0.0,0.0,5.090633392333984
759,32.214080810546875,-86.6317367553711,9296.654296875,-11.39148998260498,0.2886199951171875,40.0,15.597355842590332,0.3505302369594574,44.496463775634766,72.0999984741211,9.147737503051758,0.008900496177375317,25.273229598999023,0.10000000149011612,210.73329162597656,0.0,0.0,5.062805652618408
760,32.220279693603516,-86.6211166381836,9275.064453125,-11.47634506225586,0.28861188888549805,40.0,15.281852722167969,0.34397566318511963,44.4271354675293,72.0999984741211,9.401459693908691,0.008990360423922539,24.800643920898438,0.10000000149011612,210.40733337402344,0.0,0.0,5.070497989654541
761,32.226478576660156,-86.61050415039062,9253.4736328125,-11.563549041748047,0.28860390186309814,40.0,14.964759826660156,0.33736318349838257,44.35801315307617,72.0999984741211,9.667288780212402,0.009083384647965431,24.323884963989258,0.10000000149011612,210.08233642578125,0.0,0.0,5.078167915344238
762,32.23268127441406,-86.59988403320312,9231.8837890625,-11.652910232543945,0.2885960340499878,40.0,14.647051811218262,0.3307145833969116,44.289100646972656,72.0999984741211,9.945109367370605,0.009179454296827316,23.84452247619629,0.10000000149011612,209.75828552246094,0.0,0.0,5.085813999176025
763,32.2388801574707,-86.58927154541016,9210.2939453125,-11.744245529174805,0.288588285446167,40.0,14.329625129699707,0.3070172965526581,46.673675537109375,76.0999984741211,11.074825286865234,0.009278454817831516,23.364015579223633,0.10000000149011612,209.43516540527344,0.0,0.0,0.1792517751455307
764,32.24522018432617,-86.57843017578125,9186.671875,-11.837343215942383,0.2885807454586029,40.0,14.319042205810547,0.30070820450782776,47.617733001708984,76.0999984741211,11.640917778015137,0.009382536634802818,22.883893966674805,0.10000000149011612,213.67361450195312,0.0,0.0,4.9941935539245605
765,32.25177001953125,-86.56726837158203,9160.001953125,-11.934138298034668,0.2885732650756836,40.0,14.44676685333252,0.2942817211151123,49.09162139892578,76.0999984741211,12.376014709472656,0.00949299056082964,22.394838333129883,0.10000000149011612,220.2896728515625,0.0,0.0,0.0
766,32.25831985473633,-86.55609893798828,9133.33203125,-4.0125532150268555,0.2880104184150696,41.0,49.074493408203125,1.0,49.074493408203125,76.0999984741211,0.0,0.008194631896913052,120.57218170166016,0.10000000149011612,220.3870391845703,5.0,9.841052055358887,0.0
767,32.264869689941406,-86.54493713378906,9106.662109375,-10.761547088623047,0.2879985272884369,41.0,18.73545265197754,0.38190895318984985,49.057376861572266,76.0999984741211,8.346458435058594,0.008147523738443851,29.06327247619629,0.10000000149011612,220.3138427734375,0.0,4.683903217315674,0.0
768,32.271419525146484,-86.53376770019531,9079.9921875,-10.711363792419434,0.28798672556877136,41.0,18.937955856323242,0.38617151975631714,49.04026794433594,76.0999984741211,8.194546699523926,0.008105285465717316,29.387653350830078,0.10000000149011612,220.24066162109375,0.0,0.0,0.0
769,32.27796936035156,-86.52259826660156,9053.322265625,-10.666105270385742,0.2879749834537506,41.0,19.121726989746094,0.3900548815727234,49.023170471191406,76.0999984741211,8.058825492858887,0.008067985996603966,29.683176040649414,0.10000000149011612,220.16751098632812,0.0,0.0,4.846447467803955
770,32.28440856933594,-86.5115966796875,9027.66796875,-10.625909805297852,0.28796327114105225,41.0,18.980712890625,0.39353522658348083,48.231292724609375,76.0999984741211,7.813690185546875,0.008036158047616482,29.948030471801758,0.10000000149011612,216.6146697998047,0.0,0.0,0.0
771,32.290672302246094,-86.50084686279297,9003.5380859375,1.75009024143219,0.28795182704925537,42.0,47.04755783081055,1.0,47.04755783081055,76.0999984741211,0.0,0.008009817451238632,329.9430236816406,0.10000000149011612,211.30172729492188,2.0,10.054133415222168,0.0
772,32.296939849853516,-86.49009704589844,8979.408203125,-10.562810897827148,0.28794077038764954,42.0,18.762611389160156,0.39905881881713867,47.01715850830078,76.0999984741211,7.443150043487549,0.007988191209733486,30.368375778198242,0.10000000149011612,211.16847229003906,0.0,5.111462116241455,0.0
773,32.30320739746094,-86.4793472290039,8955.2783203125,-10.539216041564941,0.28792980313301086,42.0,18.848438262939453,0.40114331245422363,46.986793518066406,76.0999984741211,7.374022960662842,0.007971309125423431,30.527006149291992,0.10000000149011612,211.0353546142578,0.0,0.17198285460472107,0.0
774,32.30947494506836,-86.46859741210938,8931.1484375,-10.520727157592773,0.28791889548301697,42.0,18.913314819335938,0.4027840197086334,46.95646667480469,76.0999984741211,7.319138050079346,0.007959192618727684,30.651865005493164,0.10000000149011612,210.90237426757812,0.0,0.0,0.0
775,32.315738677978516,-86.45784759521484,8907.017578125,-10.507400512695312,0.28790807723999023,42.0,18.956796646118164,0.4039706289768219,46.92617416381836,76.0999984741211,7.278440952301025,0.007951854728162289,30.742164611816406,0.10000000149011612,210.76951599121094,0.0,0.0,5.066893577575684
776,32.32210159301758,-86.4469223022461,8881.8720703125,-10.499279022216797,0.28789737820625305,42.0,19.2735595703125,0.4046953320503235,47.62486267089844,76.0999984741211,7.364616870880127,0.007949301972985268,30.797313690185547,0.10000000149011612,213.910888671875,0.0,0.0,0.06033769249916077
777,32.3286018371582,-86.43572235107422,8855.2021484375,-10.496377944946289,0.2878866195678711,42.0,19.703577041625977,0.4002213478088379,49.23169708251953,77.0,7.665399551391602,0.00795179232954979,30.817045211791992,0.15000000596046448,218.54681396484375,0.0,0.0,0.0
778,32.33509826660156,-86.42452239990234,8828.5322265625,-10.498973846435547,0.2878756523132324,42.0,19.650297164916992,0.39999207854270935,49.12671661376953,77.0,7.656364917755127,0.007959403097629547,30.799388885498047,0.15000000596046448,218.0841522216797,0.0,0.0,4.895925521850586
779,32.34159851074219,-86.41332244873047,8801.8623046875,-10.507161140441895,0.2878648042678833,42.0,19.573083877563477,0.3992699682712555,49.02217483520508,77.0,7.663100242614746,0.007972088642418385,30.74378776550293,0.15000000596046448,217.6233673095703,0.0,0.0,0.0
780,32.34809875488281,-86.4021224975586,8775.1923828125,-10.520870208740234,0.28785407543182373,42.0,19.47249984741211,0.3980635404586792,48.918067932128906,77.0,7.685405254364014,0.007989790290594101,30.650894165039062,0.15000000596046448,217.1644744873047,0.0,0.0,4.917603492736816
781,32.35459899902344,-86.39092254638672,8748.5224609375,-10.54001522064209,0.2878434360027313,42.0,19.349273681640625,0.39638465642929077,48.814388275146484,77.0,7.723080158233643,0.008012443780899048,30.521617889404297,0.15000000596046448,216.7074432373047,0.0,0.0,0.0
782,32.361053466796875,-86.37982940673828,8722.3603515625,2.057955026626587,0.28783291578292847,43.0,48.28934097290039,1.0,48.28934097290039,77.0,0.0,0.008039712905883789,341.8402099609375,0.15000000596046448,214.37973022460938,2.0,9.982925415039062,0.0
783,32.367435455322266,-86.368896484375,8696.9599609375,-10.593894958496094,0.28782257437705994,43.0,18.629688262939453,0.41889727115631104,44.473167419433594,72.0,6.854896545410156,0.008071246556937695,30.16060447692871,0.0,211.1519012451172,0.0,5.041462421417236,0.0
784,32.37382125854492,-86.35796356201172,8671.5595703125,-10.627787590026855,0.2878125011920929,43.0,18.45719337463379,0.4129049479961395,44.70082473754883,72.5,7.013355255126953,0.008107298985123634,29.935609817504883,0.15000000596046448,210.7720947265625,0.0,0.10895752161741257,0.0
785,32.38020324707031,-86.3470230102539,8646.16015625,-10.666394233703613,0.2878025770187378,43.0,18.26726722717285,0.4456649422645569,40.988792419433594,66.5999984741211,6.1241350173950195,0.008147785440087318,29.681285858154297,0.10000000149011612,210.3936004638672,0.0,0.0,0.0
786,32.3865852355957,-86.33609008789062,8620.759765625,-10.70956039428711,0.28779271245002747,43.0,18.061079025268555,0.44143208861351013,40.914737701416016,66.5999984741211,6.218814849853516,0.008192615583539009,29.399377822875977,0.10000000149011612,210.01638793945312,0.0,0.0,5.0853166580200195
787,32.39297103881836,-86.32515716552734,8595.3603515625,-10.757121086120605,0.2877829968929291,43.0,17.839853286743164,0.4368129372596741,40.840946197509766,66.5999984741211,6.325119972229004,0.008241693489253521,29.09174156188965,0.10000000149011612,209.64048767089844,0.0,0.0,0.17949721217155457
788,32.39934539794922,-86.314208984375,8569.9599609375,-10.808905601501465,0.28777340054512024,43.0,17.631118774414062,0.43183639645576477,40.8282356262207,66.5999984741211,6.452537536621094,0.00829500611871481,28.760303497314453,0.10000000149011612,209.57806396484375,0.0,0.0,0.0
789,32.40571212768555,-86.30322265625,8544.5595703125,-10.864822387695312,0.28776389360427856,43.0,17.432016372680664,0.42652398347854614,40.869956970214844,66.5999984741211,6.600726127624512,0.00835255067795515,28.406497955322266,0.10000000149011612,209.79501342773438,0.0,0.0,5.090695858001709
790,32.412078857421875,-86.292236328125,8519.16015625,-10.924782752990723,0.28775447607040405,43.0,17.196203231811523,0.42089712619781494,40.85607147216797,66.5999984741211,6.7523064613342285,0.008414164185523987,28.031747817993164,0.10000000149011612,209.7265167236328,0.0,0.0,0.18305954337120056
791,32.4184455871582,-86.28125762939453,8493.759765625,-10.988536834716797,0.2877451777458191,43.0,16.949209213256836,0.4149925708770752,40.84219741821289,66.5999984741211,6.915855407714844,0.008479754440486431,27.638505935668945,0.10000000149011612,209.6580352783203,0.0,0.0,5.094030380249023
792,32.42481231689453,-86.27027130126953,8468.3603515625,-11.055903434753418,0.2877359688282013,43.0,16.692256927490234,0.4088400900363922,40.82832717895508,66.5999984741211,7.091348648071289,0.008549224585294724,27.228750228881836,0.10000000149011612,209.58953857421875,0.0,0.0,0.18972674012184143
793,32.43117904663086,-86.25929260253906,8442.9599609375,-11.12669849395752,0.28772690892219543,43.0,16.426565170288086,0.4024691879749298,40.81446838378906,66.5999984741211,7.2787628173828125,0.008622478693723679,26.804447174072266,0.10000000149011612,209.52105712890625,0.0,0.0,5.097361087799072
794,32.437713623046875,-86.24799346923828,8417.5595703125,-11.200687408447266,0.2877180278301239,43.0,16.602237701416016,0.39591312408447266,41.934043884277344,66.5999984741211,7.685674667358398,0.008701604790985584,26.367815017700195,0.10000000149011612,215.27108764648438,0.0,0.0,4.9628777503967285
795,32.444496154785156,-86.2362289428711,8392.16015625,-11.279885292053223,0.2877090871334076,43.0,16.968360900878906,0.3890095353126526,43.6193962097168,66.5999984741211,8.229427337646484,0.008787952363491058,25.908035278320312,0.10000000149011612,223.92576599121094,0.0,0.0,4.760432720184326
796,32.45127868652344,-86.22445678710938,8366.759765625,-11.365581512451172,0.28769975900650024,43.0,16.642526626586914,0.3816702961921692,43.60445785522461,66.5999984741211,8.485518455505371,0.008878272958099842,25.41924285888672,0.10000000149011612,223.85198974609375,0.0,0.0,4.762227535247803
797,32.458065032958984,-86.21269226074219,8341.3603515625,-11.45433235168457,0.28769057989120483,43.0,16.31165313720703,0.374210387468338,43.58952331542969,66.5999984741211,8.75609302520752,0.008972443640232086,24.922412872314453,0.10000000149011612,223.77821350097656,0.0,0.0,4.764021396636963
798,32.464847564697266,-86.200927734375,8315.9599609375,-11.545916557312012,0.287681519985199,43.0,15.977065086364746,0.36666008830070496,43.5745964050293,66.5999984741211,9.041122436523438,0.009070338681340218,24.4195613861084,0.10000000149011612,223.70443725585938,0.0,0.0,4.765814304351807
799,32.47163009643555,-86.18916320800781,8290.5595703125,-11.640116691589355,0.28767260909080505,43.0,15.640007972717285,0.3590478003025055,43.5596809387207,66.5999984741211,9.34057903289795,0.009171836078166962,23.91258430480957,0.10000000149011612,223.6306610107422,0.0,0.0,4.767605781555176
800,32.47830581665039,-86.1775894165039,8265.16015625,-11.7367582321167,0.2876637578010559,43.0,15.05527400970459,0.35139718651771545,42.84403610229492,66.5999984741211,9.499192237854004,0.009275097399950027,23.403053283691406,0.10000000149011612,219.9593505859375,0.0,0.0,0.0
801,32.484825134277344,-86.16630554199219,8239.759765625,-11.834012985229492,0.28765514492988586,43.0,14.367474555969238,0.34385737776756287,41.78323745727539,66.5999984741211,9.577181816101074,0.009378972463309765,22.900901794433594,0.10000000149011612,214.51585388183594,0.0,0.0,4.980992317199707
802,32.49134063720703,-86.15502166748047,8214.3603515625,-11.930709838867188,0.287647008895874,43.0,14.060052871704102,0.33906179666519165,41.46752166748047,66.0999984741211,9.783146858215332,0.00948586966842413,22.411985397338867,0.0,214.5078125,0.0,0.0,0.0
803,32.49785614013672,-86.14373779296875,8188.9599609375,-2.835031270980835,0.28703877329826355,44.0,44.60206604003906,1.0,44.60206604003906,71.0999984741211,0.0,0.008217417635023594,151.15809631347656,0.10000000149011612,214.6804656982422,5.0,9.981483459472656,0.0
804,32.504371643066406,-86.13245391845703,8163.56005859375,-10.78545093536377,0.28702640533447266,44.0,18.13475799560547,0.40660998225212097,44.59988784790039,71.0999984741211,7.323460578918457,0.008170848712325096,28.909969329833984,0.10000000149011612,214.67369079589844,0.0,4.963212013244629,0.0
805,32.51089096069336,-86.12117004394531,8138.16015625,-10.735982894897461,0.2870141267776489,44.0,18.333412170410156,0.41108420491218567,44.59770584106445,71.0999984741211,7.18878173828125,0.008128850720822811,29.228086471557617,0.10000000149011612,214.66688537597656,0.0,0.0,0.0
806,32.51735305786133,-86.10995483398438,8113.77587890625,-10.691102027893066,0.28700190782546997,44.0,18.39475440979004,0.41518428921699524,44.30503463745117,71.0999984741211,7.0218505859375,0.008091717027127743,29.519603729248047,0.10000000149011612,213.26181030273438,0.0,0.0,5.014904499053955
807,32.52373504638672,-86.09883880615234,8090.916015625,-10.651206016540527,0.28698983788490295,44.0,18.376419067382812,0.418861985206604,43.87225341796875,71.0999984741211,6.848865985870361,0.008059510961174965,29.781085968017578,0.10000000149011612,211.1822052001953,0.0,0.0,0.07850464433431625
808,32.530120849609375,-86.08772277832031,8068.05615234375,-10.61645793914795,0.28697794675827026,44.0,18.522573471069336,0.4220905900001526,43.8829345703125,71.0999984741211,6.760365009307861,0.008031909354031086,30.01064109802246,0.10000000149011612,211.23712158203125,0.0,0.0,0.0
809,32.536502838134766,-86.07660675048828,8045.19580078125,-10.586548805236816,0.2869661748409271,44.0,18.649900436401367,0.42488864064216614,43.893619537353516,71.0999984741211,6.6849565505981445,0.00800896342843771,30.209583282470703,0.10000000149011612,211.29205322265625,0.0,0.0,5.0611958503723145
810,32.542884826660156,-86.06548309326172,8022.3359375,-10.561585426330566,0.28695446252822876,44.0,18.7575740814209,0.4272376000881195,43.90431213378906,71.0999984741211,6.622661590576172,0.007990716956555843,30.37659454345703,0.10000000149011612,211.3470001220703,0.0,0.0,0.12118908017873764
811,32.54927062988281,-86.05436706542969,7999.47607421875,-10.54166030883789,0.28694280982017517,44.0,18.84487533569336,0.4291214942932129,43.915008544921875,71.0999984741211,6.573502063751221,0.007977207191288471,30.51053810119629,0.10000000149011612,211.40194702148438,0.0,0.0,0.0
812,32.55571365356445,-86.04317474365234,7975.091796875,-10.526857376098633,0.28693127632141113,44.0,19.06929588317871,0.4305261969566345,44.29299545288086,71.0999984741211,6.592188835144043,0.00796841736882925,30.61041259765625,0.10000000149011612,213.2249755859375,0.0,0.0,5.01625919342041
813,32.56224822998047,-86.0318603515625,7948.421875,-10.51717758178711,0.2869197428226471,44.0,19.361867904663086,0.4314470887184143,44.8765754699707,71.0999984741211,6.65401029586792,0.007964488118886948,30.675888061523438,0.10000000149011612,216.03781127929688,0.0,0.0,0.0
814,32.56877899169922,-86.02053833007812,7921.751953125,-0.8598289489746094,0.2869081199169159,45.0,38.9354362487793,1.0,38.9354362487793,61.599998474121094,0.0,0.007965565659105778,216.0606689453125,0.10000000149011612,216.34710693359375,2.0,9.943449974060059,0.0
815,32.575313568115234,-86.00922393798828,7895.08203125,-10.513824462890625,0.28689655661582947,45.0,19.431133270263672,0.49117761850357056,39.56029510498047,62.5,5.245623588562012,0.007971670478582382,30.69860076904297,0.15000000596046448,216.65728759765625,0.0,4.87973165512085,0.0
816,32.58184814453125,-85.99790954589844,7868.412109375,-10.520358085632324,0.2868850827217102,45.0,19.430675506591797,0.4904698133468628,39.616458892822266,62.5,5.267969131469727,0.007982813753187656,30.65436363220215,0.15000000596046448,216.9683380126953,0.0,0.0,0.0
817,32.58837890625,-85.98658752441406,7841.7421875,-10.532370567321777,0.2868736982345581,45.0,19.406768798828125,0.4891708791255951,39.67278289794922,62.5,5.302952289581299,0.007998996414244175,30.573179244995117,0.15000000596046448,217.28028869628906,0.0,0.0,4.921884059906006
818,32.59479904174805,-85.97544860839844,7816.087890625,-10.549848556518555,0.2868623435497284,45.0,19.048320770263672,0.487286776304245,39.090576171875,62.5,5.264679431915283,0.0080198273062706,30.45542335510254,0.15000000596046448,214.09507751464844,0.0,0.0,0.0
819,32.601051330566406,-85.96456146240234,7791.9580078125,4.495637893676758,0.2868512272834778,46.0,35.12814712524414,1.0,35.12814712524414,57.5,0.0,0.00804482027888298,342.3114013671875,0.0,209.12637329101562,2.0,10.112605094909668,0.0
820,32.6072998046875,-85.95368194580078,7767.828125,-10.599260330200195,0.2868405282497406,46.0,18.424888610839844,0.4819980263710022,38.22606658935547,62.5,5.258425235748291,0.008074402809143066,30.124876022338867,0.15000000596046448,209.36663818359375,0.0,5.219669342041016,0.0
821,32.613548278808594,-85.94279479980469,7743.6982421875,-10.631038665771484,0.2868299186229706,46.0,18.31675148010254,0.4786257743835449,38.26946258544922,62.5,5.335999965667725,0.008108542300760746,29.91411018371582,0.15000000596046448,209.60745239257812,0.0,0.3211778700351715,0.0
822,32.61980056762695,-85.93191528320312,7719.56787109375,-10.667585372924805,0.2868193984031677,46.0,18.19005584716797,0.474775493144989,38.31296157836914,62.5,5.4251580238342285,0.008147197775542736,29.6734676361084,0.15000000596046448,209.8488006591797,0.0,0.0,0.0
823,32.62604904174805,-85.92102813720703,7695.43798828125,-10.708796501159668,0.28680893778800964,46.0,18.045591354370117,0.4704694151878357,38.3565673828125,62.5,5.525980472564697,0.008190321736037731,29.404338836669922,0.15000000596046448,210.0906982421875,0.0,0.0,5.090359687805176
824,32.632293701171875,-85.91014862060547,7671.30810546875,-10.754557609558105,0.2867985963821411,46.0,17.873977661132812,0.4657319188117981,38.37825393676758,62.5,5.635317802429199,0.008237832225859165,29.108243942260742,0.15000000596046448,210.21253967285156,0.0,0.0,0.17794305086135864
825,32.638526916503906,-85.89926147460938,7647.17822265625,-10.804708480834961,0.28678837418556213,46.0,17.67747688293457,0.46059247851371765,38.37986373901367,62.5,5.753253936767578,0.008289636112749577,28.787029266357422,0.15000000596046448,210.22438049316406,0.0,0.0,0.0
826,32.64476013183594,-85.88838195800781,7623.0478515625,-10.859071731567383,0.2867782413959503,46.0,17.47557258605957,0.4550829827785492,38.400848388671875,62.5,5.885596752166748,0.008345681242644787,28.44268798828125,0.15000000596046448,210.34230041503906,0.0,0.0,5.084691524505615
827,32.65099334716797,-85.87749481201172,7598.91796875,-10.917515754699707,0.28676819801330566,46.0,17.260272979736328,0.4492306113243103,38.421852111816406,62.5,6.029603004455566,0.008405892178416252,28.076913833618164,0.15000000596046448,210.46031188964844,0.0,0.0,0.16669443249702454
828,32.6572265625,-85.86661529541016,7574.7880859375,-10.979876518249512,0.28675827383995056,46.0,17.03272819519043,0.4430657923221588,38.44288635253906,62.5,6.185311794281006,0.008470186963677406,27.691612243652344,0.15000000596046448,210.5784454345703,0.0,0.0,0.0
829,32.66345977783203,-85.85572814941406,7550.658203125,-11.045985221862793,0.286748468875885,46.0,16.79410171508789,0.4366194009780884,38.46393966674805,62.5,6.352762699127197,0.008538482710719109,27.288711547851562,0.15000000596046448,210.69668579101562,0.0,0.0,5.076615333557129
830,32.66973876953125,-85.84475708007812,7526.52783203125,-11.115653038024902,0.2867388129234314,46.0,16.674894332885742,0.4299235939979553,38.78571701049805,62.5,6.582995414733887,0.008611270226538181,26.87022590637207,0.15000000596046448,212.46217346191406,0.0,0.0,5.035428524017334
831,32.676090240478516,-85.83365631103516,7502.39794921875,-11.189292907714844,0.28672918677330017,46.0,16.604427337646484,0.42295369505882263,39.258262634277344,62.5,6.855811595916748,0.008688853122293949,26.434606552124023,0.15000000596046448,215.05360412597656,0.0,0.0,4.974942684173584
832,32.68244171142578,-85.82256317138672,7478.26806640625,-11.267131805419922,0.28671956062316895,46.0,16.328786849975586,0.41570472717285156,39.27976989746094,62.5,7.066856861114502,0.008770311251282692,25.98154640197754,0.15000000596046448,215.17433166503906,0.0,0.0,4.972189426422119
833,32.68878936767578,-85.81146240234375,7454.13818359375,-11.348122596740723,0.28671005368232727,46.0,16.046310424804688,0.41158220171928406,38.98689270019531,62.0,7.191940784454346,0.008855546824634075,25.518096923828125,0.0,215.295166015625,0.0,0.0,4.969433307647705
834,32.69514083862305,-85.80036163330078,7430.0078125,-11.432073593139648,0.28670063614845276,46.0,15.758169174194336,0.403319388628006,39.07119369506836,62.099998474121094,7.4464263916015625,0.00894445925951004,25.046133041381836,0.10000000149011612,215.4160919189453,0.0,0.0,4.966673851013184
835,32.70148849487305,-85.78926086425781,7405.8779296875,-11.518795013427734,0.2866913974285126,46.0,15.465479850769043,0.395611047744751,39.0926399230957,62.099998474121094,7.693809986114502,0.009036947973072529,24.567445755004883,0.10000000149011612,215.53712463378906,0.0,0.0,4.963911056518555
836,32.707847595214844,-85.77813720703125,7381.240234375,-11.608100891113281,0.28668227791786194,46.0,15.189427375793457,0.38782185316085815,39.16598892211914,62.099998474121094,7.9643988609313965,0.009133046492934227,24.083738327026367,0.10000000149011612,215.94430541992188,0.0,0.0,4.954462051391602
837,32.71421432495117,-85.7669906616211,7355.83984375,-11.699934005737305,0.28667327761650085,46.0,14.915962219238281,0.38305115699768066,38.93986892700195,61.599998474121094,8.14509391784668,0.009232709184288979,23.595951080322266,0.10000000149011612,216.44297790527344,0.0,0.0,0.0
838,32.7205810546875,-85.7558364868164,7330.43994140625,-11.794163703918457,0.2866643965244293,46.0,14.605143547058105,0.37508735060691833,38.93798065185547,61.599998474121094,8.424994468688965,0.009335603564977646,23.105379104614258,0.10000000149011612,216.4351806640625,0.0,0.0,4.943119525909424
839,32.72694778442383,-85.74468994140625,7305.0400390625,-11.89039134979248,0.2866556942462921,46.0,14.294225692749023,0.3671201765537262,38.936092376708984,61.599998474121094,8.71715259552002,0.009441622532904148,22.61460304260254,0.10000000149011612,216.42733764648438,0.0,0.0,0.0
840,32.733314514160156,-85.7335433959961,7279.64013671875,2.8585472106933594,0.286003440618515,47.0,38.934207916259766,1.0,38.934207916259766,61.599998474121094,0.0,0.008263335563242435,342.7183532714844,0.10000000149011612,216.61471557617188,5.0,9.943609237670898,0.0
841,32.739681243896484,-85.7223892211914,7254.240234375,-10.833673477172852,0.2859901785850525,47.0,18.077659606933594,0.464335560798645,38.93231964111328,61.599998474121094,5.832844257354736,0.008214160799980164,28.603071212768555,0.10000000149011612,216.60824584960938,0.0,4.88746452331543,0.0
842,32.74603271484375,-85.71125030517578,7229.34814453125,-10.781722068786621,0.28597697615623474,47.0,18.263172149658203,0.46970507502555847,38.88220977783203,61.599998474121094,5.701018333435059,0.008169632405042648,28.9338321685791,0.10000000149011612,216.3334503173828,0.0,0.0,0.0
843,32.75236511230469,-85.70013427734375,7205.2177734375,-10.734395980834961,0.28596389293670654,47.0,18.424549102783203,0.47464850544929504,38.8172492980957,61.599998474121094,5.579713344573975,0.008129819296300411,29.23834800720215,0.10000000149011612,215.97598266601562,0.0,0.0,4.958798885345459
844,32.75870132446289,-85.68901824951172,7181.087890625,-10.691856384277344,0.2859509289264679,47.0,18.608909606933594,0.4791345000267029,38.838592529296875,61.599998474121094,5.483286380767822,0.008094701915979385,29.514684677124023,0.10000000149011612,216.09866333007812,0.0,0.0,4.956026554107666
845,32.76503372192383,-85.67790222167969,7156.9580078125,-10.654145240783691,0.285938024520874,47.0,18.775009155273438,0.4831452965736389,38.859962463378906,61.599998474121094,5.398863792419434,0.008064349181950092,29.761751174926758,0.10000000149011612,216.22146606445312,0.0,0.0,0.0
846,32.771366119384766,-85.66678619384766,7132.828125,-3.8027777671813965,0.2859252095222473,48.0,38.8813591003418,1.0,38.8813591003418,61.599998474121094,0.0,0.008038824424147606,125.60883331298828,0.10000000149011612,216.34439086914062,2.0,9.950472831726074,0.0
847,32.7776985168457,-85.65567016601562,7108.6982421875,-10.59375286102295,0.28591248393058777,48.0,19.04818344116211,0.48963555693626404,38.90277862548828,61.599998474121094,5.266200065612793,0.008018183521926403,30.161550521850586,0.10000000149011612,216.46743774414062,0.0,4.89816427230835,0.0
848,32.78392028808594,-85.64476013183594,7084.56787109375,-10.571310043334961,0.2858997881412506,48.0,18.815032958984375,0.49206873774528503,38.23659896850586,61.599998474121094,5.125871658325195,0.008002709597349167,30.311433792114258,0.10000000149011612,212.76438903808594,0.0,0.0,0.0
849,32.78997039794922,-85.63416290283203,7060.43798828125,-10.554428100585938,0.28588739037513733,48.0,18.39840316772461,0.4939066171646118,37.25077438354492,61.599998474121094,4.9571309089660645,0.007992254570126534,30.424646377563477,0.10000000149011612,207.28244018554688,0.0,0.0,5.162237167358398
850,32.7960205078125,-85.6235580444336,7036.30810546875,-10.542964935302734,0.28587543964385986,48.0,18.488662719726562,0.4320361018180847,42.794254302978516,70.5999984741211,6.374871730804443,0.00798636395484209,30.50174903869629,0.10000000149011612,207.77627563476562,0.0,0.0,0.31302985548973083
851,32.80207061767578,-85.61296081542969,7012.17822265625,-10.536453247070312,0.28586357831954956,48.0,18.559171676635742,0.4326576888561249,42.8957405090332,70.5999984741211,6.373826503753662,0.007985081523656845,30.545631408691406,0.10000000149011612,208.27249145507812,0.0,0.0,0.0
852,32.80812072753906,-85.60236358642578,6988.0478515625,-10.534951210021973,0.28585177659988403,48.0,18.60946273803711,0.43280115723609924,42.997718811035156,70.5999984741211,6.3852458000183105,0.007988445460796356,30.555761337280273,0.10000000149011612,208.7710723876953,0.0,0.0,5.127737045288086
853,32.814170837402344,-85.59175872802734,6963.91796875,-10.538501739501953,0.2858400344848633,48.0,18.639196395874023,0.43246203660964966,43.10019302368164,70.5999984741211,6.4093122482299805,0.007996481843292713,30.53182029724121,0.10000000149011612,209.27206420898438,0.0,0.0,0.2438625544309616
854,32.82033157348633,-85.58096313476562,6939.7880859375,-10.547114372253418,0.2858284115791321,48.0,18.986614227294922,0.4316404461860657,43.98710632324219,70.5999984741211,6.563140392303467,0.008009484969079494,30.47381591796875,0.10000000149011612,213.58192443847656,0.0,0.0,0.0
855,32.82666778564453,-85.56988525390625,6915.658203125,-10.561091423034668,0.28581666946411133,48.0,19.475557327270508,0.43031036853790283,45.25932693481445,70.5999984741211,6.789689064025879,0.008027899079024792,30.379911422729492,0.10000000149011612,219.76287841796875,0.0,0.0,4.871464252471924
856,32.83300018310547,-85.55879974365234,6891.52783203125,-10.580924034118652,0.2858046591281891,48.0,19.425039291381836,0.3776171803474426,51.44108963012695,80.0999984741211,8.467856407165527,0.008051439188420773,30.247135162353516,0.10000000149011612,220.15872192382812,0.0,0.0,0.0
857,32.839332580566406,-85.54771423339844,6867.39794921875,-1.7274056673049927,0.2857927083969116,49.0,51.53305435180664,1.0,51.53305435180664,80.0999984741211,0.0,0.00808008760213852,185.3570556640625,0.10000000149011612,220.55599975585938,2.0,9.853128433227539,0.0
858,32.845664978027344,-85.53663635253906,6843.26806640625,-10.636987686157227,0.2857808470726013,49.0,19.254657745361328,0.37296900153160095,51.6253547668457,80.0999984741211,8.668357849121094,0.008113820105791092,29.87481689453125,0.10000000149011612,220.9547119140625,0.0,4.697037696838379,0.0
859,32.85200119018555,-85.52555084228516,6819.13818359375,-10.673067092895508,0.28576910495758057,49.0,19.136003494262695,0.37000665068626404,51.71799850463867,80.0999984741211,8.794793128967285,0.00815260224044323,29.63753318786621,0.10000000149011612,221.3548583984375,0.0,0.0,0.0
860,32.85814666748047,-85.51477813720703,6795.0078125,-10.71442699432373,0.2857573628425598,49.0,18.44263458251953,0.3666386604309082,50.301937103271484,80.0999984741211,8.678716659545898,0.008195051923394203,29.367755889892578,0.10000000149011612,215.297607421875,0.0,0.0,4.976086139678955
861,32.864013671875,-85.50447845458984,6770.8779296875,-10.759511947631836,0.2857459783554077,49.0,17.46177864074707,0.3630007207393646,48.10397720336914,80.0999984741211,8.430821418762207,0.008239944465458393,29.076358795166016,0.10000000149011612,205.8933868408203,0.0,0.0,0.17169402539730072
862,32.86988067626953,-85.49417877197266,6746.748046875,-10.80688190460205,0.2857353687286377,49.0,17.289575576782227,0.3592158257961273,48.131439208984375,80.0999984741211,8.575167655944824,0.008288993500173092,28.773189544677734,0.10000000149011612,206.01400756835938,0.0,0.0,0.0
863,32.87574768066406,-85.48387908935547,6722.6181640625,-10.858353614807129,0.28572484850883484,49.0,17.103466033935547,0.35514622926712036,48.158939361572266,80.0999984741211,8.733501434326172,0.008342131972312927,28.447214126586914,0.10000000149011612,206.13473510742188,0.0,0.0,5.190118312835693
864,32.881614685058594,-85.47357940673828,6698.48779296875,-10.91378402709961,0.28571444749832153,49.0,16.904447555541992,0.35125166177749634,48.126312255859375,80.0,8.888745307922363,0.008399292826652527,28.100133895874023,0.0,206.25558471679688,0.0,0.0,0.37748706340789795
865,32.887481689453125,-85.4632797241211,6674.35791015625,-10.973024368286133,0.2857041656970978,49.0,16.693552017211914,0.32627877593040466,51.16345977783203,85.0,9.94311237335205,0.008460399694740772,27.73369598388672,0.15000000596046448,206.37655639648438,0.0,0.0,0.0
866,32.89340591430664,-85.4528579711914,6650.22802734375,-11.035901069641113,0.28569403290748596,49.0,16.658523559570312,0.3217623829841614,51.77275085449219,85.0,10.271145820617676,0.008526136167347431,27.349802017211914,0.15000000596046448,208.83718872070312,0.0,0.0,5.127270698547363
867,32.89942169189453,-85.4422607421875,6626.09814453125,-11.103032112121582,0.28568392992019653,49.0,16.699825286865234,0.31700679659843445,52.679710388183594,85.0,10.682238578796387,0.00859695952385664,26.94557762145996,0.15000000596046448,212.49862670898438,0.0,0.0,5.041909694671631
868,32.90544128417969,-85.4316635131836,6601.9677734375,-11.174820899963379,0.28567370772361755,49.0,16.450359344482422,0.3119961619377136,52.726158142089844,85.0,10.943060874938965,0.00867172610014677,26.519672393798828,0.15000000596046448,212.68902587890625,0.0,0.0,5.037538051605225
869,32.91145706176758,-85.42105865478516,6577.837890625,-11.249975204467773,0.2856636047363281,49.0,16.1923770904541,0.306832492351532,52.7726936340332,85.0,11.220627784729004,0.008750347420573235,26.080760955810547,0.15000000596046448,212.87974548339844,0.0,0.0,0.07069645822048187
870,32.91747283935547,-85.41046142578125,6553.7080078125,-11.328312873840332,0.28565365076065063,49.0,15.927016258239746,0.30153775215148926,52.819313049316406,85.0,11.515028953552246,0.008832731284201145,25.630708694458008,0.15000000596046448,213.07077026367188,0.0,0.0,5.028770446777344
871,32.92348861694336,-85.39985656738281,6529.578125,-11.409656524658203,0.2856438159942627,49.0,15.655385971069336,0.29613324999809265,52.86602020263672,85.0,11.826355934143066,0.008918787352740765,25.171327590942383,0.15000000596046448,213.26211547851562,0.0,0.0,5.024374961853027
872,32.92953872680664,-85.3891830444336,6504.43212890625,-11.493818283081055,0.2856341600418091,49.0,15.485027313232422,0.2906400263309479,53.27906036376953,85.0,12.238801956176758,0.009009063243865967,24.70440101623535,0.15000000596046448,214.93124389648438,0.0,0.0,4.985499858856201
873,32.935638427734375,-85.37837982177734,6477.76220703125,-11.581238746643066,0.28562459349632263,49.0,15.356779098510742,0.2850383222103119,53.876190185546875,85.0,12.718838691711426,0.009103869087994099,24.22825813293457,0.15000000596046448,217.34300231933594,0.0,0.0,4.929299831390381
874,32.94173812866211,-85.3675765991211,6451.091796875,-11.672123908996582,0.2856150269508362,49.0,15.0623197555542,0.26980286836624146,55.827125549316406,88.0,13.735551834106445,0.009202180430293083,23.742652893066406,0.15000000596046448,217.5384979248047,0.0,0.0,4.924806594848633
875,32.94784164428711,-85.35678100585938,6424.421875,-11.765381813049316,0.28560560941696167,49.0,14.765507698059082,0.2642518877983093,55.87664031982422,88.0,14.143230438232422,0.00930390041321516,23.254167556762695,0.15000000596046448,217.73431396484375,0.0,0.0,0.0
876,32.953941345214844,-85.34597778320312,6397.751953125,-11.860833168029785,0.2855963408946991,49.0,14.467272758483887,0.252655565738678,57.26084899902344,90.0999984741211,15.038860321044922,0.009408930316567421,22.764266967773438,0.10000000149011612,217.93043518066406,0.0,0.0,4.915795803070068
877,32.96004104614258,-85.3351821899414,6371.08203125,-11.958307266235352,0.28558725118637085,49.0,14.168475151062012,0.24721769988536835,57.31173324584961,90.0999984741211,15.49524974822998,0.009517173282802105,22.274314880371094,0.10000000149011612,218.12689208984375,0.0,0.0,0.0
878,32.9660530090332,-85.32453155517578,6345.42822265625,-12.057663917541504,0.285578191280365,49.0,13.672865867614746,0.24179159104824066,56.54814529418945,90.0999984741211,15.744575500488281,0.009626926854252815,21.785423278808594,0.10000000149011612,215.22340393066406,0.0,0.0,4.979076862335205
879,32.9719352722168,-85.31411743164062,6321.2978515625,-12.157280921936035,0.2855693995952606,49.0,13.09451961517334,0.2364673763513565,55.375587463378906,90.0999984741211,15.875956535339355,0.009737150743603706,21.305709838867188,0.10000000149011612,210.7632293701172,0.0,0.0,5.083188533782959
880,32.977821350097656,-85.30370330810547,6297.16796875,-12.256146430969238,0.28556108474731445,49.0,12.819583892822266,0.23129591345787048,55.42503356933594,90.0999984741211,16.355445861816406,0.00985010713338852,20.83976173400879,0.10000000149011612,210.95388793945312,0.0,0.0,0.16198694705963135
881,32.98370361328125,-85.29328155517578,6273.0380859375,-12.356311798095703,0.2855529189109802,49.0,12.54660415649414,0.22616854310035706,55.47457504272461,90.0999984741211,16.85284996032715,0.009965715929865837,20.37778663635254,0.10000000149011612,211.14483642578125,0.0,0.0,5.074399471282959
882,32.989585876464844,-85.28286743164062,6248.908203125,-12.457648277282715,0.2855449318885803,49.0,12.276053428649902,0.22109371423721313,55.52420425415039,90.0999984741211,17.368261337280273,0.010083895176649094,19.920543670654297,0.10000000149011612,211.33612060546875,0.0,0.0,0.14439250528812408
883,32.99546813964844,-85.27245330810547,6224.77783203125,-12.560032844543457,0.28553712368011475,49.0,12.008355140686035,0.21607892215251923,55.57393264770508,90.0999984741211,17.90178108215332,0.010204567573964596,19.46870994567871,0.10000000149011612,211.52769470214844,0.0,0.0,0.0
884,33.00143814086914,-85.26200103759766,6200.77490234375,-12.663314819335938,0.2855295240879059,49.0,11.82882308959961,0.21113240718841553,56.02561569213867,90.0999984741211,18.586647033691406,0.010328532196581364,19.023029327392578,0.10000000149011612,213.2491912841797,0.0,0.0,5.025472640991211
885,33.007530212402344,-85.25150299072266,6176.96240234375,-12.768136978149414,0.28552207350730896,49.0,11.696046829223633,0.2062249630689621,56.71499252319336,90.0999984741211,19.382923126220703,0.010456294752657413,18.580869674682617,0.10000000149011612,215.87539672851562,0.0,0.0,0.0
886,33.01362609863281,-85.24099731445312,6153.14990234375,0.004972268361598253,0.28477898240089417,50.0,56.84662628173828,1.0,56.84662628173828,90.0999984741211,0.0,0.008024834096431732,250.20652770996094,0.10000000149011612,216.60147094726562,5.0,9.952574729919434,0.0
887,33.0198860168457,-85.230712890625,6129.28759765625,-10.578185081481934,0.2847657799720764,50.0,19.048566818237305,0.3359094560146332,56.70744323730469,90.0999984741211,9.954291343688965,0.008016165345907211,30.265439987182617,0.10000000149011612,216.07513427734375,0.0,4.917507648468018,0.0
888,33.02682113647461,-85.22127532958984,6105.22412109375,-10.568760871887207,0.2847526967525482,50.0,18.863056182861328,0.3366093039512634,56.03842544555664,90.0999984741211,9.806056022644043,0.008012508042156696,30.32849884033203,0.10000000149011612,213.5298614501953,0.0,0.0,0.0
889,33.033756256103516,-85.21184539794922,6081.1611328125,-10.564668655395508,0.2847399115562439,50.0,18.912403106689453,0.3369136452674866,56.13427734375,90.0999984741211,9.809453964233398,0.008013661950826645,30.355918884277344,0.10000000149011612,213.89891052246094,0.0,0.0,5.015824317932129
890,33.04069137573242,-85.20240783691406,6057.09765625,-10.565792083740234,0.28472721576690674,50.0,18.94011116027832,0.3368300795555115,56.23046112060547,90.0999984741211,9.829938888549805,0.008019651286303997,30.348388671875,0.10000000149011612,214.26922607421875,0.0,0.0,5.007284164428711
891,33.04762268066406,-85.19297790527344,6033.03466796875,-10.572154998779297,0.28471457958221436,50.0,18.945980072021484,0.33635708689689636,56.326988220214844,90.0999984741211,9.867692947387695,0.008030491881072521,30.30577278137207,0.10000000149011612,214.6408233642578,0.0,0.0,0.005997874774038792
892,33.05455780029297,-85.18354034423828,6008.9716796875,-10.583763122558594,0.2847020626068115,50.0,18.929967880249023,0.33549585938453674,56.423851013183594,90.0999984741211,9.922896385192871,0.00804619025439024,30.22817611694336,0.10000000149011612,215.01370239257812,0.0,0.0,4.990113258361816
893,33.061492919921875,-85.17411041259766,5984.908203125,-10.600602149963379,0.28468963503837585,50.0,18.89217758178711,0.3418382406234741,55.26642608642578,88.0999984741211,9.662454605102539,0.008066743612289429,30.115949630737305,0.0,215.38787841796875,0.0,0.0,0.0
894,33.06842803955078,-85.1646728515625,5960.84521484375,3.3346331119537354,0.28467729687690735,51.0,55.361812591552734,1.0,55.361812591552734,88.0999984741211,0.0,0.008092141710221767,343.3548889160156,0.0,215.76333618164062,2.0,9.972820281982422,0.0
895,33.07548904418945,-85.15534210205078,5932.93212890625,-10.6498441696167,0.284665048122406,51.0,18.783227920532227,0.31997907161712646,58.70142364501953,93.0999984741211,10.71987247467041,0.008122436702251434,29.79005241394043,0.10000000149011612,216.49588012695312,0.0,4.928659915924072,0.0
896,33.0826416015625,-85.14607238769531,5902.4521484375,-10.6821928024292,0.2846528887748718,51.0,18.695222854614258,0.31769928336143494,58.84565353393555,93.0999984741211,10.859610557556152,0.008157577365636826,29.577804565429688,0.10000000149011612,217.031494140625,0.0,0.0,0.0
897,33.08979034423828,-85.13681030273438,5871.97216796875,-10.719573020935059,0.2846408188343048,51.0,18.558408737182617,0.3150843381881714,58.899818420410156,93.0999984741211,11.00182056427002,0.008197461254894733,29.3343505859375,0.10000000149011612,217.23492431640625,0.0,0.0,4.938791275024414
898,33.09693908691406,-85.1275405883789,5841.4921875,-10.761822700500488,0.28462886810302734,51.0,18.40273094177246,0.3121536076068878,58.95408630371094,93.0999984741211,11.162907600402832,0.008242032490670681,29.061500549316406,0.10000000149011612,217.438720703125,0.0,0.0,4.9341278076171875
899,33.10409164428711,-85.11827087402344,5811.01220703125,-10.808812141418457,0.2846170663833618,51.0,18.229177474975586,0.3089247941970825,59.008460998535156,93.0999984741211,11.342978477478027,0.008291231468319893,28.760900497436523,0.10000000149011612,217.64285278320312,0.0,0.0,0.0
900,33.11124038696289,-85.1090087890625,5780.5322265625,-3.377594232559204,0.28460535407066345,52.0,59.06293869018555,1.0,59.06293869018555,93.0999984741211,0.0,0.008344988338649273,136.3568115234375,0.10000000149011612,217.84735107421875,2.0,9.924774169921875,0.0
901,33.118228912353516,-85.09993743896484,5729.47802734375,-10.916617393493652,0.28459370136260986,52.0,17.46780776977539,0.30163800716400146,57.90983581542969,93.0999984741211,11.520919799804688,0.008402136154472828,28.08249855041504,0.10000000149011612,213.59774780273438,0.0,4.948633670806885,0.0
902,33.12511444091797,-85.09100341796875,5664.7080078125,-10.97592544555664,0.2845824062824249,52.0,17.041719436645508,0.29770001769065857,57.24460220336914,93.0999984741211,11.604290962219238,0.008462824858725071,27.71587371826172,0.10000000149011612,211.1473846435547,0.0,0.029656298458576202,0.0
903,33.131996154785156,-85.08207702636719,5599.93798828125,-11.038349151611328,0.28457146883010864,52.0,16.866954803466797,0.29360857605934143,57.44707489013672,93.0999984741211,11.876402854919434,0.008527742698788643,27.334959030151367,0.10000000149011612,211.89744567871094,0.0,0.0,0.0
904,33.13888168334961,-85.0731430053711,5535.16796875,-11.104640007019043,0.2845606505870819,52.0,16.679758071899414,0.30231159925460815,55.17405700683594,89.0999984741211,11.432832717895508,0.008596845902502537,26.935964584350586,0.10000000149011612,212.6528778076172,0.0,0.0,5.046100616455078
905,33.1457633972168,-85.064208984375,5470.39794921875,-11.174661636352539,0.28454989194869995,52.0,16.481067657470703,0.29764997959136963,55.370628356933594,89.0999984741211,11.731120109558105,0.008670084178447723,26.520614624023438,0.10000000149011612,213.41372680664062,0.0,0.0,5.028450965881348
906,33.152645111083984,-85.0552749633789,5405.6279296875,-11.248269081115723,0.28453928232192993,52.0,16.27184295654297,0.28989604115486145,56.12992477416992,90.0,12.221417427062988,0.008747403509914875,26.09064483642578,0.15000000596046448,214.18003845214844,0.0,0.0,5.010673522949219
907,33.15943145751953,-85.04644775390625,5337.0478515625,-11.325373649597168,0.2845286726951599,52.0,15.832711219787598,0.28497180342674255,55.558868408203125,90.0,12.391451835632324,0.008827637881040573,25.6474609375,0.15000000596046448,212.004150390625,0.0,0.0,5.061433792114258
908,33.16614532470703,-85.0376968383789,5265.92822265625,-11.404654502868652,0.28451836109161377,52.0,15.461333274841309,0.2799927294254303,55.22047805786133,90.0,12.622278213500977,0.008910926058888435,25.1993465423584,0.15000000596046448,210.7159423828125,0.0,0.0,5.091512680053711
909,33.1728630065918,-85.0289535522461,5194.80810546875,-11.486160278320312,0.2845083177089691,52.0,15.228241920471191,0.27496153116226196,55.38317108154297,90.0,12.981186866760254,0.008997888304293156,24.746538162231445,0.15000000596046448,211.3397216796875,0.0,0.0,5.077051639556885
910,33.17958068847656,-85.02020263671875,5123.68798828125,-11.570459365844727,0.284498393535614,52.0,14.989304542541504,0.3035810589790344,49.37496566772461,80.0,11.326682090759277,0.009088460355997086,24.286483764648438,0.0,211.9672088623047,0.0,0.0,5.062503337860107
911,33.18629837036133,-85.0114517211914,5052.56787109375,-11.657401084899902,0.28448858857154846,52.0,14.745391845703125,0.3053932785987854,48.28329086303711,78.0,11.263458251953125,0.009182573296129704,23.820674896240234,0.15000000596046448,212.59841918945312,0.0,0.0,5.047867774963379
912,33.19301223754883,-85.00270080566406,4981.4482421875,-11.746834754943848,0.28447893261909485,52.0,14.497343063354492,0.2993658185005188,48.42684555053711,78.0,11.62440299987793,0.009280160069465637,23.350534439086914,0.15000000596046448,213.2333984375,0.0,0.0,0.08101172745227814
913,33.199710845947266,-84.99397277832031,4908.80419921875,-11.838627815246582,0.2844693958759308,52.0,14.206007957458496,0.2932991683483124,48.43521499633789,78.0,11.969647407531738,0.009380875155329704,22.877336502075195,0.15000000596046448,213.27308654785156,0.0,0.0,5.032285690307617
914,33.20639419555664,-84.9852523803711,4835.14404296875,-11.932355880737305,0.28446003794670105,52.0,13.924598693847656,0.287227600812912,48.47932052612305,78.0,12.338905334472656,0.009484696201980114,22.403751373291016,0.15000000596046448,213.47010803222656,0.0,0.0,0.060047782957553864
915,33.213077545166016,-84.9765396118164,4761.48388671875,-12.02791976928711,0.28445082902908325,52.0,13.666831970214844,0.2811625301837921,48.608299255371094,78.0,12.7461519241333,0.009591717272996902,21.93067741394043,0.15000000596046448,214.04078674316406,0.0,0.0,0.0
916,33.21976089477539,-84.96781921386719,4687.82421875,-12.125345230102539,0.2844417989253998,52.0,13.408173561096191,0.34060904383659363,39.365291595458984,63.0,9.677199363708496,0.009701866656541824,21.458370208740234,0.0,214.61451721191406,0.0,0.0,5.001233100891113
917,33.226444244384766,-84.9591064453125,4614.1640625,-12.224493980407715,0.28443291783332825,52.0,13.149252891540527,0.25286564230918884,52.000946044921875,83.0,14.809213638305664,0.009815073572099209,20.98784828186035,0.15000000596046448,215.19131469726562,0.0,0.0,0.0
918,33.23312759399414,-84.95038604736328,4540.50390625,-1.8339812755584717,0.28367194533348083,53.0,52.14044189453125,1.0,52.14044189453125,83.0,0.0,0.008201430551707745,181.8263397216797,0.15000000596046448,215.998046875,5.0,9.974414825439453,0.0
919,33.239810943603516,-84.94168090820312,4466.84423828125,-10.768205642700195,0.28365758061408997,53.0,18.268217086791992,0.3496444821357727,52.24797821044922,83.0,9.367108345031738,0.008166865445673466,29.020490646362305,0.15000000596046448,216.44786071777344,0.0,4.938465595245361,0.0
920,33.24649429321289,-84.9329833984375,4393.18408203125,-10.731407165527344,0.28364330530166626,53.0,18.45949935913086,0.35250213742256165,52.3670539855957,83.0,9.271427154541016,0.008136945776641369,29.257678985595703,0.15000000596046448,216.9454803466797,0.0,0.0,0.0
921,33.253177642822266,-84.92427825927734,4319.52392578125,-10.699409484863281,0.28362908959388733,53.0,18.640865325927734,0.3550052344799042,52.50870895385742,83.0,9.195274353027344,0.008111746050417423,29.46543312072754,0.15000000596046448,217.53663635253906,0.0,0.0,4.938919544219971
922,33.25986099243164,-84.91558074951172,4245.86376953125,-10.672348022460938,0.28361496329307556,53.0,18.803590774536133,0.35713547468185425,52.65114212036133,83.0,9.134950637817383,0.008091351948678493,29.642244338989258,0.15000000596046448,218.13104248046875,0.0,0.0,4.9251909255981445
923,33.266544342041016,-84.9068832397461,4172.2041015625,-10.650362014770508,0.2836008667945862,53.0,18.946592330932617,0.3588752746582031,52.79436492919922,83.0,9.090723037719727,0.008075841702520847,29.78664779663086,0.15000000596046448,218.72869873046875,0.0,0.0,0.0
924,33.27322769165039,-84.89817810058594,4098.5439453125,-10.63357162475586,0.28358688950538635,53.0,19.06889533996582,0.36020928621292114,52.938377380371094,83.0,9.062865257263184,0.008065285161137581,29.897371292114258,0.15000000596046448,219.3296356201172,0.0,0.0,4.897505760192871
925,33.27973937988281,-84.88967895507812,4031.741943359375,-10.622051239013672,0.28357288241386414,53.0,18.699974060058594,0.36112740635871887,51.78220748901367,83.0,8.829706192016602,0.008059785701334476,29.973575592041016,0.15000000596046448,214.54367065429688,0.0,0.0,0.0
926,33.28614044189453,-84.88131713867188,3969.511962890625,1.1489777565002441,0.28355932235717773,54.0,51.03384780883789,1.0,51.03384780883789,83.0,0.0,0.008059056475758553,300.856689453125,0.15000000596046448,211.44708251953125,2.0,10.081074714660645,0.0
927,33.29254150390625,-84.8729476928711,3907.281982421875,-10.61508560180664,0.2835461497306824,54.0,18.49596405029297,0.3616836667060852,51.13850784301758,83.0,8.698953628540039,0.00806302297860384,30.019744873046875,0.15000000596046448,211.88462829589844,0.0,5.152061939239502,0.0
928,33.2989387512207,-84.86457824707031,3845.052001953125,-10.619244575500488,0.2835330367088318,54.0,18.516952514648438,0.36135146021842957,51.24360656738281,83.0,8.729386329650879,0.008071709424257278,29.992170333862305,0.15000000596046448,212.32395935058594,0.0,0.21291901171207428,0.0
929,33.30533981323242,-84.85621643066406,3782.822021484375,-10.6284818649292,0.28352001309394836,54.0,18.517255783081055,0.36061468720436096,51.349143981933594,83.0,8.775348663330078,0.008085128851234913,29.931018829345703,0.15000000596046448,212.76512145996094,0.0,0.0,0.0
930,33.31174087524414,-84.84784698486328,3720.592041015625,-10.642797470092773,0.2835070788860321,54.0,18.49686622619629,0.35947567224502563,51.45512771606445,83.0,8.837037086486816,0.008103289641439915,29.83648109436035,0.15000000596046448,213.20811462402344,0.0,0.0,5.040469646453857
931,33.318519592285156,-84.83953094482422,3685.031982421875,-10.661957740783691,0.28349432349205017,54.0,18.91905975341797,0.3579566478729248,52.852935791015625,83.0,9.137238502502441,0.0081266388297081,29.71040153503418,0.15000000596046448,219.00392150878906,0.0,0.0,0.0
932,33.32555389404297,-84.83124542236328,3667.251953125,-10.68668270111084,0.2834813594818115,55.0,19.188995361328125,0.35600557923316956,53.90082931518555,83.0,9.39793872833252,0.00815537292510271,29.548463821411133,0.15000000596046448,223.35006713867188,2.0,9.804738998413086,0.0
933,33.33258819580078,-84.82295989990234,3649.471923828125,-10.717218399047852,0.28346818685531616,55.0,19.126617431640625,0.3536100387573242,54.089576721191406,83.0,9.530056953430176,0.008189273066818714,29.349634170532227,0.15000000596046448,224.1363067626953,0.0,4.5912861824035645,0.0
934,33.33961868286133,-84.81468200683594,3631.69189453125,-10.753129959106445,0.28345513343811035,55.0,19.0419864654541,0.35081249475479126,54.27967071533203,83.0,9.681534767150879,0.008228332735598087,29.1174373626709,0.15000000596046448,224.9281005859375,0.0,0.0,0.0
935,33.34665298461914,-84.806396484375,3613.912109375,-10.794344902038574,0.2834421992301941,55.0,18.935688018798828,0.34762805700302124,54.47111511230469,83.0,9.852776527404785,0.008272536098957062,28.85312843322754,0.15000000596046448,225.7255096435547,0.0,0.0,4.749772071838379
936,33.35368728637695,-84.79811096191406,3596.132080078125,-10.840770721435547,0.2834293246269226,55.0,18.808452606201172,0.3440742790699005,54.66393280029297,83.0,10.044197082519531,0.008321858942508698,28.558164596557617,0.15000000596046448,226.52859497070312,0.0,0.0,0.0
937,33.360321044921875,-84.79035949707031,3590.5439453125,-0.4390464425086975,0.28341636061668396,56.0,51.994110107421875,1.0,51.994110107421875,83.0,0.0,0.00837324932217598,232.22955322265625,0.15000000596046448,215.4687042236328,2.0,9.988519668579102,0.0
938,33.3666877746582,-84.782958984375,3593.083984375,-10.94575023651123,0.28340423107147217,56.0,17.038122177124023,0.3361666202545166,50.683563232421875,83.0,9.646806716918945,0.00842750258743763,27.90182876586914,0.15000000596046448,210.0412139892578,0.0,5.103356838226318,0.0
939,33.37305450439453,-84.77555847167969,3595.6240234375,-11.0017671585083,0.2833927869796753,56.0,17.14361572265625,0.3320188820362091,51.634456634521484,83.0,10.012739181518555,0.008486970327794552,27.557567596435547,0.15000000596046448,213.98529052734375,0.0,0.12654167413711548,0.0
940,33.37942123413086,-84.76815795898438,3598.1640625,-11.062766075134277,0.28338125348091125,56.0,17.23670196533203,0.327558308839798,52.62178039550781,83.0,10.412222862243652,0.00855184905230999,27.187339782714844,0.15000000596046448,218.08050537109375,0.0,0.0,0.0
941,33.38578796386719,-84.76075744628906,3600.7041015625,-11.128838539123535,0.28336969017982483,56.0,17.31702995300293,0.32279181480407715,53.647674560546875,83.0,10.848320007324219,0.008622338995337486,26.791719436645508,0.15000000596046448,222.33570861816406,0.0,0.0,4.829139709472656
942,33.392154693603516,-84.75335693359375,3603.243896484375,-11.200069427490234,0.28335803747177124,56.0,17.38431167602539,0.31772807240486145,54.71443557739258,83.0,11.32441520690918,0.008698646910488605,26.371429443359375,0.15000000596046448,226.7604522705078,0.0,0.0,4.726319313049316
943,33.3980712890625,-84.7464828491211,3604.260009765625,-11.276705741882324,0.28334593772888184,56.0,16.177108764648438,0.3123655617237091,51.78902816772461,83.0,10.98864459991455,0.008774890564382076,25.926342010498047,0.15000000596046448,214.63990783691406,0.0,0.0,5.008286476135254
944,33.4036865234375,-84.73994445800781,3604.260009765625,-11.352567672729492,0.28333473205566406,56.0,15.36389446258545,0.30714330077171326,50.021907806396484,83.0,10.87613296508789,0.00885214563459158,25.492895126342773,0.15000000596046448,207.31932067871094,0.0,0.0,5.1786112785339355
945,33.4093017578125,-84.73341369628906,3604.260009765625,-11.428657531738281,0.28332433104515076,56.0,15.37213134765625,0.3019900321960449,50.90277862548828,83.0,11.340243339538574,0.008934308774769306,25.06517219543457,0.15000000596046448,210.9731903076172,0.0,0.0,0.27231931686401367
946,33.414920806884766,-84.72688293457031,3604.260009765625,-11.508861541748047,0.28331395983695984,56.0,15.370927810668945,0.2966485321521759,51.815284729003906,83.0,11.841316223144531,0.009021524339914322,24.621828079223633,0.15000000596046448,214.75831604003906,0.0,0.0,5.00575590133667
947,33.420536041259766,-84.72034454345703,3604.260009765625,-11.593198776245117,0.28330352902412415,56.0,15.360367774963379,0.2911301851272583,52.76116180419922,83.0,12.382418632507324,0.00911394041031599,24.163806915283203,0.15000000596046448,218.68186950683594,0.0,0.0,4.914586544036865
948,33.42615509033203,-84.71381378173828,3604.260009765625,-11.681686401367188,0.28329312801361084,56.0,15.34057903289795,0.2854471206665039,53.742279052734375,83.0,12.96691608428955,0.009211709722876549,23.69211196899414,0.15000000596046448,222.7515869140625,0.0,0.0,4.820021152496338
949,33.43138885498047,-84.70771026611328,3604.260009765625,-11.774486541748047,0.28328225016593933,56.0,14.273584365844727,0.27960237860679626,51.049583435058594,83.0,12.677555084228516,0.009307879023253918,23.20699691772461,0.15000000596046448,211.5940704345703,0.0,0.0,0.0
950,33.43637466430664,-84.70189666748047,3604.260009765625,-11.864771842956543,0.2832722067832947,56.0,13.553995132446289,0.2740273177623749,49.46220397949219,83.0,12.630244255065918,0.009404031559824944,22.7442684173584,0.15000000596046448,205.0174560546875,0.0,0.0,5.232558727264404
951,33.44135665893555,-84.69607543945312,3604.260009765625,-11.95401668548584,0.2832629680633545,56.0,13.522306442260742,0.268622487783432,50.33944320678711,83.0,13.210509300231934,0.009504805319011211,22.295665740966797,0.15000000596046448,208.65626525878906,0.0,0.0,0.3805641531944275
952,33.44633865356445,-84.69026184082031,3604.260009765625,-12.046579360961914,0.2832537293434143,56.0,13.484784126281738,0.26312586665153503,51.248416900634766,83.0,13.833182334899902,0.009610329754650593,21.839447021484375,0.15000000596046448,212.42666625976562,0.0,0.0,0.0
953,33.451324462890625,-84.68444061279297,3604.260009765625,-12.142461776733398,0.2832445204257965,56.0,13.44161319732666,0.25754719972610474,52.19087219238281,83.0,14.501684188842773,0.009720737114548683,21.376419067382812,0.15000000596046448,216.33595275878906,0.0,0.0,4.969554424285889
954,33.45630645751953,-84.67862701416016,3604.260009765625,-12.241663932800293,0.2832353711128235,56.0,13.392995834350586,0.2518962621688843,53.16869354248047,83.0,15.219765663146973,0.009836168959736824,20.907390594482422,0.15000000596046448,220.39193725585938,0.0,0.0,0.0
955,33.46112060546875,-84.67302703857422,3603.498046875,-2.1730964183807373,0.28242728114128113,57.0,47.84311294555664,1.0,47.84311294555664,76.5,0.0,0.008258012123405933,170.93621826171875,0.0,215.40963745117188,5.0,9.996798515319824,0.0
956,33.4658203125,-84.6675796508789,3602.22802734375,-10.82733154296875,0.28241226077079773,57.0,17.61781883239746,0.3311358392238617,53.204200744628906,86.5,9.939202308654785,0.008223513141274452,28.64324951171875,0.15000000596046448,211.85858154296875,0.0,5.076179027557373,0.0
957,33.47052001953125,-84.6621322631836,3600.9580078125,-10.790885925292969,0.28239765763282776,57.0,17.91362762451172,0.33381763100624084,53.66291809082031,86.5,9.904488563537598,0.008193290792405605,28.875225067138672,0.15000000596046448,213.68954467773438,0.0,0.11313433945178986,0.0
958,33.4752197265625,-84.65667724609375,3599.68798828125,-10.758820533752441,0.2823830246925354,57.0,18.198076248168945,0.33619430661201477,54.129638671875,86.5,9.884613037109375,0.008167514577507973,29.080806732177734,0.15000000596046448,215.55245971679688,0.0,0.0,0.0
959,33.47991943359375,-84.65122985839844,3598.41796875,-10.731365203857422,0.28236836194992065,57.0,18.469573974609375,0.33824223279953003,54.604576110839844,86.5,9.880391120910645,0.00814635120332241,29.257953643798828,0.15000000596046448,217.44815063476562,0.0,0.0,4.949865818023682
960,33.484619140625,-84.64578247070312,3597.14794921875,-10.708741188049316,0.2823537290096283,57.0,18.726524353027344,0.3399387300014496,55.08794403076172,86.5,9.892682075500488,0.008129967376589775,29.404699325561523,0.15000000596046448,219.3775177001953,0.0,0.0,0.0
961,33.48918914794922,-84.64047241210938,3597.402099609375,-10.69116497039795,0.2823389768600464,57.0,18.379545211791992,0.3412623405456543,53.85752868652344,86.5,9.61489200592041,0.008118790574371815,29.519193649291992,0.15000000596046448,214.48202514648438,0.0,0.0,5.018957138061523
962,33.493675231933594,-84.63525390625,3598.672119140625,-10.679132461547852,0.2823246717453003,57.0,18.119529724121094,0.3421713411808014,52.954551696777344,86.5,9.41556453704834,0.008112491108477116,29.597820281982422,0.15000000596046448,210.89022827148438,0.0,0.0,0.12142609804868698
963,33.4981575012207,-84.63003540039062,3599.94189453125,-10.672308921813965,0.2823107838630676,57.0,18.175085067749023,0.3426879048347473,53.03684616088867,86.5,9.408587455749512,0.008110861293971539,29.64250373840332,0.15000000596046448,211.22203063964844,0.0,0.0,0.0
964,33.50263977050781,-84.62481689453125,3601.2119140625,-10.670482635498047,0.2822970151901245,57.0,18.210723876953125,0.3468359410762787,52.50529861450195,85.5,9.251778602600098,0.008113927207887173,29.65447235107422,0.0,211.55487060546875,0.0,0.0,5.087223529815674
965,33.50712203979492,-84.6196060180664,3602.48193359375,-10.673684120178223,0.28228330612182617,57.0,18.22620964050293,0.34258371591567993,53.20220947265625,86.5,9.442289352416992,0.008121706545352936,29.63348960876465,0.15000000596046448,211.8887176513672,0.0,0.0,0.1667880266904831
966,33.5116081237793,-84.61438751220703,3603.751953125,-10.681927680969238,0.28226974606513977,57.0,18.221435546875,0.3439481258392334,52.97727584838867,86.0,9.399968147277832,0.008134206756949425,29.579538345336914,0.15000000596046448,212.22360229492188,0.0,0.0,0.0
967,33.51595687866211,-84.60909271240234,3600.650634765625,-10.695239067077637,0.28225624561309814,57.0,18.045513153076172,0.3429374098777771,52.62042999267578,86.0,9.378595352172852,0.00815129280090332,29.492616653442383,0.15000000596046448,210.7980499267578,0.0,0.0,5.105076313018799
968,33.52022171020508,-84.60375213623047,3594.634765625,-10.71341323852539,0.28224295377731323,57.0,17.897916793823242,0.33004873991012573,54.22809982299805,89.0,9.894399642944336,0.008172900415956974,29.374338150024414,0.15000000596046448,209.9196319580078,0.0,0.0,0.23064056038856506
969,33.52448272705078,-84.5984115600586,3588.618896484375,-10.736336708068848,0.28222987055778503,57.0,17.82186508178711,0.32837972044944763,54.27212142944336,89.0,9.977557182312012,0.008199063129723072,29.22579574584961,0.15000000596046448,210.09388732910156,0.0,0.0,0.0
970,33.52874755859375,-84.59307098388672,3582.603271484375,-10.764029502868652,0.2822169363498688,57.0,17.727418899536133,0.3263743221759796,54.316219329833984,89.0,10.077021598815918,0.008229751139879227,29.047313690185547,0.15000000596046448,210.2683868408203,0.0,0.0,5.117643356323242
971,33.5315055847168,-84.58604431152344,3549.126953125,-10.796627044677734,0.2822043299674988,57.0,18.514692306518555,0.3204284608364105,57.78105163574219,90.0,10.89273738861084,0.008267130702733994,28.838560104370117,0.15000000596046448,221.199951171875,0.0,0.0,0.0
972,33.53388977050781,-84.57860565185547,3508.785888671875,-10.83601188659668,0.28219109773635864,57.0,18.870132446289062,0.31764736771583557,59.40591049194336,90.0,11.343334197998047,0.008310789242386818,28.58826446533203,0.15000000596046448,227.4244842529297,0.0,0.0,4.719474792480469
973,33.53627014160156,-84.5711669921875,3468.44482421875,-10.881731033325195,0.28217756748199463,57.0,18.697175979614258,0.31620484590530396,59.129947662353516,89.5,11.4296236038208,0.0083596371114254,28.30033302307129,0.0,227.63693237304688,0.0,0.0,0.0
974,33.537662506103516,-84.5637435913086,3426.51904296875,0.7254799604415894,0.28216394782066345,58.0,56.53274917602539,1.0,56.53274917602539,89.5,0.0,0.008411247283220291,281.38153076171875,0.0,217.64242553710938,2.0,9.946793556213379,0.0
975,33.53757095336914,-84.55636596679688,3382.216796875,-10.986589431762695,0.28215113282203674,58.0,17.022274017333984,0.27789387106895447,61.25458908081055,99.5,12.79757308959961,0.008466273546218872,27.650440216064453,0.15000000596046448,212.12399291992188,0.0,5.021801471710205,0.0
976,33.5374755859375,-84.54898071289062,3337.914306640625,-11.043241500854492,0.28213897347450256,58.0,16.866487503051758,0.27442532777786255,61.461116790771484,99.5,13.06547737121582,0.008525815792381763,27.305320739746094,0.15000000596046448,212.84280395507812,0.0,0.08020410686731339,0.0
977,33.537384033203125,-84.54159545898438,3293.612060546875,-11.10412883758545,0.28212693333625793,58.0,16.69651985168457,0.33800530433654785,49.39720916748047,79.69999694824219,9.71102523803711,0.008589829318225384,26.939023971557617,0.10000000149011612,213.56643676757812,0.0,0.0,0.0
978,33.53729248046875,-84.53421020507812,3249.309814453125,-11.169114112854004,0.28211498260498047,58.0,16.5133113861084,0.3331654965877533,49.56488800048828,79.69999694824219,9.957809448242188,0.008658263832330704,26.55329132080078,0.10000000149011612,214.29495239257812,0.0,0.0,5.0248541831970215
979,33.53719711303711,-84.52682495117188,3205.00732421875,-11.238054275512695,0.28210318088531494,58.0,16.317842483520508,0.32810425758361816,49.733707427978516,79.69999694824219,10.222862243652344,0.008731064386665821,26.14990997314453,0.10000000149011612,215.02838134765625,0.0,0.0,5.007908821105957
980,33.537105560302734,-84.51944732666016,3160.705078125,-11.310796737670898,0.28209149837493896,58.0,16.11111831665039,0.3228442668914795,49.903682708740234,79.69999694824219,10.506540298461914,0.008808172307908535,25.730688095092773,0.10000000149011612,215.76678466796875,0.0,0.0,4.990847587585449
981,33.537010192871094,-84.5120620727539,3116.40283203125,-11.38718318939209,0.2820799648761749,58.0,15.8941650390625,0.31740832328796387,50.07482147216797,79.69999694824219,10.809205055236816,0.008889526128768921,25.297443389892578,0.10000000149011612,216.51022338867188,0.0,0.0,4.973669052124023
982,33.53691864013672,-84.50467681884766,3072.1005859375,-11.467053413391113,0.28206855058670044,58.0,15.668013572692871,0.31181901693344116,50.24713897705078,79.69999694824219,11.131227493286133,0.008975058794021606,24.85197639465332,0.10000000149011612,217.25872802734375,0.0,0.0,4.9563727378845215
983,33.536861419677734,-84.49755859375,3028.696044921875,-11.550247192382812,0.2820570468902588,58.0,14.879379272460938,0.30609825253486633,48.60981369018555,79.69999694824219,11.060958862304688,0.009061411954462528,24.39603042602539,0.10000000149011612,210.1826171875,0.0,0.0,5.120721340179443
984,33.53681182861328,-84.49050903320312,2985.51611328125,-11.633432388305664,0.28204625844955444,58.0,14.525012969970703,0.300479531288147,48.33944320678711,79.69999694824219,11.295846939086914,0.009150706231594086,23.948219299316406,0.10000000149011612,209.01670837402344,0.0,0.0,5.147860527038574
985,33.53675842285156,-84.48345947265625,2942.3359375,-11.718620300292969,0.282035768032074,58.0,14.307168960571289,0.29669034481048584,48.22256088256836,79.19999694824219,11.546710014343262,0.009243682026863098,23.497875213623047,0.0,209.83074951171875,0.0,0.0,5.129034042358398
986,33.53670883178711,-84.47640991210938,2899.156005859375,-11.806439399719238,0.28202542662620544,58.0,14.084369659423828,0.2909368872642517,48.41039276123047,79.19999694824219,11.917619705200195,0.009340278804302216,23.04220199584961,0.0,210.65110778808594,0.0,0.0,0.23909533023834229
987,33.536659240722656,-84.4693603515625,2855.97607421875,-11.896748542785645,0.28201520442962646,58.0,13.857378005981445,0.26820114254951477,51.6678581237793,84.19999694824219,13.394591331481934,0.009440438821911812,22.582534790039062,0.10000000149011612,211.4778289794922,0.0,0.0,5.090939998626709
988,33.5366096496582,-84.46231079101562,2812.7958984375,-11.989407539367676,0.2820051610469818,58.0,13.62692928314209,0.2627096176147461,51.87068557739258,84.19999694824219,13.831282615661621,0.009544102475047112,22.12015151977539,0.10000000149011612,212.3109893798828,0.0,0.0,0.16260871291160583
989,33.53661346435547,-84.45523071289062,2767.583984375,-12.08426570892334,0.2819952964782715,58.0,13.437885284423828,0.2572007477283478,52.24667739868164,84.19999694824219,14.336257934570312,0.009651552885770798,21.65630340576172,0.10000000149011612,213.85289001464844,0.0,0.0,0.0
990,33.53662872314453,-84.44815063476562,2721.864013671875,-12.181516647338867,0.2819855213165283,58.0,13.20590877532959,0.25166937708854675,52.47324752807617,84.19999694824219,14.824462890625,0.009762443602085114,21.190561294555664,0.10000000149011612,214.78318786621094,0.0,0.0,5.014418601989746
991,33.53664779663086,-84.4410629272461,2676.14404296875,-12.280753135681152,0.2819759249687195,58.0,12.959880828857422,0.2461441308259964,52.65159606933594,84.19999694824219,15.321041107177734,0.009876607917249203,20.7253360748291,0.10000000149011612,215.51608276367188,0.0,0.0,0.01189163513481617
992,33.53666305541992,-84.4339828491211,2630.424072265625,-12.381749153137207,0.2819664776325226,58.0,12.713396072387695,0.2406420111656189,52.83116149902344,84.19999694824219,15.83956241607666,0.009993978776037693,20.262056350708008,0.10000000149011612,216.25393676757812,0.0,0.0,0.0
993,33.536678314208984,-84.4269027709961,2584.7041015625,-12.48437213897705,0.2819572389125824,58.0,12.467022895812988,0.2351738065481186,53.01195526123047,84.19999694824219,16.38043785095215,0.010114490054547787,19.801633834838867,0.10000000149011612,216.99676513671875,0.0,0.0,4.963234901428223
994,33.53669738769531,-84.41981506347656,2538.98388671875,-12.588493347167969,0.2819482088088989,58.0,12.221284866333008,0.22974935173988342,53.193992614746094,84.19999694824219,16.944089889526367,0.010238075628876686,19.344894409179688,0.10000000149011612,217.74465942382812,0.0,0.0,0.0
995,33.536712646484375,-84.41255950927734,2493.263916015625,-12.69398021697998,0.2819395959377289,58.0,12.286698341369629,0.22437801957130432,54.7589225769043,84.19999694824219,17.98467445373535,0.010367974638938904,18.892629623413086,0.10000000149011612,224.1532440185547,0.0,0.0,4.797252178192139
996,33.5367317199707,-84.40525817871094,2447.5439453125,-12.803500175476074,0.2819308042526245,58.0,12.122747421264648,0.22425757348537445,54.0572509765625,82.19999694824219,18.19879150390625,0.01050199568271637,18.433971405029297,0.0,226.66770935058594,0.0,0.0,0.0
997,33.536746978759766,-84.39795684814453,2401.823974609375,-0.09902210533618927,0.2810456454753876,59.0,54.406070709228516,1.0,54.406070709228516,82.30000305175781,0.0,0.008197194896638393,245.91163635253906,0.10000000149011612,228.134033203125,5.0,9.71143913269043,0.0
998,33.53676223754883,-84.39066314697266,2356.10400390625,-10.762388229370117,0.28102973103523254,59.0,19.310277938842773,0.35307246446609497,54.692108154296875,82.30000305175781,9.741068840026855,0.008186674676835537,29.057863235473633,0.10000000149011612,229.33851623535156,0.0,4.395073413848877,0.0
999,33.536781311035156,-84.38336181640625,2310.384033203125,-10.751238822937012,0.2810138761997223,59.0,19.460275650024414,0.3539443910121918,54.98116683959961,82.30000305175781,9.75526237487793,0.008181777782738209,29.129623413085938,0.10000000149011612,230.5557098388672,0.0,0.0,0.0
1000,33.53679656982422,-84.37606048583984,2264.6640625,-10.746047973632812,0.2809980809688568,59.0,19.586149215698242,0.3543510138988495,55.27330017089844,82.30000305175781,9.789676666259766,0.008182605728507042,29.163087844848633,0.10000000149011612,231.7858123779297,0.0,0.0,4.627139568328857
1001,33.53681182861328,-84.36947631835938,2221.991943359375,-10.747014999389648,0.2809819281101227,59.0,17.71125030517578,0.35427525639533997,49.9929084777832,82.30000305175781,8.857378005981445,0.008188328705728054,29.15685272216797,0.10000000149011612,209.6474609375,0.0,0.0,5.1404218673706055
1002,33.53683090209961,-84.36308288574219,2180.08203125,-10.753113746643066,0.28096771240234375,59.0,17.2546329498291,0.35379758477211,48.76978302001953,82.30000305175781,8.658740043640137,0.008198448456823826,29.117542266845703,0.10000000149011612,204.52227783203125,0.0,0.0,0.3997381925582886
1003,33.53684616088867,-84.35668182373047,2138.172119140625,-10.763849258422852,0.2809540629386902,59.0,17.264991760253906,0.37098944187164307,46.53769302368164,78.30000305175781,8.061752319335938,0.00821308046579361,29.048473358154297,0.10000000149011612,205.13555908203125,0.0,0.0,5.2451910972595215
1004,33.536865234375,-84.35028076171875,2096.261962890625,-10.779345512390137,0.2809405028820038,59.0,17.257322311401367,0.3697197437286377,46.6767692565918,78.30000305175781,8.12999153137207,0.008232241496443748,28.949054718017578,0.10000000149011612,205.75247192382812,0.0,0.0,0.47617268562316895
1005,33.53688049316406,-84.34387969970703,2054.35205078125,-10.799593925476074,0.28092703223228455,59.0,17.23166847229004,0.3680668771266937,46.81667709350586,78.30000305175781,8.212458610534668,0.008255939930677414,28.819637298583984,0.10000000149011612,206.37306213378906,0.0,0.0,0.0
1006,33.536895751953125,-84.33747863769531,2012.4420166015625,-10.82457160949707,0.28091365098953247,59.0,17.188190460205078,0.3660377562046051,46.957427978515625,78.30000305175781,8.309407234191895,0.008284179493784904,28.660755157470703,0.10000000149011612,206.9973602294922,0.0,0.0,5.202306270599365
1007,33.53689956665039,-84.33084106445312,1967.4840087890625,-10.854231834411621,0.2809005379676819,59.0,17.75225257873535,0.3645734488964081,48.693214416503906,78.0999984741211,8.693361282348633,0.008318246342241764,28.473186492919922,0.0,215.20263671875,0.0,0.0,0.21452516317367554
1008,33.53689956665039,-84.32414245605469,1921.7640380859375,-10.889885902404785,0.2808869183063507,59.0,17.803977966308594,0.33195382356643677,53.6338996887207,85.0999984741211,10.146788597106934,0.008357493206858635,28.249269485473633,0.10000000149011612,217.5445556640625,0.0,0.0,0.0
1009,33.53689956665039,-84.31743621826172,1876.0439453125,-10.93078327178955,0.28087326884269714,59.0,17.675424575805664,0.3289601802825928,53.731201171875,85.0999984741211,10.303669929504395,0.008401591330766678,27.994510650634766,0.10000000149011612,217.94337463378906,0.0,0.0,4.948888301849365
1010,33.53689956665039,-84.31073760986328,1830.323974609375,-10.976505279541016,0.2808597683906555,59.0,17.5290470123291,0.32564404606819153,53.828861236572266,85.0999984741211,10.479043960571289,0.008450491353869438,27.712308883666992,0.10000000149011612,218.3435821533203,0.0,0.0,0.0
1011,33.53689956665039,-84.30403900146484,1784.60400390625,-11.02692699432373,0.28084638714790344,59.0,17.36577033996582,0.3220244348049164,53.92687225341797,85.0999984741211,10.673108100891113,0.008504139259457588,27.404277801513672,0.10000000149011612,218.74522399902344,0.0,0.0,4.9304938316345215
1012,33.53689956665039,-84.2973403930664,1738.884033203125,-11.081908226013184,0.2808331549167633,59.0,17.18659782409668,0.31812161207199097,54.02524185180664,85.0999984741211,10.886064529418945,0.008562473580241203,27.0721492767334,0.10000000149011612,219.14828491210938,0.0,0.0,0.0
1013,33.53689956665039,-84.290771484375,1699.260009765625,1.2413887977600098,0.28081995248794556,60.0,52.94367599487305,1.0,52.94367599487305,85.0999984741211,0.0,0.008623972535133362,305.21868896484375,0.10000000149011612,214.76495361328125,2.0,10.022921562194824,0.0
1014,33.53689956665039,-84.28424072265625,1661.1600341796875,-11.203446388244629,0.2808072566986084,60.0,16.301158905029297,0.3096553087234497,52.642921447753906,85.0999984741211,11.032854080200195,0.008689306676387787,26.351665496826172,0.10000000149011612,213.5487060546875,0.0,5.074115753173828,0.0
1015,33.53689956665039,-84.2777099609375,1623.06005859375,-11.269015312194824,0.28079482913017273,60.0,16.055723190307617,0.30517834424972534,52.61095428466797,85.0999984741211,11.260462760925293,0.008758686482906342,25.97067642211914,0.10000000149011612,213.4227294921875,0.0,0.12831497192382812,0.0
1016,33.53689956665039,-84.27117156982422,1584.9599609375,-11.338106155395508,0.280782550573349,60.0,15.801496505737305,0.3405456244945526,46.40052795410156,75.0999984741211,9.571553230285645,0.008832008577883244,25.574975967407227,0.0,213.29684448242188,0.0,0.0,0.0
1017,33.53689956665039,-84.26464080810547,1546.8599853515625,-11.410530090332031,0.280770480632782,60.0,15.539649963378906,0.33510568737983704,46.37238311767578,75.0999984741211,9.801223754882812,0.008909166790544987,25.16643714904785,0.0,213.17105102539062,0.0,0.0,5.060198783874512
1018,33.53689956665039,-84.25811004638672,1508.760009765625,-11.486096382141113,0.2807586193084717,60.0,15.271327018737793,0.30894991755485535,49.42978286743164,80.0999984741211,11.042505264282227,0.00899005588144064,24.746889114379883,0.10000000149011612,213.0453643798828,0.0,0.0,5.063192844390869
1019,33.537899017333984,-84.25140380859375,1464.9449462890625,-11.56432819366455,0.2807472348213196,60.0,15.731968879699707,0.3036162853240967,51.81529998779297,80.0999984741211,11.869681358337402,0.009078501723706722,24.319664001464844,0.10000000149011612,223.33062744140625,0.0,0.0,4.824938774108887
1020,33.53915023803711,-84.2446517944336,1419.7012939453125,-11.649293899536133,0.2807353436946869,60.0,15.77369213104248,0.29792436957359314,52.945289611816406,80.0999984741211,12.46127986907959,0.00917283445596695,23.86374282836914,0.10000000149011612,228.20480346679688,0.0,0.0,4.712080955505371
1021,33.540401458740234,-84.23789978027344,1374.45751953125,-11.739083290100098,0.28072330355644226,60.0,15.56842041015625,0.2920215427875519,53.31257629394531,80.0999984741211,12.908990859985352,0.009271803312003613,23.39092445373535,0.10000000149011612,229.79171752929688,0.0,0.0,4.675398349761963
1022,33.542869567871094,-84.232666015625,1330.6424560546875,-11.832025527954102,0.280710369348526,60.0,13.310004234313965,0.28603067994117737,46.533485412597656,80.0999984741211,11.600855827331543,0.009360934607684612,22.911056518554688,0.10000000149011612,200.5756072998047,0.0,0.0,5.352460861206055
1023,33.54615020751953,-84.22844696044922,1287.780029296875,-11.914925575256348,0.28069981932640076,60.0,12.572220802307129,0.28078773617744446,44.774818420410156,80.0999984741211,11.454344749450684,0.009449106641113758,22.491098403930664,0.10000000149011612,192.9979705810547,0.0,0.0,0.8805686235427856
1024,33.54943084716797,-84.22422790527344,1244.91748046875,-11.99634075164795,0.28069013357162476,60.0,12.388904571533203,0.27572935819625854,44.931392669677734,80.0999984741211,11.78759479522705,0.009540130384266376,22.085922241210938,0.10000000149011612,193.67547607421875,0.0,0.0,5.512470245361328
1025,33.553504943847656,-84.22109985351562,1201.5537109375,-12.079413414001465,0.2806805968284607,60.0,12.270271301269531,0.25778600573539734,47.59867477416992,84.0999984741211,13.036429405212402,0.009634274989366531,21.6798038482666,0.10000000149011612,195.41677856445312,0.0,0.0,0.9846534132957458
1026,33.55876922607422,-84.21959686279297,1157.4378662109375,-12.164400100708008,0.28067201375961304,60.0,13.513401985168457,0.25293487310409546,53.42640686035156,84.0999984741211,15.010658264160156,0.009742703288793564,21.271821975708008,0.10000000149011612,219.34523010253906,0.0,0.0,0.0
1027,33.564029693603516,-84.21810150146484,1113.3221435546875,-12.261577606201172,0.28066161274909973,60.0,13.289007186889648,0.22143033146858215,60.0143928527832,94.0,17.958826065063477,0.009854638017714024,20.814451217651367,0.15000000596046448,220.44590759277344,0.0,0.0,4.892392158508301
1028,33.56929397583008,-84.21659851074219,1069.206298828125,-12.360774040222168,0.28065142035484314,60.0,13.062586784362793,0.2165684998035431,60.31618881225586,94.0,18.56956672668457,0.00997003074735403,20.357439041137695,0.15000000596046448,221.5576171875,0.0,0.0,0.0
1029,33.57436752319336,-84.21614837646484,1038.8599853515625,-12.461950302124023,0.2806409001350403,60.0,12.143489837646484,0.21171651780605316,57.35730743408203,94.0,18.175172805786133,0.010082346387207508,19.90135383605957,0.15000000596046448,210.69192504882812,0.0,0.0,5.118526935577393
1030,33.57931137084961,-84.21640014648438,1017.693359375,-12.559288024902344,0.2806314527988434,60.0,11.750777244567871,0.20714852213859558,56.72633743286133,94.0,18.47808074951172,0.010195869952440262,19.471961975097656,0.15000000596046448,208.3769073486328,0.0,0.0,0.2907535135746002
1031,33.58425521850586,-84.2166519165039,996.5266723632812,-12.656521797180176,0.28062257170677185,60.0,11.688868522644043,0.2026812583208084,57.67118835449219,94.0,19.308094024658203,0.010313684120774269,19.052038192749023,0.15000000596046448,211.85031127929688,0.0,0.0,0.0
1032,33.58919906616211,-84.21690368652344,975.3599853515625,-12.756294250488281,0.2806137502193451,60.0,11.623741149902344,0.19819487631320953,58.64804458618164,94.0,20.19259262084961,0.010435895062983036,18.63031768798828,0.15000000596046448,215.44134521484375,0.0,0.0,5.008677005767822
1033,33.59388732910156,-84.21893310546875,958.6912231445312,-12.858795166015625,0.2806052267551422,60.0,11.743465423583984,0.19368663430213928,60.631263732910156,94.0,21.48141860961914,0.010564973577857018,18.206544876098633,0.15000000596046448,222.72926330566406,0.0,0.0,0.0
1034,33.598575592041016,-84.22096252441406,942.0225219726562,-2.683258056640625,0.2796754539012909,61.0,62.253807067871094,1.0,62.253807067871094,94.0,0.0,0.008291388861835003,155.52316284179688,0.15000000596046448,228.98526000976562,5.0,9.701803207397461,0.0
1035,33.60326385498047,-84.22299194335938,925.353759765625,-10.862977027893066,0.27965888381004333,61.0,19.33809471130371,0.3023202419281006,63.965599060058594,94.0,12.563119888305664,0.00828216690570116,28.418102264404297,0.15000000596046448,235.28707885742188,0.0,4.257923126220703,0.0
1036,33.605899810791016,-84.22675323486328,910.5900268554688,-10.853460311889648,0.2796412408351898,61.0,16.2144832611084,0.33862122893333435,47.88383483886719,84.0999984741211,8.896495819091797,0.00827911589294672,28.478046417236328,0.10000000149011612,196.87156677246094,0.0,0.0,0.0
1037,33.60802459716797,-84.2309341430664,896.302490234375,-10.850284576416016,0.2796272039413452,61.0,16.435049057006836,0.3388594388961792,48.50107955932617,84.0999984741211,9.00159740447998,0.008280160836875439,28.498079299926758,0.10000000149011612,199.41322326660156,0.0,0.0,5.3863420486450195
1038,33.61014938354492,-84.23512268066406,882.0150146484375,-10.851341247558594,0.27961307764053345,61.0,16.66725730895996,0.33878013491630554,49.19786071777344,84.0999984741211,9.134149551391602,0.008285410702228546,28.491409301757812,0.10000000149011612,202.28201293945312,0.0,0.0,5.320061206817627
1039,33.61176681518555,-84.23993682861328,873.760009765625,-10.856887817382812,0.27959907054901123,61.0,17.661130905151367,0.3383644223213196,52.19559097290039,84.0999984741211,9.708720207214355,0.008295643143355846,28.45644760131836,0.10000000149011612,214.61167907714844,0.0,0.0,0.3549630343914032
1040,33.61304473876953,-84.24515533447266,869.5266723632812,-10.867633819580078,0.27958428859710693,61.0,18.40480613708496,0.3375602662563324,54.52302551269531,84.0999984741211,10.178153991699219,0.008311444893479347,28.388816833496094,0.10000000149011612,224.18592834472656,0.0,0.0,4.813505172729492
1041,33.614322662353516,-84.25038146972656,865.2933349609375,-10.884132385253906,0.27956879138946533,61.0,18.244354248046875,0.33632922172546387,54.245521545410156,84.0999984741211,10.182302474975586,0.008332308381795883,28.285287857055664,0.10000000149011612,223.04969787597656,0.0,0.0,0.0
1042,33.6156005859375,-84.25559997558594,861.0599975585938,-0.7188979983329773,0.27955353260040283,62.0,53.970821380615234,1.0,53.970821380615234,84.0999984741211,0.0,0.008358116261661053,221.38235473632812,0.10000000149011612,221.9248809814453,2.0,9.866033554077148,0.0
1043,33.616878509521484,-84.26081848144531,856.82666015625,-10.932705879211426,0.27953851222991943,62.0,17.867223739624023,0.35376212000846863,50.50632095336914,79.0999984741211,9.331260681152344,0.00838874839246273,27.98258399963379,0.0,220.811279296875,0.0,4.757935523986816,0.0
1044,33.61800003051758,-84.2660140991211,853.4400024414062,-10.964459419250488,0.27952367067337036,62.0,17.432147979736328,0.3303970396518707,52.761207580566406,84.0999984741211,10.171614646911621,0.00842362642288208,27.786392211914062,0.10000000149011612,216.9600067138672,0.0,0.0,0.0
1045,33.618499755859375,-84.27110290527344,853.4400024414062,-11.000520706176758,0.27950912714004517,62.0,16.540077209472656,0.3277667760848999,50.46294403076172,84.0999984741211,9.845133781433105,0.00846143439412117,27.565185546875,0.10000000149011612,207.5134735107422,0.0,0.0,5.1997199058532715
1046,33.61899948120117,-84.27618408203125,853.4400024414062,-11.039401054382324,0.27949556708335876,62.0,16.43927574157715,0.3249534070491791,50.589637756347656,84.0999984741211,9.996966361999512,0.00850357860326767,27.328580856323242,0.10000000149011612,208.03839111328125,0.0,0.0,5.187668323516846
1047,33.61949920654297,-84.28126525878906,853.4400024414062,-11.082537651062012,0.2794821262359619,62.0,16.323732376098633,0.32185935974121094,50.71697235107422,84.0999984741211,10.164849281311035,0.008550026454031467,27.068370819091797,0.10000000149011612,208.56590270996094,0.0,0.0,0.3632238209247589
1048,33.61975860595703,-84.2863998413086,844.7314453125,-11.12994384765625,0.279468834400177,62.0,16.245574951171875,0.31849172711372375,51.00783920288086,84.0999984741211,10.382547378540039,0.008601022884249687,26.785154342651367,0.10000000149011612,209.76593017578125,0.0,0.0,0.0
1049,33.61985397338867,-84.29156494140625,830.2171630859375,-11.18165397644043,0.27945560216903687,62.0,16.139448165893555,0.31485700607299805,51.259613037109375,84.0999984741211,10.610532760620117,0.00865649152547121,26.479473114013672,0.10000000149011612,210.80519104003906,0.0,0.0,5.123937129974365
1050,33.61994934082031,-84.2967300415039,815.702880859375,-11.237476348876953,0.2794424593448639,62.0,15.940605163574219,0.3109782040119171,51.25955581665039,84.0999984741211,10.803682327270508,0.008716045878827572,26.153268814086914,0.10000000149011612,210.80880737304688,0.0,0.0,0.2478792369365692
1051,33.62004470825195,-84.3019027709961,801.1885986328125,-11.297011375427246,0.27942949533462524,62.0,15.731138229370117,0.30689215660095215,51.259498596191406,84.0999984741211,11.012435913085938,0.008779600262641907,25.809629440307617,0.10000000149011612,210.81236267089844,0.0,0.0,5.123947620391846
1052,33.62010955810547,-84.30706024169922,783.1015625,-11.360129356384277,0.2794167697429657,62.0,15.658815383911133,0.30261680483818054,51.74469757080078,84.0999984741211,11.343269348144531,0.008847749792039394,25.4500732421875,0.10000000149011612,212.8115692138672,0.0,0.0,0.2017410844564438
1053,33.6201286315918,-84.31221771240234,759.6553955078125,-11.427316665649414,0.2794041931629181,62.0,15.821306228637695,0.29812899231910706,53.068660736083984,84.0999984741211,11.884617805480957,0.008921714499592781,25.072649002075195,0.10000000149011612,218.26048278808594,0.0,0.0,0.0
1054,33.620147705078125,-84.31736755371094,736.209228515625,-11.499608993530273,0.27939149737358093,62.0,16.004547119140625,0.29337191581726074,54.55377960205078,84.0999984741211,12.499457359313965,0.009001895785331726,24.672578811645508,0.10000000149011612,224.37242126464844,0.0,0.0,4.810579776763916
1055,33.62016677856445,-84.32252502441406,712.7630615234375,-11.57730484008789,0.2793786823749542,62.0,16.1829776763916,0.28834113478660583,56.124412536621094,84.0999984741211,13.176833152770996,0.009088658727705479,24.249488830566406,0.10000000149011612,230.83633422851562,0.0,0.0,4.6611738204956055
1056,33.62018585205078,-84.32767486572266,689.31689453125,-11.660601615905762,0.2793657183647156,62.0,16.356380462646484,0.283040314912796,57.78816604614258,84.0999984741211,13.924490928649902,0.009182393550872803,23.80368995666504,0.10000000149011612,237.6835174560547,0.0,0.0,4.502909183502197
1057,33.620208740234375,-84.33263397216797,666.75,-11.749672889709473,0.2793523371219635,62.0,15.898456573486328,0.27747634053230286,57.29662322998047,84.0999984741211,14.192181587219238,0.009279605001211166,23.33576011657715,0.10000000149011612,235.66616821289062,0.0,0.0,4.5496673583984375
1058,33.620243072509766,-84.3368148803711,647.7000122070312,-11.841007232666016,0.2793383002281189,62.0,13.536907196044922,0.27188101410865784,49.78982162475586,84.0999984741211,12.684053421020508,0.00936742965131998,22.865192413330078,0.10000000149011612,204.79400634765625,0.0,0.0,0.0
1059,33.620277404785156,-84.34099578857422,628.6500244140625,-11.922811508178711,0.2793274521827698,62.0,13.720088005065918,0.2669623792171478,51.39333724975586,84.0999984741211,13.423847198486328,0.009461255744099617,22.451536178588867,0.10000000149011612,211.39273071289062,0.0,0.0,5.1112165451049805
1060,33.62030029296875,-84.34429931640625,609.5999755859375,-12.009265899658203,0.2793148159980774,62.0,11.051350593566895,0.26185792684555054,42.203609466552734,84.0999984741211,11.316648483276367,0.009540671482682228,22.022253036499023,0.10000000149011612,173.59629821777344,0.0,0.0,1.0966042280197144
1061,33.62030029296875,-84.3486099243164,588.1687622070312,-12.081995010375977,0.2793077826499939,62.0,14.308958053588867,0.273922860622406,52.2371826171875,79.0999984741211,14.003859519958496,0.009648315608501434,21.66729736328125,0.0,228.45167541503906,0.0,0.0,4.716845989227295
1062,33.62030029296875,-84.3529281616211,566.7374877929688,-12.17943000793457,0.2792961299419403,62.0,14.130965232849121,0.26768243312835693,52.790035247802734,79.19999694824219,14.588020324707031,0.009760476648807526,21.200448989868164,0.10000000149011612,230.5817108154297,0.0,0.0,0.0
1063,33.62030029296875,-84.35723876953125,545.3062744140625,-12.279804229736328,0.27928465604782104,62.0,13.947029113769531,0.2617391049861908,53.28599548339844,79.19999694824219,15.181655883789062,0.009877149015665054,20.729738235473633,0.10000000149011612,232.75172424316406,0.0,0.0,4.6175761222839355
1064,33.62030029296875,-84.36112213134766,529.5900268554688,-12.382927894592285,0.27927231788635254,62.0,12.308777809143066,0.25903722643852234,47.51741027832031,78.19999694824219,13.904974937438965,0.009985391050577164,20.256711959838867,0.0,210.2124481201172,0.0,0.0,0.0
1065,33.62030029296875,-84.36490631103516,515.302490234375,-3.8265540599823,0.27833980321884155,63.0,0.0,0.0,46.514217376708984,78.69999694824219,1000.0,0.008600491099059582,0.0,0.10000000149011612,0.0,4.7282562255859375,10.271743774414062,0.0
1066,33.62030029296875,-84.36869049072266,501.0150146484375,-11.181126594543457,0.27832353115081787,63.0,15.652050018310547,0.336500346660614,46.514217376708984,78.69999694824219,9.323010444641113,0.008566898293793201,26.482576370239258,0.10000000149011612,204.73626708984375,0.2717439830303192,5.543488025665283,0.0
1067,33.62030029296875,-84.37256622314453,483.8699951171875,-11.147175788879395,0.2783074676990509,63.0,16.21640968322754,0.3373313844203949,48.072635650634766,79.0999984741211,9.551048278808594,0.008536665700376034,26.682912826538086,0.10000000149011612,210.53042602539062,0.0,0.6815274953842163,0.0
1068,33.62030029296875,-84.37650299072266,464.82000732421875,-11.116497993469238,0.27829107642173767,63.0,16.685077667236328,0.3396357595920563,49.12638854980469,79.0999984741211,9.66047477722168,0.008510326035320759,26.865188598632812,0.10000000149011612,215.15016174316406,0.0,0.0,0.0
1069,33.62030029296875,-84.38043975830078,445.7699890136719,-11.089659690856934,0.27827438712120056,63.0,16.880931854248047,0.3416641652584076,49.4079704284668,79.0999984741211,9.628499031066895,0.008488512597978115,27.025634765625,0.10000000149011612,216.3883514404297,0.0,0.0,5.002986907958984
1070,33.62030029296875,-84.38436126708984,426.7200012207031,-11.067367553710938,0.27825772762298584,63.0,16.9691162109375,0.3433578610420227,49.42108154296875,79.0999984741211,9.558890342712402,0.00847142469137907,27.15960693359375,0.10000000149011612,216.4507598876953,0.0,0.0,0.00464737368747592
1071,33.62030029296875,-84.38826751708984,407.6700134277344,-11.049861907958984,0.27824118733406067,63.0,16.953750610351562,0.3446935713291168,49.184993743896484,79.0999984741211,9.457086563110352,0.008459147065877914,27.265260696411133,0.10000000149011612,215.4217071533203,0.0,0.0,0.0
1072,33.62030029296875,-84.39217376708984,388.6199951171875,-11.037264823913574,0.2782248854637146,63.0,17.001174926757812,0.3456577658653259,49.184993743896484,79.0999984741211,9.416830062866211,0.008451608940958977,27.341529846191406,0.10000000149011612,215.42657470703125,0.0,0.0,5.025537967681885
1073,33.62030029296875,-84.39612579345703,369.57000732421875,-11.029529571533203,0.27820873260498047,63.0,17.22110366821289,0.3462512195110321,49.735862731933594,79.0999984741211,9.497357368469238,0.008448815904557705,27.388469696044922,0.10000000149011612,217.84422302246094,0.0,0.0,0.0
1074,33.62030029296875,-84.40025329589844,350.5199890136719,-11.026692390441895,0.2781926989555359,63.0,17.995378494262695,0.34646907448768616,51.93935012817383,79.0999984741211,9.908586502075195,0.008451086468994617,27.405702590942383,0.10000000149011612,227.50059509277344,0.0,0.0,4.7469682693481445
1075,33.62030029296875,-84.40437316894531,331.4700012207031,-11.029022216796875,0.278175950050354,63.0,17.986083984375,0.34629014134407043,51.93935012817383,79.0999984741211,9.916420936584473,0.008458655327558517,27.391550064086914,0.10000000149011612,227.50587463378906,0.0,0.0,0.0
1076,33.62030029296875,-84.40850067138672,312.4200134277344,-11.03679370880127,0.27815935015678406,64.0,17.955116271972656,0.3456938862800598,51.93935012817383,79.0999984741211,9.942584991455078,0.008471510373055935,27.344385147094727,0.10000000149011612,227.5111083984375,2.0,9.746968269348145,0.0
1077,33.62030029296875,-84.41265869140625,293.3699951171875,-11.0499849319458,0.2781429588794708,64.0,18.03829574584961,0.3446841239929199,52.33283233642578,79.0999984741211,10.062760353088379,0.008489783853292465,27.264514923095703,0.10000000149011612,229.23988342285156,0.0,4.454140663146973,0.0
1078,33.62030029296875,-84.41680908203125,274.32000732421875,-11.068694114685059,0.27812659740448,64.0,17.963603973388672,0.3432568907737732,52.33283233642578,79.0999984741211,10.126608848571777,0.008513364940881729,27.15161895751953,0.10000000149011612,229.24508666992188,0.0,0.0,0.0
1079,33.62030029296875,-84.42096710205078,255.27000427246094,-11.092778205871582,0.2781103849411011,64.0,17.867889404296875,0.34142792224884033,52.33283233642578,79.0999984741211,10.209207534790039,0.008542210794985294,27.006948471069336,0.10000000149011612,229.25022888183594,0.0,0.0,4.707172393798828
1080,33.62030029296875,-84.42440032958984,247.64999389648438,-11.121933937072754,0.27809375524520874,64.0,15.690789222717285,0.3392263352870941,46.25463104248047,79.0999984741211,9.112381935119629,0.008571942336857319,26.832801818847656,0.10000000149011612,202.6286163330078,0.0,0.0,0.029080739244818687
1081,33.62030029296875,-84.42765045166016,242.8874969482422,-11.152052879333496,0.27807992696762085,64.0,16.192041397094727,0.3369664251804352,48.05238723754883,79.0999984741211,9.562630653381348,0.008607016876339912,26.654043197631836,0.10000000149011612,210.5081024169922,0.0,0.0,0.0
